ChapterID,SegmentLabel,SegmentType,Status,SourcePath,RawContent
1,segment_001,segment,DONE,C:\Users\sasch\visionexe\stories\template\filmsets\story_001\segment_001\segment.txt,"```json
{
  ""tokens"": [
    {
      ""token_id"": ""t1"",
      ""surface"": ""ቃለ"",
      ""segmentation"": {
        ""morphemes"": [
          { ""surface"": ""ቃለ"", ""type"": ""stem"" }
        ]
      },
      ""options"": [
        {
          ""option_id"": ""A"",
          ""pos"": ""N"",
          ""analysis"": {
            ""root"": ""ቃል"",
            ""pattern"": ""N"",
            ""affixes"": { ""prefixes"": [], ""suffixes"": [] },
            ""gloss"": ""word""
          },
          ""evidence"": { ""lexicon_status"": ""attested_in_lexicon"" }
        }
      ]
    },
    {
      ""token_id"": ""t2"",
      ""surface"": ""ረት"",
      ""segmentation"": {
        ""morphemes"": [
          { ""surface"": ""ረት"", ""type"": ""stem"" }
        ]
      },
      ""options"": [
        {
          ""option_id"": ""A"",
          ""pos"": ""N"",
          ""analysis"": {
            ""root"": ""ረት"",
            ""pattern"": ""N"",
            ""affixes"": { ""prefixes"": [], ""suffixes"": [] },
            ""gloss"": ""speech""
          },
          ""evidence"": { ""lexicon_status"": ""attested_in_lexicon"" }
        }
      ]
    },
    {
      ""token_id"": ""t3"",
      ""surface"": ""ዘሄኖ"",
      ""segmentation"": {
        ""morphemes"": [
          { ""surface"": ""ዘሄኖ"", ""type"": ""stem"" }
        ]
      },
      ""options"": [
        {
          ""option_id"": ""A"",
          ""pos"": ""V"",
          ""analysis"": {
            ""root"": ""ዘሄኖ"",
            ""pattern"": ""V"",
            ""affixes"": { ""prefixes"": [], ""suffixes"": [] },
            ""gloss"": ""he left""
          },
          ""evidence"": { ""lexicon_status"": ""attested_in_lexicon"" }
        }
      ]
    },
    {
      ""token_id"": ""t4"",
      ""surface"": ""መትጽሐፉ"",
      ""segmentation"": {
        ""morphemes"": [
          { ""surface"": ""መ-"", ""type"": ""prefix"" },
          { ""surface"": ""ትጽሐፉ"", ""type"": ""stem"" }
        ]
      },
      ""options"": [
        {
          ""option_id"": ""A"",
          ""pos"": ""N"",
          ""analysis"": {
            ""root"": ""ትጽሐ"",
            ""pattern"": ""N"",
            ""affixes"": { ""prefixes"": [""መ-""], ""suffixes"": [] },
            ""gloss"": ""writing""
          },
          ""evidence"": { ""lexicon_status"": ""attested_in_lexicon"" }
        },
        {
          ""option_id"": ""B"",
          ""pos"": ""V"",
          ""analysis"": {
            ""root"": ""ትጽሐ"",
            ""pattern"": ""V"",
            ""affixes"": { ""prefixes"": [""መ-""], ""suffixes"": [] },
            ""gloss"": ""he wrote""
          },
          ""evidence"": { ""lexicon_status"": ""hypothetical"" }
        }
      ]
    },
    {
      ""token_id"": ""t5"",
      ""surface"": ""ሄኖ"",
      ""segmentation"": {
        ""morphemes"": [
          { ""surface"": ""ሄኖ"", ""type"": ""stem"" }
        ]
      },
      ""options"": [
        {
          ""option_id"": ""A"",
          ""pos"": ""PRO.PERS"",
          ""analysis"": {
            ""root"": null,
            ""pattern"": ""PRON"",
            ""affixes"": { ""prefixes"": [], ""suffixes"": [] },
            ""gloss"": ""he""
          },
          ""evidence"": { ""lexicon_status"": ""attested_in_lexicon"" }
        }
      ]
    },
    {
      ""token_id"": ""t6"",
      ""surface"": ""ነቢይ"",
      ""segmentation"": {
        ""morphemes"": [
          { ""surface"": ""ነቢይ"", ""type"": ""stem"" }
        ]
      },
      ""options"": [
        {
          ""option_id"": ""A"",
          ""pos"": ""N"",
          ""analysis"": {
            ""root"": ""ነቢይ"",
            ""pattern"": ""N"",
            ""affixes"": { ""prefixes"": [], ""suffixes"": [] },
            ""gloss"": ""prophet""
          },
          ""evidence"": { ""lexicon_status"": ""attested_in_lexicon"" }
        }
      ]
    },
    {
      ""token_id"": ""t7"",
      ""surface"": ""መ"",
      ""segmentation"": {
        ""morphemes"": [
          { ""surface"": ""መ"", ""type"": ""stem"" }
        ]
      },
      ""options"": [
        {
          ""option_id"": ""A"",
          ""pos"": ""PREP"",
          ""analysis"": {
            ""root"": null,
            ""pattern"": ""PREP"",
            ""affixes"": { ""prefixes"": [], ""suffixes"": [] },
            ""gloss"": ""from""
          },
          ""evidence"": { ""lexicon_status"": ""attested_in_lexicon"" }
        }
      ]
    },
    {
      ""token_id"": ""t8"",
      ""surface"": ""ረ"",
      ""segmentation"": {
        ""morphemes"": [
          { ""surface"": ""ረ"", ""type"": ""stem"" }
        ]
      },
      ""options"": [
        {
          ""option_id"": ""A"",
          ""pos"": ""PREP"",
          ""analysis"": {
            ""root"": null,
            ""pattern"": ""PREP"",
            ""affixes"": { ""prefixes"": [], ""suffixes"": [] },
            ""gloss"": ""to""
          },
          ""evidence"": { ""lexicon_status"": ""attested_in_lexicon"" }
        }
      ]
    },
    {
      ""token_id"": ""t9"",
      ""surface"": ""ኅሩያነ"",
      ""segmentation"": {
        ""morphemes"": [
          { ""surface"": ""ኅሩያነ"", ""type"": ""stem"" }
        ]
      },
      ""options"": [
        {
          ""option_id"": ""A"",
          ""pos"": ""ADJ"",
          ""analysis"": {
            ""root"": ""ኅሩያ"",
            ""pattern"": ""ADJ"",
            ""affixes"": { ""prefixes"": [], ""suffixes"": [] },
            ""gloss"": ""holy""
          },
          ""evidence"": { ""lexicon_status"": ""attested_in_lexicon"" }
        }
      ]
    },
    {
      ""token_id"": ""t10"",
      ""surface"": ""ወጻድቃነ"",
      ""segmentation"": {
        ""morphemes"": [
          { ""surface"": ""ወጻድቃነ"", ""type"": ""stem"" }
        ]
      },
      ""options"": [
        {
          ""option_id"": ""A"",
          ""pos"": ""V"",
          ""analysis"": {
            ""root"": ""ወጻድቃ"",
            ""pattern"": ""V"",
            ""affixes"": { ""prefixes"": [], ""suffixes"": [] },
            ""gloss"": ""to go out""
          },
          ""evidence"": { ""lexicon_status"": ""attested_in_lexicon"" }
        },
        {
          ""option_id"": ""B"",
          ""pos"": ""N"",
          ""analysis"": {
            ""root"": ""ወጻድቃ"",
            ""pattern"": ""N"",
            ""affixes"": { ""prefixes"": [], ""suffixes"": [] },
            ""gloss"": ""outside""
          },
          ""evidence"": { ""lexicon_status"": ""hypothetical"" }
        }
      ]
    },
    {
      ""token_id"": ""t11"",
      ""surface"": ""እለ"",
      ""segmentation"": {
        ""morphemes"": [
          { ""surface"": ""እለ"", ""type"": ""stem"" }
        ]
      },
      ""options"": [
        {
          ""option_id"": ""A"",
          ""pos"": ""V"",
          ""analysis"": {
            ""root"": ""እለ"",
            ""pattern"": ""V"",
            ""affixes"": { ""prefixes"": [], ""suffixes"": [] },
            ""gloss"": ""to be""
          },
          ""evidence"": { ""lexicon_status"": ""attested_in_lexicon"" }
        }
      ]
    },
    {
      ""token_id"": ""t12"",
      ""surface"": ""ሀለው"",
      ""segmentation"": {
        ""morphemes"": [
          { ""surface"": ""ሀለው"", ""type"": ""stem"" }
        ]
      },
      ""options"": [
        {
          ""option_id"": ""A"",
          ""pos"": ""V"",
          ""analysis"": {
            ""root"": ""ሀለው"",
            ""pattern"": ""V"",
            ""affixes"": { ""prefixes"": [], ""suffixes"": [] },
            ""gloss"": ""to be""
          },
          ""evidence"": { ""lexicon_status"": ""attested_in_lexicon"" }
        }
      ]
    },
    {
      ""token_id"": ""t13"",
      ""surface"": ""ይኩኑ"",
      ""segmentation"": {
        ""morphemes"": [
          { ""surface"": ""ይኩኑ"", ""type"": ""stem"" }
        ]
      },
      ""options"": [
        {
          ""option_id"": ""A"",
          ""pos"": ""V"",
          ""analysis"": {
            ""root"": ""ኩኑ"",
            ""pattern"": ""V"",
            ""affixes"": { ""prefixes"": [], ""suffixes"": [] },
            ""gloss"": ""they will go""
          },
          ""evidence"": { ""lexicon_status"": ""attested_in_lexicon"" }
        }
      ]
    },
    {
      ""token_id"": ""t14"",
      ""surface"": ""ዕለተ"",
      ""segmentation"": {
        ""morphemes"": [
          { ""surface"": ""ዕለተ"", ""type"": ""stem"" }
        ]
      },
      ""options"": [
        {
          ""option_id"": ""A"",
          ""pos"": ""N"",
          ""analysis"": {
            ""root"": ""ዕለተ"",
            ""pattern"": ""N"",
            ""affixes"": { ""prefixes"": [], ""suffixes"": [] },
            ""gloss"": ""day""
          },
          ""evidence"": { ""lexicon_status"": ""attested_in_lexicon"" }
        }
      ]
    },
    {
      ""token_id"": ""t15"",
      ""surface"": ""መንዳቢ"",
      ""segmentation"": {
        ""morphemes"": [
          { ""surface"": ""መንዳቢ"", ""type"": ""stem"" }
        ]
      },
      ""options"": [
        {
          ""option_id"": ""A"",
          ""pos"": ""V"",
          ""analysis"": {
            ""root"": ""ንዳቢ"",
            ""pattern"": ""V"",
            ""affixes"": { ""prefixes"": [], ""suffixes"": [] },
            ""gloss"": ""to come""
          },
          ""evidence"": { ""lexicon_status"": ""attested_in_lexicon"" }
        },
        {
          ""option_id"": ""B"",
          ""pos"": ""N"",
          ""analysis"": {
            ""root"": ""ንዳቢ"",
            ""pattern"": ""N"",
            ""affixes"": { ""prefixes"": [], ""suffixes"": [] },
            ""gloss"": ""arrival""
          },
          ""evidence"": { ""lexicon_status"": ""hypothetical"" }
        }
      ]
    },
    {
      ""token_id"": ""t16"",
      ""surface"": ""ለሰስሎ"",
      ""segmentation"": {
        ""morphemes"": [
          { ""surface"": ""ለሰስሎ"", ""type"": ""stem"" }
        ]
      },
      ""options"": [
        {
          ""option_id"": ""A"",
          ""pos"": ""V"",
          ""analysis"": {
            ""root"": ""ሰስሎ"",
            ""pattern"": ""V"",
            ""affixes"": { ""prefixes"": [], ""suffixes"": [] },
            ""gloss"": ""to speak""
          },
          ""evidence"": { ""lexicon_status"": ""attested_in_lexicon"" }
        },
        {
          ""option_id"": ""B"",
          ""pos"": ""N"",
          ""analysis"": {
            ""root"": ""ሰስሎ"",
            ""pattern"": ""N"",
            ""affixes"": { ""prefixes"": [], ""suffixes"": [] },
            ""gloss"": ""speech""
          },
          ""evidence"": { ""lexicon_status"": ""hypothetical"" }
        }
      ]
    },
    {
      ""token_id"": ""t17"",
      ""surface"": ""ሎ"",
      ""segmentation"": {
        ""morphemes"": [
          { ""surface"": ""ሎ"", ""type"": ""stem"" }
        ]
      },
      ""options"": [
        {
          ""option_id"": ""A"",
          ""pos"": ""CONJ.COORD"",
          ""analysis"": {
            ""root"": null,
            ""pattern"": ""CONJ"",
            ""affixes"": { ""prefixes"": [], ""suffixes"": [] },
            ""gloss"": ""and""
          },
          ""evidence"": { ""lexicon_status"": ""attested_in_lexicon"" }
        }
      ]
    },
    {
      ""token_id"": ""t18"",
      ""surface"": ""እኩያን"",
      ""segmentation"": {
        ""morphemes"": [
          { ""surface"": ""እኩያን"", ""type"": ""stem"" }
        ]
      },
      ""options"": [
        {
          ""option_id"": ""A"",
          ""pos"": ""CONJ.COORD"",
          ""analysis"": {
            ""root"": ""እኩያ"",
            ""pattern"": ""CONJ"",
            ""affixes"": { ""prefixes"": [], ""suffixes"": [] },
            ""gloss"": ""both""
          },
          ""evidence"": { ""lexicon_status"": ""attested_in_lexicon"" }
        }
      ]
    },
    {
      ""token_id"": ""t19"",
      ""surface"": ""ወረሲዓን"",
      ""segmentation"": {
        ""morphemes"": [
          { ""surface"": ""ወረሲዓን"", ""type"": ""stem"" }
        ]
      },
      ""options"": [
        {
          ""option_id"": ""A"",
          ""pos"": ""CONJ.COORD"",
          ""analysis"": {
            ""root"": ""ወረሲዓ"",
            ""pattern"": ""CONJ"",
            ""affixes"": { ""prefixes"": [], ""suffixes"": [] },
            ""gloss"": ""and""
          },
          ""evidence"": { ""lexicon_status"": ""attested_in_lexicon"" }
        }
      ]
    }
  ]
}
```"
1,segment_002,segment,DONE,C:\Users\sasch\visionexe\stories\template\filmsets\story_001\segment_002\segment.txt,"```json
{
  ""tokens"": [
    {
      ""token_id"": ""t1"",
      ""surface"": ""ወውሥ"",
      ""segmentation"": {
        ""morphemes"": [
          { ""surface"": ""ወ"", ""type"": ""prefix"" },
          { ""surface"": ""ውሥ"", ""type"": ""stem"" }
        ]
      },
      ""options"": [
        {
          ""option_id"": ""A"",
          ""pos"": ""N"",
          ""analysis"": {
            ""root"": ""w-w-s"",
            ""pattern"": ""N1"",
            ""affixes"": { ""prefixes"": [""ወ""], ""suffixes"": [] },
            ""gloss"": ""world""
          },
          ""evidence"": { ""lexicon_status"": ""attested_in_lexicon"" }
        }
      ]
    },
    {
      ""token_id"": ""t2"",
      ""surface"": ""ወይቤ"",
      ""segmentation"": {
        ""morphemes"": [
          { ""surface"": ""ወ"", ""type"": ""prefix"" },
          { ""surface"": ""ይቤ"", ""type"": ""stem"" }
        ]
      },
      ""options"": [
        {
          ""option_id"": ""A"",
          ""pos"": ""V"",
          ""analysis"": {
            ""root"": ""w-y-b"",
            ""pattern"": ""V1"",
            ""affixes"": { ""prefixes"": [""ወ""], ""suffixes"": [] },
            ""gloss"": ""to be""
          },
          ""evidence"": { ""lexicon_status"": ""attested_in_lexicon"" }
        }
      ]
    },
    {
      ""token_id"": ""t3"",
      ""surface"": ""ሄኖ"",
      ""segmentation"": {
        ""morphemes"": [
          { ""surface"": ""ሄኖ"", ""type"": ""stem"" }
        ]
      },
      ""options"": [
        {
          ""option_id"": ""A"",
          ""pos"": ""PRO.PERS"",
          ""analysis"": {
            ""root"": ""h-n-"",
            ""pattern"": ""PRO.PERS1"",
            ""affixes"": { ""prefixes"": [], ""suffixes"": [] },
            ""gloss"": ""he""
          },
          ""evidence"": { ""lexicon_status"": ""attested_in_lexicon"" }
        }
      ]
    },
    {
      ""token_id"": ""t4"",
      ""surface"": ""ብእሲ"",
      ""segmentation"": {
        ""morphemes"": [
          { ""surface"": ""ብ"", ""type"": ""prefix"" },
          { ""surface"": ""እሲ"", ""type"": ""stem"" }
        ]
      },
      ""options"": [
        {
          ""option_id"": ""A"",
          ""pos"": ""PREP"",
          ""analysis"": {
            ""root"": ""ʿ-s"",
            ""pattern"": ""PREP1"",
            ""affixes"": { ""prefixes"": [""ብ""], ""suffixes"": [] },
            ""gloss"": ""by means of""
          },
          ""evidence"": { ""lexicon_status"": ""attested_in_lexicon"" }
        }
      ]
    },
    {
      ""token_id"": ""t5"",
      ""surface"": ""ጻድቅ"",
      ""segmentation"": {
        ""morphemes"": [
          { ""surface"": ""ጻድቅ"", ""type"": ""stem"" }
        ]
      },
      ""options"": [
        {
          ""option_id"": ""A"",
          ""pos"": ""N"",
          ""analysis"": {
            ""root"": ""ṣ-d-q"",
            ""pattern"": ""N1"",
            ""affixes"": { ""prefixes"": [], ""suffixes"": [] },
            ""gloss"": ""good""
          },
          ""evidence"": { ""lexicon_status"": ""attested_in_lexicon"" }
        }
      ]
    },
    {
      ""token_id"": ""t6"",
      ""surface"": ""ዘእምኀ"",
      ""segmentation"": {
        ""morphemes"": [
          { ""surface"": ""ዘ"", ""type"": ""prefix"" },
          { ""surface"": ""እምኀ"", ""type"": ""stem"" }
        ]
      },
      ""options"": [
        {
          ""option_id"": ""A"",
          ""pos"": ""V"",
          ""analysis"": {
            ""root"": ""z-ʿ-m-ḫ"",
            ""pattern"": ""V1"",
            ""affixes"": { ""prefixes"": [""ዘ""], ""suffixes"": [] },
            ""gloss"": ""to be""
          },
          ""evidence"": { ""lexicon_status"": ""attested_in_lexicon"" }
        }
      ]
    },
    {
      ""token_id"": ""t7"",
      ""surface"": ""እግዚብሔር"",
      ""segmentation"": {
        ""morphemes"": [
          { ""surface"": ""እግዚብሔር"", ""type"": ""stem"" }
        ]
      },
      ""options"": [
        {
          ""option_id"": ""A"",
          ""pos"": ""N"",
          ""analysis"": {
            ""root"": ""ʿ-g-z-b-h-r"",
            ""pattern"": ""N1"",
            ""affixes"": { ""prefixes"": [], ""suffixes"": [] },
            ""gloss"": ""God""
          },
          ""evidence"": { ""lexicon_status"": ""attested_in_lexicon"" }
        }
      ]
    },
    {
      ""token_id"": ""t8"",
      ""surface"": ""እንዘ"",
      ""segmentation"": {
        ""morphemes"": [
          { ""surface"": ""እ"", ""type"": ""prefix"" },
          { ""surface"": ""ንዘ"", ""type"": ""stem"" }
        ]
      },
      ""options"": [
        {
          ""option_id"": ""A"",
          ""pos"": ""V"",
          ""analysis"": {
            ""root"": ""ʿ-n-ẓ"",
            ""pattern"": ""V1"",
            ""affixes"": { ""prefixes"": [""እ""], ""suffixes"": [] },
            ""gloss"": ""to be""
          },
          ""evidence"": { ""lexicon_status"": ""attested_in_lexicon"" }
        }
      ]
    },
    {
      ""token_id"": ""t9"",
      ""surface"": ""ዕይንቲሁ"",
      ""segmentation"": {
        ""morphemes"": [
          { ""surface"": ""ዕ"", ""type"": ""prefix"" },
          { ""surface"": ""ይንቲሁ"", ""type"": ""stem"" }
        ]
      },
      ""options"": [
        {
          ""option_id"": ""A"",
          ""pos"": ""N"",
          ""analysis"": {
            ""root"": ""ʿ-y-n-t-h"",
            ""pattern"": ""N1"",
            ""affixes"": { ""prefixes"": [""ዕ""], ""suffixes"": [] },
            ""gloss"": ""his eye""
          },
          ""evidence"": { ""lexicon_status"": ""attested_in_lexicon"" }
        }
      ]
    },
    {
      ""token_id"": ""t10"",
      ""surface"": ""ሡታት"",
      ""segmentation"": {
        ""morphemes"": [
          { ""surface"": ""ሡታት"", ""type"": ""stem"" }
        ]
      },
      ""options"": [
        {
          ""option_id"": ""A"",
          ""pos"": ""N"",
          ""analysis"": {
            ""root"": ""s-t-t"",
            ""pattern"": ""N1"",
            ""affixes"": { ""prefixes"": [], ""suffixes"": [] },
            ""gloss"": ""people""
          },
          ""evidence"": { ""lexicon_status"": ""attested_in_lexicon"" }
        }
      ]
    },
    {
      ""token_id"": ""t11"",
      ""surface"": ""ወይሬኢ"",
      ""segmentation"": {
        ""morphemes"": [
          { ""surface"": ""ወ"", ""type"": ""prefix"" },
          { ""surface"": ""ይሬኢ"", ""type"": ""stem"" }
        ]
      },
      ""options"": [
        {
          ""option_id"": ""A"",
          ""pos"": ""V"",
          ""analysis"": {
            ""root"": ""w-y-r-ʾ"",
            ""pattern"": ""V1"",
            ""affixes"": { ""prefixes"": [""ወ""], ""suffixes"": [] },
            ""gloss"": ""to be""
          },
          ""evidence"": { ""lexicon_status"": ""attested_in_lexicon"" }
        }
      ]
    },
    {
      ""token_id"": ""t12"",
      ""surface"": ""ራእየ"",
      ""segmentation"": {
        ""morphemes"": [
          { ""surface"": ""ራእየ"", ""type"": ""stem"" }
        ]
      },
      ""options"": [
        {
          ""option_id"": ""A"",
          ""pos"": ""N"",
          ""analysis"": {
            ""root"": ""r-ʿ-y"",
            ""pattern"": ""N1"",
            ""affixes"": { ""prefixes"": [], ""suffixes"": [] },
            ""gloss"": ""??""
          },
          ""evidence"": { ""lexicon_status"": ""hypothetical"" }
        }
      ]
    },
    {
      ""token_id"": ""t13"",
      ""surface"": ""ቅዱሰ"",
      ""segmentation"": {
        ""morphemes"": [
          { ""surface"": ""ቅዱሰ"", ""type"": ""stem"" }
        ]
      },
      ""options"": [
        {
          ""option_id"": ""A"",
          ""pos"": ""ADJ"",
          ""analysis"": {
            ""root"": ""q-d-ʿ"",
            ""pattern"": ""ADJ1"",
            ""affixes"": { ""prefixes"": [], ""suffixes"": [] },
            ""gloss"": ""holy""
          },
          ""evidence"": { ""lexicon_status"": ""attested_in_lexicon"" }
        }
      ]
    },
    {
      ""token_id"": ""t14"",
      ""surface"": ""ዘሰማያት"",
      ""segmentation"": {
        ""morphemes"": [
          { ""surface"": ""ዘ"", ""type"": ""prefix"" },
          { ""surface"": ""ሰማያት"", ""type"": ""stem"" }
        ]
      },
      ""options"": [
        {
          ""option_id"": ""A"",
          ""pos"": ""V"",
          ""analysis"": {
            ""root"": ""z-s-m-y-t"",
            ""pattern"": ""V1"",
            ""affixes"": { ""prefixes"": [""ዘ""], ""suffixes"": [] },
            ""gloss"": ""to be""
          },
          ""evidence"": { ""lexicon_status"": ""attested_in_lexicon"" }
        }
      ]
    },
    {
      ""token_id"": ""t15"",
      ""surface"": ""ዘርዩኒ"",
      ""segmentation"": {
        ""morphemes"": [
          { ""surface"": ""ዘ"", ""type"": ""prefix"" },
          { ""surface"": ""ርዩኒ"", ""type"": ""stem"" }
        ]
      },
      ""options"": [
        {
          ""option_id"": ""A"",
          ""pos"": ""V"",
          ""analysis"": {
            ""root"": ""z-r-y-n"",
            ""pattern"": ""V1"",
            ""affixes"": { ""prefixes"": [""ዘ""], ""suffixes"": [] },
            ""gloss"": ""to be""
          },
          ""evidence"": { ""lexicon_status"": ""attested_in_lexicon"" }
        }
      ]
    },
    {
      ""token_id"": ""t16"",
      ""surface"": ""መላእት"",
      ""segmentation"": {
        ""morphemes"": [
          { ""surface"": ""መላእት"", ""type"": ""stem"" }
        ]
      },
      ""options"": [
        {
          ""option_id"": ""A"",
          ""pos"": ""N"",
          ""analysis"": {
            ""root"": ""m-l-ʿ-t"",
            ""pattern"": ""N1"",
            ""affixes"": { ""prefixes"": [], ""suffixes"": [] },
            ""gloss"": ""angel""
          },
          ""evidence"": { ""lexicon_status"": ""attested_in_lexicon"" }
        }
      ]
    },
    {
      ""token_id"": ""t17"",
      ""surface"": ""ወሰማዕኩ"",
      ""segmentation"": {
        ""morphemes"": [
          { ""surface"": ""ወ"", ""type"": ""prefix"" },
          { ""surface"": ""ሰማዕኩ"", ""type"": ""stem"" }
        ]
      },
      ""options"": [
        {
          ""option_id"": ""A"",
          ""pos"": ""V"",
          ""analysis"": {
            ""root"": ""w-s-m-ʿ-k"",
            ""pattern"": ""V1"",
            ""affixes"": { ""prefixes"": [""ወ""], ""suffixes"": [] },
            ""gloss"": ""to be""
          },
          ""evidence"": { ""lexicon_status"": ""attested_in_lexicon"" }
        }
      ]
    },
    {
      ""token_id"": ""t18"",
      ""surface"": ""እምኀቤሆሙ"",
      ""segmentation"": {
        ""morphemes"": [
          { ""surface"": ""እምኀቤሆሙ"", ""type"": ""stem"" }
        ]
      },
      ""options"": [
        {
          ""option_id"": ""A"",
          ""pos"": ""V"",
          ""analysis"": {
            ""root"": ""ʿ-m-ḫ-b-h-m"",
            ""pattern"": ""V1"",
            ""affixes"": { ""prefixes"": [], ""suffixes"": [] },
            ""gloss"": ""to be""
          },
          ""evidence"": { ""lexicon_status"": ""attested_in_lexicon"" }
        }
      ]
    },
    {
      ""token_id"": ""t19"",
      ""surface"": ""ሎ"",
      ""segmentation"": {
        ""morphemes"": [
          { ""surface"": ""ሎ"", ""type"": ""stem"" }
        ]
      },
      ""options"": [
        {
          ""option_id"": ""A"",
          ""pos"": ""V"",
          ""analysis"": {
            ""root"": ""l-"",
            ""pattern"": ""V1"",
            ""affixes"": { ""prefixes"": [], ""suffixes"": [] },
            ""gloss"": ""to go""
          },
          ""evidence"": { ""lexicon_status"": ""attested_in_lexicon"" }
        }
      ]
    },
    {
      ""token_id"": ""t20"",
      ""surface"": ""ወእመርኩ"",
      ""segmentation"": {
        ""morphemes"": [
          { ""surface"": ""ወ"", ""type"": ""prefix"" },
          { ""surface"": ""እመርኩ"", ""type"": ""stem"" }
        ]
      },
      ""options"": [
        {
          ""option_id"": ""A"",
          ""pos"": ""V"",
          ""analysis"": {
            ""root"": ""w-ʿ-m-r-k"",
            ""pattern"": ""V1"",
            ""affixes"": { ""prefixes"": [""ወ""], ""suffixes"": [] },
            ""gloss"": ""to be""
          },
          ""evidence"": { ""lexicon_status"": ""attested_in_lexicon"" }
        }
      ]
    },
    {
      ""token_id"": ""t21"",
      ""surface"": ""ነ"",
      ""segmentation"": {
        ""morphemes"": [
          { ""surface"": ""ነ"", ""type"": ""stem"" }
        ]
      },
      ""options"": [
        {
          ""option_id"": ""A"",
          ""pos"": ""V"",
          ""analysis"": {
            ""root"": ""n-"",
            ""pattern"": ""V1"",
            ""affixes"": { ""prefixes"": [], ""suffixes"": [] },
            ""gloss"": ""to be""
          },
          ""evidence"": { ""lexicon_status"": ""attested_in_lexicon"" }
        }
      ]
    },
    {
      ""token_id"": ""t22"",
      ""surface"": ""ዘእሬኢ"",
      ""segmentation"": {
        ""morphemes"": [
          { ""surface"": ""ዘ"", ""type"": ""prefix"" },
          { ""surface"": ""እሬኢ"", ""type"": ""stem"" }
        ]
      },
      ""options"": [
        {
          ""option_id"": ""A"",
          ""pos"": ""V"",
          ""analysis"": {
            ""root"": ""z-ʿ-r-ʾ"",
            ""pattern"": ""V1"",
            ""affixes"": { ""prefixes"": [""ዘ""], ""suffixes"": [] },
            ""gloss"": ""to be""
          },
          ""evidence"": { ""lexicon_status"": ""attested_in_lexicon"" }
        }
      ]
    },
    {
      ""token_id"": ""t23"",
      ""surface"": ""ወ"",
      ""segmentation"": {
        ""morphemes"": [
          { ""surface"": ""ወ"", ""type"": ""stem"" }
        ]
      },
      ""options"": [
        {
          ""option_id"": ""A"",
          ""pos"": ""CONJ.COORD"",
          ""analysis"": {
            ""root"": ""w-"",
            ""pattern"": ""CONJ1"",
            ""affixes"": { ""prefixes"": [], ""suffixes"": [] },
            ""gloss"": ""and""
          },
          ""evidence"": { ""lexicon_status"": ""attested_in_lexicon"" }
        }
      ]
    },
    {
      ""token_id"": ""t24"",
      ""surface"": ""ለዝ"",
      ""segmentation"": {
        ""morphemes"": [
          { ""surface"": ""ለ"", ""type"": ""prefix"" },
          { ""surface"": ""ዝ"", ""type"": ""stem"" }
        ]
      },
      ""options"": [
        {
          ""option_id"": ""A"",
          ""pos"": ""V"",
          ""analysis"": {
            ""root"": ""l-z"",
            ""pattern"": ""V1"",
            ""affixes"": { ""prefixes"": [""ለ""], ""suffixes"": [] },
            ""gloss"": ""to go""
          },
          ""evidence"": { ""lexicon_status"": ""attested_in_lexicon"" }
        }
      ]
    },
    {
      ""token_id"": ""t25"",
      ""surface"": ""ትውልድ"",
      ""segmentation"": {
        ""morphemes"": [
          { ""surface"": ""ትውልድ"", ""type"": ""stem"" }
        ]
      },
      ""options"": [
        {
          ""option_id"": ""A"",
          ""pos"": ""N"",
          ""analysis"": {
            ""root"": ""t-w-l-d"",
            ""pattern"": ""N1"",
            ""affixes"": { ""prefixes"": [], ""suffixes"": [] },
            ""gloss"": ""generation""
          },
          ""evidence"": { ""lexicon_status"": ""attested_in_lexicon"" }
        }
      ]
    },
    {
      ""token_id"": ""t26"",
      ""surface"": ""ላ"",
      ""segmentation"": {
        ""morphemes"": [
          { ""surface"": ""ላ"", ""type"": ""stem"" }
        ]
      },
      ""options"": [
        {
          ""option_id"": ""A"",
          ""pos"": ""PREP"",
          ""analysis"": {
            ""root"": ""l-"",
            ""pattern"": ""PREP1"",
            ""affixes"": { ""prefixes"": [], ""suffixes"": [] },
            ""gloss"": ""to""
          },
          ""evidence"": { ""lexicon_status"": ""attested_in_lexicon"" }
        }
      ]
    },
    {
      ""token_id"": ""t27"",
      ""surface"": ""ለዘ"",
      ""segmentation"": {
        ""morphemes"": [
          { ""surface"": ""ለ"", ""type"": ""prefix"" },
          { ""surface"": ""ዘ"", ""type"": ""stem"" }
        ]
      },
      ""options"": [
        {
          ""option_id"": ""A"",
          ""pos"": ""V"",
          ""analysis"": {
            ""root"": ""l-z"",
            ""pattern"": ""V1"",
            ""affixes"": { ""prefixes"": [""ለ""], ""suffixes"": [] },
            ""gloss"": ""to go""
          },
          ""evidence"": { ""lexicon_status"": ""attested_in_lexicon"" }
        }
      ]
    },
    {
      ""token_id"": ""t28"",
      ""surface"": ""ይመጽእ"",
      ""segmentation"": {
        ""morphemes"": [
          { ""surface"": ""ይመጽእ"", ""type"": ""stem"" }
        ]
      },
      ""options"": [
        {
          ""option_id"": ""A"",
          ""pos"": ""V"",
          ""analysis"": {
            ""root"": ""y-m-ʿ-ʿ"",
            ""pattern"": ""V1"",
            ""affixes"": { ""prefixes"": [], ""suffixes"": [] },
            ""gloss"": ""to do""
          },
          ""evidence"": { ""lexicon_status"": ""attested_in_lexicon"" }
        }
      ]
    },
    {
      ""token_id"": ""t29"",
      ""surface"": ""እምርሑቃት"",
      ""segmentation"": {
        ""morphemes"": [
          { ""surface"": ""እምርሑቃት"", ""type"": ""stem"" }
        ]
      },
      ""options"": [
        {
          ""option_id"": ""A"",
          ""pos"": ""V"",
          ""analysis"": {
            ""root"": ""ʿ-m-r-h-q-t"",
            ""pattern"": ""V1"",
            ""affixes"": { ""prefixes"": [], ""suffixes"": [] },
            ""gloss"": ""to be""
          },
          ""evidence"": { ""lexicon_status"": ""attested_in_lexicon"" }
        }
      ]
    },
    {
      ""token_id"": ""t30"",
      ""surface"": ""እንተ"",
      ""segmentation"": {
        ""morphemes"": [
          { ""surface"": ""እ"", ""type"": ""prefix"" },
          { ""surface"": ""ንተ"", ""type"": ""stem"" }
        ]
      },
      ""options"": [
        {
          ""option_id"": ""A"",
          ""pos"": ""CONJ.COORD"",
          ""analysis"": {
            ""root"": ""ʿ-n-t"",
            ""pattern"": ""CONJ1"",
            ""affixes"": { ""prefixes"": [""እ""], ""suffixes"": [] },
            ""gloss"": ""if""
          },
          ""evidence"": { ""lexicon_status"": ""attested_in_lexicon"" }
        }
      ]
    },
    {
      ""token_id"": ""t31"",
      ""surface"": ""ኅሩያን"",
      ""segmentation"": {
        ""morphemes"": [
          { ""surface"": ""ኅሩያን"", ""type"": ""stem"" }
        ]
      },
      ""options"": [
        {
          ""option_id"": ""A"",
          ""pos"": ""N"",
          ""analysis"": {
            ""root"": ""h-r-ʿ-n"",
            ""pattern"": ""N1"",
            ""affixes"": { ""prefixes"": [], ""suffixes"": [] },
            ""gloss"": ""people""
          },
          ""evidence"": { ""lexicon_status"": ""attested_in_lexicon"" }
        }
      ]
    }
  ]
}
```"
1,segment_003,segment,DONE,C:\Users\sasch\visionexe\stories\template\filmsets\story_001\segment_003\segment.txt,"{
  ""tokens"": [
    {
      ""token_id"": ""t1"",
      ""surface"": ""እንተ"",
      ""segmentation"": { ""morphemes"": [ {""surface"": ""እንተ"", ""type"": ""stem""} ] },
      ""options"": [
        {
          ""option_id"": ""A"",
          ""pos"": ""CONJ.COORD"",
          ""analysis"": {
            ""root"": null,
            ""pattern"": ""CONJ"",
            ""affixes"": { ""prefixes"": [], ""suffixes"": [] },
            ""gloss"": ""if""
          },
          ""evidence"": { ""lexicon_status"": ""attested_in_lexicon"" }
        }
      ]
    },
    {
      ""token_id"": ""t2"",
      ""surface"": ""ኅሩያን"",
      ""segmentation"": { ""morphemes"": [ {""surface"": ""ኅ"", ""type"": ""prefix""}, {""surface"": ""ሩያን"", ""type"": ""stem""} ] },
      ""options"": [
        {
          ""option_id"": ""A"",
          ""pos"": ""PN"",
          ""analysis"": {
            ""root"": ""ሩያ"",
            ""pattern"": ""PN"",
            ""affixes"": { ""prefixes"": [""ኅ""], ""suffixes"": [] },
            ""gloss"": ""Huria (people)""
          },
          ""evidence"": { ""lexicon_status"": ""attested_in_lexicon"" }
        }
      ]
    },
    {
      ""token_id"": ""t3"",
      ""surface"": ""እቤ"",
      ""segmentation"": { ""morphemes"": [ {""surface"": ""እ"", ""type"": ""prefix""}, {""surface"": ""ቤ"", ""type"": ""stem""} ] },
      ""options"": [
        {
          ""option_id"": ""A"",
          ""pos"": ""N"",
          ""analysis"": {
            ""root"": ""ቤ"",
            ""pattern"": ""N"",
            ""affixes"": { ""prefixes"": [""እ""], ""suffixes"": [] },
            ""gloss"": ""Lord""
          },
          ""evidence"": { ""lexicon_status"": ""attested_in_lexicon"" }
        }
      ]
    },
    {
      ""token_id"": ""t4"",
      ""surface"": ""ወውሣእ"",
      ""segmentation"": { ""morphemes"": [ {""surface"": ""ወ"", ""type"": ""prefix""}, {""surface"": ""ውሣእ"", ""type"": ""stem""} ] },
      ""options"": [
        {
          ""option_id"": ""A"",
          ""pos"": ""V"",
          ""analysis"": {
            ""root"": ""ውሣ"",
            ""pattern"": ""V"",
            ""affixes"": { ""prefixes"": [""ወ""], ""suffixes"": [] },
            ""gloss"": ""to be""
          },
          ""evidence"": { ""lexicon_status"": ""attested_in_lexicon"" }
        }
      ]
    },
    {
      ""token_id"": ""t5"",
      ""surface"": ""ኩ"",
      ""segmentation"": { ""morphemes"": [ {""surface"": ""ኩ"", ""type"": ""stem""} ] },
      ""options"": [
        {
          ""option_id"": ""A"",
          ""pos"": ""CONJ.COORD"",
          ""analysis"": {
            ""root"": null,
            ""pattern"": ""CONJ"",
            ""affixes"": { ""prefixes"": [], ""suffixes"": [] },
            ""gloss"": ""and""
          },
          ""evidence"": { ""lexicon_status"": ""attested_in_lexicon"" }
        }
      ]
    },
    {
      ""token_id"": ""t6"",
      ""surface"": ""እንቲሆሙ"",
      ""segmentation"": { ""morphemes"": [ {""surface"": ""እንቲ"", ""type"": ""prefix""}, {""surface"": ""ሆሙ"", ""type"": ""stem""} ] },
      ""options"": [
        {
          ""option_id"": ""A"",
          ""pos"": ""V"",
          ""analysis"": {
            ""root"": ""ሆሙ"",
            ""pattern"": ""V"",
            ""affixes"": { ""prefixes"": [""እንቲ""], ""suffixes"": [] },
            ""gloss"": ""when they come""
          },
          ""evidence"": { ""lexicon_status"": ""attested_in_lexicon"" }
        }
      ]
    },
    {
      ""token_id"": ""t7"",
      ""surface"": ""ምስለ"",
      ""segmentation"": { ""morphemes"": [ {""surface"": ""ምስለ"", ""type"": ""stem""} ] },
      ""options"": [
        {
          ""option_id"": ""A"",
          ""pos"": ""PREP"",
          ""analysis"": {
            ""root"": null,
            ""pattern"": ""PREP"",
            ""affixes"": { ""prefixes"": [], ""suffixes"": [] },
            ""gloss"": ""with""
          },
          ""evidence"": { ""lexicon_status"": ""attested_in_lexicon"" }
        }
      ]
    },
    {
      ""token_id"": ""t8"",
      ""surface"": ""ዘይወጽ"",
      ""segmentation"": { ""morphemes"": [ {""surface"": ""ዘይ"", ""type"": ""prefix""}, {""surface"": ""ወጽ"", ""type"": ""stem""} ] },
      ""options"": [
        {
          ""option_id"": ""A"",
          ""pos"": ""V"",
          ""analysis"": {
            ""root"": ""ወጽ"",
            ""pattern"": ""V"",
            ""affixes"": { ""prefixes"": [""ዘይ""], ""suffixes"": [] },
            ""gloss"": ""not go""
          },
          ""evidence"": { ""lexicon_status"": ""attested_in_lexicon"" }
        }
      ]
    },
    {
      ""token_id"": ""t9"",
      ""surface"": ""እ"",
      ""segmentation"": { ""morphemes"": [ {""surface"": ""እ"", ""type"": ""stem""} ] },
      ""options"": [
        {
          ""option_id"": ""A"",
          ""pos"": ""CONJ.COORD"",
          ""analysis"": {
            ""root"": null,
            ""pattern"": ""CONJ"",
            ""affixes"": { ""prefixes"": [], ""suffixes"": [] },
            ""gloss"": ""and""
          },
          ""evidence"": { ""lexicon_status"": ""attested_in_lexicon"" }
        }
      ]
    },
    {
      ""token_id"": ""t10"",
      ""surface"": ""ቅዱስ"",
      ""segmentation"": { ""morphemes"": [ {""surface"": ""ቅዱስ"", ""type"": ""stem""} ] },
      ""options"": [
        {
          ""option_id"": ""A"",
          ""pos"": ""ADJ"",
          ""analysis"": {
            ""root"": ""ቅዱስ"",
            ""pattern"": ""ADJ"",
            ""affixes"": { ""prefixes"": [], ""suffixes"": [] },
            ""gloss"": ""holy""
          },
          ""evidence"": { ""lexicon_status"": ""attested_in_lexicon"" }
        }
      ]
    },
    {
      ""token_id"": ""t11"",
      ""surface"": ""ወዓቢይ"",
      ""segmentation"": { ""morphemes"": [ {""surface"": ""ወ"", ""type"": ""prefix""}, {""surface"": ""ዓቢይ"", ""type"": ""stem""} ] },
      ""options"": [
        {
          ""option_id"": ""A"",
          ""pos"": ""PREP"",
          ""analysis"": {
            ""root"": ""ዓቢይ"",
            ""pattern"": ""PREP"",
            ""affixes"": { ""prefixes"": [""ወ""], ""suffixes"": [] },
            ""gloss"": ""to world""
          },
          ""evidence"": { ""lexicon_status"": ""attested_in_lexicon"" }
        }
      ]
    },
    {
      ""token_id"": ""t12"",
      ""surface"": ""እማኅደሩ"",
      ""segmentation"": { ""morphemes"": [ {""surface"": ""እ"", ""type"": ""prefix""}, {""surface"": ""ማኅደሩ"", ""type"": ""stem""} ] },
      ""options"": [
        {
          ""option_id"": ""A"",
          ""pos"": ""PN"",
          ""analysis"": {
            ""root"": ""ማኅደሩ"",
            ""pattern"": ""PN"",
            ""affixes"": { ""prefixes"": [""እ""], ""suffixes"": [] },
            ""gloss"": ""Lord""
          },
          ""evidence"": { ""lexicon_status"": ""attested_in_lexicon"" }
        }
      ]
    },
    {
      ""token_id"": ""t13"",
      ""surface"": ""ወ"",
      ""segmentation"": { ""morphemes"": [ {""surface"": ""ወ"", ""type"": ""stem""} ] },
      ""options"": [
        {
          ""option_id"": ""A"",
          ""pos"": ""CONJ.COORD"",
          ""analysis"": {
            ""root"": null,
            ""pattern"": ""CONJ"",
            ""affixes"": { ""prefixes"": [], ""suffixes"": [] },
            ""gloss"": ""and""
          },
          ""evidence"": { ""lexicon_status"": ""attested_in_lexicon"" }
        }
      ]
    },
    {
      ""token_id"": ""t14"",
      ""surface"": ""ምላ"",
      ""segmentation"": { ""morphemes"": [ {""surface"": ""ምላ"", ""type"": ""stem""} ] },
      ""options"": [
        {
          ""option_id"": ""A"",
          ""pos"": ""V"",
          ""analysis"": {
            ""root"": ""ምላ"",
            ""pattern"": ""V"",
            ""affixes"": { ""prefixes"": [], ""suffixes"": [] },
            ""gloss"": ""to say""
          },
          ""evidence"": { ""lexicon_status"": ""attested_in_lexicon"" }
        }
      ]
    },
    {
      ""token_id"": ""t15"",
      ""surface"": ""ዓለም"",
      ""segmentation"": { ""morphemes"": [ {""surface"": ""ዓለም"", ""type"": ""stem""} ] },
      ""options"": [
        {
          ""option_id"": ""A"",
          ""pos"": ""N"",
          ""analysis"": {
            ""root"": ""ዓለም"",
            ""pattern"": ""N"",
            ""affixes"": { ""prefixes"": [], ""suffixes"": [] },
            ""gloss"": ""world""
          },
          ""evidence"": { ""lexicon_status"": ""attested_in_lexicon"" }
        }
      ]
    }
  ]
}"
1,segment_001,segment,DONE,C:\Users\sasch\visionexe\stories\template\filmsets\story_001\segment_001\segment.txt,"{
  ""meta"": {
    ""schema_version"": ""1.0.0"",
    ""created_at"": ""2026-01-11T12:00:00Z"",
    ""created_by"": ""gemini-cli-agent"",
    ""language"": ""gez"",
    ""tagset_id"": ""GEZ-POS-1"",
    ""tokenization_policy"": ""whitespace""
  },
  ""source"": {
    ""witness_id"": ""chapter_001_segment_001"",
    ""graphematic_string"": ""Chapter 1 Segment 1 ቃለ፡ረት፡ዘሄኖ። መትጽሐፉ፡ሄኖ፡ ነቢይ። - ቃለ ፡ ረት ፡ ዘሄኖ ..."",
    ""normalization_policy"": ""none"",
    ""punctuation_markers"": [
      "":"",
      ""።"",
      ""-"",
      ""—"",
      ""፨""
    ],
    ""uncertainties"": []
  },
  ""tokens"": [
    {
      ""token_id"": ""t1"",
      ""surface"": ""Chapter"",
      ""span"": {
        ""start"": 0,
        ""end"": 7
      },
      ""options"": [
        {
          ""option_id"": ""opt1"",
          ""pos"": ""N"",
          ""analysis"": {
            ""kind"": ""lexical"",
            ""root"": null,
            ""lemma"": ""Chapter"",
            ""gloss"": ""English Header""
          },
          ""confidence"": {
            ""type"": ""ruled_out"",
            ""score"": 0.0
          },
          ""evidence"": {
            ""lexicon_status"": ""unattested"",
            ""attestation"": [],
            ""notes"": ""Non-Ge'ez artifact"",
            ""constraints_checked"": [
              ""root_pattern_compatibility"",
              ""evidence_minimum""
            ]
          }
        }
      ]
    },
    {
      ""token_id"": ""t2"",
      ""surface"": ""1"",
      ""span"": {
        ""start"": 8,
        ""end"": 9
      },
      ""options"": [
        {
          ""option_id"": ""opt1"",
          ""pos"": ""NUM"",
          ""analysis"": {
            ""kind"": ""lexical"",
            ""root"": null,
            ""lemma"": ""1"",
            ""gloss"": ""One""
          },
          ""confidence"": {
            ""type"": ""ruled_out"",
            ""score"": 0.0
          },
          ""evidence"": {
            ""lexicon_status"": ""unattested"",
            ""attestation"": [],
            ""notes"": ""Numeral"",
            ""constraints_checked"": [
              ""root_pattern_compatibility"",
              ""evidence_minimum""
            ]
          }
        }
      ]
    },
    {
      ""token_id"": ""t3"",
      ""surface"": ""Segment"",
      ""span"": {
        ""start"": 10,
        ""end"": 17
      },
      ""options"": [
        {
          ""option_id"": ""opt1"",
          ""pos"": ""N"",
          ""analysis"": {
            ""kind"": ""lexical"",
            ""root"": null,
            ""lemma"": ""Segment"",
            ""gloss"": ""English Header""
          },
          ""confidence"": {
            ""type"": ""ruled_out"",
            ""score"": 0.0
          },
          ""evidence"": {
            ""lexicon_status"": ""unattested"",
            ""attestation"": [],
            ""notes"": ""Non-Ge'ez artifact"",
            ""constraints_checked"": [
              ""root_pattern_compatibility"",
              ""evidence_minimum""
            ]
          }
        }
      ]
    },
    {
      ""token_id"": ""t4"",
      ""surface"": ""1"",
      ""span"": {
        ""start"": 18,
        ""end"": 19
      },
      ""options"": [
        {
          ""option_id"": ""opt1"",
          ""pos"": ""NUM"",
          ""analysis"": {
            ""kind"": ""lexical"",
            ""root"": null,
            ""lemma"": ""1"",
            ""gloss"": ""One""
          },
          ""confidence"": {
            ""type"": ""ruled_out"",
            ""score"": 0.0
          },
          ""evidence"": {
            ""lexicon_status"": ""unattested"",
            ""attestation"": [],
            ""notes"": ""Numeral"",
            ""constraints_checked"": [
              ""root_pattern_compatibility"",
              ""evidence_minimum""
            ]
          }
        }
      ]
    },
    {
      ""token_id"": ""t5"",
      ""surface"": ""ቃለ፡ረት፡ዘሄኖ።"",
      ""span"": {
        ""start"": 21,
        ""end"": 31
      },
      ""segmentation"": {
        ""morphemes"": [
          {
            ""morph_id"": ""m1"",
            ""surface"": ""ቃለ፡ረት፡ዘሄኖ።"",
            ""type"": ""stem""
          }
        ]
      },
      ""options"": [
        {
          ""option_id"": ""opt1"",
          ""pos"": ""N"",
          ""analysis"": {
            ""kind"": ""lexical"",
            ""root"": ""ቀለ"",
            ""lemma"": ""ቃለ፡በረከት፡ዘሄኖክ"",
            ""gloss"": ""Word of Blessing of Enoch (Corrupt/Merged)"",
            ""features"": {
              ""state"": ""construct""
            }
          },
          ""confidence"": {
            ""type"": ""ruled_out"",
            ""score"": 0.0
          },
          ""evidence"": {
            ""lexicon_status"": ""unattested"",
            ""attestation"": [],
            ""notes"": ""Merged token containing multiple words and punctuation; analyzed as complex Noun phrase."",
            ""constraints_checked"": [
              ""root_pattern_compatibility"",
              ""affix_consistency""
            ]
          }
        }
      ]
    },
    {
      ""token_id"": ""t6"",
      ""surface"": ""መትጽሐፉ፡ሄኖ፡"",
      ""span"": {
        ""start"": 32,
        ""end"": 41
      },
      ""segmentation"": {
        ""morphemes"": [
          {
            ""morph_id"": ""m1"",
            ""surface"": ""መትጽሐፉ፡ሄኖ፡"",
            ""type"": ""stem""
          }
        ]
      },
      ""options"": [
        {
          ""option_id"": ""opt1"",
          ""pos"": ""N"",
          ""analysis"": {
            ""kind"": ""lexical"",
            ""root"": ""ጸሐፈ"",
            ""lemma"": ""መጽሐፈ፡ሄኖክ"",
            ""gloss"": ""Book of Enoch (Corrupt/Merged)""
          },
          ""confidence"": {
            ""type"": ""ruled_out"",
            ""score"": 0.0
          },
          ""evidence"": {
            ""lexicon_status"": ""unattested"",
            ""attestation"": [],
            ""notes"": ""Merged token."",
            ""constraints_checked"": [
              ""root_pattern_compatibility"",
              ""affix_consistency""
            ]
          }
        }
      ]
    },
    {
      ""token_id"": ""t7"",
      ""surface"": ""ነቢይ።"",
      ""span"": {
        ""start"": 42,
        ""end"": 46
      },
      ""segmentation"": {
        ""morphemes"": [
          {
            ""morph_id"": ""m1"",
            ""surface"": ""ነቢይ"",
            ""type"": ""stem""
          },
          {
            ""morph_id"": ""m2"",
            ""surface"": ""።"",
            ""type"": ""particle""
          }
        ]
      },
      ""options"": [
        {
          ""option_id"": ""opt1"",
          ""pos"": ""N"",
          ""analysis"": {
            ""kind"": ""lexical"",
            ""root"": ""ነበየ"",
            ""lemma"": ""ነቢይ"",
            ""gloss"": ""prophet""
          },
          ""confidence"": {
            ""type"": ""ruled_out"",
            ""score"": 0.0
          },
          ""evidence"": {
            ""lexicon_status"": ""attested_in_lexicon"",
            ""attestation"": [],
            ""notes"": ""Includes sentence delimiter."",
            ""constraints_checked"": [
              ""root_pattern_compatibility"",
              ""affix_consistency""
            ]
          }
        }
      ]
    },
    {
      ""token_id"": ""t9"",
      ""surface"": ""ቃለ"",
      ""span"": {
        ""start"": 49,
        ""end"": 51
      },
      ""options"": [
        {
          ""option_id"": ""opt1"",
          ""pos"": ""N"",
          ""analysis"": {
            ""kind"": ""lexical"",
            ""root"": ""ቀለ"",
            ""lemma"": ""ቃል"",
            ""features"": {
              ""state"": ""construct""
            },
            ""gloss"": ""word of""
          },
          ""confidence"": {
            ""type"": ""weak"",
            ""score"": 0.99
          },
          ""evidence"": {
            ""lexicon_status"": ""attested_in_lexicon"",
            ""attestation"": [],
            ""constraints_checked"": [
              ""root_pattern_compatibility""
            ]
          }
        }
      ]
    },
    {
      ""token_id"": ""t11"",
      ""surface"": ""ረት"",
      ""span"": {
        ""start"": 54,
        ""end"": 56
      },
      ""options"": [
        {
          ""option_id"": ""opt1"",
          ""pos"": ""N"",
          ""analysis"": {
            ""kind"": ""lexical"",
            ""root"": null,
            ""lemma"": ""በረከት"",
            ""gloss"": ""blessing (fragment)""
          },
          ""confidence"": {
            ""type"": ""ruled_out"",
            ""score"": 0.0
          },
          ""evidence"": {
            ""lexicon_status"": ""unattested"",
            ""attestation"": [],
            ""notes"": ""Likely fragment of 'በረከት'."",
            ""constraints_checked"": [
              ""root_pattern_compatibility"",
              ""evidence_minimum""
            ]
          }
        }
      ]
    },
    {
      ""token_id"": ""t13"",
      ""surface"": ""ዘሄኖ"",
      ""span"": {
        ""start"": 59,
        ""end"": 62
      },
      ""segmentation"": {
        ""morphemes"": [
          {
            ""morph_id"": ""m1"",
            ""surface"": ""ዘ"",
            ""type"": ""prefix""
          },
          {
            ""morph_id"": ""m2"",
            ""surface"": ""ሄኖ"",
            ""type"": ""stem""
          }
        ]
      },
      ""options"": [
        {
          ""option_id"": ""opt1"",
          ""pos"": ""PN"",
          ""analysis"": {
            ""kind"": ""lexical"",
            ""root"": null,
            ""lemma"": ""ሄኖክ"",
            ""affixes"": {
              ""prefixes"": [
                ""ዘ""
              ]
            },
            ""gloss"": ""of Enoch (fragment)""
          },
          ""confidence"": {
            ""type"": ""ruled_out"",
            ""score"": 0.0
          },
          ""evidence"": {
            ""lexicon_status"": ""unattested"",
            ""attestation"": [],
            ""notes"": ""Fragment of 'ዘሄኖክ'."",
            ""constraints_checked"": [
              ""root_pattern_compatibility"",
              ""evidence_minimum""
            ]
          }
        }
      ]
    },
    {
      ""token_id"": ""t20"",
      ""surface"": ""መ"",
      ""span"": {
        ""start"": 83,
        ""end"": 84
      },
      ""options"": [
        {
          ""option_id"": ""opt1"",
          ""pos"": ""N"",
          ""analysis"": {
            ""kind"": ""lexical"",
            ""root"": null,
            ""gloss"": ""fragment""
          },
          ""confidence"": {
            ""type"": ""ruled_out"",
            ""score"": 0.0
          },
          ""evidence"": {
            ""lexicon_status"": ""unattested"",
            ""attestation"": [],
            ""constraints_checked"": [
              ""root_pattern_compatibility"",
              ""evidence_minimum""
            ]
          }
        }
      ]
    },
    {
      ""token_id"": ""t22"",
      ""surface"": ""ረ"",
      ""span"": {
        ""start"": 87,
        ""end"": 88
      },
      ""options"": [
        {
          ""option_id"": ""opt1"",
          ""pos"": ""N"",
          ""analysis"": {
            ""kind"": ""lexical"",
            ""root"": null,
            ""gloss"": ""fragment""
          },
          ""confidence"": {
            ""type"": ""ruled_out"",
            ""score"": 0.0
          },
          ""evidence"": {
            ""lexicon_status"": ""unattested"",
            ""attestation"": [],
            ""constraints_checked"": [
              ""root_pattern_compatibility"",
              ""evidence_minimum""
            ]
          }
        }
      ]
    },
    {
      ""token_id"": ""t24"",
      ""surface"": ""ኅሩያነ"",
      ""span"": {
        ""start"": 91,
        ""end"": 95
      },
      ""options"": [
        {
          ""option_id"": ""opt1"",
          ""pos"": ""ADJ"",
          ""analysis"": {
            ""kind"": ""lexical"",
            ""root"": ""ኅረየ"",
            ""lemma"": ""ኅሩይ"",
            ""gloss"": ""elect (pl. acc/cstr)"",
            ""features"": {
              ""number"": ""plural"",
              ""case"": ""accusative""
            }
          },
          ""confidence"": {
            ""type"": ""weak"",
            ""score"": 0.95
          },
          ""evidence"": {
            ""lexicon_status"": ""attested_in_lexicon"",
            ""attestation"": [],
            ""constraints_checked"": [
              ""root_pattern_compatibility""
            ]
          }
        }
      ]
    },
    {
      ""token_id"": ""t26"",
      ""surface"": ""ወጻድቃነ"",
      ""span"": {
        ""start"": 98,
        ""end"": 103
      },
      ""segmentation"": {
        ""morphemes"": [
          {
            ""morph_id"": ""m1"",
            ""surface"": ""ወ"",
            ""type"": ""prefix""
          },
          {
            ""morph_id"": ""m2"",
            ""surface"": ""ጻድቃነ"",
            ""type"": ""stem""
          }
        ]
      },
      ""options"": [
        {
          ""option_id"": ""opt1"",
          ""pos"": ""ADJ"",
          ""analysis"": {
            ""kind"": ""lexical"",
            ""root"": ""ጸደቀ"",
            ""lemma"": ""ጻድቅ"",
            ""affixes"": {
              ""prefixes"": [
                ""ወ""
              ]
            },
            ""gloss"": ""and righteous (pl. acc/cstr)"",
            ""features"": {
              ""number"": ""plural"",
              ""case"": ""accusative""
            }
          },
          ""confidence"": {
            ""type"": ""weak"",
            ""score"": 0.95
          },
          ""evidence"": {
            ""lexicon_status"": ""attested_in_lexicon"",
            ""attestation"": [],
            ""constraints_checked"": [
              ""root_pattern_compatibility""
            ]
          }
        }
      ]
    },
    {
      ""token_id"": ""t28"",
      ""surface"": ""እለ"",
      ""span"": {
        ""start"": 106,
        ""end"": 108
      },
      ""options"": [
        {
          ""option_id"": ""opt1"",
          ""pos"": ""PRO.REL"",
          ""analysis"": {
            ""kind"": ""functional"",
            ""root"": null,
            ""lemma"": ""እለ"",
            ""gloss"": ""who (pl.)""
          },
          ""confidence"": {
            ""type"": ""strong"",
            ""score"": 0.99
          },
          ""evidence"": {
            ""lexicon_status"": ""attested_in_lexicon"",
            ""attestation"": [],
            ""constraints_checked"": []
          }
        }
      ]
    },
    {
      ""token_id"": ""t30"",
      ""surface"": ""ሀለው"",
      ""span"": {
        ""start"": 111,
        ""end"": 114
      },
      ""options"": [
        {
          ""option_id"": ""opt1"",
          ""pos"": ""V"",
          ""analysis"": {
            ""kind"": ""lexical"",
            ""root"": ""ሀለወ"",
            ""lemma"": ""ሀለወ"",
            ""gloss"": ""exist / are"",
            ""features"": {
              ""aspect"": ""perfect"",
              ""person"": ""3"",
              ""gender"": ""masculine"",
              ""number"": ""plural""
            }
          },
          ""confidence"": {
            ""type"": ""weak"",
            ""score"": 0.95
          },
          ""evidence"": {
            ""lexicon_status"": ""attested_in_lexicon"",
            ""attestation"": [],
            ""constraints_checked"": [
              ""root_pattern_compatibility""
            ]
          }
        }
      ]
    },
    {
      ""token_id"": ""t32"",
      ""surface"": ""ይኩኑ"",
      ""span"": {
        ""start"": 117,
        ""end"": 120
      },
      ""options"": [
        {
          ""option_id"": ""opt1"",
          ""pos"": ""V"",
          ""analysis"": {
            ""kind"": ""lexical"",
            ""root"": ""ኮነ"",
            ""lemma"": ""ኮነ"",
            ""gloss"": ""will be"",
            ""features"": {
              ""aspect"": ""imperfect"",
              ""person"": ""3"",
              ""gender"": ""masculine"",
              ""number"": ""plural""
            }
          },
          ""confidence"": {
            ""type"": ""weak"",
            ""score"": 0.95
          },
          ""evidence"": {
            ""lexicon_status"": ""attested_in_lexicon"",
            ""attestation"": [],
            ""constraints_checked"": [
              ""root_pattern_compatibility""
            ]
          }
        }
      ]
    },
    {
      ""token_id"": ""t34"",
      ""surface"": ""ዕለተ"",
      ""span"": {
        ""start"": 123,
        ""end"": 126
      },
      ""options"": [
        {
          ""option_id"": ""opt1"",
          ""pos"": ""N"",
          ""analysis"": {
            ""kind"": ""lexical"",
            ""root"": ""ወዐለ"",
            ""lemma"": ""ዕለት"",
            ""gloss"": ""day of"",
            ""features"": {
              ""state"": ""construct""
            }
          },
          ""confidence"": {
            ""type"": ""weak"",
            ""score"": 0.95
          },
          ""evidence"": {
            ""lexicon_status"": ""attested_in_lexicon"",
            ""attestation"": [],
            ""constraints_checked"": [
              ""root_pattern_compatibility""
            ]
          }
        }
      ]
    },
    {
      ""token_id"": ""t36"",
      ""surface"": ""መንዳቢ"",
      ""span"": {
        ""start"": 129,
        ""end"": 133
      },
      ""options"": [
        {
          ""option_id"": ""opt1"",
          ""pos"": ""N"",
          ""analysis"": {
            ""kind"": ""lexical"",
            ""root"": ""ደበየ"",
            ""lemma"": ""መንዳቤ"",
            ""gloss"": ""tribulation""
          },
          ""confidence"": {
            ""type"": ""weak"",
            ""score"": 0.8
          },
          ""evidence"": {
            ""lexicon_status"": ""attested_in_lexicon"",
            ""attestation"": [],
            ""notes"": ""Variant spelling of መንዳቤ?"",
            ""constraints_checked"": [
              ""root_pattern_compatibility""
            ]
          }
        }
      ]
    },
    {
      ""token_id"": ""t38"",
      ""surface"": ""ለሰስሎ"",
      ""span"": {
        ""start"": 136,
        ""end"": 140
      },
      ""segmentation"": {
        ""morphemes"": [
          {
            ""morph_id"": ""m1"",
            ""surface"": ""ለ"",
            ""type"": ""prefix""
          },
          {
            ""morph_id"": ""m2"",
            ""surface"": ""ሰስሎ"",
            ""type"": ""stem""
          }
        ]
      },
      ""options"": [
        {
          ""option_id"": ""opt1"",
          ""pos"": ""N"",
          ""analysis"": {
            ""kind"": ""lexical"",
            ""root"": ""ሰሰለ"",
            ""lemma"": ""አሰስሎ"",
            ""affixes"": {
              ""prefixes"": [
                ""ለ""
              ]
            },
            ""gloss"": ""to remove / for removal"",
            ""features"": {
              ""form"": ""infinitive_or_verbal_noun""
            }
          },
          ""confidence"": {
            ""type"": ""weak"",
            ""score"": 0.75
          },
          ""evidence"": {
            ""lexicon_status"": ""attested_in_lexicon"",
            ""attestation"": [],
            ""notes"": ""Root likely ሰሰለ (related to removal)."",
            ""constraints_checked"": [
              ""root_pattern_compatibility""
            ]
          }
        }
      ]
    },
    {
      ""token_id"": ""t40"",
      ""surface"": ""ሎ"",
      ""span"": {
        ""start"": 143,
        ""end"": 144
      },
      ""segmentation"": {
        ""morphemes"": [
          {
            ""morph_id"": ""m1"",
            ""surface"": ""ለ"",
            ""type"": ""stem""
          },
          {
            ""morph_id"": ""m2"",
            ""surface"": ""ሁ"",
            ""type"": ""clitic""
          }
        ]
      },
      ""options"": [
        {
          ""option_id"": ""opt1"",
          ""pos"": ""PREP"",
          ""analysis"": {
            ""kind"": ""functional"",
            ""root"": null,
            ""lemma"": ""ለ"",
            ""affixes"": {
              ""clitics"": [
                ""ሁ""
              ]
            },
            ""gloss"": ""to him""
          },
          ""confidence"": {
            ""type"": ""strong"",
            ""score"": 0.95
          },
          ""evidence"": {
            ""lexicon_status"": ""attested_in_lexicon"",
            ""attestation"": [],
            ""constraints_checked"": []
          }
        }
      ]
    },
    {
      ""token_id"": ""t42"",
      ""surface"": ""እኩያን"",
      ""span"": {
        ""start"": 147,
        ""end"": 151
      },
      ""options"": [
        {
          ""option_id"": ""opt1"",
          ""pos"": ""ADJ"",
          ""analysis"": {
            ""kind"": ""lexical"",
            ""root"": ""አከየ"",
            ""lemma"": ""እኩይ"",
            ""gloss"": ""evil (pl.)"",
            ""features"": {
              ""number"": ""plural""
            }
          },
          ""confidence"": {
            ""type"": ""weak"",
            ""score"": 0.95
          },
          ""evidence"": {
            ""lexicon_status"": ""attested_in_lexicon"",
            ""attestation"": [],
            ""constraints_checked"": [
              ""root_pattern_compatibility""
            ]
          }
        }
      ]
    },
    {
      ""token_id"": ""t44"",
      ""surface"": ""ወረሲዓን"",
      ""span"": {
        ""start"": 154,
        ""end"": 159
      },
      ""segmentation"": {
        ""morphemes"": [
          {
            ""morph_id"": ""m1"",
            ""surface"": ""ወ"",
            ""type"": ""prefix""
          },
          {
            ""morph_id"": ""m2"",
            ""surface"": ""ረሲዓን"",
            ""type"": ""stem""
          }
        ]
      },
      ""options"": [
        {
          ""option_id"": ""opt1"",
          ""pos"": ""ADJ"",
          ""analysis"": {
            ""kind"": ""lexical"",
            ""root"": ""ረሰዐ"",
            ""lemma"": ""ረሲዕ"",
            ""affixes"": {
              ""prefixes"": [
                ""ወ""
              ]
            },
            ""gloss"": ""and wicked (pl.)"",
            ""features"": {
              ""number"": ""plural""
            }
          },
          ""confidence"": {
            ""type"": ""weak"",
            ""score"": 0.95
          },
          ""evidence"": {
            ""lexicon_status"": ""attested_in_lexicon"",
            ""attestation"": [],
            ""constraints_checked"": [
              ""root_pattern_compatibility""
            ]
          }
        }
      ]
    }
  ]
}"
1,segment_002,segment,DONE,C:\Users\sasch\visionexe\stories\template\filmsets\story_001\segment_002\segment.txt,"{
  ""meta"": {
    ""schema_version"": ""1.0.0"",
    ""created_at"": ""2026-01-11T12:00:00Z"",
    ""created_by"": ""llm_worker_analysis_morphologic"",
    ""language"": ""gez"",
    ""tagset_id"": ""GEZ-POS-1"",
    ""tokenization_policy"": ""whitespace""
  },
  ""source"": {
    ""witness_id"": ""1_Enoch_1:2"",
    ""graphematic_string"": ""Chapter 1 Segment 2 ወውሥ፡ወይቤ፡ሄኖ፡ ብእሲ፡ጻድቅ፡ዘእምኀ፡ እግዚብሔር፡እንዘ፡ዕይንቲሁ፡ ሡታት።ወይሬኢ፡ራእየ፡ ቅዱሰ፡ዘሰማያት፡ዘርዩኒ፡ መላእት፨ወሰማዕኩ፡ እምኀቤሆሙ፡ ሎ።ወእመርኩ፡ነ፡ዘእሬኢ፡ ወ፡ለዝ፡ትውልድ፡ላ፡ለዘ፡ ይመጽእ፡እምርሑቃት፡እንተ፡ ኅሩያን፨፨"",
    ""normalization_policy"": ""none"",
    ""uncertainties"": [
      {
        ""span"": {
          ""start"": 21,
          ""end"": 170
        },
        ""type"": ""damaged"",
        ""note"": ""Text appears to be OCR output with whitespace tokenization containing internal word separators and truncated forms.""
      }
    ]
  },
  ""tokens"": [
    {
      ""token_id"": ""t1"",
      ""surface"": ""Chapter"",
      ""span"": {
        ""start"": 0,
        ""end"": 7
      },
      ""segmentation"": {
        ""morphemes"": [
          {
            ""morph_id"": ""t1.m1"",
            ""surface"": ""Chapter"",
            ""type"": ""stem""
          }
        ]
      },
      ""options"": [
        {
          ""option_id"": ""t1.o1"",
          ""pos"": ""N"",
          ""analysis"": {
            ""kind"": ""lexical"",
            ""root"": null,
            ""gloss"": ""Chapter (English header)""
          },
          ""confidence"": {
            ""type"": ""ruled_out"",
            ""score"": 0.0
          },
          ""evidence"": {
            ""lexicon_status"": ""unattested"",
            ""attestation"": [],
            ""notes"": ""Non-Ge'ez metadata token."",
            ""constraints_checked"": [
              ""root_pattern_compatibility"",
              ""affix_consistency""
            ]
          }
        }
      ]
    },
    {
      ""token_id"": ""t2"",
      ""surface"": ""1"",
      ""span"": {
        ""start"": 8,
        ""end"": 9
      },
      ""segmentation"": {
        ""morphemes"": [
          {
            ""morph_id"": ""t2.m1"",
            ""surface"": ""1"",
            ""type"": ""stem""
          }
        ]
      },
      ""options"": [
        {
          ""option_id"": ""t2.o1"",
          ""pos"": ""NUM"",
          ""analysis"": {
            ""kind"": ""lexical"",
            ""root"": null,
            ""gloss"": ""1""
          },
          ""confidence"": {
            ""type"": ""ruled_out"",
            ""score"": 0.0
          },
          ""evidence"": {
            ""lexicon_status"": ""unattested"",
            ""attestation"": [],
            ""notes"": ""Numeral."",
            ""constraints_checked"": [
              ""root_pattern_compatibility"",
              ""affix_consistency""
            ]
          }
        }
      ]
    },
    {
      ""token_id"": ""t3"",
      ""surface"": ""Segment"",
      ""span"": {
        ""start"": 10,
        ""end"": 17
      },
      ""segmentation"": {
        ""morphemes"": [
          {
            ""morph_id"": ""t3.m1"",
            ""surface"": ""Segment"",
            ""type"": ""stem""
          }
        ]
      },
      ""options"": [
        {
          ""option_id"": ""t3.o1"",
          ""pos"": ""N"",
          ""analysis"": {
            ""kind"": ""lexical"",
            ""root"": null,
            ""gloss"": ""Segment (English header)""
          },
          ""confidence"": {
            ""type"": ""ruled_out"",
            ""score"": 0.0
          },
          ""evidence"": {
            ""lexicon_status"": ""unattested"",
            ""attestation"": [],
            ""notes"": ""Non-Ge'ez metadata token."",
            ""constraints_checked"": [
              ""root_pattern_compatibility"",
              ""affix_consistency""
            ]
          }
        }
      ]
    },
    {
      ""token_id"": ""t4"",
      ""surface"": ""2"",
      ""span"": {
        ""start"": 18,
        ""end"": 19
      },
      ""segmentation"": {
        ""morphemes"": [
          {
            ""morph_id"": ""t4.m1"",
            ""surface"": ""2"",
            ""type"": ""stem""
          }
        ]
      },
      ""options"": [
        {
          ""option_id"": ""t4.o1"",
          ""pos"": ""NUM"",
          ""analysis"": {
            ""kind"": ""lexical"",
            ""root"": null,
            ""gloss"": ""2""
          },
          ""confidence"": {
            ""type"": ""ruled_out"",
            ""score"": 0.0
          },
          ""evidence"": {
            ""lexicon_status"": ""unattested"",
            ""attestation"": [],
            ""notes"": ""Numeral."",
            ""constraints_checked"": [
              ""root_pattern_compatibility"",
              ""affix_consistency""
            ]
          }
        }
      ]
    },
    {
      ""token_id"": ""t5"",
      ""surface"": ""ወውሥ፡ወይቤ፡ሄኖ፡"",
      ""span"": {
        ""start"": 21,
        ""end"": 32
      },
      ""segmentation"": {
        ""morphemes"": [
          {
            ""morph_id"": ""t5.m1"",
            ""surface"": ""ወ"",
            ""type"": ""clitic""
          },
          {
            ""morph_id"": ""t5.m2"",
            ""surface"": ""ውሥ"",
            ""type"": ""stem""
          },
          {
            ""morph_id"": ""t5.m3"",
            ""surface"": ""ወ"",
            ""type"": ""clitic""
          },
          {
            ""morph_id"": ""t5.m4"",
            ""surface"": ""ይቤ"",
            ""type"": ""stem""
          },
          {
            ""morph_id"": ""t5.m5"",
            ""surface"": ""ሄኖ"",
            ""type"": ""stem""
          }
        ]
      },
      ""options"": [
        {
          ""option_id"": ""t5.o1"",
          ""pos"": ""V"",
          ""analysis"": {
            ""kind"": ""lexical"",
            ""root"": ""wśʾ"",
            ""lemma"": ""awśʾa"",
            ""pattern"": ""G"",
            ""affixes"": {
              ""clitics"": [
                ""ወ""
              ]
            },
            ""gloss"": ""he answered (and said Enoch)""
          },
          ""confidence"": {
            ""type"": ""weak"",
            ""score"": 0.4
          },
          ""evidence"": {
            ""lexicon_status"": ""attested_in_lexicon"",
            ""attestation"": [
              {
                ""type"": ""lexicon"",
                ""ref"": ""Dillmann""
              }
            ],
            ""notes"": ""Multi-word token due to whitespace input. Analyzing first verbal head 'wawś[ʾa]' (truncated)."",
            ""constraints_checked"": []
          }
        }
      ]
    },
    {
      ""token_id"": ""t6"",
      ""surface"": ""ብእሲ፡ጻድቅ፡ዘእምኀ፡"",
      ""span"": {
        ""start"": 33,
        ""end"": 46
      },
      ""segmentation"": {
        ""morphemes"": [
          {
            ""morph_id"": ""t6.m1"",
            ""surface"": ""ብእሲ"",
            ""type"": ""stem""
          },
          {
            ""morph_id"": ""t6.m2"",
            ""surface"": ""ጻድቅ"",
            ""type"": ""stem""
          },
          {
            ""morph_id"": ""t6.m3"",
            ""surface"": ""ዘ"",
            ""type"": ""clitic""
          },
          {
            ""morph_id"": ""t6.m4"",
            ""surface"": ""እም"",
            ""type"": ""clitic""
          },
          {
            ""morph_id"": ""t6.m5"",
            ""surface"": ""ኀ"",
            ""type"": ""stem""
          }
        ]
      },
      ""options"": [
        {
          ""option_id"": ""t6.o1"",
          ""pos"": ""N"",
          ""analysis"": {
            ""kind"": ""lexical"",
            ""root"": ""bʾs"",
            ""lemma"": ""bəʾsi"",
            ""gloss"": ""man (righteous...)""
          },
          ""confidence"": {
            ""type"": ""ruled_out"",
            ""score"": 0.0
          },
          ""evidence"": {
            ""lexicon_status"": ""attested_in_lexicon"",
            ""attestation"": [
              {
                ""type"": ""lexicon"",
                ""ref"": ""Dillmann""
              }
            ],
            ""notes"": ""Multi-word token. Analyzing head 'bəʾsi'."",
            ""constraints_checked"": [
              ""root_pattern_compatibility"",
              ""affix_consistency""
            ]
          }
        }
      ]
    },
    {
      ""token_id"": ""t7"",
      ""surface"": ""እግዚብሔር፡እንዘ፡ዕይንቲሁ፡"",
      ""span"": {
        ""start"": 47,
        ""end"": 64
      },
      ""segmentation"": {
        ""morphemes"": [
          {
            ""morph_id"": ""t7.m1"",
            ""surface"": ""እግዚብሔር"",
            ""type"": ""stem""
          },
          {
            ""morph_id"": ""t7.m2"",
            ""surface"": ""እንዘ"",
            ""type"": ""particle""
          },
          {
            ""morph_id"": ""t7.m3"",
            ""surface"": ""ዕይን"",
            ""type"": ""stem""
          },
          {
            ""morph_id"": ""t7.m4"",
            ""surface"": ""ሁ"",
            ""type"": ""suffix""
          }
        ]
      },
      ""options"": [
        {
          ""option_id"": ""t7.o1"",
          ""pos"": ""PN"",
          ""analysis"": {
            ""kind"": ""lexical"",
            ""root"": ""gzy"",
            ""lemma"": ""ʾəgziʾabḥer"",
            ""gloss"": ""God (while his eyes...)""
          },
          ""confidence"": {
            ""type"": ""ruled_out"",
            ""score"": 0.0
          },
          ""evidence"": {
            ""lexicon_status"": ""attested_in_lexicon"",
            ""attestation"": [
              {
                ""type"": ""lexicon"",
                ""ref"": ""Dillmann""
              }
            ],
            ""notes"": ""Multi-word token. Analyzing head 'ʾəgziʾabḥer'."",
            ""constraints_checked"": [
              ""root_pattern_compatibility"",
              ""affix_consistency""
            ]
          }
        }
      ]
    },
    {
      ""token_id"": ""t8"",
      ""surface"": ""ሡታት።ወይሬኢ፡ራእየ፡"",
      ""span"": {
        ""start"": 65,
        ""end"": 78
      },
      ""segmentation"": {
        ""morphemes"": [
          {
            ""morph_id"": ""t8.m1"",
            ""surface"": ""ሡታት"",
            ""type"": ""stem""
          },
          {
            ""morph_id"": ""t8.m2"",
            ""surface"": ""ወ"",
            ""type"": ""clitic""
          },
          {
            ""morph_id"": ""t8.m3"",
            ""surface"": ""ይሬኢ"",
            ""type"": ""stem""
          },
          {
            ""morph_id"": ""t8.m4"",
            ""surface"": ""ራእየ"",
            ""type"": ""stem""
          }
        ]
      },
      ""options"": [
        {
          ""option_id"": ""t8.o1"",
          ""pos"": ""ADJ"",
          ""analysis"": {
            ""kind"": ""lexical"",
            ""root"": ""kśt"",
            ""lemma"": ""kəśut"",
            ""gloss"": ""opened (and saw vision)""
          },
          ""confidence"": {
            ""type"": ""ruled_out"",
            ""score"": 0.0
          },
          ""evidence"": {
            ""lexicon_status"": ""attested_in_corpus_not_lexicon"",
            ""attestation"": [],
            ""notes"": ""Truncated form 'śutāt' likely 'kəśutāt' (opened). Multi-word token."",
            ""constraints_checked"": [
              ""root_pattern_compatibility"",
              ""affix_consistency""
            ]
          }
        }
      ]
    },
    {
      ""token_id"": ""t9"",
      ""surface"": ""ቅዱሰ፡ዘሰማያት፡ዘርዩኒ፡"",
      ""span"": {
        ""start"": 79,
        ""end"": 94
      },
      ""segmentation"": {
        ""morphemes"": [
          {
            ""morph_id"": ""t9.m1"",
            ""surface"": ""ቅዱሰ"",
            ""type"": ""stem""
          },
          {
            ""morph_id"": ""t9.m2"",
            ""surface"": ""ዘ"",
            ""type"": ""clitic""
          },
          {
            ""morph_id"": ""t9.m3"",
            ""surface"": ""ሰማያት"",
            ""type"": ""stem""
          },
          {
            ""morph_id"": ""t9.m4"",
            ""surface"": ""ዘ"",
            ""type"": ""clitic""
          },
          {
            ""morph_id"": ""t9.m5"",
            ""surface"": ""ርዩ"",
            ""type"": ""stem""
          },
          {
            ""morph_id"": ""t9.m6"",
            ""surface"": ""ኒ"",
            ""type"": ""suffix""
          }
        ]
      },
      ""options"": [
        {
          ""option_id"": ""t9.o1"",
          ""pos"": ""ADJ"",
          ""analysis"": {
            ""kind"": ""lexical"",
            ""root"": ""qds"",
            ""lemma"": ""qəddus"",
            ""gloss"": ""holy (of heavens which they showed me)""
          },
          ""confidence"": {
            ""type"": ""ruled_out"",
            ""score"": 0.0
          },
          ""evidence"": {
            ""lexicon_status"": ""attested_in_lexicon"",
            ""attestation"": [
              {
                ""type"": ""lexicon"",
                ""ref"": ""Dillmann""
              }
            ],
            ""notes"": ""Multi-word token. Analyzing head 'qəddusa'."",
            ""constraints_checked"": [
              ""root_pattern_compatibility"",
              ""affix_consistency""
            ]
          }
        }
      ]
    },
    {
      ""token_id"": ""t10"",
      ""surface"": ""መላእት፨ወሰማዕኩ፡"",
      ""span"": {
        ""start"": 95,
        ""end"": 106
      },
      ""segmentation"": {
        ""morphemes"": [
          {
            ""morph_id"": ""t10.m1"",
            ""surface"": ""መላእት"",
            ""type"": ""stem""
          },
          {
            ""morph_id"": ""t10.m2"",
            ""surface"": ""ወ"",
            ""type"": ""clitic""
          },
          {
            ""morph_id"": ""t10.m3"",
            ""surface"": ""ሰማዕ"",
            ""type"": ""stem""
          },
          {
            ""morph_id"": ""t10.m4"",
            ""surface"": ""ኩ"",
            ""type"": ""suffix""
          }
        ]
      },
      ""options"": [
        {
          ""option_id"": ""t10.o1"",
          ""pos"": ""N"",
          ""analysis"": {
            ""kind"": ""lexical"",
            ""root"": ""lʾk"",
            ""lemma"": ""malʾak"",
            ""gloss"": ""angels (and I heard)""
          },
          ""confidence"": {
            ""type"": ""ruled_out"",
            ""score"": 0.0
          },
          ""evidence"": {
            ""lexicon_status"": ""attested_in_corpus_not_lexicon"",
            ""attestation"": [],
            ""notes"": ""Variant spelling 'malāʾt' for 'malāʾəkt'. Multi-word token."",
            ""constraints_checked"": [
              ""root_pattern_compatibility"",
              ""affix_consistency""
            ]
          }
        }
      ]
    },
    {
      ""token_id"": ""t11"",
      ""surface"": ""እምኀቤሆሙ፡"",
      ""span"": {
        ""start"": 107,
        ""end"": 114
      },
      ""segmentation"": {
        ""morphemes"": [
          {
            ""morph_id"": ""t11.m1"",
            ""surface"": ""እም"",
            ""type"": ""clitic""
          },
          {
            ""morph_id"": ""t11.m2"",
            ""surface"": ""ኀቤ"",
            ""type"": ""stem""
          },
          {
            ""morph_id"": ""t11.m3"",
            ""surface"": ""ሆሙ"",
            ""type"": ""suffix""
          }
        ]
      },
      ""options"": [
        {
          ""option_id"": ""t11.o1"",
          ""pos"": ""PREP"",
          ""analysis"": {
            ""kind"": ""functional"",
            ""root"": null,
            ""lemma"": ""ʾəm-ḫaba"",
            ""gloss"": ""from with them""
          },
          ""confidence"": {
            ""type"": ""ruled_out"",
            ""score"": 0.0
          },
          ""evidence"": {
            ""lexicon_status"": ""attested_in_lexicon"",
            ""attestation"": [
              {
                ""type"": ""lexicon"",
                ""ref"": ""Dillmann""
              }
            ],
            ""notes"": ""Compound preposition."",
            ""constraints_checked"": [
              ""affix_consistency""
            ]
          }
        }
      ]
    },
    {
      ""token_id"": ""t12"",
      ""surface"": ""ሎ።ወእመርኩ፡ነ፡ዘእሬኢ፡"",
      ""span"": {
        ""start"": 115,
        ""end"": 130
      },
      ""segmentation"": {
        ""morphemes"": [
          {
            ""morph_id"": ""t12.m1"",
            ""surface"": ""ሎ"",
            ""type"": ""stem""
          },
          {
            ""morph_id"": ""t12.m2"",
            ""surface"": ""ወ"",
            ""type"": ""clitic""
          },
          {
            ""morph_id"": ""t12.m3"",
            ""surface"": ""እመር"",
            ""type"": ""stem""
          },
          {
            ""morph_id"": ""t12.m4"",
            ""surface"": ""ኩ"",
            ""type"": ""suffix""
          },
          {
            ""morph_id"": ""t12.m5"",
            ""surface"": ""ነ"",
            ""type"": ""particle""
          },
          {
            ""morph_id"": ""t12.m6"",
            ""surface"": ""ዘ"",
            ""type"": ""clitic""
          },
          {
            ""morph_id"": ""t12.m7"",
            ""surface"": ""እሬኢ"",
            ""type"": ""stem""
          }
        ]
      },
      ""options"": [
        {
          ""option_id"": ""t12.o1"",
          ""pos"": ""V"",
          ""analysis"": {
            ""kind"": ""lexical"",
            ""root"": ""ʾmr"",
            ""lemma"": ""ʾaʾmara"",
            ""gloss"": ""and I knew (everything that I saw)""
          },
          ""confidence"": {
            ""type"": ""ruled_out"",
            ""score"": 0.0
          },
          ""evidence"": {
            ""lexicon_status"": ""attested_in_lexicon"",
            ""attestation"": [
              {
                ""type"": ""lexicon"",
                ""ref"": ""Dillmann""
              }
            ],
            ""notes"": ""Analyzing 'wa-ʾ[a]ʾmarku' as main predication in chunk."",
            ""constraints_checked"": [
              ""root_pattern_compatibility"",
              ""affix_consistency""
            ]
          }
        }
      ]
    },
    {
      ""token_id"": ""t13"",
      ""surface"": ""ወ፡ለዝ፡ትውልድ፡ላ፡ለዘ፡"",
      ""span"": {
        ""start"": 131,
        ""end"": 146
      },
      ""segmentation"": {
        ""morphemes"": [
          {
            ""morph_id"": ""t13.m1"",
            ""surface"": ""ወ"",
            ""type"": ""clitic""
          },
          {
            ""morph_id"": ""t13.m2"",
            ""surface"": ""ለ"",
            ""type"": ""clitic""
          },
          {
            ""morph_id"": ""t13.m3"",
            ""surface"": ""ዝ"",
            ""type"": ""stem""
          },
          {
            ""morph_id"": ""t13.m4"",
            ""surface"": ""ትውልድ"",
            ""type"": ""stem""
          },
          {
            ""morph_id"": ""t13.m5"",
            ""surface"": ""ላ"",
            ""type"": ""particle""
          },
          {
            ""morph_id"": ""t13.m6"",
            ""surface"": ""ለ"",
            ""type"": ""clitic""
          },
          {
            ""morph_id"": ""t13.m7"",
            ""surface"": ""ዘ"",
            ""type"": ""clitic""
          }
        ]
      },
      ""options"": [
        {
          ""option_id"": ""t13.o1"",
          ""pos"": ""N"",
          ""analysis"": {
            ""kind"": ""lexical"",
            ""root"": ""wld"",
            ""lemma"": ""təwləd"",
            ""gloss"": ""generation (and for this...)""
          },
          ""confidence"": {
            ""type"": ""ruled_out"",
            ""score"": 0.0
          },
          ""evidence"": {
            ""lexicon_status"": ""attested_in_lexicon"",
            ""attestation"": [
              {
                ""type"": ""lexicon"",
                ""ref"": ""Dillmann""
              }
            ],
            ""notes"": ""Multi-word token. Analyzing head noun 'təwləd'."",
            ""constraints_checked"": [
              ""root_pattern_compatibility"",
              ""affix_consistency""
            ]
          }
        }
      ]
    },
    {
      ""token_id"": ""t14"",
      ""surface"": ""ይመጽእ፡እምርሑቃት፡እንተ፡"",
      ""span"": {
        ""start"": 147,
        ""end"": 163
      },
      ""segmentation"": {
        ""morphemes"": [
          {
            ""morph_id"": ""t14.m1"",
            ""surface"": ""ይመጽእ"",
            ""type"": ""stem""
          },
          {
            ""morph_id"": ""t14.m2"",
            ""surface"": ""እም"",
            ""type"": ""clitic""
          },
          {
            ""morph_id"": ""t14.m3"",
            ""surface"": ""ርሑቃት"",
            ""type"": ""stem""
          },
          {
            ""morph_id"": ""t14.m4"",
            ""surface"": ""እንተ"",
            ""type"": ""particle""
          }
        ]
      },
      ""options"": [
        {
          ""option_id"": ""t14.o1"",
          ""pos"": ""V"",
          ""analysis"": {
            ""kind"": ""lexical"",
            ""root"": ""mḍʾ"",
            ""lemma"": ""maḍʾa"",
            ""gloss"": ""he comes (from far places which)""
          },
          ""confidence"": {
            ""type"": ""ruled_out"",
            ""score"": 0.0
          },
          ""evidence"": {
            ""lexicon_status"": ""attested_in_lexicon"",
            ""attestation"": [
              {
                ""type"": ""lexicon"",
                ""ref"": ""Dillmann""
              }
            ],
            ""notes"": ""Multi-word token. Analyzing verbal head 'yimaḍḍəʾ'."",
            ""constraints_checked"": [
              ""root_pattern_compatibility"",
              ""affix_consistency""
            ]
          }
        }
      ]
    },
    {
      ""token_id"": ""t15"",
      ""surface"": ""ኅሩያን፨፨"",
      ""span"": {
        ""start"": 164,
        ""end"": 170
      },
      ""segmentation"": {
        ""morphemes"": [
          {
            ""morph_id"": ""t15.m1"",
            ""surface"": ""ኅሩያን"",
            ""type"": ""stem""
          }
        ]
      },
      ""options"": [
        {
          ""option_id"": ""t15.o1"",
          ""pos"": ""N"",
          ""analysis"": {
            ""kind"": ""lexical"",
            ""root"": ""ḫry"",
            ""lemma"": ""ḫəruy"",
            ""gloss"": ""chosen (ones)""
          },
          ""confidence"": {
            ""type"": ""ruled_out"",
            ""score"": 0.0
          },
          ""evidence"": {
            ""lexicon_status"": ""attested_in_lexicon"",
            ""attestation"": [
              {
                ""type"": ""lexicon"",
                ""ref"": ""Dillmann""
              }
            ],
            ""notes"": ""Plural form."",
            ""constraints_checked"": [
              ""root_pattern_compatibility"",
              ""affix_consistency""
            ]
          }
        }
      ]
    }
  ]
}"
1,segment_003,segment,DONE,C:\Users\sasch\visionexe\stories\template\filmsets\story_001\segment_003\segment.txt,"{
  ""meta"": {
    ""schema_version"": ""1.0.0"",
    ""created_at"": ""2026-01-11T12:00:00Z"",
    ""created_by"": ""Gemini CLI"",
    ""language"": ""gez"",
    ""tagset_id"": ""GEZ-POS-1"",
    ""tokenization_policy"": ""whitespace""
  },
  ""source"": {
    ""witness_id"": ""story_001/segment_003"",
    ""graphematic_string"": ""Chapter 1 Segment 3\n\nእንተ፡ኅሩያን፨እቤ፡ወውሣእ\nኩ፡እንቲሆሙ፡ምስለ፡ዘይወጽ\nእ፡ቅዱስ፡ወዓቢይ፡እማኅደሩ፡ወ\nምላ፡ዓለም።"",
    ""normalization_policy"": ""none"",
    ""uncertainties"": [
      ""Input tokenization splits words arbitrarily across lines.""
    ]
  },
  ""tokens"": [
    {
      ""token_id"": ""t1"",
      ""surface"": ""Chapter"",
      ""span"": {
        ""start"": 0,
        ""end"": 7
      },
      ""segmentation"": {
        ""morphemes"": [
          {
            ""morph_id"": ""t1.m1"",
            ""surface"": ""Chapter"",
            ""type"": ""root""
          }
        ]
      },
      ""options"": [
        {
          ""option_id"": ""t1.o1"",
          ""pos"": ""N"",
          ""analysis"": {
            ""kind"": ""lexical"",
            ""root"": null,
            ""lemma"": ""Chapter"",
            ""pattern"": null,
            ""affixes"": {
              ""prefixes"": [],
              ""suffixes"": [],
              ""clitics"": []
            },
            ""features"": {},
            ""gloss"": ""Chapter (English Header)""
          },
          ""confidence"": {
            ""type"": ""ruled_out"",
            ""score"": 0.0
          },
          ""evidence"": {
            ""lexicon_status"": ""unattested"",
            ""attestation"": [],
            ""constraints_checked"": [
              ""root_pattern_compatibility"",
              ""evidence_minimum""
            ],
            ""notes"": ""English metadata label.""
          }
        }
      ]
    },
    {
      ""token_id"": ""t2"",
      ""surface"": ""1"",
      ""span"": {
        ""start"": 8,
        ""end"": 9
      },
      ""segmentation"": {
        ""morphemes"": [
          {
            ""morph_id"": ""t2.m1"",
            ""surface"": ""1"",
            ""type"": ""root""
          }
        ]
      },
      ""options"": [
        {
          ""option_id"": ""t2.o1"",
          ""pos"": ""NUM"",
          ""analysis"": {
            ""kind"": ""lexical"",
            ""root"": null,
            ""lemma"": ""1"",
            ""pattern"": null,
            ""affixes"": {
              ""prefixes"": [],
              ""suffixes"": [],
              ""clitics"": []
            },
            ""features"": {},
            ""gloss"": ""1""
          },
          ""confidence"": {
            ""type"": ""ruled_out"",
            ""score"": 0.0
          },
          ""evidence"": {
            ""lexicon_status"": ""unattested"",
            ""attestation"": [],
            ""constraints_checked"": [
              ""root_pattern_compatibility"",
              ""evidence_minimum""
            ],
            ""notes"": ""Numeral.""
          }
        }
      ]
    },
    {
      ""token_id"": ""t3"",
      ""surface"": ""Segment"",
      ""span"": {
        ""start"": 10,
        ""end"": 17
      },
      ""segmentation"": {
        ""morphemes"": [
          {
            ""morph_id"": ""t3.m1"",
            ""surface"": ""Segment"",
            ""type"": ""root""
          }
        ]
      },
      ""options"": [
        {
          ""option_id"": ""t3.o1"",
          ""pos"": ""N"",
          ""analysis"": {
            ""kind"": ""lexical"",
            ""root"": null,
            ""lemma"": ""Segment"",
            ""pattern"": null,
            ""affixes"": {
              ""prefixes"": [],
              ""suffixes"": [],
              ""clitics"": []
            },
            ""features"": {},
            ""gloss"": ""Segment (English Header)""
          },
          ""confidence"": {
            ""type"": ""ruled_out"",
            ""score"": 0.0
          },
          ""evidence"": {
            ""lexicon_status"": ""unattested"",
            ""attestation"": [],
            ""constraints_checked"": [
              ""root_pattern_compatibility"",
              ""evidence_minimum""
            ],
            ""notes"": ""English metadata label.""
          }
        }
      ]
    },
    {
      ""token_id"": ""t4"",
      ""surface"": ""3"",
      ""span"": {
        ""start"": 18,
        ""end"": 19
      },
      ""segmentation"": {
        ""morphemes"": [
          {
            ""morph_id"": ""t4.m1"",
            ""surface"": ""3"",
            ""type"": ""root""
          }
        ]
      },
      ""options"": [
        {
          ""option_id"": ""t4.o1"",
          ""pos"": ""NUM"",
          ""analysis"": {
            ""kind"": ""lexical"",
            ""root"": null,
            ""lemma"": ""3"",
            ""pattern"": null,
            ""affixes"": {
              ""prefixes"": [],
              ""suffixes"": [],
              ""clitics"": []
            },
            ""features"": {},
            ""gloss"": ""3""
          },
          ""confidence"": {
            ""type"": ""ruled_out"",
            ""score"": 0.0
          },
          ""evidence"": {
            ""lexicon_status"": ""unattested"",
            ""attestation"": [],
            ""constraints_checked"": [
              ""root_pattern_compatibility"",
              ""evidence_minimum""
            ],
            ""notes"": ""Numeral.""
          }
        }
      ]
    },
    {
      ""token_id"": ""t5"",
      ""surface"": ""እንተ፡ኅሩያን፨እቤ፡ወውሣእ"",
      ""span"": {
        ""start"": 21,
        ""end"": 37
      },
      ""segmentation"": {
        ""morphemes"": [
          {
            ""morph_id"": ""t5.m1"",
            ""surface"": ""እንተ"",
            ""type"": ""root""
          },
          {
            ""morph_id"": ""t5.m2"",
            ""surface"": ""፡"",
            ""type"": ""punctuation""
          },
          {
            ""morph_id"": ""t5.m3"",
            ""surface"": ""ኅሩያን"",
            ""type"": ""word_fragment""
          },
          {
            ""morph_id"": ""t5.m4"",
            ""surface"": ""፨"",
            ""type"": ""punctuation""
          },
          {
            ""morph_id"": ""t5.m5"",
            ""surface"": ""እቤ"",
            ""type"": ""word_fragment""
          },
          {
            ""morph_id"": ""t5.m6"",
            ""surface"": ""፡"",
            ""type"": ""punctuation""
          },
          {
            ""morph_id"": ""t5.m7"",
            ""surface"": ""ወ"",
            ""type"": ""word_fragment""
          },
          {
            ""morph_id"": ""t5.m8"",
            ""surface"": ""ውሣእ"",
            ""type"": ""word_fragment""
          }
        ]
      },
      ""options"": [
        {
          ""option_id"": ""t5.o1"",
          ""pos"": ""PREP"",
          ""analysis"": {
            ""kind"": ""lexical"",
            ""root"": null,
            ""lemma"": ""እንተ"",
            ""pattern"": null,
            ""affixes"": {
              ""prefixes"": [],
              ""suffixes"": [],
              ""clitics"": []
            },
            ""features"": {},
            ""gloss"": ""Concerning""
          },
          ""confidence"": {
            ""type"": ""weak"",
            ""score"": 0.3
          },
          ""evidence"": {
            ""lexicon_status"": ""attested_in_lexicon"",
            ""attestation"": [
              {
                ""type"": ""lexicon"",
                ""ref"": ""Dillmann""
              }
            ],
            ""constraints_checked"": [],
            ""notes"": ""Token is a run-on containing multiple words: 'እንተ' (Prep) + 'ኅሩያን' (N) + 'እቤ' (V) + 'ወውሣእ' (Conj+V). Tagged as first element.""
          }
        }
      ]
    },
    {
      ""token_id"": ""t6"",
      ""surface"": ""ኩ፡እንቲሆሙ፡ምስለ፡ዘይወጽ"",
      ""span"": {
        ""start"": 38,
        ""end"": 54
      },
      ""segmentation"": {
        ""morphemes"": [
          {
            ""morph_id"": ""t6.m1"",
            ""surface"": ""ኩ"",
            ""type"": ""suffix""
          },
          {
            ""morph_id"": ""t6.m2"",
            ""surface"": ""፡"",
            ""type"": ""punctuation""
          },
          {
            ""morph_id"": ""t6.m3"",
            ""surface"": ""እንቲሆሙ"",
            ""type"": ""word_fragment""
          },
          {
            ""morph_id"": ""t6.m4"",
            ""surface"": ""፡"",
            ""type"": ""punctuation""
          },
          {
            ""morph_id"": ""t6.m5"",
            ""surface"": ""ምስለ"",
            ""type"": ""word_fragment""
          },
          {
            ""morph_id"": ""t6.m6"",
            ""surface"": ""፡"",
            ""type"": ""punctuation""
          },
          {
            ""morph_id"": ""t6.m7"",
            ""surface"": ""ዘይወጽ"",
            ""type"": ""word_fragment""
          }
        ]
      },
      ""options"": [
        {
          ""option_id"": ""t6.o1"",
          ""pos"": ""CLIT.PRON"",
          ""analysis"": {
            ""kind"": ""functional"",
            ""root"": null,
            ""lemma"": ""-ኩ"",
            ""pattern"": null,
            ""affixes"": {
              ""prefixes"": [],
              ""suffixes"": [],
              ""clitics"": []
            },
            ""features"": {
              ""person"": ""1"",
              ""number"": ""s"",
              ""aspect"": ""perf""
            },
            ""gloss"": ""I (suffix)""
          },
          ""confidence"": {
            ""type"": ""ruled_out"",
            ""score"": 0.0
          },
          ""evidence"": {
            ""lexicon_status"": ""attested_in_lexicon"",
            ""attestation"": [
              {
                ""type"": ""grammar"",
                ""ref"": ""Dillmann""
              }
            ],
            ""constraints_checked"": [
              ""affix_consistency""
            ],
            ""notes"": ""Token is a run-on. Starts with suffix '-ku' (from previous 'wisi'). Contains 'inti-homu', 'misle', 'ze-ywe.ts'.""
          }
        }
      ]
    },
    {
      ""token_id"": ""t7"",
      ""surface"": ""እ፡ቅዱስ፡ወዓቢይ፡እማኅደሩ፡ወ"",
      ""span"": {
        ""start"": 55,
        ""end"": 73
      },
      ""segmentation"": {
        ""morphemes"": [
          {
            ""morph_id"": ""t7.m1"",
            ""surface"": ""እ"",
            ""type"": ""word_fragment""
          },
          {
            ""morph_id"": ""t7.m2"",
            ""surface"": ""፡"",
            ""type"": ""punctuation""
          },
          {
            ""morph_id"": ""t7.m3"",
            ""surface"": ""ቅዱስ"",
            ""type"": ""word_fragment""
          },
          {
            ""morph_id"": ""t7.m4"",
            ""surface"": ""፡"",
            ""type"": ""punctuation""
          },
          {
            ""morph_id"": ""t7.m5"",
            ""surface"": ""ወዓቢይ"",
            ""type"": ""word_fragment""
          },
          {
            ""morph_id"": ""t7.m6"",
            ""surface"": ""፡"",
            ""type"": ""punctuation""
          },
          {
            ""morph_id"": ""t7.m7"",
            ""surface"": ""እማኅደሩ"",
            ""type"": ""word_fragment""
          },
          {
            ""morph_id"": ""t7.m8"",
            ""surface"": ""፡"",
            ""type"": ""punctuation""
          },
          {
            ""morph_id"": ""t7.m9"",
            ""surface"": ""ወ"",
            ""type"": ""word_fragment""
          }
        ]
      },
      ""options"": [
        {
          ""option_id"": ""t7.o1"",
          ""pos"": ""PART.MOD"",
          ""analysis"": {
            ""kind"": ""functional"",
            ""root"": null,
            ""lemma"": ""እ"",
            ""pattern"": null,
            ""affixes"": {
              ""prefixes"": [],
              ""suffixes"": [],
              ""clitics"": []
            },
            ""features"": {},
            ""gloss"": ""fragment""
          },
          ""confidence"": {
            ""type"": ""ruled_out"",
            ""score"": 0.0
          },
          ""evidence"": {
            ""lexicon_status"": ""unattested"",
            ""attestation"": [],
            ""constraints_checked"": [
              ""evidence_minimum""
            ],
            ""notes"": ""Token starts with 'እ', a fragment of previous 'yewets-i'. Run-on contains 'qidus' (Holy), 'we-abiy' (and Great), 'im-mahderu' (from his dwelling).""
          }
        }
      ]
    },
    {
      ""token_id"": ""t8"",
      ""surface"": ""ምላ፡ዓለም።"",
      ""span"": {
        ""start"": 74,
        ""end"": 81
      },
      ""segmentation"": {
        ""morphemes"": [
          {
            ""morph_id"": ""t8.m1"",
            ""surface"": ""ምላ"",
            ""type"": ""root""
          },
          {
            ""morph_id"": ""t8.m2"",
            ""surface"": ""፡"",
            ""type"": ""punctuation""
          },
          {
            ""morph_id"": ""t8.m3"",
            ""surface"": ""ዓለም"",
            ""type"": ""word_fragment""
          },
          {
            ""morph_id"": ""t8.m4"",
            ""surface"": ""።"",
            ""type"": ""punctuation""
          }
        ]
      },
      ""options"": [
        {
          ""option_id"": ""t8.o1"",
          ""pos"": ""N"",
          ""analysis"": {
            ""kind"": ""lexical"",
            ""root"": null,
            ""lemma"": ""አምላክ"",
            ""pattern"": null,
            ""affixes"": {
              ""prefixes"": [],
              ""suffixes"": [],
              ""clitics"": []
            },
            ""features"": {},
            ""gloss"": ""God (reconstructed from context)""
          },
          ""confidence"": {
            ""type"": ""weak"",
            ""score"": 0.4
          },
          ""evidence"": {
            ""lexicon_status"": ""attested_in_lexicon"",
            ""attestation"": [
              {
                ""type"": ""lexicon"",
                ""ref"": ""Dillmann""
              }
            ],
            ""constraints_checked"": [
              ""root_pattern_compatibility""
            ],
            ""notes"": ""Surface 'ምላ' appears to be a corruption of 'አምላክ' (God) or 'ወአምላከ'. Context: 'God of the World'.""
          }
        }
      ]
    }
  ]
}"
1,segment_004,segment,DONE,C:\Users\sasch\visionexe\stories\template\filmsets\story_001\segment_004\segment.txt,"{
  ""meta"": {
    ""schema_version"": ""1.0.0"",
    ""created_at"": ""2026-01-11T12:00:00Z"",
    ""created_by"": ""gemini-cli-agent"",
    ""language"": ""gez"",
    ""tagset_id"": ""GEZ-POS-1"",
    ""tokenization_policy"": ""whitespace"",
    ""notes"": ""Input tokens were provided as multi-word lines/chunks. Analysis identifies the head word for the primary POS tag while segmenting all components.""
  },
  ""source"": {
    ""witness_id"": ""story_001/segment_004"",
    ""graphematic_string"": ""Chapter 1 Segment 4 ወእምህየ፡ይይድ፡ዲ፡ሲና፡ ደብር፡ወያስተርኢ፡ትዕይንቱ፡ ወያስተርኢ፡ጽንዓ፡ኃይሉ፡ እምሰማይ፨"",
    ""normalization_policy"": ""none"",
    ""uncertainties"": []
  },
  ""tokens"": [
    {
      ""token_id"": ""t1"",
      ""surface"": ""Chapter"",
      ""span"": {
        ""start"": 0,
        ""end"": 7
      },
      ""segmentation"": {
        ""morphemes"": [
          {
            ""morph_id"": ""m1.1"",
            ""surface"": ""Chapter"",
            ""type"": ""stem""
          }
        ]
      },
      ""options"": [
        {
          ""option_id"": ""o1.1"",
          ""pos"": ""N"",
          ""analysis"": {
            ""kind"": ""lexical"",
            ""root"": null,
            ""lemma"": ""Chapter"",
            ""pattern"": null,
            ""affixes"": {
              ""prefixes"": [],
              ""suffixes"": [],
              ""clitics"": []
            },
            ""features"": {
              ""language"": ""en""
            },
            ""gloss"": ""Chapter""
          },
          ""confidence"": {
            ""type"": ""ruled_out"",
            ""score"": 0.0
          },
          ""evidence"": {
            ""lexicon_status"": ""unattested"",
            ""attestation"": [],
            ""constraints_checked"": [
              ""root_pattern_compatibility"",
              ""evidence_minimum""
            ],
            ""notes"": ""English metadata""
          }
        }
      ]
    },
    {
      ""token_id"": ""t2"",
      ""surface"": ""1"",
      ""span"": {
        ""start"": 8,
        ""end"": 9
      },
      ""segmentation"": {
        ""morphemes"": [
          {
            ""morph_id"": ""m2.1"",
            ""surface"": ""1"",
            ""type"": ""stem""
          }
        ]
      },
      ""options"": [
        {
          ""option_id"": ""o2.1"",
          ""pos"": ""NUM"",
          ""analysis"": {
            ""kind"": ""lexical"",
            ""root"": null,
            ""lemma"": ""1"",
            ""pattern"": null,
            ""affixes"": {
              ""prefixes"": [],
              ""suffixes"": [],
              ""clitics"": []
            },
            ""features"": {},
            ""gloss"": ""1""
          },
          ""confidence"": {
            ""type"": ""ruled_out"",
            ""score"": 0.0
          },
          ""evidence"": {
            ""lexicon_status"": ""unattested"",
            ""attestation"": [],
            ""constraints_checked"": [
              ""root_pattern_compatibility"",
              ""evidence_minimum""
            ],
            ""notes"": ""Numeral""
          }
        }
      ]
    },
    {
      ""token_id"": ""t3"",
      ""surface"": ""Segment"",
      ""span"": {
        ""start"": 10,
        ""end"": 17
      },
      ""segmentation"": {
        ""morphemes"": [
          {
            ""morph_id"": ""m3.1"",
            ""surface"": ""Segment"",
            ""type"": ""stem""
          }
        ]
      },
      ""options"": [
        {
          ""option_id"": ""o3.1"",
          ""pos"": ""N"",
          ""analysis"": {
            ""kind"": ""lexical"",
            ""root"": null,
            ""lemma"": ""Segment"",
            ""pattern"": null,
            ""affixes"": {
              ""prefixes"": [],
              ""suffixes"": [],
              ""clitics"": []
            },
            ""features"": {
              ""language"": ""en""
            },
            ""gloss"": ""Segment""
          },
          ""confidence"": {
            ""type"": ""ruled_out"",
            ""score"": 0.0
          },
          ""evidence"": {
            ""lexicon_status"": ""unattested"",
            ""attestation"": [],
            ""constraints_checked"": [
              ""root_pattern_compatibility"",
              ""evidence_minimum""
            ],
            ""notes"": ""English metadata""
          }
        }
      ]
    },
    {
      ""token_id"": ""t4"",
      ""surface"": ""4"",
      ""span"": {
        ""start"": 18,
        ""end"": 19
      },
      ""segmentation"": {
        ""morphemes"": [
          {
            ""morph_id"": ""m4.1"",
            ""surface"": ""4"",
            ""type"": ""stem""
          }
        ]
      },
      ""options"": [
        {
          ""option_id"": ""o4.1"",
          ""pos"": ""NUM"",
          ""analysis"": {
            ""kind"": ""lexical"",
            ""root"": null,
            ""lemma"": ""4"",
            ""pattern"": null,
            ""affixes"": {
              ""prefixes"": [],
              ""suffixes"": [],
              ""clitics"": []
            },
            ""features"": {},
            ""gloss"": ""4""
          },
          ""confidence"": {
            ""type"": ""ruled_out"",
            ""score"": 0.0
          },
          ""evidence"": {
            ""lexicon_status"": ""unattested"",
            ""attestation"": [],
            ""constraints_checked"": [
              ""root_pattern_compatibility"",
              ""evidence_minimum""
            ],
            ""notes"": ""Numeral""
          }
        }
      ]
    },
    {
      ""token_id"": ""t5"",
      ""surface"": ""ወእምህየ፡ይይድ፡ዲ፡ሲና፡"",
      ""span"": {
        ""start"": 21,
        ""end"": 36
      },
      ""segmentation"": {
        ""morphemes"": [
          {
            ""morph_id"": ""m5.1"",
            ""surface"": ""ወ"",
            ""type"": ""clitic""
          },
          {
            ""morph_id"": ""m5.2"",
            ""surface"": ""እም"",
            ""type"": ""clitic""
          },
          {
            ""morph_id"": ""m5.3"",
            ""surface"": ""ህየ"",
            ""type"": ""stem""
          },
          {
            ""morph_id"": ""m5.4"",
            ""surface"": ""፡"",
            ""type"": ""particle""
          },
          {
            ""morph_id"": ""m5.5"",
            ""surface"": ""ይይድ"",
            ""type"": ""stem""
          },
          {
            ""morph_id"": ""m5.6"",
            ""surface"": ""፡"",
            ""type"": ""particle""
          },
          {
            ""morph_id"": ""m5.7"",
            ""surface"": ""ዲ"",
            ""type"": ""clitic""
          },
          {
            ""morph_id"": ""m5.8"",
            ""surface"": ""፡"",
            ""type"": ""particle""
          },
          {
            ""morph_id"": ""m5.9"",
            ""surface"": ""ሲና"",
            ""type"": ""stem""
          },
          {
            ""morph_id"": ""m5.10"",
            ""surface"": ""፡"",
            ""type"": ""particle""
          }
        ]
      },
      ""options"": [
        {
          ""option_id"": ""o5.1"",
          ""pos"": ""V"",
          ""analysis"": {
            ""kind"": ""lexical"",
            ""root"": ""y-y-d"",
            ""lemma"": ""yayada"",
            ""pattern"": ""imperfect"",
            ""affixes"": {
              ""prefixes"": [
                ""ወ"",
                ""እም""
              ],
              ""suffixes"": [],
              ""clitics"": [
                ""ወ"",
                ""እም"",
                ""ዲ""
              ]
            },
            ""features"": {
              ""head"": ""verb""
            },
            ""gloss"": ""and from there he will go to Sinai""
          },
          ""confidence"": {
            ""type"": ""weak"",
            ""score"": 0.4
          },
          ""evidence"": {
            ""lexicon_status"": ""attested_in_lexicon"",
            ""attestation"": [
              {
                ""type"": ""lexicon"",
                ""ref"": ""Leslau""
              }
            ],
            ""constraints_checked"": [],
            ""notes"": ""Multi-word token. Head verb analyzed. 'y-y-d' is likely a textual variant or error for 'y-r-d' (descend) or 'y-h-d' (go).""
          }
        }
      ]
    },
    {
      ""token_id"": ""t6"",
      ""surface"": ""ደብር፡ወያስተርኢ፡ትዕይንቱ፡"",
      ""span"": {
        ""start"": 37,
        ""end"": 54
      },
      ""segmentation"": {
        ""morphemes"": [
          {
            ""morph_id"": ""m6.1"",
            ""surface"": ""ደብር"",
            ""type"": ""stem""
          },
          {
            ""morph_id"": ""m6.2"",
            ""surface"": ""፡"",
            ""type"": ""particle""
          },
          {
            ""morph_id"": ""m6.3"",
            ""surface"": ""ወ"",
            ""type"": ""clitic""
          },
          {
            ""morph_id"": ""m6.4"",
            ""surface"": ""ያስተርኢ"",
            ""type"": ""stem""
          },
          {
            ""morph_id"": ""m6.5"",
            ""surface"": ""፡"",
            ""type"": ""particle""
          },
          {
            ""morph_id"": ""m6.6"",
            ""surface"": ""ትዕይንት"",
            ""type"": ""stem""
          },
          {
            ""morph_id"": ""m6.7"",
            ""surface"": ""ኡ"",
            ""type"": ""suffix""
          },
          {
            ""morph_id"": ""m6.8"",
            ""surface"": ""፡"",
            ""type"": ""particle""
          }
        ]
      },
      ""options"": [
        {
          ""option_id"": ""o6.1"",
          ""pos"": ""V"",
          ""analysis"": {
            ""kind"": ""lexical"",
            ""root"": ""r-'-y"",
            ""lemma"": ""astar'aya"",
            ""pattern"": ""imperfect"",
            ""affixes"": {
              ""prefixes"": [
                ""ወ""
              ],
              ""suffixes"": [
                ""ኡ""
              ],
              ""clitics"": [
                ""ወ""
              ]
            },
            ""features"": {
              ""head"": ""verb"",
              ""stem"": ""causative""
            },
            ""gloss"": ""mountain and he appears his host""
          },
          ""confidence"": {
            ""type"": ""weak"",
            ""score"": 0.5
          },
          ""evidence"": {
            ""lexicon_status"": ""attested_in_lexicon"",
            ""attestation"": [
              {
                ""type"": ""lexicon"",
                ""ref"": ""Leslau""
              }
            ],
            ""constraints_checked"": [],
            ""notes"": ""Multi-word token. Head verb 'yastar'i' analyzed.""
          }
        }
      ]
    },
    {
      ""token_id"": ""t7"",
      ""surface"": ""ወያስተርኢ፡ጽንዓ፡ኃይሉ፡"",
      ""span"": {
        ""start"": 55,
        ""end"": 70
      },
      ""segmentation"": {
        ""morphemes"": [
          {
            ""morph_id"": ""m7.1"",
            ""surface"": ""ወ"",
            ""type"": ""clitic""
          },
          {
            ""morph_id"": ""m7.2"",
            ""surface"": ""ያስተርኢ"",
            ""type"": ""stem""
          },
          {
            ""morph_id"": ""m7.3"",
            ""surface"": ""፡"",
            ""type"": ""particle""
          },
          {
            ""morph_id"": ""m7.4"",
            ""surface"": ""ጽንዓ"",
            ""type"": ""stem""
          },
          {
            ""morph_id"": ""m7.5"",
            ""surface"": ""፡"",
            ""type"": ""particle""
          },
          {
            ""morph_id"": ""m7.6"",
            ""surface"": ""ኃይል"",
            ""type"": ""stem""
          },
          {
            ""morph_id"": ""m7.7"",
            ""surface"": ""ኡ"",
            ""type"": ""suffix""
          },
          {
            ""morph_id"": ""m7.8"",
            ""surface"": ""፡"",
            ""type"": ""particle""
          }
        ]
      },
      ""options"": [
        {
          ""option_id"": ""o7.1"",
          ""pos"": ""V"",
          ""analysis"": {
            ""kind"": ""lexical"",
            ""root"": ""r-'-y"",
            ""lemma"": ""astar'aya"",
            ""pattern"": ""imperfect"",
            ""affixes"": {
              ""prefixes"": [
                ""ወ""
              ],
              ""suffixes"": [
                ""ኡ""
              ],
              ""clitics"": [
                ""ወ""
              ]
            },
            ""features"": {
              ""head"": ""verb"",
              ""stem"": ""causative""
            },
            ""gloss"": ""and he appears strength of his power""
          },
          ""confidence"": {
            ""type"": ""weak"",
            ""score"": 0.5
          },
          ""evidence"": {
            ""lexicon_status"": ""attested_in_lexicon"",
            ""attestation"": [
              {
                ""type"": ""lexicon"",
                ""ref"": ""Leslau""
              }
            ],
            ""constraints_checked"": [],
            ""notes"": ""Multi-word token. Head verb 'yastar'i' analyzed.""
          }
        }
      ]
    },
    {
      ""token_id"": ""t8"",
      ""surface"": ""እምሰማይ፨"",
      ""span"": {
        ""start"": 71,
        ""end"": 77
      },
      ""segmentation"": {
        ""morphemes"": [
          {
            ""morph_id"": ""m8.1"",
            ""surface"": ""እም"",
            ""type"": ""clitic""
          },
          {
            ""morph_id"": ""m8.2"",
            ""surface"": ""ሰማይ"",
            ""type"": ""stem""
          },
          {
            ""morph_id"": ""m8.3"",
            ""surface"": ""፨"",
            ""type"": ""particle""
          }
        ]
      },
      ""options"": [
        {
          ""option_id"": ""o8.1"",
          ""pos"": ""N"",
          ""analysis"": {
            ""kind"": ""lexical"",
            ""root"": ""s-m-y"",
            ""lemma"": ""samay"",
            ""pattern"": ""noun"",
            ""affixes"": {
              ""prefixes"": [
                ""እም""
              ],
              ""suffixes"": [],
              ""clitics"": [
                ""እም""
              ]
            },
            ""features"": {
              ""state"": ""absolute""
            },
            ""gloss"": ""from heaven""
          },
          ""confidence"": {
            ""type"": ""strong"",
            ""score"": 0.9
          },
          ""evidence"": {
            ""lexicon_status"": ""attested_in_lexicon"",
            ""attestation"": [
              {
                ""type"": ""lexicon"",
                ""ref"": ""Leslau""
              }
            ],
            ""constraints_checked"": [],
            ""notes"": ""Preposition 'em' analyzed as clitic on Noun head.""
          }
        }
      ]
    }
  ]
}"
1,segment_005,segment,DONE,C:\Users\sasch\visionexe\stories\template\filmsets\story_001\segment_005\segment.txt,"{
  ""meta"": {
    ""schema_version"": ""1.0.0"",
    ""created_at"": ""2026-01-11T12:00:00Z"",
    ""created_by"": ""gemini-cli-agent"",
    ""language"": ""gez"",
    ""tagset_id"": ""GEZ-POS-1"",
    ""tokenization_policy"": ""whitespace"",
    ""notes"": ""Input tokenization was purely whitespace-based, resulting in multi-word tokens. Analysis attempts to respect the provided token boundaries by listing internal components as morphemes/stems while assigning the POS of the syntactic head.""
  },
  ""source"": {
    ""witness_id"": ""story_001/segment_005"",
    ""graphematic_string"": ""Chapter 1 Segment 5\n\nወይፈርህ፡ሉ፡ወያድለቀልቁ፡\nትጉሃን፨ወይነሥኦሙ፡ፍርሀት፡\nወረዓድ፡ዓቢይ፡እስ፡ጽናፈ፡\nምድር፡"",
    ""normalization_policy"": ""none"",
    ""uncertainties"": [
      {
        ""span"": {
          ""start"": 21,
          ""end"": 37
        },
        ""type"": ""variant_reading"",
        ""note"": ""Token contains multiple words; 'ሉ' likely variant/error for 'ኵሉ' (all).""
      },
      {
        ""span"": {
          ""start"": 68,
          ""end"": 70
        },
        ""type"": ""variant_reading"",
        ""note"": ""'እስ' likely variant/error for 'እስከ' (until/to).""
      }
    ]
  },
  ""tokens"": [
    {
      ""token_id"": ""t1"",
      ""surface"": ""Chapter"",
      ""span"": {
        ""start"": 0,
        ""end"": 7
      },
      ""segmentation"": {
        ""morphemes"": [
          {
            ""morph_id"": ""m1.1"",
            ""surface"": ""Chapter"",
            ""type"": ""stem""
          }
        ]
      },
      ""options"": [
        {
          ""option_id"": ""o1.1"",
          ""pos"": ""N"",
          ""analysis"": {
            ""kind"": ""lexical"",
            ""root"": null,
            ""lemma"": ""Chapter"",
            ""gloss"": ""Chapter (English)""
          },
          ""confidence"": {
            ""type"": ""ruled_out"",
            ""score"": 0.0
          },
          ""evidence"": {
            ""lexicon_status"": ""unattested"",
            ""attestation"": [],
            ""notes"": ""English header"",
            ""constraints_checked"": [
              ""root_pattern_compatibility"",
              ""affix_consistency""
            ]
          }
        }
      ]
    },
    {
      ""token_id"": ""t2"",
      ""surface"": ""1"",
      ""span"": {
        ""start"": 8,
        ""end"": 9
      },
      ""segmentation"": {
        ""morphemes"": [
          {
            ""morph_id"": ""m2.1"",
            ""surface"": ""1"",
            ""type"": ""stem""
          }
        ]
      },
      ""options"": [
        {
          ""option_id"": ""o2.1"",
          ""pos"": ""NUM"",
          ""analysis"": {
            ""kind"": ""lexical"",
            ""root"": null,
            ""lemma"": ""1"",
            ""gloss"": ""1""
          },
          ""confidence"": {
            ""type"": ""ruled_out"",
            ""score"": 0.0
          },
          ""evidence"": {
            ""lexicon_status"": ""unattested"",
            ""attestation"": [],
            ""notes"": ""Numeral"",
            ""constraints_checked"": [
              ""root_pattern_compatibility"",
              ""affix_consistency""
            ]
          }
        }
      ]
    },
    {
      ""token_id"": ""t3"",
      ""surface"": ""Segment"",
      ""span"": {
        ""start"": 10,
        ""end"": 17
      },
      ""segmentation"": {
        ""morphemes"": [
          {
            ""morph_id"": ""m3.1"",
            ""surface"": ""Segment"",
            ""type"": ""stem""
          }
        ]
      },
      ""options"": [
        {
          ""option_id"": ""o3.1"",
          ""pos"": ""N"",
          ""analysis"": {
            ""kind"": ""lexical"",
            ""root"": null,
            ""lemma"": ""Segment"",
            ""gloss"": ""Segment (English)""
          },
          ""confidence"": {
            ""type"": ""ruled_out"",
            ""score"": 0.0
          },
          ""evidence"": {
            ""lexicon_status"": ""unattested"",
            ""attestation"": [],
            ""notes"": ""English header"",
            ""constraints_checked"": [
              ""root_pattern_compatibility"",
              ""affix_consistency""
            ]
          }
        }
      ]
    },
    {
      ""token_id"": ""t4"",
      ""surface"": ""5"",
      ""span"": {
        ""start"": 18,
        ""end"": 19
      },
      ""segmentation"": {
        ""morphemes"": [
          {
            ""morph_id"": ""m4.1"",
            ""surface"": ""5"",
            ""type"": ""stem""
          }
        ]
      },
      ""options"": [
        {
          ""option_id"": ""o4.1"",
          ""pos"": ""NUM"",
          ""analysis"": {
            ""kind"": ""lexical"",
            ""root"": null,
            ""lemma"": ""5"",
            ""gloss"": ""5""
          },
          ""confidence"": {
            ""type"": ""ruled_out"",
            ""score"": 0.0
          },
          ""evidence"": {
            ""lexicon_status"": ""unattested"",
            ""attestation"": [],
            ""notes"": ""Numeral"",
            ""constraints_checked"": [
              ""root_pattern_compatibility"",
              ""affix_consistency""
            ]
          }
        }
      ]
    },
    {
      ""token_id"": ""t5"",
      ""surface"": ""ወይፈርህ፡ሉ፡ወያድለቀልቁ፡"",
      ""span"": {
        ""start"": 21,
        ""end"": 37
      },
      ""segmentation"": {
        ""morphemes"": [
          {
            ""morph_id"": ""m5.1"",
            ""surface"": ""ወ"",
            ""type"": ""clitic""
          },
          {
            ""morph_id"": ""m5.2"",
            ""surface"": ""ይፈርህ፡"",
            ""type"": ""stem""
          },
          {
            ""morph_id"": ""m5.3"",
            ""surface"": ""ሉ፡"",
            ""type"": ""stem""
          },
          {
            ""morph_id"": ""m5.4"",
            ""surface"": ""ወ"",
            ""type"": ""clitic""
          },
          {
            ""morph_id"": ""m5.5"",
            ""surface"": ""ያድለቀልቁ፡"",
            ""type"": ""stem""
          }
        ]
      },
      ""options"": [
        {
          ""option_id"": ""o5.1"",
          ""pos"": ""V"",
          ""analysis"": {
            ""kind"": ""lexical"",
            ""root"": ""F-R-H"",
            ""lemma"": ""ferha"",
            ""pattern"": ""yǝfärrǝh"",
            ""affixes"": {
              ""prefixes"": [
                ""y-""
              ],
              ""suffixes"": [],
              ""clitics"": [
                ""wa""
              ]
            },
            ""features"": {
              ""aspect"": ""imperfect"",
              ""person"": ""3"",
              ""gender"": ""m"",
              ""number"": ""s""
            },
            ""gloss"": ""and he fears [all/him] and they quake""
          },
          ""confidence"": {
            ""type"": ""ruled_out"",
            ""score"": 0.0
          },
          ""evidence"": {
            ""lexicon_status"": ""attested_in_lexicon"",
            ""attestation"": [
              {
                ""type"": ""lexicon"",
                ""ref"": ""CDG""
              }
            ],
            ""notes"": ""Token aggregates multiple words due to whitespace tokenization. Head is V (yǝfärrǝh)."",
            ""constraints_checked"": [
              ""affix_consistency""
            ]
          }
        }
      ]
    },
    {
      ""token_id"": ""t6"",
      ""surface"": ""ትጉሃን፨ወይነሥኦሙ፡ፍርሀት፡"",
      ""span"": {
        ""start"": 38,
        ""end"": 55
      },
      ""segmentation"": {
        ""morphemes"": [
          {
            ""morph_id"": ""m6.1"",
            ""surface"": ""ትጉሃን"",
            ""type"": ""stem""
          },
          {
            ""morph_id"": ""m6.2"",
            ""surface"": ""፨"",
            ""type"": ""particle""
          },
          {
            ""morph_id"": ""m6.3"",
            ""surface"": ""ወ"",
            ""type"": ""clitic""
          },
          {
            ""morph_id"": ""m6.4"",
            ""surface"": ""ይነሥኦሙ፡"",
            ""type"": ""stem""
          },
          {
            ""morph_id"": ""m6.5"",
            ""surface"": ""ፍርሀት፡"",
            ""type"": ""stem""
          }
        ]
      },
      ""options"": [
        {
          ""option_id"": ""o6.1"",
          ""pos"": ""N"",
          ""analysis"": {
            ""kind"": ""lexical"",
            ""root"": ""T-G-H"",
            ""lemma"": ""tǝguh"",
            ""pattern"": ""tǝguhan"",
            ""affixes"": {
              ""prefixes"": [],
              ""suffixes"": [
                ""-an""
              ],
              ""clitics"": []
            },
            ""features"": {
              ""number"": ""pl""
            },
            ""gloss"": ""Watchers, and fear takes them""
          },
          ""confidence"": {
            ""type"": ""ruled_out"",
            ""score"": 0.0
          },
          ""evidence"": {
            ""lexicon_status"": ""attested_in_lexicon"",
            ""attestation"": [
              {
                ""type"": ""lexicon"",
                ""ref"": ""CDG""
              }
            ],
            ""notes"": ""Multi-word token. Head is N (tǝguhan)."",
            ""constraints_checked"": [
              ""affix_consistency""
            ]
          }
        }
      ]
    },
    {
      ""token_id"": ""t7"",
      ""surface"": ""ወረዓድ፡ዓቢይ፡እስ፡ጽናፈ፡"",
      ""span"": {
        ""start"": 56,
        ""end"": 72
      },
      ""segmentation"": {
        ""morphemes"": [
          {
            ""morph_id"": ""m7.1"",
            ""surface"": ""ወ"",
            ""type"": ""clitic""
          },
          {
            ""morph_id"": ""m7.2"",
            ""surface"": ""ረዓድ፡"",
            ""type"": ""stem""
          },
          {
            ""morph_id"": ""m7.3"",
            ""surface"": ""ዓቢይ፡"",
            ""type"": ""stem""
          },
          {
            ""morph_id"": ""m7.4"",
            ""surface"": ""እስ፡"",
            ""type"": ""stem""
          },
          {
            ""morph_id"": ""m7.5"",
            ""surface"": ""ጽናፈ፡"",
            ""type"": ""stem""
          }
        ]
      },
      ""options"": [
        {
          ""option_id"": ""o7.1"",
          ""pos"": ""N"",
          ""analysis"": {
            ""kind"": ""lexical"",
            ""root"": ""R-ʿ-D"",
            ""lemma"": ""raʿad"",
            ""gloss"": ""and trembling great to [the] ends of""
          },
          ""confidence"": {
            ""type"": ""ruled_out"",
            ""score"": 0.0
          },
          ""evidence"": {
            ""lexicon_status"": ""attested_in_lexicon"",
            ""attestation"": [
              {
                ""type"": ""lexicon"",
                ""ref"": ""CDG""
              }
            ],
            ""notes"": ""Multi-word token. Head is N (raʿad)."",
            ""constraints_checked"": [
              ""root_pattern_compatibility"",
              ""affix_consistency""
            ]
          }
        }
      ]
    },
    {
      ""token_id"": ""t8"",
      ""surface"": ""ምድር፡"",
      ""span"": {
        ""start"": 73,
        ""end"": 77
      },
      ""segmentation"": {
        ""morphemes"": [
          {
            ""morph_id"": ""m8.1"",
            ""surface"": ""ምድር፡"",
            ""type"": ""stem""
          }
        ]
      },
      ""options"": [
        {
          ""option_id"": ""o8.1"",
          ""pos"": ""N"",
          ""analysis"": {
            ""kind"": ""lexical"",
            ""root"": ""M-D-R"",
            ""lemma"": ""mǝdr"",
            ""gloss"": ""earth""
          },
          ""confidence"": {
            ""type"": ""ruled_out"",
            ""score"": 0.0
          },
          ""evidence"": {
            ""lexicon_status"": ""attested_in_lexicon"",
            ""attestation"": [
              {
                ""type"": ""lexicon"",
                ""ref"": ""CDG""
              }
            ],
            ""constraints_checked"": [
              ""root_pattern_compatibility"",
              ""affix_consistency""
            ]
          }
        }
      ]
    }
  ]
}"
1,segment_006,segment,DONE,C:\Users\sasch\visionexe\stories\template\filmsets\story_001\segment_006\segment.txt,"{
  ""meta"": {
    ""schema_version"": ""1.0.0"",
    ""created_at"": ""2026-01-11T12:00:00Z"",
    ""created_by"": ""llm-gemini-2.0"",
    ""language"": ""gez"",
    ""tagset_id"": ""GEZ-POS-1"",
    ""tokenization_policy"": ""whitespace""
  },
  ""source"": {
    ""witness_id"": ""story_001/segment_006"",
    ""graphematic_string"": ""Chapter 1 Segment 6\n\nወይደነግፁ፡ድባር፡ነዋኃን፡\nወይቴሐቱ፡ውግር፡\nነዋኃት፨ወይትመሰዉ፡መ፡\nመዓረ፡ግራ፡እምላህብ፨"",
    ""normalization_policy"": ""none"",
    ""uncertainties"": []
  },
  ""tokens"": [
    {
      ""token_id"": ""t1"",
      ""surface"": ""Chapter"",
      ""span"": {
        ""start"": 0,
        ""end"": 7
      },
      ""segmentation"": {
        ""morphemes"": [
          {
            ""morph_id"": ""m1"",
            ""surface"": ""Chapter"",
            ""type"": ""stem""
          }
        ]
      },
      ""options"": [
        {
          ""option_id"": ""o1"",
          ""pos"": ""N"",
          ""analysis"": {
            ""kind"": ""lexical"",
            ""root"": null,
            ""lemma"": ""Chapter"",
            ""pattern"": null,
            ""affixes"": {
              ""prefixes"": [],
              ""suffixes"": [],
              ""clitics"": []
            },
            ""features"": {},
            ""gloss"": ""Chapter""
          },
          ""confidence"": {
            ""type"": ""ruled_out"",
            ""score"": 0.0
          },
          ""evidence"": {
            ""lexicon_status"": ""unattested"",
            ""attestation"": [],
            ""constraints_checked"": [
              ""root_pattern_compatibility"",
              ""evidence_minimum""
            ],
            ""notes"": ""English metadata label""
          }
        }
      ]
    },
    {
      ""token_id"": ""t2"",
      ""surface"": ""1"",
      ""span"": {
        ""start"": 8,
        ""end"": 9
      },
      ""segmentation"": {
        ""morphemes"": [
          {
            ""morph_id"": ""m1"",
            ""surface"": ""1"",
            ""type"": ""stem""
          }
        ]
      },
      ""options"": [
        {
          ""option_id"": ""o1"",
          ""pos"": ""NUM"",
          ""analysis"": {
            ""kind"": ""lexical"",
            ""root"": null,
            ""lemma"": ""1"",
            ""pattern"": null,
            ""affixes"": {
              ""prefixes"": [],
              ""suffixes"": [],
              ""clitics"": []
            },
            ""features"": {},
            ""gloss"": ""1""
          },
          ""confidence"": {
            ""type"": ""ruled_out"",
            ""score"": 0.0
          },
          ""evidence"": {
            ""lexicon_status"": ""unattested"",
            ""attestation"": [],
            ""constraints_checked"": [
              ""root_pattern_compatibility"",
              ""evidence_minimum""
            ],
            ""notes"": ""Numeric digit""
          }
        }
      ]
    },
    {
      ""token_id"": ""t3"",
      ""surface"": ""Segment"",
      ""span"": {
        ""start"": 10,
        ""end"": 17
      },
      ""segmentation"": {
        ""morphemes"": [
          {
            ""morph_id"": ""m1"",
            ""surface"": ""Segment"",
            ""type"": ""stem""
          }
        ]
      },
      ""options"": [
        {
          ""option_id"": ""o1"",
          ""pos"": ""N"",
          ""analysis"": {
            ""kind"": ""lexical"",
            ""root"": null,
            ""lemma"": ""Segment"",
            ""pattern"": null,
            ""affixes"": {
              ""prefixes"": [],
              ""suffixes"": [],
              ""clitics"": []
            },
            ""features"": {},
            ""gloss"": ""Segment""
          },
          ""confidence"": {
            ""type"": ""ruled_out"",
            ""score"": 0.0
          },
          ""evidence"": {
            ""lexicon_status"": ""unattested"",
            ""attestation"": [],
            ""constraints_checked"": [
              ""root_pattern_compatibility"",
              ""evidence_minimum""
            ],
            ""notes"": ""English metadata label""
          }
        }
      ]
    },
    {
      ""token_id"": ""t4"",
      ""surface"": ""6"",
      ""span"": {
        ""start"": 18,
        ""end"": 19
      },
      ""segmentation"": {
        ""morphemes"": [
          {
            ""morph_id"": ""m1"",
            ""surface"": ""6"",
            ""type"": ""stem""
          }
        ]
      },
      ""options"": [
        {
          ""option_id"": ""o1"",
          ""pos"": ""NUM"",
          ""analysis"": {
            ""kind"": ""lexical"",
            ""root"": null,
            ""lemma"": ""6"",
            ""pattern"": null,
            ""affixes"": {
              ""prefixes"": [],
              ""suffixes"": [],
              ""clitics"": []
            },
            ""features"": {},
            ""gloss"": ""6""
          },
          ""confidence"": {
            ""type"": ""ruled_out"",
            ""score"": 0.0
          },
          ""evidence"": {
            ""lexicon_status"": ""unattested"",
            ""attestation"": [],
            ""constraints_checked"": [
              ""root_pattern_compatibility"",
              ""evidence_minimum""
            ],
            ""notes"": ""Numeric digit""
          }
        }
      ]
    },
    {
      ""token_id"": ""t5"",
      ""surface"": ""ወይደነግፁ፡ድባር፡ነዋኃን፡"",
      ""span"": {
        ""start"": 21,
        ""end"": 37
      },
      ""segmentation"": {
        ""morphemes"": [
          {
            ""morph_id"": ""m1"",
            ""surface"": ""ወ"",
            ""type"": ""prefix""
          },
          {
            ""morph_id"": ""m2"",
            ""surface"": ""ይደነግፁ"",
            ""type"": ""stem""
          },
          {
            ""morph_id"": ""m3"",
            ""surface"": ""ድባር"",
            ""type"": ""stem""
          },
          {
            ""morph_id"": ""m4"",
            ""surface"": ""ነዋኃን"",
            ""type"": ""stem""
          }
        ]
      },
      ""options"": [
        {
          ""option_id"": ""o1"",
          ""pos"": ""V"",
          ""analysis"": {
            ""kind"": ""lexical"",
            ""root"": ""D-N-G-Ṣ"",
            ""lemma"": ""dänägäṣä"",
            ""pattern"": ""imperfect_3pl_m"",
            ""affixes"": {
              ""prefixes"": [
                ""wa""
              ],
              ""suffixes"": [],
              ""clitics"": []
            },
            ""features"": {
              ""aspect"": ""imperfect"",
              ""person"": ""3"",
              ""gender"": ""masc"",
              ""number"": ""pl""
            },
            ""gloss"": ""and they tremble""
          },
          ""confidence"": {
            ""type"": ""ruled_out"",
            ""score"": 0.0
          },
          ""evidence"": {
            ""lexicon_status"": ""attested_in_lexicon"",
            ""attestation"": [],
            ""constraints_checked"": [
              ""affix_consistency""
            ],
            ""notes"": ""Token includes multiple words due to missing whitespace: 'ድባር' (N, mountains), 'ነዋኃን' (ADJ, high).""
          }
        }
      ]
    },
    {
      ""token_id"": ""t6"",
      ""surface"": ""ወይቴሐቱ፡ውግር፡"",
      ""span"": {
        ""start"": 38,
        ""end"": 48
      },
      ""segmentation"": {
        ""morphemes"": [
          {
            ""morph_id"": ""m1"",
            ""surface"": ""ወ"",
            ""type"": ""prefix""
          },
          {
            ""morph_id"": ""m2"",
            ""surface"": ""ይቴሐቱ"",
            ""type"": ""stem""
          },
          {
            ""morph_id"": ""m3"",
            ""surface"": ""ውግር"",
            ""type"": ""stem""
          }
        ]
      },
      ""options"": [
        {
          ""option_id"": ""o1"",
          ""pos"": ""V"",
          ""analysis"": {
            ""kind"": ""lexical"",
            ""root"": ""T-Ḥ-T"",
            ""lemma"": ""täḥatä"",
            ""pattern"": ""imperfect_3pl_m"",
            ""affixes"": {
              ""prefixes"": [
                ""wa""
              ],
              ""suffixes"": [],
              ""clitics"": []
            },
            ""features"": {
              ""aspect"": ""imperfect"",
              ""person"": ""3"",
              ""gender"": ""masc"",
              ""number"": ""pl""
            },
            ""gloss"": ""and they are lowered""
          },
          ""confidence"": {
            ""type"": ""ruled_out"",
            ""score"": 0.0
          },
          ""evidence"": {
            ""lexicon_status"": ""attested_in_lexicon"",
            ""attestation"": [],
            ""constraints_checked"": [
              ""affix_consistency""
            ],
            ""notes"": ""Token includes multiple words: 'ውግር' (N, hills).""
          }
        }
      ]
    },
    {
      ""token_id"": ""t7"",
      ""surface"": ""ነዋኃት፨ወይትመሰዉ፡መ፡"",
      ""span"": {
        ""start"": 49,
        ""end"": 63
      },
      ""segmentation"": {
        ""morphemes"": [
          {
            ""morph_id"": ""m1"",
            ""surface"": ""ነዋኃት"",
            ""type"": ""stem""
          },
          {
            ""morph_id"": ""m2"",
            ""surface"": ""ወ"",
            ""type"": ""prefix""
          },
          {
            ""morph_id"": ""m3"",
            ""surface"": ""ይትመሰዉ"",
            ""type"": ""stem""
          },
          {
            ""morph_id"": ""m4"",
            ""surface"": ""መ"",
            ""type"": ""stem""
          }
        ]
      },
      ""options"": [
        {
          ""option_id"": ""o1"",
          ""pos"": ""ADJ"",
          ""analysis"": {
            ""kind"": ""lexical"",
            ""root"": ""N-W-Ḫ"",
            ""lemma"": ""nawāḫ"",
            ""pattern"": ""pl_fem"",
            ""affixes"": {
              ""prefixes"": [],
              ""suffixes"": [],
              ""clitics"": []
            },
            ""features"": {
              ""gender"": ""fem"",
              ""number"": ""pl""
            },
            ""gloss"": ""high""
          },
          ""confidence"": {
            ""type"": ""ruled_out"",
            ""score"": 0.0
          },
          ""evidence"": {
            ""lexicon_status"": ""attested_in_lexicon"",
            ""attestation"": [],
            ""constraints_checked"": [
              ""affix_consistency""
            ],
            ""notes"": ""Token includes sentence break and subsequent words: 'ወ' (AND), 'ይትመሰዉ' (V, they melt), 'መ' (Fragment/Preposition?). POS assigned to first word.""
          }
        }
      ]
    },
    {
      ""token_id"": ""t8"",
      ""surface"": ""መዓረ፡ግራ፡እምላህብ፨"",
      ""span"": {
        ""start"": 64,
        ""end"": 77
      },
      ""segmentation"": {
        ""morphemes"": [
          {
            ""morph_id"": ""m1"",
            ""surface"": ""መዓረ"",
            ""type"": ""stem""
          },
          {
            ""morph_id"": ""m2"",
            ""surface"": ""ግራ"",
            ""type"": ""stem""
          },
          {
            ""morph_id"": ""m3"",
            ""surface"": ""እም"",
            ""type"": ""prefix""
          },
          {
            ""morph_id"": ""m4"",
            ""surface"": ""ላህብ"",
            ""type"": ""stem""
          }
        ]
      },
      ""options"": [
        {
          ""option_id"": ""o1"",
          ""pos"": ""N"",
          ""analysis"": {
            ""kind"": ""lexical"",
            ""root"": ""M-'-R"",
            ""lemma"": ""mä'är"",
            ""pattern"": ""accusative?"",
            ""affixes"": {
              ""prefixes"": [],
              ""suffixes"": [],
              ""clitics"": []
            },
            ""features"": {},
            ""gloss"": ""wax""
          },
          ""confidence"": {
            ""type"": ""ruled_out"",
            ""score"": 0.0
          },
          ""evidence"": {
            ""lexicon_status"": ""attested_in_lexicon"",
            ""attestation"": [],
            ""constraints_checked"": [
              ""affix_consistency""
            ],
            ""notes"": ""Token includes multiple words: 'ግራ' (N?), 'እም' (PREP), 'ላህብ' (N, flame).""
          }
        }
      ]
    }
  ]
}"
1,segment_007,segment,DONE,C:\Users\sasch\visionexe\stories\template\filmsets\story_001\segment_007\segment.txt,"{
  ""meta"": {
    ""schema_version"": ""1.0.0"",
    ""created_at"": ""2026-01-11T12:00:00Z"",
    ""created_by"": ""llm"",
    ""language"": ""gez"",
    ""tagset_id"": ""GEZ-POS-1"",
    ""tokenization_policy"": ""whitespace""
  },
  ""source"": {
    ""witness_id"": ""story_001/segment_007"",
    ""graphematic_string"": ""Chapter 1 Segment 7\nወትሠጠም፡ምድር፡ወሉ፡ ዘውስተ፡ምድር፡ይትኃጐል፡ ወይውን፡ፍትሕ፡ላዕለ፡ሉ፡ ወላዕለ፡ጻድቃን፡ሎሙ፨"",
    ""normalization_policy"": ""none"",
    ""uncertainties"": []
  },
  ""tokens"": [
    {
      ""token_id"": ""t1"",
      ""surface"": ""Chapter"",
      ""span"": {
        ""start"": 0,
        ""end"": 7
      },
      ""segmentation"": {
        ""morphemes"": [
          {
            ""morph_id"": ""m1.1"",
            ""surface"": ""Chapter"",
            ""type"": ""stem""
          }
        ]
      },
      ""options"": [
        {
          ""option_id"": ""O1.1"",
          ""pos"": ""N"",
          ""analysis"": {
            ""kind"": ""lexical"",
            ""root"": null,
            ""lemma"": ""Chapter"",
            ""pattern"": null,
            ""affixes"": {
              ""prefixes"": [],
              ""suffixes"": [],
              ""clitics"": []
            },
            ""features"": {},
            ""gloss"": ""Chapter (English metadata)""
          },
          ""confidence"": {
            ""type"": ""ruled_out"",
            ""score"": 0.0
          },
          ""evidence"": {
            ""lexicon_status"": ""unattested"",
            ""attestation"": [],
            ""constraints_checked"": [
              ""root_pattern_compatibility"",
              ""evidence_minimum""
            ],
            ""notes"": ""Non-Ge'ez metadata""
          }
        }
      ]
    },
    {
      ""token_id"": ""t2"",
      ""surface"": ""1"",
      ""span"": {
        ""start"": 8,
        ""end"": 9
      },
      ""segmentation"": {
        ""morphemes"": [
          {
            ""morph_id"": ""m2.1"",
            ""surface"": ""1"",
            ""type"": ""stem""
          }
        ]
      },
      ""options"": [
        {
          ""option_id"": ""O2.1"",
          ""pos"": ""NUM"",
          ""analysis"": {
            ""kind"": ""lexical"",
            ""root"": null,
            ""lemma"": ""1"",
            ""pattern"": null,
            ""affixes"": {
              ""prefixes"": [],
              ""suffixes"": [],
              ""clitics"": []
            },
            ""features"": {},
            ""gloss"": ""1 (Number)""
          },
          ""confidence"": {
            ""type"": ""ruled_out"",
            ""score"": 0.0
          },
          ""evidence"": {
            ""lexicon_status"": ""unattested"",
            ""attestation"": [],
            ""constraints_checked"": [
              ""root_pattern_compatibility"",
              ""evidence_minimum""
            ],
            ""notes"": ""Numeric digit""
          }
        }
      ]
    },
    {
      ""token_id"": ""t3"",
      ""surface"": ""Segment"",
      ""span"": {
        ""start"": 10,
        ""end"": 17
      },
      ""segmentation"": {
        ""morphemes"": [
          {
            ""morph_id"": ""m3.1"",
            ""surface"": ""Segment"",
            ""type"": ""stem""
          }
        ]
      },
      ""options"": [
        {
          ""option_id"": ""O3.1"",
          ""pos"": ""N"",
          ""analysis"": {
            ""kind"": ""lexical"",
            ""root"": null,
            ""lemma"": ""Segment"",
            ""pattern"": null,
            ""affixes"": {
              ""prefixes"": [],
              ""suffixes"": [],
              ""clitics"": []
            },
            ""features"": {},
            ""gloss"": ""Segment (English metadata)""
          },
          ""confidence"": {
            ""type"": ""ruled_out"",
            ""score"": 0.0
          },
          ""evidence"": {
            ""lexicon_status"": ""unattested"",
            ""attestation"": [],
            ""constraints_checked"": [
              ""root_pattern_compatibility"",
              ""evidence_minimum""
            ],
            ""notes"": ""Non-Ge'ez metadata""
          }
        }
      ]
    },
    {
      ""token_id"": ""t4"",
      ""surface"": ""7"",
      ""span"": {
        ""start"": 18,
        ""end"": 19
      },
      ""segmentation"": {
        ""morphemes"": [
          {
            ""morph_id"": ""m4.1"",
            ""surface"": ""7"",
            ""type"": ""stem""
          }
        ]
      },
      ""options"": [
        {
          ""option_id"": ""O4.1"",
          ""pos"": ""NUM"",
          ""analysis"": {
            ""kind"": ""lexical"",
            ""root"": null,
            ""lemma"": ""7"",
            ""pattern"": null,
            ""affixes"": {
              ""prefixes"": [],
              ""suffixes"": [],
              ""clitics"": []
            },
            ""features"": {},
            ""gloss"": ""7 (Number)""
          },
          ""confidence"": {
            ""type"": ""ruled_out"",
            ""score"": 0.0
          },
          ""evidence"": {
            ""lexicon_status"": ""unattested"",
            ""attestation"": [],
            ""constraints_checked"": [
              ""root_pattern_compatibility"",
              ""evidence_minimum""
            ],
            ""notes"": ""Numeric digit""
          }
        }
      ]
    },
    {
      ""token_id"": ""t5"",
      ""surface"": ""ወትሠጠም፡ምድር፡ወሉ፡"",
      ""span"": {
        ""start"": 21,
        ""end"": 34
      },
      ""segmentation"": {
        ""morphemes"": [
          {
            ""morph_id"": ""m5.1"",
            ""surface"": ""ወ"",
            ""type"": ""clitic""
          },
          {
            ""morph_id"": ""m5.2"",
            ""surface"": ""ትሠጠም"",
            ""type"": ""stem""
          },
          {
            ""morph_id"": ""m5.3"",
            ""surface"": ""፡"",
            ""type"": ""particle""
          },
          {
            ""morph_id"": ""m5.4"",
            ""surface"": ""ምድር"",
            ""type"": ""stem""
          },
          {
            ""morph_id"": ""m5.5"",
            ""surface"": ""፡"",
            ""type"": ""particle""
          },
          {
            ""morph_id"": ""m5.6"",
            ""surface"": ""ወ"",
            ""type"": ""clitic""
          },
          {
            ""morph_id"": ""m5.7"",
            ""surface"": ""ሉ"",
            ""type"": ""stem""
          },
          {
            ""morph_id"": ""m5.8"",
            ""surface"": ""፡"",
            ""type"": ""particle""
          }
        ]
      },
      ""options"": [
        {
          ""option_id"": ""O5.1"",
          ""pos"": ""V"",
          ""analysis"": {
            ""kind"": ""lexical"",
            ""root"": ""S-T-M"",
            ""lemma"": ""tešetteme"",
            ""pattern"": ""t-stem"",
            ""affixes"": {
              ""prefixes"": [
                ""we"",
                ""ti""
              ],
              ""suffixes"": [],
              ""clitics"": [
                ""we""
              ]
            },
            ""features"": {
              ""voice"": ""passive"",
              ""tense"": ""imperfect""
            },
            ""gloss"": ""And shall be submerged earth and all""
          },
          ""confidence"": {
            ""type"": ""ruled_out"",
            ""score"": 0.0
          },
          ""evidence"": {
            ""lexicon_status"": ""attested_in_lexicon"",
            ""attestation"": [],
            ""constraints_checked"": [
              ""affix_consistency""
            ],
            ""notes"": ""Phrase-token due to tokenizer. POS assigned to head verb.""
          }
        }
      ]
    },
    {
      ""token_id"": ""t6"",
      ""surface"": ""ዘውስተ፡ምድር፡ይትኃጐል፡"",
      ""span"": {
        ""start"": 35,
        ""end"": 50
      },
      ""segmentation"": {
        ""morphemes"": [
          {
            ""morph_id"": ""m6.1"",
            ""surface"": ""ዘ"",
            ""type"": ""clitic""
          },
          {
            ""morph_id"": ""m6.2"",
            ""surface"": ""ውስተ"",
            ""type"": ""stem""
          },
          {
            ""morph_id"": ""m6.3"",
            ""surface"": ""፡"",
            ""type"": ""particle""
          },
          {
            ""morph_id"": ""m6.4"",
            ""surface"": ""ምድር"",
            ""type"": ""stem""
          },
          {
            ""morph_id"": ""m6.5"",
            ""surface"": ""፡"",
            ""type"": ""particle""
          },
          {
            ""morph_id"": ""m6.6"",
            ""surface"": ""ይትኃጐል"",
            ""type"": ""stem""
          },
          {
            ""morph_id"": ""m6.7"",
            ""surface"": ""፡"",
            ""type"": ""particle""
          }
        ]
      },
      ""options"": [
        {
          ""option_id"": ""O6.1"",
          ""pos"": ""V"",
          ""analysis"": {
            ""kind"": ""lexical"",
            ""root"": ""H-GW-L"",
            ""lemma"": ""yithagwel"",
            ""pattern"": ""t-stem"",
            ""affixes"": {
              ""prefixes"": [
                ""yi""
              ],
              ""suffixes"": [],
              ""clitics"": [
                ""ze""
              ]
            },
            ""features"": {
              ""voice"": ""passive"",
              ""tense"": ""imperfect""
            },
            ""gloss"": ""That which is in earth shall perish""
          },
          ""confidence"": {
            ""type"": ""ruled_out"",
            ""score"": 0.0
          },
          ""evidence"": {
            ""lexicon_status"": ""attested_in_lexicon"",
            ""attestation"": [],
            ""constraints_checked"": [
              ""affix_consistency""
            ],
            ""notes"": ""Phrase-token. POS assigned to main verb.""
          }
        }
      ]
    },
    {
      ""token_id"": ""t7"",
      ""surface"": ""ወይውን፡ፍትሕ፡ላዕለ፡ሉ፡"",
      ""span"": {
        ""start"": 51,
        ""end"": 66
      },
      ""segmentation"": {
        ""morphemes"": [
          {
            ""morph_id"": ""m7.1"",
            ""surface"": ""ወ"",
            ""type"": ""clitic""
          },
          {
            ""morph_id"": ""m7.2"",
            ""surface"": ""ይውን"",
            ""type"": ""stem""
          },
          {
            ""morph_id"": ""m7.3"",
            ""surface"": ""፡"",
            ""type"": ""particle""
          },
          {
            ""morph_id"": ""m7.4"",
            ""surface"": ""ፍትሕ"",
            ""type"": ""stem""
          },
          {
            ""morph_id"": ""m7.5"",
            ""surface"": ""፡"",
            ""type"": ""particle""
          },
          {
            ""morph_id"": ""m7.6"",
            ""surface"": ""ላዕለ"",
            ""type"": ""stem""
          },
          {
            ""morph_id"": ""m7.7"",
            ""surface"": ""፡"",
            ""type"": ""particle""
          },
          {
            ""morph_id"": ""m7.8"",
            ""surface"": ""ሉ"",
            ""type"": ""stem""
          },
          {
            ""morph_id"": ""m7.9"",
            ""surface"": ""፡"",
            ""type"": ""particle""
          }
        ]
      },
      ""options"": [
        {
          ""option_id"": ""O7.1"",
          ""pos"": ""V"",
          ""analysis"": {
            ""kind"": ""lexical"",
            ""root"": ""K-W-N"",
            ""lemma"": ""yikawn"",
            ""pattern"": ""irregular"",
            ""affixes"": {
              ""prefixes"": [
                ""yi""
              ],
              ""suffixes"": [],
              ""clitics"": [
                ""we""
              ]
            },
            ""features"": {
              ""tense"": ""imperfect""
            },
            ""gloss"": ""And shall be judgment upon all""
          },
          ""confidence"": {
            ""type"": ""ruled_out"",
            ""score"": 0.0
          },
          ""evidence"": {
            ""lexicon_status"": ""attested_in_lexicon"",
            ""attestation"": [],
            ""constraints_checked"": [
              ""affix_consistency""
            ],
            ""notes"": ""Phrase-token. 'yawn' likely 'yikawn'.""
          }
        }
      ]
    },
    {
      ""token_id"": ""t8"",
      ""surface"": ""ወላዕለ፡ጻድቃን፡ሎሙ፨"",
      ""span"": {
        ""start"": 67,
        ""end"": 80
      },
      ""segmentation"": {
        ""morphemes"": [
          {
            ""morph_id"": ""m8.1"",
            ""surface"": ""ወ"",
            ""type"": ""clitic""
          },
          {
            ""morph_id"": ""m8.2"",
            ""surface"": ""ላዕለ"",
            ""type"": ""stem""
          },
          {
            ""morph_id"": ""m8.3"",
            ""surface"": ""፡"",
            ""type"": ""particle""
          },
          {
            ""morph_id"": ""m8.4"",
            ""surface"": ""ጻድቃን"",
            ""type"": ""stem""
          },
          {
            ""morph_id"": ""m8.5"",
            ""surface"": ""፡"",
            ""type"": ""particle""
          },
          {
            ""morph_id"": ""m8.6"",
            ""surface"": ""ሎሙ"",
            ""type"": ""stem""
          },
          {
            ""morph_id"": ""m8.7"",
            ""surface"": ""፨"",
            ""type"": ""particle""
          }
        ]
      },
      ""options"": [
        {
          ""option_id"": ""O8.1"",
          ""pos"": ""N"",
          ""analysis"": {
            ""kind"": ""lexical"",
            ""root"": ""Ts-D-Q"",
            ""lemma"": ""tsadiqan"",
            ""pattern"": ""plural"",
            ""affixes"": {
              ""prefixes"": [],
              ""suffixes"": [
                ""an""
              ],
              ""clitics"": [
                ""we"",
                ""lomu""
              ]
            },
            ""features"": {
              ""number"": ""plural""
            },
            ""gloss"": ""And upon the righteous to them""
          },
          ""confidence"": {
            ""type"": ""ruled_out"",
            ""score"": 0.0
          },
          ""evidence"": {
            ""lexicon_status"": ""attested_in_lexicon"",
            ""attestation"": [],
            ""constraints_checked"": [
              ""affix_consistency""
            ],
            ""notes"": ""Phrase-token. POS assigned to main noun.""
          }
        }
      ]
    }
  ]
}"
1,segment_008,segment,DONE,C:\Users\sasch\visionexe\stories\template\filmsets\story_001\segment_008\segment.txt,"{
  ""meta"": {
    ""schema_version"": ""1.0.0"",
    ""created_at"": ""2026-01-11T12:00:00Z"",
    ""created_by"": ""llm"",
    ""language"": ""gez"",
    ""tagset_id"": ""GEZ-POS-1"",
    ""tokenization_policy"": ""whitespace""
  },
  ""source"": {
    ""witness_id"": ""chapter_1/segment_8"",
    ""graphematic_string"": ""Chapter 1 Segment 8 ለጻድቃንሰ፡ሰላመ፡ይገብር፡ሎሙ ፤ ወየዐቅቦሙ፡ለኅሩያን፡ ወይውን፡ሣህል፡ ላዕሌሆሙ፨ወይውኑ፡ሎሙ፡ ዘምላ፡ወይሤርሑ፡ ወይትባረኩ፡ወይሀርህ፡ሎሙ፡ ብርሃነ፡ምላ።"",
    ""normalization_policy"": ""none"",
    ""uncertainties"": []
  },
  ""tokens"": [
    {
      ""token_id"": ""t1"",
      ""surface"": ""Chapter"",
      ""span"": {
        ""start"": 0,
        ""end"": 7
      },
      ""segmentation"": {
        ""morphemes"": []
      },
      ""options"": [
        {
          ""option_id"": ""A"",
          ""pos"": ""N"",
          ""analysis"": {
            ""kind"": ""lexical"",
            ""root"": null,
            ""lemma"": ""Chapter"",
            ""pattern"": null,
            ""affixes"": {
              ""prefixes"": [],
              ""suffixes"": [],
              ""clitics"": []
            },
            ""features"": {},
            ""gloss"": ""Chapter (English Metadata)""
          },
          ""confidence"": {
            ""type"": ""ruled_out"",
            ""score"": 0.0
          },
          ""evidence"": {
            ""lexicon_status"": ""unattested"",
            ""attestation"": [],
            ""constraints_checked"": [
              ""root_pattern_compatibility"",
              ""evidence_minimum""
            ],
            ""notes"": ""Non-Ge'ez metadata label.""
          }
        }
      ]
    },
    {
      ""token_id"": ""t2"",
      ""surface"": ""1"",
      ""span"": {
        ""start"": 8,
        ""end"": 9
      },
      ""segmentation"": {
        ""morphemes"": []
      },
      ""options"": [
        {
          ""option_id"": ""A"",
          ""pos"": ""NUM"",
          ""analysis"": {
            ""kind"": ""lexical"",
            ""root"": null,
            ""lemma"": ""1"",
            ""pattern"": null,
            ""affixes"": {
              ""prefixes"": [],
              ""suffixes"": [],
              ""clitics"": []
            },
            ""features"": {},
            ""gloss"": ""1""
          },
          ""confidence"": {
            ""type"": ""ruled_out"",
            ""score"": 0.0
          },
          ""evidence"": {
            ""lexicon_status"": ""unattested"",
            ""attestation"": [],
            ""constraints_checked"": [
              ""root_pattern_compatibility"",
              ""evidence_minimum""
            ],
            ""notes"": ""Digit.""
          }
        }
      ]
    },
    {
      ""token_id"": ""t3"",
      ""surface"": ""Segment"",
      ""span"": {
        ""start"": 10,
        ""end"": 17
      },
      ""segmentation"": {
        ""morphemes"": []
      },
      ""options"": [
        {
          ""option_id"": ""A"",
          ""pos"": ""N"",
          ""analysis"": {
            ""kind"": ""lexical"",
            ""root"": null,
            ""lemma"": ""Segment"",
            ""pattern"": null,
            ""affixes"": {
              ""prefixes"": [],
              ""suffixes"": [],
              ""clitics"": []
            },
            ""features"": {},
            ""gloss"": ""Segment (English Metadata)""
          },
          ""confidence"": {
            ""type"": ""ruled_out"",
            ""score"": 0.0
          },
          ""evidence"": {
            ""lexicon_status"": ""unattested"",
            ""attestation"": [],
            ""constraints_checked"": [
              ""root_pattern_compatibility"",
              ""evidence_minimum""
            ],
            ""notes"": ""Non-Ge'ez metadata label.""
          }
        }
      ]
    },
    {
      ""token_id"": ""t4"",
      ""surface"": ""8"",
      ""span"": {
        ""start"": 18,
        ""end"": 19
      },
      ""segmentation"": {
        ""morphemes"": []
      },
      ""options"": [
        {
          ""option_id"": ""A"",
          ""pos"": ""NUM"",
          ""analysis"": {
            ""kind"": ""lexical"",
            ""root"": null,
            ""lemma"": ""8"",
            ""pattern"": null,
            ""affixes"": {
              ""prefixes"": [],
              ""suffixes"": [],
              ""clitics"": []
            },
            ""features"": {},
            ""gloss"": ""8""
          },
          ""confidence"": {
            ""type"": ""ruled_out"",
            ""score"": 0.0
          },
          ""evidence"": {
            ""lexicon_status"": ""unattested"",
            ""attestation"": [],
            ""constraints_checked"": [
              ""root_pattern_compatibility"",
              ""evidence_minimum""
            ],
            ""notes"": ""Digit.""
          }
        }
      ]
    },
    {
      ""token_id"": ""t5"",
      ""surface"": ""ለጻድቃንሰ፡ሰላመ፡ይገብር፡ሎሙ"",
      ""span"": {
        ""start"": 21,
        ""end"": 39
      },
      ""segmentation"": {
        ""morphemes"": [
          {
            ""morph_id"": ""m1"",
            ""surface"": ""ለ"",
            ""type"": ""prefix""
          },
          {
            ""morph_id"": ""m2"",
            ""surface"": ""ጻድቃን"",
            ""type"": ""stem""
          },
          {
            ""morph_id"": ""m3"",
            ""surface"": ""ሰ"",
            ""type"": ""suffix""
          },
          {
            ""morph_id"": ""m4"",
            ""surface"": ""፡"",
            ""type"": ""particle""
          },
          {
            ""morph_id"": ""m5"",
            ""surface"": ""ሰላመ"",
            ""type"": ""stem""
          },
          {
            ""morph_id"": ""m6"",
            ""surface"": ""፡"",
            ""type"": ""particle""
          },
          {
            ""morph_id"": ""m7"",
            ""surface"": ""ይ"",
            ""type"": ""prefix""
          },
          {
            ""morph_id"": ""m8"",
            ""surface"": ""ገብር"",
            ""type"": ""stem""
          },
          {
            ""morph_id"": ""m9"",
            ""surface"": ""፡"",
            ""type"": ""particle""
          },
          {
            ""morph_id"": ""m10"",
            ""surface"": ""ለ"",
            ""type"": ""prefix""
          },
          {
            ""morph_id"": ""m11"",
            ""surface"": ""ኦሙ"",
            ""type"": ""suffix""
          }
        ]
      },
      ""options"": [
        {
          ""option_id"": ""A"",
          ""pos"": ""N"",
          ""analysis"": {
            ""kind"": ""lexical"",
            ""root"": ""ṣdq"",
            ""lemma"": ""tsadiq"",
            ""pattern"": ""failan"",
            ""affixes"": {
              ""prefixes"": [
                ""le""
              ],
              ""suffixes"": [
                ""sse""
              ],
              ""clitics"": []
            },
            ""features"": {
              ""number"": ""plural"",
              ""case"": ""genitive""
            },
            ""gloss"": ""for the righteous""
          },
          ""confidence"": {
            ""type"": ""ruled_out"",
            ""score"": 0.0
          },
          ""evidence"": {
            ""lexicon_status"": ""attested_in_lexicon"",
            ""attestation"": [],
            ""constraints_checked"": [
              ""affix_consistency""
            ],
            ""notes"": ""Analysis for substring 'ለጻድቃንሰ'.""
          }
        },
        {
          ""option_id"": ""B"",
          ""pos"": ""N"",
          ""analysis"": {
            ""kind"": ""lexical"",
            ""root"": ""slm"",
            ""lemma"": ""selam"",
            ""pattern"": ""gibl"",
            ""affixes"": {
              ""prefixes"": [],
              ""suffixes"": [
                ""e""
              ],
              ""clitics"": []
            },
            ""features"": {
              ""case"": ""accusative""
            },
            ""gloss"": ""peace""
          },
          ""confidence"": {
            ""type"": ""ruled_out"",
            ""score"": 0.0
          },
          ""evidence"": {
            ""lexicon_status"": ""attested_in_lexicon"",
            ""attestation"": [],
            ""constraints_checked"": [
              ""affix_consistency""
            ],
            ""notes"": ""Analysis for substring 'ሰላመ'.""
          }
        },
        {
          ""option_id"": ""C"",
          ""pos"": ""V"",
          ""analysis"": {
            ""kind"": ""lexical"",
            ""root"": ""gbr"",
            ""lemma"": ""gebre"",
            ""pattern"": ""yigebr"",
            ""affixes"": {
              ""prefixes"": [
                ""yi""
              ],
              ""suffixes"": [],
              ""clitics"": []
            },
            ""features"": {
              ""tense"": ""imperfect"",
              ""person"": ""3"",
              ""gender"": ""m"",
              ""number"": ""s""
            },
            ""gloss"": ""he makes""
          },
          ""confidence"": {
            ""type"": ""ruled_out"",
            ""score"": 0.0
          },
          ""evidence"": {
            ""lexicon_status"": ""attested_in_lexicon"",
            ""attestation"": [],
            ""constraints_checked"": [
              ""affix_consistency""
            ],
            ""notes"": ""Analysis for substring 'ይገብር'.""
          }
        },
        {
          ""option_id"": ""D"",
          ""pos"": ""PREP"",
          ""analysis"": {
            ""kind"": ""functional"",
            ""root"": null,
            ""lemma"": ""le"",
            ""pattern"": null,
            ""affixes"": {
              ""prefixes"": [],
              ""suffixes"": [
                ""omu""
              ],
              ""clitics"": []
            },
            ""features"": {
              ""person"": ""3"",
              ""gender"": ""m"",
              ""number"": ""pl""
            },
            ""gloss"": ""for them""
          },
          ""confidence"": {
            ""type"": ""ruled_out"",
            ""score"": 0.0
          },
          ""evidence"": {
            ""lexicon_status"": ""attested_in_lexicon"",
            ""attestation"": [],
            ""constraints_checked"": [
              ""affix_consistency""
            ],
            ""notes"": ""Analysis for substring 'ሎሙ'.""
          }
        }
      ]
    },
    {
      ""token_id"": ""t6"",
      ""surface"": ""፤"",
      ""span"": {
        ""start"": 40,
        ""end"": 41
      },
      ""segmentation"": {
        ""morphemes"": [
          {
            ""morph_id"": ""m1"",
            ""surface"": ""፤"",
            ""type"": ""particle""
          }
        ]
      },
      ""options"": [
        {
          ""option_id"": ""A"",
          ""pos"": ""N"",
          ""analysis"": {
            ""kind"": ""functional"",
            ""root"": null,
            ""lemma"": null,
            ""pattern"": null,
            ""affixes"": {
              ""prefixes"": [],
              ""suffixes"": [],
              ""clitics"": []
            },
            ""features"": {},
            ""gloss"": ""Punctuation""
          },
          ""confidence"": {
            ""type"": ""ruled_out"",
            ""score"": 0.0
          },
          ""evidence"": {
            ""lexicon_status"": ""unattested"",
            ""attestation"": [],
            ""constraints_checked"": [
              ""evidence_minimum""
            ],
            ""notes"": ""Paragraph separator.""
          }
        }
      ]
    },
    {
      ""token_id"": ""t7"",
      ""surface"": ""ወየዐቅቦሙ፡ለኅሩያን፡"",
      ""span"": {
        ""start"": 42,
        ""end"": 55
      },
      ""segmentation"": {
        ""morphemes"": [
          {
            ""morph_id"": ""m1"",
            ""surface"": ""ወ"",
            ""type"": ""prefix""
          },
          {
            ""morph_id"": ""m2"",
            ""surface"": ""የዐቅብ"",
            ""type"": ""stem""
          },
          {
            ""morph_id"": ""m3"",
            ""surface"": ""ኦሙ"",
            ""type"": ""suffix""
          },
          {
            ""morph_id"": ""m4"",
            ""surface"": ""፡"",
            ""type"": ""particle""
          },
          {
            ""morph_id"": ""m5"",
            ""surface"": ""ለ"",
            ""type"": ""prefix""
          },
          {
            ""morph_id"": ""m6"",
            ""surface"": ""ኅሩያን"",
            ""type"": ""stem""
          }
        ]
      },
      ""options"": [
        {
          ""option_id"": ""A"",
          ""pos"": ""V"",
          ""analysis"": {
            ""kind"": ""lexical"",
            ""root"": ""ʿqb"",
            ""lemma"": ""aqabe"",
            ""pattern"": null,
            ""affixes"": {
              ""prefixes"": [
                ""we"",
                ""ye""
              ],
              ""suffixes"": [
                ""omu""
              ],
              ""clitics"": []
            },
            ""features"": {
              ""tense"": ""imperfect"",
              ""person"": ""3"",
              ""gender"": ""m"",
              ""number"": ""s"",
              ""object_suffix"": ""3mpl""
            },
            ""gloss"": ""and he guards them""
          },
          ""confidence"": {
            ""type"": ""ruled_out"",
            ""score"": 0.0
          },
          ""evidence"": {
            ""lexicon_status"": ""attested_in_lexicon"",
            ""attestation"": [],
            ""constraints_checked"": [
              ""root_pattern_compatibility"",
              ""affix_consistency""
            ],
            ""notes"": ""Analysis for substring 'ወየዐቅቦሙ'.""
          }
        },
        {
          ""option_id"": ""B"",
          ""pos"": ""N"",
          ""analysis"": {
            ""kind"": ""lexical"",
            ""root"": ""ḫry"",
            ""lemma"": ""hiruy"",
            ""pattern"": null,
            ""affixes"": {
              ""prefixes"": [
                ""le""
              ],
              ""suffixes"": [
                ""an""
              ],
              ""clitics"": []
            },
            ""features"": {
              ""number"": ""plural""
            },
            ""gloss"": ""to the chosen""
          },
          ""confidence"": {
            ""type"": ""ruled_out"",
            ""score"": 0.0
          },
          ""evidence"": {
            ""lexicon_status"": ""attested_in_lexicon"",
            ""attestation"": [],
            ""constraints_checked"": [
              ""root_pattern_compatibility"",
              ""affix_consistency""
            ],
            ""notes"": ""Analysis for substring 'ለኅሩያን'.""
          }
        }
      ]
    },
    {
      ""token_id"": ""t8"",
      ""surface"": ""ወይውን፡ሣህል፡"",
      ""span"": {
        ""start"": 56,
        ""end"": 65
      },
      ""segmentation"": {
        ""morphemes"": [
          {
            ""morph_id"": ""m1"",
            ""surface"": ""ወ"",
            ""type"": ""prefix""
          },
          {
            ""morph_id"": ""m2"",
            ""surface"": ""ይውን"",
            ""type"": ""stem""
          },
          {
            ""morph_id"": ""m3"",
            ""surface"": ""፡"",
            ""type"": ""particle""
          },
          {
            ""morph_id"": ""m4"",
            ""surface"": ""ሣህል"",
            ""type"": ""stem""
          }
        ]
      },
      ""options"": [
        {
          ""option_id"": ""A"",
          ""pos"": ""V"",
          ""analysis"": {
            ""kind"": ""lexical"",
            ""root"": ""kwn"",
            ""lemma"": ""kone"",
            ""pattern"": ""yihun"",
            ""affixes"": {
              ""prefixes"": [
                ""we"",
                ""yi""
              ],
              ""suffixes"": [],
              ""clitics"": []
            },
            ""features"": {
              ""tense"": ""jussive"",
              ""person"": ""3"",
              ""gender"": ""m"",
              ""number"": ""s""
            },
            ""gloss"": ""and let there be""
          },
          ""confidence"": {
            ""type"": ""ruled_out"",
            ""score"": 0.0
          },
          ""evidence"": {
            ""lexicon_status"": ""attested_in_lexicon"",
            ""attestation"": [],
            ""constraints_checked"": [
              ""affix_consistency""
            ],
            ""notes"": ""Analysis for substring 'ወይውን'.""
          }
        },
        {
          ""option_id"": ""B"",
          ""pos"": ""N"",
          ""analysis"": {
            ""kind"": ""lexical"",
            ""root"": ""shl"",
            ""lemma"": ""sahil"",
            ""pattern"": null,
            ""affixes"": {
              ""prefixes"": [],
              ""suffixes"": [],
              ""clitics"": []
            },
            ""features"": {},
            ""gloss"": ""mercy""
          },
          ""confidence"": {
            ""type"": ""ruled_out"",
            ""score"": 0.0
          },
          ""evidence"": {
            ""lexicon_status"": ""attested_in_lexicon"",
            ""attestation"": [],
            ""constraints_checked"": [
              ""root_pattern_compatibility"",
              ""affix_consistency""
            ],
            ""notes"": ""Analysis for substring 'ሣህል'.""
          }
        }
      ]
    },
    {
      ""token_id"": ""t9"",
      ""surface"": ""ላዕሌሆሙ፨ወይውኑ፡ሎሙ፡"",
      ""span"": {
        ""start"": 66,
        ""end"": 80
      },
      ""segmentation"": {
        ""morphemes"": [
          {
            ""morph_id"": ""m1"",
            ""surface"": ""ላዕሌ"",
            ""type"": ""stem""
          },
          {
            ""morph_id"": ""m2"",
            ""surface"": ""ሆሙ"",
            ""type"": ""suffix""
          },
          {
            ""morph_id"": ""m3"",
            ""surface"": ""፨"",
            ""type"": ""particle""
          },
          {
            ""morph_id"": ""m4"",
            ""surface"": ""ወ"",
            ""type"": ""prefix""
          },
          {
            ""morph_id"": ""m5"",
            ""surface"": ""ይውኑ"",
            ""type"": ""stem""
          },
          {
            ""morph_id"": ""m6"",
            ""surface"": ""፡"",
            ""type"": ""particle""
          },
          {
            ""morph_id"": ""m7"",
            ""surface"": ""ለ"",
            ""type"": ""prefix""
          },
          {
            ""morph_id"": ""m8"",
            ""surface"": ""ኦሙ"",
            ""type"": ""suffix""
          }
        ]
      },
      ""options"": [
        {
          ""option_id"": ""A"",
          ""pos"": ""PREP"",
          ""analysis"": {
            ""kind"": ""lexical"",
            ""root"": null,
            ""lemma"": ""la'le"",
            ""pattern"": null,
            ""affixes"": {
              ""prefixes"": [],
              ""suffixes"": [
                ""homu""
              ],
              ""clitics"": []
            },
            ""features"": {
              ""person"": ""3"",
              ""gender"": ""m"",
              ""number"": ""pl""
            },
            ""gloss"": ""upon them""
          },
          ""confidence"": {
            ""type"": ""ruled_out"",
            ""score"": 0.0
          },
          ""evidence"": {
            ""lexicon_status"": ""attested_in_lexicon"",
            ""attestation"": [],
            ""constraints_checked"": [
              ""affix_consistency""
            ],
            ""notes"": ""Analysis for substring 'ላዕሌሆሙ'.""
          }
        },
        {
          ""option_id"": ""B"",
          ""pos"": ""V"",
          ""analysis"": {
            ""kind"": ""lexical"",
            ""root"": ""kwn"",
            ""lemma"": ""kone"",
            ""pattern"": ""yihunu"",
            ""affixes"": {
              ""prefixes"": [
                ""we"",
                ""yi""
              ],
              ""suffixes"": [
                ""u""
              ],
              ""clitics"": []
            },
            ""features"": {
              ""tense"": ""jussive"",
              ""person"": ""3"",
              ""gender"": ""m"",
              ""number"": ""pl""
            },
            ""gloss"": ""and let them be""
          },
          ""confidence"": {
            ""type"": ""ruled_out"",
            ""score"": 0.0
          },
          ""evidence"": {
            ""lexicon_status"": ""attested_in_lexicon"",
            ""attestation"": [],
            ""constraints_checked"": [
              ""affix_consistency""
            ],
            ""notes"": ""Analysis for substring 'ወይውኑ'.""
          }
        },
        {
          ""option_id"": ""C"",
          ""pos"": ""PREP"",
          ""analysis"": {
            ""kind"": ""functional"",
            ""root"": null,
            ""lemma"": ""le"",
            ""pattern"": null,
            ""affixes"": {
              ""prefixes"": [],
              ""suffixes"": [
                ""omu""
              ],
              ""clitics"": []
            },
            ""features"": {
              ""person"": ""3"",
              ""gender"": ""m"",
              ""number"": ""pl""
            },
            ""gloss"": ""to them""
          },
          ""confidence"": {
            ""type"": ""ruled_out"",
            ""score"": 0.0
          },
          ""evidence"": {
            ""lexicon_status"": ""attested_in_lexicon"",
            ""attestation"": [],
            ""constraints_checked"": [
              ""affix_consistency""
            ],
            ""notes"": ""Analysis for substring 'ሎሙ'.""
          }
        }
      ]
    },
    {
      ""token_id"": ""t10"",
      ""surface"": ""ዘምላ፡ወይሤርሑ፡"",
      ""span"": {
        ""start"": 81,
        ""end"": 91
      },
      ""segmentation"": {
        ""morphemes"": [
          {
            ""morph_id"": ""m1"",
            ""surface"": ""ዘ"",
            ""type"": ""prefix""
          },
          {
            ""morph_id"": ""m2"",
            ""surface"": ""ምላ"",
            ""type"": ""stem""
          },
          {
            ""morph_id"": ""m3"",
            ""surface"": ""፡"",
            ""type"": ""particle""
          },
          {
            ""morph_id"": ""m4"",
            ""surface"": ""ወ"",
            ""type"": ""prefix""
          },
          {
            ""morph_id"": ""m5"",
            ""surface"": ""ይሤርሑ"",
            ""type"": ""stem""
          }
        ]
      },
      ""options"": [
        {
          ""option_id"": ""A"",
          ""pos"": ""N"",
          ""analysis"": {
            ""kind"": ""lexical"",
            ""root"": ""ml'"",
            ""lemma"": ""mil'a"",
            ""pattern"": null,
            ""affixes"": {
              ""prefixes"": [
                ""ze""
              ],
              ""suffixes"": [],
              ""clitics"": []
            },
            ""features"": {},
            ""gloss"": ""of fullness/all""
          },
          ""confidence"": {
            ""type"": ""ruled_out"",
            ""score"": 0.0
          },
          ""evidence"": {
            ""lexicon_status"": ""attested_in_lexicon"",
            ""attestation"": [],
            ""constraints_checked"": [
              ""root_pattern_compatibility"",
              ""affix_consistency""
            ],
            ""notes"": ""Analysis for substring 'ዘምላ'. Ambiguous form.""
          }
        },
        {
          ""option_id"": ""B"",
          ""pos"": ""V"",
          ""analysis"": {
            ""kind"": ""lexical"",
            ""root"": ""srḥ"",
            ""lemma"": ""serha"",
            ""pattern"": null,
            ""affixes"": {
              ""prefixes"": [
                ""we"",
                ""yi""
              ],
              ""suffixes"": [
                ""u""
              ],
              ""clitics"": []
            },
            ""features"": {
              ""tense"": ""imperfect"",
              ""person"": ""3"",
              ""gender"": ""m"",
              ""number"": ""pl""
            },
            ""gloss"": ""and they work/act""
          },
          ""confidence"": {
            ""type"": ""ruled_out"",
            ""score"": 0.0
          },
          ""evidence"": {
            ""lexicon_status"": ""attested_in_lexicon"",
            ""attestation"": [],
            ""constraints_checked"": [
              ""root_pattern_compatibility"",
              ""affix_consistency""
            ],
            ""notes"": ""Analysis for substring 'ወይሤርሑ'.""
          }
        }
      ]
    },
    {
      ""token_id"": ""t11"",
      ""surface"": ""ወይትባረኩ፡ወይሀርህ፡ሎሙ፡"",
      ""span"": {
        ""start"": 92,
        ""end"": 108
      },
      ""segmentation"": {
        ""morphemes"": [
          {
            ""morph_id"": ""m1"",
            ""surface"": ""ወ"",
            ""type"": ""prefix""
          },
          {
            ""morph_id"": ""m2"",
            ""surface"": ""ይትባረኩ"",
            ""type"": ""stem""
          },
          {
            ""morph_id"": ""m3"",
            ""surface"": ""፡"",
            ""type"": ""particle""
          },
          {
            ""morph_id"": ""m4"",
            ""surface"": ""ወ"",
            ""type"": ""prefix""
          },
          {
            ""morph_id"": ""m5"",
            ""surface"": ""ይሀርህ"",
            ""type"": ""stem""
          },
          {
            ""morph_id"": ""m6"",
            ""surface"": ""፡"",
            ""type"": ""particle""
          },
          {
            ""morph_id"": ""m7"",
            ""surface"": ""ለ"",
            ""type"": ""prefix""
          },
          {
            ""morph_id"": ""m8"",
            ""surface"": ""ኦሙ"",
            ""type"": ""suffix""
          }
        ]
      },
      ""options"": [
        {
          ""option_id"": ""A"",
          ""pos"": ""V"",
          ""analysis"": {
            ""kind"": ""lexical"",
            ""root"": ""brk"",
            ""lemma"": ""bareke"",
            ""pattern"": ""t-stem"",
            ""affixes"": {
              ""prefixes"": [
                ""we"",
                ""yi"",
                ""t""
              ],
              ""suffixes"": [
                ""u""
              ],
              ""clitics"": []
            },
            ""features"": {
              ""tense"": ""imperfect"",
              ""voice"": ""passive/reflexive"",
              ""person"": ""3"",
              ""gender"": ""m"",
              ""number"": ""pl""
            },
            ""gloss"": ""and they shall be blessed""
          },
          ""confidence"": {
            ""type"": ""ruled_out"",
            ""score"": 0.0
          },
          ""evidence"": {
            ""lexicon_status"": ""attested_in_lexicon"",
            ""attestation"": [],
            ""constraints_checked"": [
              ""affix_consistency""
            ],
            ""notes"": ""Analysis for substring 'ወይትባረኩ'.""
          }
        },
        {
          ""option_id"": ""B"",
          ""pos"": ""V"",
          ""analysis"": {
            ""kind"": ""lexical"",
            ""root"": ""hrh"",
            ""lemma"": ""harha"",
            ""pattern"": null,
            ""affixes"": {
              ""prefixes"": [
                ""we"",
                ""yi""
              ],
              ""suffixes"": [],
              ""clitics"": []
            },
            ""features"": {
              ""tense"": ""imperfect"",
              ""person"": ""3"",
              ""gender"": ""m"",
              ""number"": ""s""
            },
            ""gloss"": ""and he helps/rejoices?""
          },
          ""confidence"": {
            ""type"": ""ruled_out"",
            ""score"": 0.0
          },
          ""evidence"": {
            ""lexicon_status"": ""unattested"",
            ""attestation"": [],
            ""constraints_checked"": [
              ""root_pattern_compatibility"",
              ""affix_consistency""
            ],
            ""notes"": ""Analysis for substring 'ወይሀርህ'. Rare/Uncertain root.""
          }
        },
        {
          ""option_id"": ""C"",
          ""pos"": ""PREP"",
          ""analysis"": {
            ""kind"": ""functional"",
            ""root"": null,
            ""lemma"": ""le"",
            ""pattern"": null,
            ""affixes"": {
              ""prefixes"": [],
              ""suffixes"": [
                ""omu""
              ],
              ""clitics"": []
            },
            ""features"": {
              ""person"": ""3"",
              ""gender"": ""m"",
              ""number"": ""pl""
            },
            ""gloss"": ""to them""
          },
          ""confidence"": {
            ""type"": ""ruled_out"",
            ""score"": 0.0
          },
          ""evidence"": {
            ""lexicon_status"": ""attested_in_lexicon"",
            ""attestation"": [],
            ""constraints_checked"": [
              ""affix_consistency""
            ],
            ""notes"": ""Analysis for substring 'ሎሙ'.""
          }
        }
      ]
    },
    {
      ""token_id"": ""t12"",
      ""surface"": ""ብርሃነ፡ምላ።"",
      ""span"": {
        ""start"": 109,
        ""end"": 117
      },
      ""segmentation"": {
        ""morphemes"": [
          {
            ""morph_id"": ""m1"",
            ""surface"": ""ብርሃነ"",
            ""type"": ""stem""
          },
          {
            ""morph_id"": ""m2"",
            ""surface"": ""፡"",
            ""type"": ""particle""
          },
          {
            ""morph_id"": ""m3"",
            ""surface"": ""ምላ"",
            ""type"": ""stem""
          }
        ]
      },
      ""options"": [
        {
          ""option_id"": ""A"",
          ""pos"": ""N"",
          ""analysis"": {
            ""kind"": ""lexical"",
            ""root"": ""brhn"",
            ""lemma"": ""birhan"",
            ""pattern"": null,
            ""affixes"": {
              ""prefixes"": [],
              ""suffixes"": [
                ""e""
              ],
              ""clitics"": []
            },
            ""features"": {
              ""state"": ""construct""
            },
            ""gloss"": ""light of""
          },
          ""confidence"": {
            ""type"": ""weak"",
            ""score"": 0.9
          },
          ""evidence"": {
            ""lexicon_status"": ""attested_in_lexicon"",
            ""attestation"": [],
            ""constraints_checked"": [
              ""root_pattern_compatibility""
            ],
            ""notes"": ""Analysis for substring 'ብርሃነ'.""
          }
        },
        {
          ""option_id"": ""B"",
          ""pos"": ""N"",
          ""analysis"": {
            ""kind"": ""lexical"",
            ""root"": ""ml'"",
            ""lemma"": ""mil'a"",
            ""pattern"": null,
            ""affixes"": {
              ""prefixes"": [],
              ""suffixes"": [],
              ""clitics"": []
            },
            ""features"": {},
            ""gloss"": ""fullness/all""
          },
          ""confidence"": {
            ""type"": ""weak"",
            ""score"": 0.7
          },
          ""evidence"": {
            ""lexicon_status"": ""attested_in_lexicon"",
            ""attestation"": [],
            ""constraints_checked"": [
              ""root_pattern_compatibility""
            ],
            ""notes"": ""Analysis for substring 'ምላ'.""
          }
        }
      ]
    }
  ]
}"
1,segment_001,segment,DONE,C:\Users\sasch\visionexe\stories\template\filmsets\story_001\segment_001\segment.txt,"{
  ""meta"": {
    ""schema_version"": ""1.0.0"",
    ""created_at"": ""2026-01-11T03:04:52Z"",
    ""created_by"": ""worker_llm_analysis_Morphologic"",
    ""language"": ""gez"",
    ""tagset_id"": ""GEZ-POS-1"",
    ""tokenization_policy"": ""whitespace""
  },
  ""source"": {
    ""witness_id"": ""story_001/segment_001"",
    ""graphematic_string"": ""Chapter 1 Segment 1\n\nቃለ፡ረት፡ዘሄኖ።\nመትጽሐፉ፡ሄኖ፡ ነቢይ። -\nቃለ ፡ ረት ፡ ዘሄኖ\n— -——— ።። ።።——— - —\nመ ፡ ረ ፡ ኅሩያነ ፡ ወጻድቃነ\n፨ እለ ፡ ሀለው ፡ ይኩኑ ፡ ዕለተ\n፡ መንዳቢ ፨ ለሰስሎ ፡ ሎ ፡\nእኩያን ፡ ወረሲዓን ፨፨"",
    ""normalization_policy"": ""none"",
    ""uncertainties"": []
  },
  ""tokens"": [
    {
      ""token_id"": ""t1"",
      ""surface"": ""Chapter"",
      ""span"": {
        ""start"": 0,
        ""end"": 7
      },
      ""options"": [
        {
          ""option_id"": ""A"",
          ""pos"": ""N"",
          ""analysis"": {
            ""kind"": ""lexical"",
            ""root"": ""chapter"",
            ""lemma"": ""Chapter"",
            ""pattern"": ""english""
          },
          ""confidence"": {
            ""type"": ""high"",
            ""score"": 0.99
          },
          ""evidence"": {
            ""lexicon_status"": ""attested_in_lexicon"",
            ""attestation"": [],
            ""constraints_checked"": []
          }
        }
      ]
    },
    {
      ""token_id"": ""t2"",
      ""surface"": ""1"",
      ""span"": {
        ""start"": 8,
        ""end"": 9
      },
      ""options"": [
        {
          ""option_id"": ""A"",
          ""pos"": ""NUM"",
          ""analysis"": {
            ""kind"": ""lexical"",
            ""root"": ""1"",
            ""lemma"": ""1"",
            ""pattern"": ""digit""
          },
          ""confidence"": {
            ""type"": ""high"",
            ""score"": 1.0
          },
          ""evidence"": {
            ""lexicon_status"": ""attested_in_lexicon"",
            ""attestation"": [],
            ""constraints_checked"": []
          }
        }
      ]
    },
    {
      ""token_id"": ""t3"",
      ""surface"": ""Segment"",
      ""span"": {
        ""start"": 10,
        ""end"": 17
      },
      ""options"": [
        {
          ""option_id"": ""A"",
          ""pos"": ""N"",
          ""analysis"": {
            ""kind"": ""lexical"",
            ""root"": ""segment"",
            ""lemma"": ""Segment"",
            ""pattern"": ""english""
          },
          ""confidence"": {
            ""type"": ""high"",
            ""score"": 0.99
          },
          ""evidence"": {
            ""lexicon_status"": ""attested_in_lexicon"",
            ""attestation"": [],
            ""constraints_checked"": []
          }
        }
      ]
    },
    {
      ""token_id"": ""t4"",
      ""surface"": ""1"",
      ""span"": {
        ""start"": 18,
        ""end"": 19
      },
      ""options"": [
        {
          ""option_id"": ""A"",
          ""pos"": ""NUM"",
          ""analysis"": {
            ""kind"": ""lexical"",
            ""root"": ""1"",
            ""lemma"": ""1"",
            ""pattern"": ""digit""
          },
          ""confidence"": {
            ""type"": ""high"",
            ""score"": 1.0
          },
          ""evidence"": {
            ""lexicon_status"": ""attested_in_lexicon"",
            ""attestation"": [],
            ""constraints_checked"": []
          }
        }
      ]
    },
    {
      ""token_id"": ""t5"",
      ""surface"": ""ቃለ፡ረት፡ዘሄኖ።"",
      ""span"": {
        ""start"": 21,
        ""end"": 31
      },
      ""options"": [
        {
          ""option_id"": ""A"",
          ""pos"": ""N"",
          ""analysis"": {
            ""kind"": ""lexical"",
            ""root"": ""Q-L"",
            ""lemma"": ""Qala"",
            ""pattern"": ""noun_phrase""
          },
          ""confidence"": {
            ""type"": ""medium"",
            ""score"": 0.6
          },
          ""evidence"": {
            ""lexicon_status"": ""attested_in_lexicon"",
            ""attestation"": [],
            ""constraints_checked"": []
          }
        }
      ]
    },
    {
      ""token_id"": ""t6"",
      ""surface"": ""መትጽሐፉ፡ሄኖ፡"",
      ""span"": {
        ""start"": 32,
        ""end"": 41
      },
      ""options"": [
        {
          ""option_id"": ""A"",
          ""pos"": ""N"",
          ""analysis"": {
            ""kind"": ""lexical"",
            ""root"": ""Ts-H-F"",
            ""lemma"": ""Matshaf"",
            ""pattern"": ""noun_phrase""
          },
          ""confidence"": {
            ""type"": ""medium"",
            ""score"": 0.6
          },
          ""evidence"": {
            ""lexicon_status"": ""attested_in_lexicon"",
            ""attestation"": [],
            ""constraints_checked"": []
          }
        }
      ]
    },
    {
      ""token_id"": ""t7"",
      ""surface"": ""ነቢይ።"",
      ""span"": {
        ""start"": 42,
        ""end"": 46
      },
      ""options"": [
        {
          ""option_id"": ""A"",
          ""pos"": ""N"",
          ""analysis"": {
            ""kind"": ""lexical"",
            ""root"": ""N-B-Y"",
            ""lemma"": ""Nabiy"",
            ""pattern"": ""fa'il""
          },
          ""confidence"": {
            ""type"": ""high"",
            ""score"": 0.9
          },
          ""evidence"": {
            ""lexicon_status"": ""attested_in_lexicon"",
            ""attestation"": [],
            ""constraints_checked"": []
          }
        }
      ]
    },
    {
      ""token_id"": ""t8"",
      ""surface"": ""-"",
      ""span"": {
        ""start"": 47,
        ""end"": 48
      },
      ""options"": [
        {
          ""option_id"": ""A"",
          ""pos"": ""N"",
          ""analysis"": {
            ""kind"": ""lexical"",
            ""root"": ""punct"",
            ""lemma"": ""-"",
            ""pattern"": ""punctuation""
          },
          ""confidence"": {
            ""type"": ""ruled_out"",
            ""score"": 0.0
          },
          ""evidence"": {
            ""lexicon_status"": ""unattested"",
            ""attestation"": [],
            ""constraints_checked"": [
              ""evidence_minimum""
            ]
          }
        }
      ]
    },
    {
      ""token_id"": ""t9"",
      ""surface"": ""ቃለ"",
      ""span"": {
        ""start"": 49,
        ""end"": 51
      },
      ""options"": [
        {
          ""option_id"": ""A"",
          ""pos"": ""N"",
          ""analysis"": {
            ""kind"": ""lexical"",
            ""root"": ""Q-L"",
            ""lemma"": ""Qal"",
            ""pattern"": ""noun""
          },
          ""confidence"": {
            ""type"": ""high"",
            ""score"": 0.9
          },
          ""evidence"": {
            ""lexicon_status"": ""attested_in_lexicon"",
            ""attestation"": [],
            ""constraints_checked"": []
          }
        }
      ]
    },
    {
      ""token_id"": ""t10"",
      ""surface"": ""፡"",
      ""span"": {
        ""start"": 52,
        ""end"": 53
      },
      ""options"": [
        {
          ""option_id"": ""A"",
          ""pos"": ""N"",
          ""analysis"": {
            ""kind"": ""lexical"",
            ""root"": ""punct"",
            ""lemma"": ""፡"",
            ""pattern"": ""punctuation""
          },
          ""confidence"": {
            ""type"": ""low"",
            ""score"": 0.5
          },
          ""evidence"": {
            ""lexicon_status"": ""attested_in_lexicon"",
            ""attestation"": [],
            ""constraints_checked"": []
          }
        }
      ]
    },
    {
      ""token_id"": ""t11"",
      ""surface"": ""ረት"",
      ""span"": {
        ""start"": 54,
        ""end"": 56
      },
      ""options"": [
        {
          ""option_id"": ""A"",
          ""pos"": ""N"",
          ""analysis"": {
            ""kind"": ""lexical"",
            ""root"": ""R-T"",
            ""lemma"": ""Rat"",
            ""pattern"": ""fragment""
          },
          ""confidence"": {
            ""type"": ""ruled_out"",
            ""score"": 0.0
          },
          ""evidence"": {
            ""lexicon_status"": ""unattested"",
            ""attestation"": [],
            ""constraints_checked"": [
              ""evidence_minimum""
            ]
          }
        }
      ]
    },
    {
      ""token_id"": ""t12"",
      ""surface"": ""፡"",
      ""span"": {
        ""start"": 57,
        ""end"": 58
      },
      ""options"": [
        {
          ""option_id"": ""A"",
          ""pos"": ""N"",
          ""analysis"": {
            ""kind"": ""lexical"",
            ""root"": ""punct"",
            ""lemma"": ""፡"",
            ""pattern"": ""punctuation""
          },
          ""confidence"": {
            ""type"": ""low"",
            ""score"": 0.5
          },
          ""evidence"": {
            ""lexicon_status"": ""attested_in_lexicon"",
            ""attestation"": [],
            ""constraints_checked"": []
          }
        }
      ]
    },
    {
      ""token_id"": ""t13"",
      ""surface"": ""ዘሄኖ"",
      ""span"": {
        ""start"": 59,
        ""end"": 62
      },
      ""options"": [
        {
          ""option_id"": ""A"",
          ""pos"": ""PN"",
          ""analysis"": {
            ""kind"": ""lexical"",
            ""root"": ""H-N"",
            ""lemma"": ""Heno"",
            ""pattern"": ""proper_noun""
          },
          ""confidence"": {
            ""type"": ""medium"",
            ""score"": 0.7
          },
          ""evidence"": {
            ""lexicon_status"": ""attested_in_lexicon"",
            ""attestation"": [],
            ""constraints_checked"": []
          }
        }
      ]
    },
    {
      ""token_id"": ""t14"",
      ""surface"": ""—"",
      ""span"": {
        ""start"": 63,
        ""end"": 64
      },
      ""options"": [
        {
          ""option_id"": ""A"",
          ""pos"": ""N"",
          ""analysis"": {
            ""kind"": ""lexical"",
            ""root"": ""punct"",
            ""lemma"": ""—"",
            ""pattern"": ""punctuation""
          },
          ""confidence"": {
            ""type"": ""ruled_out"",
            ""score"": 0.0
          },
          ""evidence"": {
            ""lexicon_status"": ""unattested"",
            ""attestation"": [],
            ""constraints_checked"": [
              ""evidence_minimum""
            ]
          }
        }
      ]
    },
    {
      ""token_id"": ""t15"",
      ""surface"": ""-———"",
      ""span"": {
        ""start"": 65,
        ""end"": 69
      },
      ""options"": [
        {
          ""option_id"": ""A"",
          ""pos"": ""N"",
          ""analysis"": {
            ""kind"": ""lexical"",
            ""root"": ""punct"",
            ""lemma"": ""-———"",
            ""pattern"": ""punctuation""
          },
          ""confidence"": {
            ""type"": ""ruled_out"",
            ""score"": 0.0
          },
          ""evidence"": {
            ""lexicon_status"": ""unattested"",
            ""attestation"": [],
            ""constraints_checked"": [
              ""evidence_minimum""
            ]
          }
        }
      ]
    },
    {
      ""token_id"": ""t16"",
      ""surface"": ""።።"",
      ""span"": {
        ""start"": 70,
        ""end"": 72
      },
      ""options"": [
        {
          ""option_id"": ""A"",
          ""pos"": ""N"",
          ""analysis"": {
            ""kind"": ""lexical"",
            ""root"": ""punct"",
            ""lemma"": ""።።"",
            ""pattern"": ""punctuation""
          },
          ""confidence"": {
            ""type"": ""low"",
            ""score"": 0.5
          },
          ""evidence"": {
            ""lexicon_status"": ""attested_in_lexicon"",
            ""attestation"": [],
            ""constraints_checked"": []
          }
        }
      ]
    },
    {
      ""token_id"": ""t17"",
      ""surface"": ""።።———"",
      ""span"": {
        ""start"": 73,
        ""end"": 78
      },
      ""options"": [
        {
          ""option_id"": ""A"",
          ""pos"": ""N"",
          ""analysis"": {
            ""kind"": ""lexical"",
            ""root"": ""punct"",
            ""lemma"": ""።።———"",
            ""pattern"": ""punctuation""
          },
          ""confidence"": {
            ""type"": ""ruled_out"",
            ""score"": 0.0
          },
          ""evidence"": {
            ""lexicon_status"": ""unattested"",
            ""attestation"": [],
            ""constraints_checked"": [
              ""evidence_minimum""
            ]
          }
        }
      ]
    },
    {
      ""token_id"": ""t18"",
      ""surface"": ""-"",
      ""span"": {
        ""start"": 79,
        ""end"": 80
      },
      ""options"": [
        {
          ""option_id"": ""A"",
          ""pos"": ""N"",
          ""analysis"": {
            ""kind"": ""lexical"",
            ""root"": ""punct"",
            ""lemma"": ""-"",
            ""pattern"": ""punctuation""
          },
          ""confidence"": {
            ""type"": ""ruled_out"",
            ""score"": 0.0
          },
          ""evidence"": {
            ""lexicon_status"": ""unattested"",
            ""attestation"": [],
            ""constraints_checked"": [
              ""evidence_minimum""
            ]
          }
        }
      ]
    },
    {
      ""token_id"": ""t19"",
      ""surface"": ""—"",
      ""span"": {
        ""start"": 81,
        ""end"": 82
      },
      ""options"": [
        {
          ""option_id"": ""A"",
          ""pos"": ""N"",
          ""analysis"": {
            ""kind"": ""lexical"",
            ""root"": ""punct"",
            ""lemma"": ""—"",
            ""pattern"": ""punctuation""
          },
          ""confidence"": {
            ""type"": ""ruled_out"",
            ""score"": 0.0
          },
          ""evidence"": {
            ""lexicon_status"": ""unattested"",
            ""attestation"": [],
            ""constraints_checked"": [
              ""evidence_minimum""
            ]
          }
        }
      ]
    },
    {
      ""token_id"": ""t20"",
      ""surface"": ""መ"",
      ""span"": {
        ""start"": 83,
        ""end"": 84
      },
      ""options"": [
        {
          ""option_id"": ""A"",
          ""pos"": ""N"",
          ""analysis"": {
            ""kind"": ""lexical"",
            ""root"": ""M"",
            ""lemma"": ""Ma"",
            ""pattern"": ""fragment""
          },
          ""confidence"": {
            ""type"": ""ruled_out"",
            ""score"": 0.0
          },
          ""evidence"": {
            ""lexicon_status"": ""unattested"",
            ""attestation"": [],
            ""constraints_checked"": [
              ""evidence_minimum""
            ]
          }
        }
      ]
    },
    {
      ""token_id"": ""t21"",
      ""surface"": ""፡"",
      ""span"": {
        ""start"": 85,
        ""end"": 86
      },
      ""options"": [
        {
          ""option_id"": ""A"",
          ""pos"": ""N"",
          ""analysis"": {
            ""kind"": ""lexical"",
            ""root"": ""punct"",
            ""lemma"": ""፡"",
            ""pattern"": ""punctuation""
          },
          ""confidence"": {
            ""type"": ""low"",
            ""score"": 0.5
          },
          ""evidence"": {
            ""lexicon_status"": ""attested_in_lexicon"",
            ""attestation"": [],
            ""constraints_checked"": []
          }
        }
      ]
    },
    {
      ""token_id"": ""t22"",
      ""surface"": ""ረ"",
      ""span"": {
        ""start"": 87,
        ""end"": 88
      },
      ""options"": [
        {
          ""option_id"": ""A"",
          ""pos"": ""N"",
          ""analysis"": {
            ""kind"": ""lexical"",
            ""root"": ""R"",
            ""lemma"": ""Ra"",
            ""pattern"": ""fragment""
          },
          ""confidence"": {
            ""type"": ""ruled_out"",
            ""score"": 0.0
          },
          ""evidence"": {
            ""lexicon_status"": ""unattested"",
            ""attestation"": [],
            ""constraints_checked"": [
              ""evidence_minimum""
            ]
          }
        }
      ]
    },
    {
      ""token_id"": ""t23"",
      ""surface"": ""፡"",
      ""span"": {
        ""start"": 89,
        ""end"": 90
      },
      ""options"": [
        {
          ""option_id"": ""A"",
          ""pos"": ""N"",
          ""analysis"": {
            ""kind"": ""lexical"",
            ""root"": ""punct"",
            ""lemma"": ""፡"",
            ""pattern"": ""punctuation""
          },
          ""confidence"": {
            ""type"": ""low"",
            ""score"": 0.5
          },
          ""evidence"": {
            ""lexicon_status"": ""attested_in_lexicon"",
            ""attestation"": [],
            ""constraints_checked"": []
          }
        }
      ]
    },
    {
      ""token_id"": ""t24"",
      ""surface"": ""ኅሩያነ"",
      ""span"": {
        ""start"": 91,
        ""end"": 95
      },
      ""options"": [
        {
          ""option_id"": ""A"",
          ""pos"": ""ADJ"",
          ""analysis"": {
            ""kind"": ""lexical"",
            ""root"": ""Ḫ-R-Y"",
            ""lemma"": ""Hiruyan"",
            ""pattern"": ""plural_adj""
          },
          ""confidence"": {
            ""type"": ""high"",
            ""score"": 0.9
          },
          ""evidence"": {
            ""lexicon_status"": ""attested_in_lexicon"",
            ""attestation"": [],
            ""constraints_checked"": []
          }
        }
      ]
    },
    {
      ""token_id"": ""t25"",
      ""surface"": ""፡"",
      ""span"": {
        ""start"": 96,
        ""end"": 97
      },
      ""options"": [
        {
          ""option_id"": ""A"",
          ""pos"": ""N"",
          ""analysis"": {
            ""kind"": ""lexical"",
            ""root"": ""punct"",
            ""lemma"": ""፡"",
            ""pattern"": ""punctuation""
          },
          ""confidence"": {
            ""type"": ""low"",
            ""score"": 0.5
          },
          ""evidence"": {
            ""lexicon_status"": ""attested_in_lexicon"",
            ""attestation"": [],
            ""constraints_checked"": []
          }
        }
      ]
    },
    {
      ""token_id"": ""t26"",
      ""surface"": ""ወጻድቃነ"",
      ""span"": {
        ""start"": 98,
        ""end"": 103
      },
      ""options"": [
        {
          ""option_id"": ""A"",
          ""pos"": ""ADJ"",
          ""analysis"": {
            ""kind"": ""lexical"",
            ""root"": ""Ts-D-Q"",
            ""lemma"": ""Tsadiqan"",
            ""pattern"": ""plural_adj""
          },
          ""confidence"": {
            ""type"": ""high"",
            ""score"": 0.9
          },
          ""evidence"": {
            ""lexicon_status"": ""attested_in_lexicon"",
            ""attestation"": [],
            ""constraints_checked"": []
          }
        }
      ]
    },
    {
      ""token_id"": ""t27"",
      ""surface"": ""፨"",
      ""span"": {
        ""start"": 104,
        ""end"": 105
      },
      ""options"": [
        {
          ""option_id"": ""A"",
          ""pos"": ""N"",
          ""analysis"": {
            ""kind"": ""lexical"",
            ""root"": ""punct"",
            ""lemma"": ""፨"",
            ""pattern"": ""punctuation""
          },
          ""confidence"": {
            ""type"": ""low"",
            ""score"": 0.5
          },
          ""evidence"": {
            ""lexicon_status"": ""attested_in_lexicon"",
            ""attestation"": [],
            ""constraints_checked"": []
          }
        }
      ]
    },
    {
      ""token_id"": ""t28"",
      ""surface"": ""እለ"",
      ""span"": {
        ""start"": 106,
        ""end"": 108
      },
      ""options"": [
        {
          ""option_id"": ""A"",
          ""pos"": ""PRO.REL"",
          ""analysis"": {
            ""kind"": ""functional"",
            ""root"": null,
            ""lemma"": ""Illa"",
            ""pattern"": ""function_word""
          },
          ""confidence"": {
            ""type"": ""high"",
            ""score"": 1.0
          },
          ""evidence"": {
            ""lexicon_status"": ""attested_in_lexicon"",
            ""attestation"": [],
            ""constraints_checked"": []
          }
        }
      ]
    },
    {
      ""token_id"": ""t29"",
      ""surface"": ""፡"",
      ""span"": {
        ""start"": 109,
        ""end"": 110
      },
      ""options"": [
        {
          ""option_id"": ""A"",
          ""pos"": ""N"",
          ""analysis"": {
            ""kind"": ""lexical"",
            ""root"": ""punct"",
            ""lemma"": ""፡"",
            ""pattern"": ""punctuation""
          },
          ""confidence"": {
            ""type"": ""low"",
            ""score"": 0.5
          },
          ""evidence"": {
            ""lexicon_status"": ""attested_in_lexicon"",
            ""attestation"": [],
            ""constraints_checked"": []
          }
        }
      ]
    },
    {
      ""token_id"": ""t30"",
      ""surface"": ""ሀለው"",
      ""span"": {
        ""start"": 111,
        ""end"": 114
      },
      ""options"": [
        {
          ""option_id"": ""A"",
          ""pos"": ""V"",
          ""analysis"": {
            ""kind"": ""lexical"",
            ""root"": ""H-L-W"",
            ""lemma"": ""Hallawa"",
            ""pattern"": ""verb_perfect""
          },
          ""confidence"": {
            ""type"": ""high"",
            ""score"": 0.9
          },
          ""evidence"": {
            ""lexicon_status"": ""attested_in_lexicon"",
            ""attestation"": [],
            ""constraints_checked"": []
          }
        }
      ]
    },
    {
      ""token_id"": ""t31"",
      ""surface"": ""፡"",
      ""span"": {
        ""start"": 115,
        ""end"": 116
      },
      ""options"": [
        {
          ""option_id"": ""A"",
          ""pos"": ""N"",
          ""analysis"": {
            ""kind"": ""lexical"",
            ""root"": ""punct"",
            ""lemma"": ""፡"",
            ""pattern"": ""punctuation""
          },
          ""confidence"": {
            ""type"": ""low"",
            ""score"": 0.5
          },
          ""evidence"": {
            ""lexicon_status"": ""attested_in_lexicon"",
            ""attestation"": [],
            ""constraints_checked"": []
          }
        }
      ]
    },
    {
      ""token_id"": ""t32"",
      ""surface"": ""ይኩኑ"",
      ""span"": {
        ""start"": 117,
        ""end"": 120
      },
      ""options"": [
        {
          ""option_id"": ""A"",
          ""pos"": ""V"",
          ""analysis"": {
            ""kind"": ""lexical"",
            ""root"": ""K-W-N"",
            ""lemma"": ""Kona"",
            ""pattern"": ""verb_imperfect""
          },
          ""confidence"": {
            ""type"": ""high"",
            ""score"": 0.9
          },
          ""evidence"": {
            ""lexicon_status"": ""attested_in_lexicon"",
            ""attestation"": [],
            ""constraints_checked"": []
          }
        }
      ]
    },
    {
      ""token_id"": ""t33"",
      ""surface"": ""፡"",
      ""span"": {
        ""start"": 121,
        ""end"": 122
      },
      ""options"": [
        {
          ""option_id"": ""A"",
          ""pos"": ""N"",
          ""analysis"": {
            ""kind"": ""lexical"",
            ""root"": ""punct"",
            ""lemma"": ""፡"",
            ""pattern"": ""punctuation""
          },
          ""confidence"": {
            ""type"": ""low"",
            ""score"": 0.5
          },
          ""evidence"": {
            ""lexicon_status"": ""attested_in_lexicon"",
            ""attestation"": [],
            ""constraints_checked"": []
          }
        }
      ]
    },
    {
      ""token_id"": ""t34"",
      ""surface"": ""ዕለተ"",
      ""span"": {
        ""start"": 123,
        ""end"": 126
      },
      ""options"": [
        {
          ""option_id"": ""A"",
          ""pos"": ""N"",
          ""analysis"": {
            ""kind"": ""lexical"",
            ""root"": ""ʿ-L-T"",
            ""lemma"": ""Elet"",
            ""pattern"": ""noun""
          },
          ""confidence"": {
            ""type"": ""high"",
            ""score"": 0.9
          },
          ""evidence"": {
            ""lexicon_status"": ""attested_in_lexicon"",
            ""attestation"": [],
            ""constraints_checked"": []
          }
        }
      ]
    },
    {
      ""token_id"": ""t35"",
      ""surface"": ""፡"",
      ""span"": {
        ""start"": 127,
        ""end"": 128
      },
      ""options"": [
        {
          ""option_id"": ""A"",
          ""pos"": ""N"",
          ""analysis"": {
            ""kind"": ""lexical"",
            ""root"": ""punct"",
            ""lemma"": ""፡"",
            ""pattern"": ""punctuation""
          },
          ""confidence"": {
            ""type"": ""low"",
            ""score"": 0.5
          },
          ""evidence"": {
            ""lexicon_status"": ""attested_in_lexicon"",
            ""attestation"": [],
            ""constraints_checked"": []
          }
        }
      ]
    },
    {
      ""token_id"": ""t36"",
      ""surface"": ""መንዳቢ"",
      ""span"": {
        ""start"": 129,
        ""end"": 133
      },
      ""options"": [
        {
          ""option_id"": ""A"",
          ""pos"": ""N"",
          ""analysis"": {
            ""kind"": ""lexical"",
            ""root"": ""D-B-Y"",
            ""lemma"": ""Mandabe"",
            ""pattern"": ""noun""
          },
          ""confidence"": {
            ""type"": ""high"",
            ""score"": 0.8
          },
          ""evidence"": {
            ""lexicon_status"": ""attested_in_lexicon"",
            ""attestation"": [],
            ""constraints_checked"": []
          }
        }
      ]
    },
    {
      ""token_id"": ""t37"",
      ""surface"": ""፨"",
      ""span"": {
        ""start"": 134,
        ""end"": 135
      },
      ""options"": [
        {
          ""option_id"": ""A"",
          ""pos"": ""N"",
          ""analysis"": {
            ""kind"": ""lexical"",
            ""root"": ""punct"",
            ""lemma"": ""፨"",
            ""pattern"": ""punctuation""
          },
          ""confidence"": {
            ""type"": ""low"",
            ""score"": 0.5
          },
          ""evidence"": {
            ""lexicon_status"": ""attested_in_lexicon"",
            ""attestation"": [],
            ""constraints_checked"": []
          }
        }
      ]
    },
    {
      ""token_id"": ""t38"",
      ""surface"": ""ለሰስሎ"",
      ""span"": {
        ""start"": 136,
        ""end"": 140
      },
      ""options"": [
        {
          ""option_id"": ""A"",
          ""pos"": ""N"",
          ""analysis"": {
            ""kind"": ""lexical"",
            ""root"": ""S-L-Y"",
            ""lemma"": ""Saslo"",
            ""pattern"": ""verbal_noun""
          },
          ""confidence"": {
            ""type"": ""medium"",
            ""score"": 0.7
          },
          ""evidence"": {
            ""lexicon_status"": ""attested_in_lexicon"",
            ""attestation"": [],
            ""constraints_checked"": []
          }
        }
      ]
    },
    {
      ""token_id"": ""t39"",
      ""surface"": ""፡"",
      ""span"": {
        ""start"": 141,
        ""end"": 142
      },
      ""options"": [
        {
          ""option_id"": ""A"",
          ""pos"": ""N"",
          ""analysis"": {
            ""kind"": ""lexical"",
            ""root"": ""punct"",
            ""lemma"": ""፡"",
            ""pattern"": ""punctuation""
          },
          ""confidence"": {
            ""type"": ""low"",
            ""score"": 0.5
          },
          ""evidence"": {
            ""lexicon_status"": ""attested_in_lexicon"",
            ""attestation"": [],
            ""constraints_checked"": []
          }
        }
      ]
    },
    {
      ""token_id"": ""t40"",
      ""surface"": ""ሎ"",
      ""span"": {
        ""start"": 143,
        ""end"": 144
      },
      ""options"": [
        {
          ""option_id"": ""A"",
          ""pos"": ""PREP"",
          ""analysis"": {
            ""kind"": ""lexical"",
            ""root"": ""L"",
            ""lemma"": ""La"",
            ""pattern"": ""preposition_suffix""
          },
          ""confidence"": {
            ""type"": ""medium"",
            ""score"": 0.7
          },
          ""evidence"": {
            ""lexicon_status"": ""attested_in_lexicon"",
            ""attestation"": [],
            ""constraints_checked"": []
          }
        }
      ]
    },
    {
      ""token_id"": ""t41"",
      ""surface"": ""፡"",
      ""span"": {
        ""start"": 145,
        ""end"": 146
      },
      ""options"": [
        {
          ""option_id"": ""A"",
          ""pos"": ""N"",
          ""analysis"": {
            ""kind"": ""lexical"",
            ""root"": ""punct"",
            ""lemma"": ""፡"",
            ""pattern"": ""punctuation""
          },
          ""confidence"": {
            ""type"": ""low"",
            ""score"": 0.5
          },
          ""evidence"": {
            ""lexicon_status"": ""attested_in_lexicon"",
            ""attestation"": [],
            ""constraints_checked"": []
          }
        }
      ]
    },
    {
      ""token_id"": ""t42"",
      ""surface"": ""እኩያን"",
      ""span"": {
        ""start"": 147,
        ""end"": 151
      },
      ""options"": [
        {
          ""option_id"": ""A"",
          ""pos"": ""ADJ"",
          ""analysis"": {
            ""kind"": ""lexical"",
            ""root"": ""A-K-Y"",
            ""lemma"": ""Ekuyan"",
            ""pattern"": ""plural_adj""
          },
          ""confidence"": {
            ""type"": ""high"",
            ""score"": 0.9
          },
          ""evidence"": {
            ""lexicon_status"": ""attested_in_lexicon"",
            ""attestation"": [],
            ""constraints_checked"": []
          }
        }
      ]
    },
    {
      ""token_id"": ""t43"",
      ""surface"": ""፡"",
      ""span"": {
        ""start"": 152,
        ""end"": 153
      },
      ""options"": [
        {
          ""option_id"": ""A"",
          ""pos"": ""N"",
          ""analysis"": {
            ""kind"": ""lexical"",
            ""root"": ""punct"",
            ""lemma"": ""፡"",
            ""pattern"": ""punctuation""
          },
          ""confidence"": {
            ""type"": ""low"",
            ""score"": 0.5
          },
          ""evidence"": {
            ""lexicon_status"": ""attested_in_lexicon"",
            ""attestation"": [],
            ""constraints_checked"": []
          }
        }
      ]
    },
    {
      ""token_id"": ""t44"",
      ""surface"": ""ወረሲዓን"",
      ""span"": {
        ""start"": 154,
        ""end"": 159
      },
      ""options"": [
        {
          ""option_id"": ""A"",
          ""pos"": ""ADJ"",
          ""analysis"": {
            ""kind"": ""lexical"",
            ""root"": ""R-S-ʿ"",
            ""lemma"": ""Rasi'an"",
            ""pattern"": ""plural_adj""
          },
          ""confidence"": {
            ""type"": ""high"",
            ""score"": 0.9
          },
          ""evidence"": {
            ""lexicon_status"": ""attested_in_lexicon"",
            ""attestation"": [],
            ""constraints_checked"": []
          }
        }
      ]
    },
    {
      ""token_id"": ""t45"",
      ""surface"": ""፨፨"",
      ""span"": {
        ""start"": 160,
        ""end"": 162
      },
      ""options"": [
        {
          ""option_id"": ""A"",
          ""pos"": ""N"",
          ""analysis"": {
            ""kind"": ""lexical"",
            ""root"": ""punct"",
            ""lemma"": ""፨፨"",
            ""pattern"": ""punctuation""
          },
          ""confidence"": {
            ""type"": ""low"",
            ""score"": 0.5
          },
          ""evidence"": {
            ""lexicon_status"": ""attested_in_lexicon"",
            ""attestation"": [],
            ""constraints_checked"": []
          }
        }
      ]
    }
  ]
}"
1,segment_002,segment,DONE,C:\Users\sasch\visionexe\stories\template\filmsets\story_001\segment_002\segment.txt,"{
  ""meta"": {
    ""schema_version"": ""1.0.0"",
    ""created_at"": ""2026-01-11T03:04:52Z"",
    ""created_by"": ""worker_llm_analysis_Morphologic"",
    ""language"": ""gez"",
    ""tagset_id"": ""GEZ-POS-1"",
    ""tokenization_policy"": ""whitespace""
  },
  ""source"": {
    ""witness_id"": ""story_001/segment_002"",
    ""graphematic_string"": ""Chapter 1 Segment 2\n\nወውሥ፡ወይቤ፡ሄኖ፡\nብእሲ፡ጻድቅ፡ዘእምኀ፡\nእግዚብሔር፡እንዘ፡ዕይንቲሁ፡\nሡታት።ወይሬኢ፡ራእየ፡\nቅዱሰ፡ዘሰማያት፡ዘርዩኒ፡\nመላእት፨ወሰማዕኩ፡\nእምኀቤሆሙ፡\nሎ።ወእመርኩ፡ነ፡ዘእሬኢ፡\nወ፡ለዝ፡ትውልድ፡ላ፡ለዘ፡\nይመጽእ፡እምርሑቃት፡እንተ፡\nኅሩያን፨፨"",
    ""normalization_policy"": ""none"",
    ""uncertainties"": []
  },
  ""tokens"": [
    {
      ""token_id"": ""t1"",
      ""surface"": ""Chapter"",
      ""span"": {
        ""start"": 0,
        ""end"": 7
      },
      ""options"": [
        {
          ""option_id"": ""A"",
          ""pos"": ""N"",
          ""analysis"": {
            ""kind"": ""lexical"",
            ""root"": ""chapter"",
            ""lemma"": ""Chapter"",
            ""pattern"": ""english""
          },
          ""confidence"": {
            ""type"": ""high"",
            ""score"": 0.99
          },
          ""evidence"": {
            ""lexicon_status"": ""attested_in_lexicon"",
            ""attestation"": [],
            ""constraints_checked"": []
          }
        }
      ]
    },
    {
      ""token_id"": ""t2"",
      ""surface"": ""1"",
      ""span"": {
        ""start"": 8,
        ""end"": 9
      },
      ""options"": [
        {
          ""option_id"": ""A"",
          ""pos"": ""NUM"",
          ""analysis"": {
            ""kind"": ""lexical"",
            ""root"": ""1"",
            ""lemma"": ""1"",
            ""pattern"": ""digit""
          },
          ""confidence"": {
            ""type"": ""high"",
            ""score"": 1.0
          },
          ""evidence"": {
            ""lexicon_status"": ""attested_in_lexicon"",
            ""attestation"": [],
            ""constraints_checked"": []
          }
        }
      ]
    },
    {
      ""token_id"": ""t3"",
      ""surface"": ""Segment"",
      ""span"": {
        ""start"": 10,
        ""end"": 17
      },
      ""options"": [
        {
          ""option_id"": ""A"",
          ""pos"": ""N"",
          ""analysis"": {
            ""kind"": ""lexical"",
            ""root"": ""segment"",
            ""lemma"": ""Segment"",
            ""pattern"": ""english""
          },
          ""confidence"": {
            ""type"": ""high"",
            ""score"": 0.99
          },
          ""evidence"": {
            ""lexicon_status"": ""attested_in_lexicon"",
            ""attestation"": [],
            ""constraints_checked"": []
          }
        }
      ]
    },
    {
      ""token_id"": ""t4"",
      ""surface"": ""2"",
      ""span"": {
        ""start"": 18,
        ""end"": 19
      },
      ""options"": [
        {
          ""option_id"": ""A"",
          ""pos"": ""NUM"",
          ""analysis"": {
            ""kind"": ""lexical"",
            ""root"": ""2"",
            ""lemma"": ""2"",
            ""pattern"": ""digit""
          },
          ""confidence"": {
            ""type"": ""high"",
            ""score"": 1.0
          },
          ""evidence"": {
            ""lexicon_status"": ""attested_in_lexicon"",
            ""attestation"": [],
            ""constraints_checked"": []
          }
        }
      ]
    },
    {
      ""token_id"": ""t5"",
      ""surface"": ""ወውሥ፡ወይቤ፡ሄኖ፡"",
      ""span"": {
        ""start"": 21,
        ""end"": 32
      },
      ""options"": [
        {
          ""option_id"": ""A"",
          ""pos"": ""V"",
          ""analysis"": {
            ""kind"": ""lexical"",
            ""root"": ""B-H-L"",
            ""lemma"": ""Yibe"",
            ""pattern"": ""verb_compound""
          },
          ""confidence"": {
            ""type"": ""medium"",
            ""score"": 0.6
          },
          ""evidence"": {
            ""lexicon_status"": ""attested_in_lexicon"",
            ""attestation"": [],
            ""constraints_checked"": []
          }
        }
      ]
    },
    {
      ""token_id"": ""t6"",
      ""surface"": ""ብእሲ፡ጻድቅ፡ዘእምኀ፡"",
      ""span"": {
        ""start"": 33,
        ""end"": 46
      },
      ""options"": [
        {
          ""option_id"": ""A"",
          ""pos"": ""N"",
          ""analysis"": {
            ""kind"": ""lexical"",
            ""root"": ""B-A-S"",
            ""lemma"": ""Be'esi"",
            ""pattern"": ""noun_phrase""
          },
          ""confidence"": {
            ""type"": ""medium"",
            ""score"": 0.7
          },
          ""evidence"": {
            ""lexicon_status"": ""attested_in_lexicon"",
            ""attestation"": [],
            ""constraints_checked"": []
          }
        }
      ]
    },
    {
      ""token_id"": ""t7"",
      ""surface"": ""እግዚብሔር፡እንዘ፡ዕይንቲሁ፡"",
      ""span"": {
        ""start"": 47,
        ""end"": 64
      },
      ""options"": [
        {
          ""option_id"": ""A"",
          ""pos"": ""N"",
          ""analysis"": {
            ""kind"": ""lexical"",
            ""root"": ""G-Z-Y"",
            ""lemma"": ""Egziabher"",
            ""pattern"": ""proper_noun_phrase""
          },
          ""confidence"": {
            ""type"": ""high"",
            ""score"": 0.8
          },
          ""evidence"": {
            ""lexicon_status"": ""attested_in_lexicon"",
            ""attestation"": [],
            ""constraints_checked"": []
          }
        }
      ]
    },
    {
      ""token_id"": ""t8"",
      ""surface"": ""ሡታት።ወይሬኢ፡ራእየ፡"",
      ""span"": {
        ""start"": 65,
        ""end"": 78
      },
      ""options"": [
        {
          ""option_id"": ""A"",
          ""pos"": ""V"",
          ""analysis"": {
            ""kind"": ""lexical"",
            ""root"": ""R-A-Y"",
            ""lemma"": ""Re'aya"",
            ""pattern"": ""verb_phrase""
          },
          ""confidence"": {
            ""type"": ""medium"",
            ""score"": 0.7
          },
          ""evidence"": {
            ""lexicon_status"": ""attested_in_lexicon"",
            ""attestation"": [],
            ""constraints_checked"": []
          }
        }
      ]
    },
    {
      ""token_id"": ""t9"",
      ""surface"": ""ቅዱሰ፡ዘሰማያት፡ዘርዩኒ፡"",
      ""span"": {
        ""start"": 79,
        ""end"": 94
      },
      ""options"": [
        {
          ""option_id"": ""A"",
          ""pos"": ""N"",
          ""analysis"": {
            ""kind"": ""lexical"",
            ""root"": ""Q-D-S"",
            ""lemma"": ""Qiddus"",
            ""pattern"": ""noun_phrase""
          },
          ""confidence"": {
            ""type"": ""medium"",
            ""score"": 0.7
          },
          ""evidence"": {
            ""lexicon_status"": ""attested_in_lexicon"",
            ""attestation"": [],
            ""constraints_checked"": []
          }
        }
      ]
    },
    {
      ""token_id"": ""t10"",
      ""surface"": ""መላእት፨ወሰማዕኩ፡"",
      ""span"": {
        ""start"": 95,
        ""end"": 106
      },
      ""options"": [
        {
          ""option_id"": ""A"",
          ""pos"": ""N"",
          ""analysis"": {
            ""kind"": ""lexical"",
            ""root"": ""M-L-K"",
            ""lemma"": ""Malaekt"",
            ""pattern"": ""noun_phrase""
          },
          ""confidence"": {
            ""type"": ""medium"",
            ""score"": 0.7
          },
          ""evidence"": {
            ""lexicon_status"": ""attested_in_lexicon"",
            ""attestation"": [],
            ""constraints_checked"": []
          }
        }
      ]
    },
    {
      ""token_id"": ""t11"",
      ""surface"": ""እምኀቤሆሙ፡"",
      ""span"": {
        ""start"": 107,
        ""end"": 114
      },
      ""options"": [
        {
          ""option_id"": ""A"",
          ""pos"": ""PREP"",
          ""analysis"": {
            ""kind"": ""lexical"",
            ""root"": ""M"",
            ""lemma"": ""Em"",
            ""pattern"": ""prep_phrase""
          },
          ""confidence"": {
            ""type"": ""medium"",
            ""score"": 0.6
          },
          ""evidence"": {
            ""lexicon_status"": ""attested_in_lexicon"",
            ""attestation"": [],
            ""constraints_checked"": []
          }
        }
      ]
    },
    {
      ""token_id"": ""t12"",
      ""surface"": ""ሎ።ወእመርኩ፡ነ፡ዘእሬኢ፡"",
      ""span"": {
        ""start"": 115,
        ""end"": 130
      },
      ""options"": [
        {
          ""option_id"": ""A"",
          ""pos"": ""V"",
          ""analysis"": {
            ""kind"": ""lexical"",
            ""root"": ""R-A-Y"",
            ""lemma"": ""Re'aya"",
            ""pattern"": ""verb_phrase""
          },
          ""confidence"": {
            ""type"": ""medium"",
            ""score"": 0.6
          },
          ""evidence"": {
            ""lexicon_status"": ""attested_in_lexicon"",
            ""attestation"": [],
            ""constraints_checked"": []
          }
        }
      ]
    },
    {
      ""token_id"": ""t13"",
      ""surface"": ""ወ፡ለዝ፡ትውልድ፡ላ፡ለዘ፡"",
      ""span"": {
        ""start"": 131,
        ""end"": 146
      },
      ""options"": [
        {
          ""option_id"": ""A"",
          ""pos"": ""N"",
          ""analysis"": {
            ""kind"": ""lexical"",
            ""root"": ""W-L-D"",
            ""lemma"": ""Tewlid"",
            ""pattern"": ""noun_phrase""
          },
          ""confidence"": {
            ""type"": ""medium"",
            ""score"": 0.6
          },
          ""evidence"": {
            ""lexicon_status"": ""attested_in_lexicon"",
            ""attestation"": [],
            ""constraints_checked"": []
          }
        }
      ]
    },
    {
      ""token_id"": ""t14"",
      ""surface"": ""ይመጽእ፡እምርሑቃት፡እንተ፡"",
      ""span"": {
        ""start"": 147,
        ""end"": 163
      },
      ""options"": [
        {
          ""option_id"": ""A"",
          ""pos"": ""V"",
          ""analysis"": {
            ""kind"": ""lexical"",
            ""root"": ""M-Ts-A"",
            ""lemma"": ""Matse'a"",
            ""pattern"": ""verb_phrase""
          },
          ""confidence"": {
            ""type"": ""medium"",
            ""score"": 0.6
          },
          ""evidence"": {
            ""lexicon_status"": ""attested_in_lexicon"",
            ""attestation"": [],
            ""constraints_checked"": []
          }
        }
      ]
    },
    {
      ""token_id"": ""t15"",
      ""surface"": ""ኅሩያን፨፨"",
      ""span"": {
        ""start"": 164,
        ""end"": 170
      },
      ""options"": [
        {
          ""option_id"": ""A"",
          ""pos"": ""ADJ"",
          ""analysis"": {
            ""kind"": ""lexical"",
            ""root"": ""Ḫ-R-Y"",
            ""lemma"": ""Hiruyan"",
            ""pattern"": ""plural_adj""
          },
          ""confidence"": {
            ""type"": ""high"",
            ""score"": 0.8
          },
          ""evidence"": {
            ""lexicon_status"": ""attested_in_lexicon"",
            ""attestation"": [],
            ""constraints_checked"": []
          }
        }
      ]
    }
  ]
}"
1,segment_003,segment,DONE,C:\Users\sasch\visionexe\stories\template\filmsets\story_001\segment_003\segment.txt,"{
  ""meta"": {
    ""schema_version"": ""1.0.0"",
    ""created_at"": ""2026-01-11T03:04:52Z"",
    ""created_by"": ""worker_llm_analysis_Morphologic"",
    ""language"": ""gez"",
    ""tagset_id"": ""GEZ-POS-1"",
    ""tokenization_policy"": ""whitespace""
  },
  ""source"": {
    ""witness_id"": ""story_001/segment_003"",
    ""graphematic_string"": ""Chapter 1 Segment 3\n\nእንተ፡ኅሩያን፨እቤ፡ወውሣእ\nኩ፡እንቲሆሙ፡ምስለ፡ዘይወጽ\nእ፡ቅዱስ፡ወዓቢይ፡እማኅደሩ፡ወ\nምላ፡ዓለም።"",
    ""normalization_policy"": ""none"",
    ""uncertainties"": []
  },
  ""tokens"": [
    {
      ""token_id"": ""t1"",
      ""surface"": ""Chapter"",
      ""span"": {
        ""start"": 0,
        ""end"": 7
      },
      ""options"": [
        {
          ""option_id"": ""A"",
          ""pos"": ""N"",
          ""analysis"": {
            ""kind"": ""lexical"",
            ""root"": ""chapter"",
            ""lemma"": ""Chapter"",
            ""pattern"": ""english""
          },
          ""confidence"": {
            ""type"": ""high"",
            ""score"": 0.99
          },
          ""evidence"": {
            ""lexicon_status"": ""attested_in_lexicon"",
            ""attestation"": [],
            ""constraints_checked"": []
          }
        }
      ]
    },
    {
      ""token_id"": ""t2"",
      ""surface"": ""1"",
      ""span"": {
        ""start"": 8,
        ""end"": 9
      },
      ""options"": [
        {
          ""option_id"": ""A"",
          ""pos"": ""NUM"",
          ""analysis"": {
            ""kind"": ""lexical"",
            ""root"": ""1"",
            ""lemma"": ""1"",
            ""pattern"": ""digit""
          },
          ""confidence"": {
            ""type"": ""high"",
            ""score"": 1.0
          },
          ""evidence"": {
            ""lexicon_status"": ""attested_in_lexicon"",
            ""attestation"": [],
            ""constraints_checked"": []
          }
        }
      ]
    },
    {
      ""token_id"": ""t3"",
      ""surface"": ""Segment"",
      ""span"": {
        ""start"": 10,
        ""end"": 17
      },
      ""options"": [
        {
          ""option_id"": ""A"",
          ""pos"": ""N"",
          ""analysis"": {
            ""kind"": ""lexical"",
            ""root"": ""segment"",
            ""lemma"": ""Segment"",
            ""pattern"": ""english""
          },
          ""confidence"": {
            ""type"": ""high"",
            ""score"": 0.99
          },
          ""evidence"": {
            ""lexicon_status"": ""attested_in_lexicon"",
            ""attestation"": [],
            ""constraints_checked"": []
          }
        }
      ]
    },
    {
      ""token_id"": ""t4"",
      ""surface"": ""3"",
      ""span"": {
        ""start"": 18,
        ""end"": 19
      },
      ""options"": [
        {
          ""option_id"": ""A"",
          ""pos"": ""NUM"",
          ""analysis"": {
            ""kind"": ""lexical"",
            ""root"": ""3"",
            ""lemma"": ""3"",
            ""pattern"": ""digit""
          },
          ""confidence"": {
            ""type"": ""high"",
            ""score"": 1.0
          },
          ""evidence"": {
            ""lexicon_status"": ""attested_in_lexicon"",
            ""attestation"": [],
            ""constraints_checked"": []
          }
        }
      ]
    },
    {
      ""token_id"": ""t5"",
      ""surface"": ""እንተ፡ኅሩያን፨እቤ፡ወውሣእ"",
      ""span"": {
        ""start"": 21,
        ""end"": 37
      },
      ""options"": [
        {
          ""option_id"": ""A"",
          ""pos"": ""N"",
          ""analysis"": {
            ""kind"": ""lexical"",
            ""root"": ""Ḫ-R-Y"",
            ""lemma"": ""Hiruyan"",
            ""pattern"": ""noun_phrase""
          },
          ""confidence"": {
            ""type"": ""medium"",
            ""score"": 0.6
          },
          ""evidence"": {
            ""lexicon_status"": ""attested_in_lexicon"",
            ""attestation"": [],
            ""constraints_checked"": []
          }
        }
      ]
    },
    {
      ""token_id"": ""t6"",
      ""surface"": ""ኩ፡እንቲሆሙ፡ምስለ፡ዘይወጽ"",
      ""span"": {
        ""start"": 38,
        ""end"": 54
      },
      ""options"": [
        {
          ""option_id"": ""A"",
          ""pos"": ""PREP"",
          ""analysis"": {
            ""kind"": ""lexical"",
            ""root"": ""M-S-L"",
            ""lemma"": ""Mesla"",
            ""pattern"": ""prep_phrase""
          },
          ""confidence"": {
            ""type"": ""medium"",
            ""score"": 0.6
          },
          ""evidence"": {
            ""lexicon_status"": ""attested_in_lexicon"",
            ""attestation"": [],
            ""constraints_checked"": []
          }
        }
      ]
    },
    {
      ""token_id"": ""t7"",
      ""surface"": ""እ፡ቅዱስ፡ወዓቢይ፡እማኅደሩ፡ወ"",
      ""span"": {
        ""start"": 55,
        ""end"": 73
      },
      ""options"": [
        {
          ""option_id"": ""A"",
          ""pos"": ""ADJ"",
          ""analysis"": {
            ""kind"": ""lexical"",
            ""root"": ""Q-D-S"",
            ""lemma"": ""Qiddus"",
            ""pattern"": ""noun_phrase""
          },
          ""confidence"": {
            ""type"": ""medium"",
            ""score"": 0.7
          },
          ""evidence"": {
            ""lexicon_status"": ""attested_in_lexicon"",
            ""attestation"": [],
            ""constraints_checked"": []
          }
        }
      ]
    },
    {
      ""token_id"": ""t8"",
      ""surface"": ""ምላ፡ዓለም።"",
      ""span"": {
        ""start"": 74,
        ""end"": 81
      },
      ""options"": [
        {
          ""option_id"": ""A"",
          ""pos"": ""N"",
          ""analysis"": {
            ""kind"": ""lexical"",
            ""root"": ""ʿ-L-M"",
            ""lemma"": ""Alam"",
            ""pattern"": ""noun_phrase""
          },
          ""confidence"": {
            ""type"": ""medium"",
            ""score"": 0.7
          },
          ""evidence"": {
            ""lexicon_status"": ""attested_in_lexicon"",
            ""attestation"": [],
            ""constraints_checked"": []
          }
        }
      ]
    }
  ]
}"
1,segment_004,segment,DONE,C:\Users\sasch\visionexe\stories\template\filmsets\story_001\segment_004\segment.txt,"{
  ""meta"": {
    ""schema_version"": ""1.0.0"",
    ""created_at"": ""2026-01-11T03:04:52Z"",
    ""created_by"": ""worker_llm_analysis_Morphologic"",
    ""language"": ""gez"",
    ""tagset_id"": ""GEZ-POS-1"",
    ""tokenization_policy"": ""whitespace""
  },
  ""source"": {
    ""witness_id"": ""story_001/segment_004"",
    ""graphematic_string"": ""Chapter 1 Segment 4\n\nወእምህየ፡ይይድ፡ዲ፡ሲና፡\nደብር፡ወያስተርኢ፡ትዕይንቱ፡\nወያስተርኢ፡ጽንዓ፡ኃይሉ፡\nእምሰማይ፨"",
    ""normalization_policy"": ""none"",
    ""uncertainties"": []
  },
  ""tokens"": [
    {
      ""token_id"": ""t1"",
      ""surface"": ""Chapter"",
      ""span"": {
        ""start"": 0,
        ""end"": 7
      },
      ""options"": [
        {
          ""option_id"": ""A"",
          ""pos"": ""N"",
          ""analysis"": {
            ""kind"": ""lexical"",
            ""root"": ""chapter"",
            ""lemma"": ""Chapter"",
            ""pattern"": ""english""
          },
          ""confidence"": {
            ""type"": ""high"",
            ""score"": 0.99
          },
          ""evidence"": {
            ""lexicon_status"": ""attested_in_lexicon"",
            ""attestation"": [],
            ""constraints_checked"": []
          }
        }
      ]
    },
    {
      ""token_id"": ""t2"",
      ""surface"": ""1"",
      ""span"": {
        ""start"": 8,
        ""end"": 9
      },
      ""options"": [
        {
          ""option_id"": ""A"",
          ""pos"": ""NUM"",
          ""analysis"": {
            ""kind"": ""lexical"",
            ""root"": ""1"",
            ""lemma"": ""1"",
            ""pattern"": ""digit""
          },
          ""confidence"": {
            ""type"": ""high"",
            ""score"": 1.0
          },
          ""evidence"": {
            ""lexicon_status"": ""attested_in_lexicon"",
            ""attestation"": [],
            ""constraints_checked"": []
          }
        }
      ]
    },
    {
      ""token_id"": ""t3"",
      ""surface"": ""Segment"",
      ""span"": {
        ""start"": 10,
        ""end"": 17
      },
      ""options"": [
        {
          ""option_id"": ""A"",
          ""pos"": ""N"",
          ""analysis"": {
            ""kind"": ""lexical"",
            ""root"": ""segment"",
            ""lemma"": ""Segment"",
            ""pattern"": ""english""
          },
          ""confidence"": {
            ""type"": ""high"",
            ""score"": 0.99
          },
          ""evidence"": {
            ""lexicon_status"": ""attested_in_lexicon"",
            ""attestation"": [],
            ""constraints_checked"": []
          }
        }
      ]
    },
    {
      ""token_id"": ""t4"",
      ""surface"": ""4"",
      ""span"": {
        ""start"": 18,
        ""end"": 19
      },
      ""options"": [
        {
          ""option_id"": ""A"",
          ""pos"": ""NUM"",
          ""analysis"": {
            ""kind"": ""lexical"",
            ""root"": ""4"",
            ""lemma"": ""4"",
            ""pattern"": ""digit""
          },
          ""confidence"": {
            ""type"": ""high"",
            ""score"": 1.0
          },
          ""evidence"": {
            ""lexicon_status"": ""attested_in_lexicon"",
            ""attestation"": [],
            ""constraints_checked"": []
          }
        }
      ]
    },
    {
      ""token_id"": ""t5"",
      ""surface"": ""ወእምህየ፡ይይድ፡ዲ፡ሲና፡"",
      ""span"": {
        ""start"": 21,
        ""end"": 36
      },
      ""options"": [
        {
          ""option_id"": ""A"",
          ""pos"": ""PN"",
          ""analysis"": {
            ""kind"": ""lexical"",
            ""root"": ""S-Y-N"",
            ""lemma"": ""Sina"",
            ""pattern"": ""proper_noun_phrase""
          },
          ""confidence"": {
            ""type"": ""medium"",
            ""score"": 0.7
          },
          ""evidence"": {
            ""lexicon_status"": ""attested_in_lexicon"",
            ""attestation"": [],
            ""constraints_checked"": []
          }
        }
      ]
    },
    {
      ""token_id"": ""t6"",
      ""surface"": ""ደብር፡ወያስተርኢ፡ትዕይንቱ፡"",
      ""span"": {
        ""start"": 37,
        ""end"": 54
      },
      ""options"": [
        {
          ""option_id"": ""A"",
          ""pos"": ""V"",
          ""analysis"": {
            ""kind"": ""lexical"",
            ""root"": ""R-A-Y"",
            ""lemma"": ""Yasteri"",
            ""pattern"": ""verb_phrase""
          },
          ""confidence"": {
            ""type"": ""medium"",
            ""score"": 0.6
          },
          ""evidence"": {
            ""lexicon_status"": ""attested_in_lexicon"",
            ""attestation"": [],
            ""constraints_checked"": []
          }
        }
      ]
    },
    {
      ""token_id"": ""t7"",
      ""surface"": ""ወያስተርኢ፡ጽንዓ፡ኃይሉ፡"",
      ""span"": {
        ""start"": 55,
        ""end"": 70
      },
      ""options"": [
        {
          ""option_id"": ""A"",
          ""pos"": ""V"",
          ""analysis"": {
            ""kind"": ""lexical"",
            ""root"": ""R-A-Y"",
            ""lemma"": ""Yasteri"",
            ""pattern"": ""verb_phrase""
          },
          ""confidence"": {
            ""type"": ""medium"",
            ""score"": 0.6
          },
          ""evidence"": {
            ""lexicon_status"": ""attested_in_lexicon"",
            ""attestation"": [],
            ""constraints_checked"": []
          }
        }
      ]
    },
    {
      ""token_id"": ""t8"",
      ""surface"": ""እምሰማይ፨"",
      ""span"": {
        ""start"": 71,
        ""end"": 77
      },
      ""options"": [
        {
          ""option_id"": ""A"",
          ""pos"": ""N"",
          ""analysis"": {
            ""kind"": ""lexical"",
            ""root"": ""S-M-Y"",
            ""lemma"": ""Samay"",
            ""pattern"": ""noun""
          },
          ""confidence"": {
            ""type"": ""high"",
            ""score"": 0.9
          },
          ""evidence"": {
            ""lexicon_status"": ""attested_in_lexicon"",
            ""attestation"": [],
            ""constraints_checked"": []
          }
        }
      ]
    }
  ]
}"
1,segment_005,segment,DONE,C:\Users\sasch\visionexe\stories\template\filmsets\story_001\segment_005\segment.txt,"{
  ""meta"": {
    ""schema_version"": ""1.0.0"",
    ""created_at"": ""2026-01-11T03:04:52Z"",
    ""created_by"": ""worker_llm_analysis_Morphologic"",
    ""language"": ""gez"",
    ""tagset_id"": ""GEZ-POS-1"",
    ""tokenization_policy"": ""whitespace""
  },
  ""source"": {
    ""witness_id"": ""story_001/segment_005"",
    ""graphematic_string"": ""Chapter 1 Segment 5\n\nወይፈርህ፡ሉ፡ወያድለቀልቁ፡\nትጉሃን፨ወይነሥኦሙ፡ፍርሀት፡\nወረዓድ፡ዓቢይ፡እስ፡ጽናፈ፡\nምድር፡"",
    ""normalization_policy"": ""none"",
    ""uncertainties"": []
  },
  ""tokens"": [
    {
      ""token_id"": ""t1"",
      ""surface"": ""Chapter"",
      ""span"": {
        ""start"": 0,
        ""end"": 7
      },
      ""options"": [
        {
          ""option_id"": ""A"",
          ""pos"": ""N"",
          ""analysis"": {
            ""kind"": ""lexical"",
            ""root"": ""chapter"",
            ""lemma"": ""Chapter"",
            ""pattern"": ""english""
          },
          ""confidence"": {
            ""type"": ""high"",
            ""score"": 0.99
          },
          ""evidence"": {
            ""lexicon_status"": ""attested_in_lexicon"",
            ""attestation"": [],
            ""constraints_checked"": []
          }
        }
      ]
    },
    {
      ""token_id"": ""t2"",
      ""surface"": ""1"",
      ""span"": {
        ""start"": 8,
        ""end"": 9
      },
      ""options"": [
        {
          ""option_id"": ""A"",
          ""pos"": ""NUM"",
          ""analysis"": {
            ""kind"": ""lexical"",
            ""root"": ""1"",
            ""lemma"": ""1"",
            ""pattern"": ""digit""
          },
          ""confidence"": {
            ""type"": ""high"",
            ""score"": 1.0
          },
          ""evidence"": {
            ""lexicon_status"": ""attested_in_lexicon"",
            ""attestation"": [],
            ""constraints_checked"": []
          }
        }
      ]
    },
    {
      ""token_id"": ""t3"",
      ""surface"": ""Segment"",
      ""span"": {
        ""start"": 10,
        ""end"": 17
      },
      ""options"": [
        {
          ""option_id"": ""A"",
          ""pos"": ""N"",
          ""analysis"": {
            ""kind"": ""lexical"",
            ""root"": ""segment"",
            ""lemma"": ""Segment"",
            ""pattern"": ""english""
          },
          ""confidence"": {
            ""type"": ""high"",
            ""score"": 0.99
          },
          ""evidence"": {
            ""lexicon_status"": ""attested_in_lexicon"",
            ""attestation"": [],
            ""constraints_checked"": []
          }
        }
      ]
    },
    {
      ""token_id"": ""t4"",
      ""surface"": ""5"",
      ""span"": {
        ""start"": 18,
        ""end"": 19
      },
      ""options"": [
        {
          ""option_id"": ""A"",
          ""pos"": ""NUM"",
          ""analysis"": {
            ""kind"": ""lexical"",
            ""root"": ""5"",
            ""lemma"": ""5"",
            ""pattern"": ""digit""
          },
          ""confidence"": {
            ""type"": ""high"",
            ""score"": 1.0
          },
          ""evidence"": {
            ""lexicon_status"": ""attested_in_lexicon"",
            ""attestation"": [],
            ""constraints_checked"": []
          }
        }
      ]
    },
    {
      ""token_id"": ""t5"",
      ""surface"": ""ወይፈርህ፡ሉ፡ወያድለቀልቁ፡"",
      ""span"": {
        ""start"": 21,
        ""end"": 37
      },
      ""options"": [
        {
          ""option_id"": ""A"",
          ""pos"": ""V"",
          ""analysis"": {
            ""kind"": ""lexical"",
            ""root"": ""F-R-H"",
            ""lemma"": ""Yiferh"",
            ""pattern"": ""verb_phrase""
          },
          ""confidence"": {
            ""type"": ""medium"",
            ""score"": 0.6
          },
          ""evidence"": {
            ""lexicon_status"": ""attested_in_lexicon"",
            ""attestation"": [],
            ""constraints_checked"": []
          }
        }
      ]
    },
    {
      ""token_id"": ""t6"",
      ""surface"": ""ትጉሃን፨ወይነሥኦሙ፡ፍርሀት፡"",
      ""span"": {
        ""start"": 38,
        ""end"": 55
      },
      ""options"": [
        {
          ""option_id"": ""A"",
          ""pos"": ""N"",
          ""analysis"": {
            ""kind"": ""lexical"",
            ""root"": ""T-G-H"",
            ""lemma"": ""Tiguhan"",
            ""pattern"": ""noun_phrase""
          },
          ""confidence"": {
            ""type"": ""medium"",
            ""score"": 0.7
          },
          ""evidence"": {
            ""lexicon_status"": ""attested_in_lexicon"",
            ""attestation"": [],
            ""constraints_checked"": []
          }
        }
      ]
    },
    {
      ""token_id"": ""t7"",
      ""surface"": ""ወረዓድ፡ዓቢይ፡እስ፡ጽናፈ፡"",
      ""span"": {
        ""start"": 56,
        ""end"": 72
      },
      ""options"": [
        {
          ""option_id"": ""A"",
          ""pos"": ""N"",
          ""analysis"": {
            ""kind"": ""lexical"",
            ""root"": ""R-ʿ-D"",
            ""lemma"": ""Ra'ad"",
            ""pattern"": ""noun_phrase""
          },
          ""confidence"": {
            ""type"": ""medium"",
            ""score"": 0.7
          },
          ""evidence"": {
            ""lexicon_status"": ""attested_in_lexicon"",
            ""attestation"": [],
            ""constraints_checked"": []
          }
        }
      ]
    },
    {
      ""token_id"": ""t8"",
      ""surface"": ""ምድር፡"",
      ""span"": {
        ""start"": 73,
        ""end"": 77
      },
      ""options"": [
        {
          ""option_id"": ""A"",
          ""pos"": ""N"",
          ""analysis"": {
            ""kind"": ""lexical"",
            ""root"": ""M-D-R"",
            ""lemma"": ""Midir"",
            ""pattern"": ""noun""
          },
          ""confidence"": {
            ""type"": ""high"",
            ""score"": 0.9
          },
          ""evidence"": {
            ""lexicon_status"": ""attested_in_lexicon"",
            ""attestation"": [],
            ""constraints_checked"": []
          }
        }
      ]
    }
  ]
}"
1,segment_006,segment,DONE,C:\Users\sasch\visionexe\stories\template\filmsets\story_001\segment_006\segment.txt,"{
  ""meta"": {
    ""schema_version"": ""1.0.0"",
    ""created_at"": ""2026-01-11T03:04:52Z"",
    ""created_by"": ""worker_llm_analysis_Morphologic"",
    ""language"": ""gez"",
    ""tagset_id"": ""GEZ-POS-1"",
    ""tokenization_policy"": ""whitespace""
  },
  ""source"": {
    ""witness_id"": ""story_001/segment_006"",
    ""graphematic_string"": ""Chapter 1 Segment 6\n\nወይደነግፁ፡ድባር፡ነዋኃን፡\nወይቴሐቱ፡ውግር፡\nነዋኃት፨ወይትመሰዉ፡መ፡\nመዓረ፡ግራ፡እምላህብ፨"",
    ""normalization_policy"": ""none"",
    ""uncertainties"": []
  },
  ""tokens"": [
    {
      ""token_id"": ""t1"",
      ""surface"": ""Chapter"",
      ""span"": {
        ""start"": 0,
        ""end"": 7
      },
      ""options"": [
        {
          ""option_id"": ""A"",
          ""pos"": ""N"",
          ""analysis"": {
            ""kind"": ""lexical"",
            ""root"": ""chapter"",
            ""lemma"": ""Chapter"",
            ""pattern"": ""english""
          },
          ""confidence"": {
            ""type"": ""high"",
            ""score"": 0.99
          },
          ""evidence"": {
            ""lexicon_status"": ""attested_in_lexicon"",
            ""attestation"": [],
            ""constraints_checked"": []
          }
        }
      ]
    },
    {
      ""token_id"": ""t2"",
      ""surface"": ""1"",
      ""span"": {
        ""start"": 8,
        ""end"": 9
      },
      ""options"": [
        {
          ""option_id"": ""A"",
          ""pos"": ""NUM"",
          ""analysis"": {
            ""kind"": ""lexical"",
            ""root"": ""1"",
            ""lemma"": ""1"",
            ""pattern"": ""digit""
          },
          ""confidence"": {
            ""type"": ""high"",
            ""score"": 1.0
          },
          ""evidence"": {
            ""lexicon_status"": ""attested_in_lexicon"",
            ""attestation"": [],
            ""constraints_checked"": []
          }
        }
      ]
    },
    {
      ""token_id"": ""t3"",
      ""surface"": ""Segment"",
      ""span"": {
        ""start"": 10,
        ""end"": 17
      },
      ""options"": [
        {
          ""option_id"": ""A"",
          ""pos"": ""N"",
          ""analysis"": {
            ""kind"": ""lexical"",
            ""root"": ""segment"",
            ""lemma"": ""Segment"",
            ""pattern"": ""english""
          },
          ""confidence"": {
            ""type"": ""high"",
            ""score"": 0.99
          },
          ""evidence"": {
            ""lexicon_status"": ""attested_in_lexicon"",
            ""attestation"": [],
            ""constraints_checked"": []
          }
        }
      ]
    },
    {
      ""token_id"": ""t4"",
      ""surface"": ""6"",
      ""span"": {
        ""start"": 18,
        ""end"": 19
      },
      ""options"": [
        {
          ""option_id"": ""A"",
          ""pos"": ""NUM"",
          ""analysis"": {
            ""kind"": ""lexical"",
            ""root"": ""6"",
            ""lemma"": ""6"",
            ""pattern"": ""digit""
          },
          ""confidence"": {
            ""type"": ""high"",
            ""score"": 1.0
          },
          ""evidence"": {
            ""lexicon_status"": ""attested_in_lexicon"",
            ""attestation"": [],
            ""constraints_checked"": []
          }
        }
      ]
    },
    {
      ""token_id"": ""t5"",
      ""surface"": ""ወይደነግፁ፡ድባር፡ነዋኃን፡"",
      ""span"": {
        ""start"": 21,
        ""end"": 37
      },
      ""options"": [
        {
          ""option_id"": ""A"",
          ""pos"": ""N"",
          ""analysis"": {
            ""kind"": ""lexical"",
            ""root"": ""D-B-R"",
            ""lemma"": ""Debar"",
            ""pattern"": ""noun_phrase""
          },
          ""confidence"": {
            ""type"": ""medium"",
            ""score"": 0.7
          },
          ""evidence"": {
            ""lexicon_status"": ""attested_in_lexicon"",
            ""attestation"": [],
            ""constraints_checked"": []
          }
        }
      ]
    },
    {
      ""token_id"": ""t6"",
      ""surface"": ""ወይቴሐቱ፡ውግር፡"",
      ""span"": {
        ""start"": 38,
        ""end"": 48
      },
      ""options"": [
        {
          ""option_id"": ""A"",
          ""pos"": ""N"",
          ""analysis"": {
            ""kind"": ""lexical"",
            ""root"": ""W-G-R"",
            ""lemma"": ""Wigar"",
            ""pattern"": ""noun_phrase""
          },
          ""confidence"": {
            ""type"": ""medium"",
            ""score"": 0.6
          },
          ""evidence"": {
            ""lexicon_status"": ""attested_in_lexicon"",
            ""attestation"": [],
            ""constraints_checked"": []
          }
        }
      ]
    },
    {
      ""token_id"": ""t7"",
      ""surface"": ""ነዋኃት፨ወይትመሰዉ፡መ፡"",
      ""span"": {
        ""start"": 49,
        ""end"": 63
      },
      ""options"": [
        {
          ""option_id"": ""A"",
          ""pos"": ""ADJ"",
          ""analysis"": {
            ""kind"": ""lexical"",
            ""root"": ""N-W-Ḫ"",
            ""lemma"": ""Nawahat"",
            ""pattern"": ""noun_phrase""
          },
          ""confidence"": {
            ""type"": ""medium"",
            ""score"": 0.7
          },
          ""evidence"": {
            ""lexicon_status"": ""attested_in_lexicon"",
            ""attestation"": [],
            ""constraints_checked"": []
          }
        }
      ]
    },
    {
      ""token_id"": ""t8"",
      ""surface"": ""መዓረ፡ግራ፡እምላህብ፨"",
      ""span"": {
        ""start"": 64,
        ""end"": 77
      },
      ""options"": [
        {
          ""option_id"": ""A"",
          ""pos"": ""N"",
          ""analysis"": {
            ""kind"": ""lexical"",
            ""root"": ""L-H-B"",
            ""lemma"": ""Lahib"",
            ""pattern"": ""noun_phrase""
          },
          ""confidence"": {
            ""type"": ""medium"",
            ""score"": 0.7
          },
          ""evidence"": {
            ""lexicon_status"": ""attested_in_lexicon"",
            ""attestation"": [],
            ""constraints_checked"": []
          }
        }
      ]
    }
  ]
}"
1,segment_007,segment,DONE,C:\Users\sasch\visionexe\stories\template\filmsets\story_001\segment_007\segment.txt,"{
  ""meta"": {
    ""schema_version"": ""1.0.0"",
    ""created_at"": ""2026-01-11T03:04:52Z"",
    ""created_by"": ""worker_llm_analysis_Morphologic"",
    ""language"": ""gez"",
    ""tagset_id"": ""GEZ-POS-1"",
    ""tokenization_policy"": ""whitespace""
  },
  ""source"": {
    ""witness_id"": ""story_001/segment_007"",
    ""graphematic_string"": ""Chapter 1 Segment 7\n\nወትሠጠም፡ምድር፡ወሉ፡\nዘውስተ፡ምድር፡ይትኃጐል፡\nወይውን፡ፍትሕ፡ላዕለ፡ሉ፡\nወላዕለ፡ጻድቃን፡ሎሙ፨"",
    ""normalization_policy"": ""none"",
    ""uncertainties"": []
  },
  ""tokens"": [
    {
      ""token_id"": ""t1"",
      ""surface"": ""Chapter"",
      ""span"": {
        ""start"": 0,
        ""end"": 7
      },
      ""options"": [
        {
          ""option_id"": ""A"",
          ""pos"": ""N"",
          ""analysis"": {
            ""kind"": ""lexical"",
            ""root"": ""chapter"",
            ""lemma"": ""Chapter"",
            ""pattern"": ""english""
          },
          ""confidence"": {
            ""type"": ""high"",
            ""score"": 0.99
          },
          ""evidence"": {
            ""lexicon_status"": ""attested_in_lexicon"",
            ""attestation"": [],
            ""constraints_checked"": []
          }
        }
      ]
    },
    {
      ""token_id"": ""t2"",
      ""surface"": ""1"",
      ""span"": {
        ""start"": 8,
        ""end"": 9
      },
      ""options"": [
        {
          ""option_id"": ""A"",
          ""pos"": ""NUM"",
          ""analysis"": {
            ""kind"": ""lexical"",
            ""root"": ""1"",
            ""lemma"": ""1"",
            ""pattern"": ""digit""
          },
          ""confidence"": {
            ""type"": ""high"",
            ""score"": 1.0
          },
          ""evidence"": {
            ""lexicon_status"": ""attested_in_lexicon"",
            ""attestation"": [],
            ""constraints_checked"": []
          }
        }
      ]
    },
    {
      ""token_id"": ""t3"",
      ""surface"": ""Segment"",
      ""span"": {
        ""start"": 10,
        ""end"": 17
      },
      ""options"": [
        {
          ""option_id"": ""A"",
          ""pos"": ""N"",
          ""analysis"": {
            ""kind"": ""lexical"",
            ""root"": ""segment"",
            ""lemma"": ""Segment"",
            ""pattern"": ""english""
          },
          ""confidence"": {
            ""type"": ""high"",
            ""score"": 0.99
          },
          ""evidence"": {
            ""lexicon_status"": ""attested_in_lexicon"",
            ""attestation"": [],
            ""constraints_checked"": []
          }
        }
      ]
    },
    {
      ""token_id"": ""t4"",
      ""surface"": ""7"",
      ""span"": {
        ""start"": 18,
        ""end"": 19
      },
      ""options"": [
        {
          ""option_id"": ""A"",
          ""pos"": ""NUM"",
          ""analysis"": {
            ""kind"": ""lexical"",
            ""root"": ""7"",
            ""lemma"": ""7"",
            ""pattern"": ""digit""
          },
          ""confidence"": {
            ""type"": ""high"",
            ""score"": 1.0
          },
          ""evidence"": {
            ""lexicon_status"": ""attested_in_lexicon"",
            ""attestation"": [],
            ""constraints_checked"": []
          }
        }
      ]
    },
    {
      ""token_id"": ""t5"",
      ""surface"": ""ወትሠጠም፡ምድር፡ወሉ፡"",
      ""span"": {
        ""start"": 21,
        ""end"": 34
      },
      ""options"": [
        {
          ""option_id"": ""A"",
          ""pos"": ""N"",
          ""analysis"": {
            ""kind"": ""lexical"",
            ""root"": ""M-D-R"",
            ""lemma"": ""Midir"",
            ""pattern"": ""noun_phrase""
          },
          ""confidence"": {
            ""type"": ""medium"",
            ""score"": 0.7
          },
          ""evidence"": {
            ""lexicon_status"": ""attested_in_lexicon"",
            ""attestation"": [],
            ""constraints_checked"": []
          }
        }
      ]
    },
    {
      ""token_id"": ""t6"",
      ""surface"": ""ዘውስተ፡ምድር፡ይትኃጐል፡"",
      ""span"": {
        ""start"": 35,
        ""end"": 50
      },
      ""options"": [
        {
          ""option_id"": ""A"",
          ""pos"": ""N"",
          ""analysis"": {
            ""kind"": ""lexical"",
            ""root"": ""M-D-R"",
            ""lemma"": ""Midir"",
            ""pattern"": ""noun_phrase""
          },
          ""confidence"": {
            ""type"": ""medium"",
            ""score"": 0.7
          },
          ""evidence"": {
            ""lexicon_status"": ""attested_in_lexicon"",
            ""attestation"": [],
            ""constraints_checked"": []
          }
        }
      ]
    },
    {
      ""token_id"": ""t7"",
      ""surface"": ""ወይውን፡ፍትሕ፡ላዕለ፡ሉ፡"",
      ""span"": {
        ""start"": 51,
        ""end"": 66
      },
      ""options"": [
        {
          ""option_id"": ""A"",
          ""pos"": ""N"",
          ""analysis"": {
            ""kind"": ""lexical"",
            ""root"": ""F-T-H"",
            ""lemma"": ""Fith"",
            ""pattern"": ""noun_phrase""
          },
          ""confidence"": {
            ""type"": ""medium"",
            ""score"": 0.7
          },
          ""evidence"": {
            ""lexicon_status"": ""attested_in_lexicon"",
            ""attestation"": [],
            ""constraints_checked"": []
          }
        }
      ]
    },
    {
      ""token_id"": ""t8"",
      ""surface"": ""ወላዕለ፡ጻድቃን፡ሎሙ፨"",
      ""span"": {
        ""start"": 67,
        ""end"": 80
      },
      ""options"": [
        {
          ""option_id"": ""A"",
          ""pos"": ""ADJ"",
          ""analysis"": {
            ""kind"": ""lexical"",
            ""root"": ""Ts-D-Q"",
            ""lemma"": ""Tsadiqan"",
            ""pattern"": ""plural_adj_phrase""
          },
          ""confidence"": {
            ""type"": ""medium"",
            ""score"": 0.7
          },
          ""evidence"": {
            ""lexicon_status"": ""attested_in_lexicon"",
            ""attestation"": [],
            ""constraints_checked"": []
          }
        }
      ]
    }
  ]
}"
1,segment_008,segment,DONE,C:\Users\sasch\visionexe\stories\template\filmsets\story_001\segment_008\segment.txt,"{
  ""meta"": {
    ""schema_version"": ""1.0.0"",
    ""created_at"": ""2026-01-11T03:04:52Z"",
    ""created_by"": ""worker_llm_analysis_Morphologic"",
    ""language"": ""gez"",
    ""tagset_id"": ""GEZ-POS-1"",
    ""tokenization_policy"": ""whitespace""
  },
  ""source"": {
    ""witness_id"": ""story_001/segment_008"",
    ""graphematic_string"": ""Chapter 1 Segment 8\n\nለጻድቃንሰ፡ሰላመ፡ይገብር፡ሎሙ\n፤ ወየዐቅቦሙ፡ለኅሩያን፡\nወይውን፡ሣህል፡\nላዕሌሆሙ፨ወይውኑ፡ሎሙ፡\nዘምላ፡ወይሤርሑ፡\nወይትባረኩ፡ወይሀርህ፡ሎሙ፡\nብርሃነ፡ምላ።"",
    ""normalization_policy"": ""none"",
    ""uncertainties"": []
  },
  ""tokens"": [
    {
      ""token_id"": ""t1"",
      ""surface"": ""Chapter"",
      ""span"": {
        ""start"": 0,
        ""end"": 7
      },
      ""options"": [
        {
          ""option_id"": ""A"",
          ""pos"": ""N"",
          ""analysis"": {
            ""kind"": ""lexical"",
            ""root"": ""chapter"",
            ""lemma"": ""Chapter"",
            ""pattern"": ""english""
          },
          ""confidence"": {
            ""type"": ""high"",
            ""score"": 0.99
          },
          ""evidence"": {
            ""lexicon_status"": ""attested_in_lexicon"",
            ""attestation"": [],
            ""constraints_checked"": []
          }
        }
      ]
    },
    {
      ""token_id"": ""t2"",
      ""surface"": ""1"",
      ""span"": {
        ""start"": 8,
        ""end"": 9
      },
      ""options"": [
        {
          ""option_id"": ""A"",
          ""pos"": ""NUM"",
          ""analysis"": {
            ""kind"": ""lexical"",
            ""root"": ""1"",
            ""lemma"": ""1"",
            ""pattern"": ""digit""
          },
          ""confidence"": {
            ""type"": ""high"",
            ""score"": 1.0
          },
          ""evidence"": {
            ""lexicon_status"": ""attested_in_lexicon"",
            ""attestation"": [],
            ""constraints_checked"": []
          }
        }
      ]
    },
    {
      ""token_id"": ""t3"",
      ""surface"": ""Segment"",
      ""span"": {
        ""start"": 10,
        ""end"": 17
      },
      ""options"": [
        {
          ""option_id"": ""A"",
          ""pos"": ""N"",
          ""analysis"": {
            ""kind"": ""lexical"",
            ""root"": ""segment"",
            ""lemma"": ""Segment"",
            ""pattern"": ""english""
          },
          ""confidence"": {
            ""type"": ""high"",
            ""score"": 0.99
          },
          ""evidence"": {
            ""lexicon_status"": ""attested_in_lexicon"",
            ""attestation"": [],
            ""constraints_checked"": []
          }
        }
      ]
    },
    {
      ""token_id"": ""t4"",
      ""surface"": ""8"",
      ""span"": {
        ""start"": 18,
        ""end"": 19
      },
      ""options"": [
        {
          ""option_id"": ""A"",
          ""pos"": ""NUM"",
          ""analysis"": {
            ""kind"": ""lexical"",
            ""root"": ""8"",
            ""lemma"": ""8"",
            ""pattern"": ""digit""
          },
          ""confidence"": {
            ""type"": ""high"",
            ""score"": 1.0
          },
          ""evidence"": {
            ""lexicon_status"": ""attested_in_lexicon"",
            ""attestation"": [],
            ""constraints_checked"": []
          }
        }
      ]
    },
    {
      ""token_id"": ""t5"",
      ""surface"": ""ለጻድቃንሰ፡ሰላመ፡ይገብር፡ሎሙ"",
      ""span"": {
        ""start"": 21,
        ""end"": 39
      },
      ""options"": [
        {
          ""option_id"": ""A"",
          ""pos"": ""N"",
          ""analysis"": {
            ""kind"": ""lexical"",
            ""root"": ""Ts-D-Q"",
            ""lemma"": ""Tsadiqan"",
            ""pattern"": ""noun_phrase""
          },
          ""confidence"": {
            ""type"": ""medium"",
            ""score"": 0.7
          },
          ""evidence"": {
            ""lexicon_status"": ""attested_in_lexicon"",
            ""attestation"": [],
            ""constraints_checked"": []
          }
        }
      ]
    },
    {
      ""token_id"": ""t6"",
      ""surface"": ""፤"",
      ""span"": {
        ""start"": 40,
        ""end"": 41
      },
      ""options"": [
        {
          ""option_id"": ""A"",
          ""pos"": ""N"",
          ""analysis"": {
            ""kind"": ""lexical"",
            ""root"": ""punct"",
            ""lemma"": ""፤"",
            ""pattern"": ""punctuation""
          },
          ""confidence"": {
            ""type"": ""low"",
            ""score"": 0.5
          },
          ""evidence"": {
            ""lexicon_status"": ""attested_in_lexicon"",
            ""attestation"": [],
            ""constraints_checked"": []
          }
        }
      ]
    },
    {
      ""token_id"": ""t7"",
      ""surface"": ""ወየዐቅቦሙ፡ለኅሩያን፡"",
      ""span"": {
        ""start"": 42,
        ""end"": 55
      },
      ""options"": [
        {
          ""option_id"": ""A"",
          ""pos"": ""V"",
          ""analysis"": {
            ""kind"": ""lexical"",
            ""root"": ""ʿ-Q-B"",
            ""lemma"": ""Ya'aqeb"",
            ""pattern"": ""verb_phrase""
          },
          ""confidence"": {
            ""type"": ""medium"",
            ""score"": 0.7
          },
          ""evidence"": {
            ""lexicon_status"": ""attested_in_lexicon"",
            ""attestation"": [],
            ""constraints_checked"": []
          }
        }
      ]
    },
    {
      ""token_id"": ""t8"",
      ""surface"": ""ወይውን፡ሣህል፡"",
      ""span"": {
        ""start"": 56,
        ""end"": 65
      },
      ""options"": [
        {
          ""option_id"": ""A"",
          ""pos"": ""N"",
          ""analysis"": {
            ""kind"": ""lexical"",
            ""root"": ""S-H-L"",
            ""lemma"": ""Sahil"",
            ""pattern"": ""noun_phrase""
          },
          ""confidence"": {
            ""type"": ""medium"",
            ""score"": 0.7
          },
          ""evidence"": {
            ""lexicon_status"": ""attested_in_lexicon"",
            ""attestation"": [],
            ""constraints_checked"": []
          }
        }
      ]
    },
    {
      ""token_id"": ""t9"",
      ""surface"": ""ላዕሌሆሙ፨ወይውኑ፡ሎሙ፡"",
      ""span"": {
        ""start"": 66,
        ""end"": 80
      },
      ""options"": [
        {
          ""option_id"": ""A"",
          ""pos"": ""N"",
          ""analysis"": {
            ""kind"": ""lexical"",
            ""root"": ""L-ʿ-L"",
            ""lemma"": ""La'lehomu"",
            ""pattern"": ""prep_phrase""
          },
          ""confidence"": {
            ""type"": ""medium"",
            ""score"": 0.7
          },
          ""evidence"": {
            ""lexicon_status"": ""attested_in_lexicon"",
            ""attestation"": [],
            ""constraints_checked"": []
          }
        }
      ]
    },
    {
      ""token_id"": ""t10"",
      ""surface"": ""ዘምላ፡ወይሤርሑ፡"",
      ""span"": {
        ""start"": 81,
        ""end"": 91
      },
      ""options"": [
        {
          ""option_id"": ""A"",
          ""pos"": ""N"",
          ""analysis"": {
            ""kind"": ""lexical"",
            ""root"": ""M-L"",
            ""lemma"": ""Mila"",
            ""pattern"": ""noun_phrase""
          },
          ""confidence"": {
            ""type"": ""medium"",
            ""score"": 0.6
          },
          ""evidence"": {
            ""lexicon_status"": ""attested_in_lexicon"",
            ""attestation"": [],
            ""constraints_checked"": []
          }
        }
      ]
    },
    {
      ""token_id"": ""t11"",
      ""surface"": ""ወይትባረኩ፡ወይሀርህ፡ሎሙ፡"",
      ""span"": {
        ""start"": 92,
        ""end"": 108
      },
      ""options"": [
        {
          ""option_id"": ""A"",
          ""pos"": ""V"",
          ""analysis"": {
            ""kind"": ""lexical"",
            ""root"": ""B-R-K"",
            ""lemma"": ""Yitbaraku"",
            ""pattern"": ""verb_phrase""
          },
          ""confidence"": {
            ""type"": ""medium"",
            ""score"": 0.7
          },
          ""evidence"": {
            ""lexicon_status"": ""attested_in_lexicon"",
            ""attestation"": [],
            ""constraints_checked"": []
          }
        }
      ]
    },
    {
      ""token_id"": ""t12"",
      ""surface"": ""ብርሃነ፡ምላ።"",
      ""span"": {
        ""start"": 109,
        ""end"": 117
      },
      ""options"": [
        {
          ""option_id"": ""A"",
          ""pos"": ""N"",
          ""analysis"": {
            ""kind"": ""lexical"",
            ""root"": ""B-R-H"",
            ""lemma"": ""Birhan"",
            ""pattern"": ""noun_phrase""
          },
          ""confidence"": {
            ""type"": ""medium"",
            ""score"": 0.7
          },
          ""evidence"": {
            ""lexicon_status"": ""attested_in_lexicon"",
            ""attestation"": [],
            ""constraints_checked"": []
          }
        }
      ]
    }
  ]
}"
1,segment_009,segment,DONE,C:\Users\sasch\visionexe\stories\template\filmsets\story_001\segment_009\segment.txt,"{
  ""meta"": {
    ""schema_version"": ""1.0.0"",
    ""created_at"": ""2026-01-11T03:04:52Z"",
    ""created_by"": ""worker_llm_analysis_Morphologic"",
    ""language"": ""gez"",
    ""tagset_id"": ""GEZ-POS-1"",
    ""tokenization_policy"": ""whitespace""
  },
  ""source"": {
    ""witness_id"": ""story_001/segment_009"",
    ""graphematic_string"": ""Chapter 1 Segment 9\n\nወናሁ፡መጽ፡ትእልፈት፡\nቅዱሳን፡መ፡ይግር፡ፍትሐ፡\nላዕሌሆሙ፨ወያሐጕሎሙ፡\nለረሲዓን፡ወይዘለፍ፡ሎ፡\nዘሥጋ፡እንተ፡ሉ፡ዘገብሩ፡\nወረሰዩ፡ላዕሌሁ፡ኃጥን፡\nወረሲዓን።።"",
    ""normalization_policy"": ""none"",
    ""uncertainties"": []
  },
  ""tokens"": [
    {
      ""token_id"": ""t1"",
      ""surface"": ""Chapter"",
      ""span"": {
        ""start"": 0,
        ""end"": 7
      },
      ""options"": [
        {
          ""option_id"": ""A"",
          ""pos"": ""N"",
          ""analysis"": {
            ""kind"": ""lexical"",
            ""root"": ""chapter"",
            ""lemma"": ""Chapter"",
            ""pattern"": ""english""
          },
          ""confidence"": {
            ""type"": ""high"",
            ""score"": 0.99
          },
          ""evidence"": {
            ""lexicon_status"": ""attested_in_lexicon"",
            ""attestation"": [],
            ""constraints_checked"": []
          }
        }
      ]
    },
    {
      ""token_id"": ""t2"",
      ""surface"": ""1"",
      ""span"": {
        ""start"": 8,
        ""end"": 9
      },
      ""options"": [
        {
          ""option_id"": ""A"",
          ""pos"": ""NUM"",
          ""analysis"": {
            ""kind"": ""lexical"",
            ""root"": ""1"",
            ""lemma"": ""1"",
            ""pattern"": ""digit""
          },
          ""confidence"": {
            ""type"": ""high"",
            ""score"": 1.0
          },
          ""evidence"": {
            ""lexicon_status"": ""attested_in_lexicon"",
            ""attestation"": [],
            ""constraints_checked"": []
          }
        }
      ]
    },
    {
      ""token_id"": ""t3"",
      ""surface"": ""Segment"",
      ""span"": {
        ""start"": 10,
        ""end"": 17
      },
      ""options"": [
        {
          ""option_id"": ""A"",
          ""pos"": ""N"",
          ""analysis"": {
            ""kind"": ""lexical"",
            ""root"": ""segment"",
            ""lemma"": ""Segment"",
            ""pattern"": ""english""
          },
          ""confidence"": {
            ""type"": ""high"",
            ""score"": 0.99
          },
          ""evidence"": {
            ""lexicon_status"": ""attested_in_lexicon"",
            ""attestation"": [],
            ""constraints_checked"": []
          }
        }
      ]
    },
    {
      ""token_id"": ""t4"",
      ""surface"": ""9"",
      ""span"": {
        ""start"": 18,
        ""end"": 19
      },
      ""options"": [
        {
          ""option_id"": ""A"",
          ""pos"": ""NUM"",
          ""analysis"": {
            ""kind"": ""lexical"",
            ""root"": ""9"",
            ""lemma"": ""9"",
            ""pattern"": ""digit""
          },
          ""confidence"": {
            ""type"": ""high"",
            ""score"": 1.0
          },
          ""evidence"": {
            ""lexicon_status"": ""attested_in_lexicon"",
            ""attestation"": [],
            ""constraints_checked"": []
          }
        }
      ]
    },
    {
      ""token_id"": ""t5"",
      ""surface"": ""ወናሁ፡መጽ፡ትእልፈት፡"",
      ""span"": {
        ""start"": 21,
        ""end"": 34
      },
      ""options"": [
        {
          ""option_id"": ""A"",
          ""pos"": ""N"",
          ""analysis"": {
            ""kind"": ""lexical"",
            ""root"": ""T-L-F"",
            ""lemma"": ""Ti'elfat"",
            ""pattern"": ""noun_phrase""
          },
          ""confidence"": {
            ""type"": ""medium"",
            ""score"": 0.6
          },
          ""evidence"": {
            ""lexicon_status"": ""attested_in_lexicon"",
            ""attestation"": [],
            ""constraints_checked"": []
          }
        }
      ]
    },
    {
      ""token_id"": ""t6"",
      ""surface"": ""ቅዱሳን፡መ፡ይግር፡ፍትሐ፡"",
      ""span"": {
        ""start"": 35,
        ""end"": 50
      },
      ""options"": [
        {
          ""option_id"": ""A"",
          ""pos"": ""N"",
          ""analysis"": {
            ""kind"": ""lexical"",
            ""root"": ""Q-D-S"",
            ""lemma"": ""Qiddusan"",
            ""pattern"": ""noun_phrase""
          },
          ""confidence"": {
            ""type"": ""medium"",
            ""score"": 0.7
          },
          ""evidence"": {
            ""lexicon_status"": ""attested_in_lexicon"",
            ""attestation"": [],
            ""constraints_checked"": []
          }
        }
      ]
    },
    {
      ""token_id"": ""t7"",
      ""surface"": ""ላዕሌሆሙ፨ወያሐጕሎሙ፡"",
      ""span"": {
        ""start"": 51,
        ""end"": 64
      },
      ""options"": [
        {
          ""option_id"": ""A"",
          ""pos"": ""N"",
          ""analysis"": {
            ""kind"": ""lexical"",
            ""root"": ""L-ʿ-L"",
            ""lemma"": ""La'lehomu"",
            ""pattern"": ""prep_phrase""
          },
          ""confidence"": {
            ""type"": ""medium"",
            ""score"": 0.7
          },
          ""evidence"": {
            ""lexicon_status"": ""attested_in_lexicon"",
            ""attestation"": [],
            ""constraints_checked"": []
          }
        }
      ]
    },
    {
      ""token_id"": ""t8"",
      ""surface"": ""ለረሲዓን፡ወይዘለፍ፡ሎ፡"",
      ""span"": {
        ""start"": 65,
        ""end"": 79
      },
      ""options"": [
        {
          ""option_id"": ""A"",
          ""pos"": ""N"",
          ""analysis"": {
            ""kind"": ""lexical"",
            ""root"": ""R-S-ʿ"",
            ""lemma"": ""Rasi'an"",
            ""pattern"": ""noun_phrase""
          },
          ""confidence"": {
            ""type"": ""medium"",
            ""score"": 0.7
          },
          ""evidence"": {
            ""lexicon_status"": ""attested_in_lexicon"",
            ""attestation"": [],
            ""constraints_checked"": []
          }
        }
      ]
    },
    {
      ""token_id"": ""t9"",
      ""surface"": ""ዘሥጋ፡እንተ፡ሉ፡ዘገብሩ፡"",
      ""span"": {
        ""start"": 80,
        ""end"": 95
      },
      ""options"": [
        {
          ""option_id"": ""A"",
          ""pos"": ""N"",
          ""analysis"": {
            ""kind"": ""lexical"",
            ""root"": ""G-B-R"",
            ""lemma"": ""Gebru"",
            ""pattern"": ""noun_phrase""
          },
          ""confidence"": {
            ""type"": ""medium"",
            ""score"": 0.7
          },
          ""evidence"": {
            ""lexicon_status"": ""attested_in_lexicon"",
            ""attestation"": [],
            ""constraints_checked"": []
          }
        }
      ]
    },
    {
      ""token_id"": ""t10"",
      ""surface"": ""ወረሰዩ፡ላዕሌሁ፡ኃጥን፡"",
      ""span"": {
        ""start"": 96,
        ""end"": 110
      },
      ""options"": [
        {
          ""option_id"": ""A"",
          ""pos"": ""N"",
          ""analysis"": {
            ""kind"": ""lexical"",
            ""root"": ""Ḫ-T-A"",
            ""lemma"": ""Hatan"",
            ""pattern"": ""noun_phrase""
          },
          ""confidence"": {
            ""type"": ""medium"",
            ""score"": 0.7
          },
          ""evidence"": {
            ""lexicon_status"": ""attested_in_lexicon"",
            ""attestation"": [],
            ""constraints_checked"": []
          }
        }
      ]
    },
    {
      ""token_id"": ""t11"",
      ""surface"": ""ወረሲዓን።።"",
      ""span"": {
        ""start"": 111,
        ""end"": 118
      },
      ""options"": [
        {
          ""option_id"": ""A"",
          ""pos"": ""N"",
          ""analysis"": {
            ""kind"": ""lexical"",
            ""root"": ""R-S-ʿ"",
            ""lemma"": ""Rasi'an"",
            ""pattern"": ""noun_phrase""
          },
          ""confidence"": {
            ""type"": ""medium"",
            ""score"": 0.7
          },
          ""evidence"": {
            ""lexicon_status"": ""attested_in_lexicon"",
            ""attestation"": [],
            ""constraints_checked"": []
          }
        }
      ]
    }
  ]
}"
2,segment_001,segment,DONE,C:\Users\sasch\visionexe\stories\template\filmsets\story_002\segment_001\segment.txt,"{
  ""meta"": {
    ""schema_version"": ""1.0.0"",
    ""created_at"": ""2026-01-11T03:07:01Z"",
    ""created_by"": ""worker_llm_analysis_Morphologic"",
    ""language"": ""gez"",
    ""tagset_id"": ""GEZ-POS-1"",
    ""tokenization_policy"": ""whitespace""
  },
  ""source"": {
    ""witness_id"": ""story_002/segment_001"",
    ""graphematic_string"": ""Chapter 2 Segment 1\n\nጠየቁ፡ሎ፡ዘውስተ፡ሰማይ፡\nግብረ፡እፎ፡ኢይመይጡ፡\nፍናዊሆሙ፡ብርሃናት፡ዘውስተ፡\nሰማይ፡መ፡ሉ፡ይሠርቅ፡\nወየዐርብ፨፨ሥሩዕ፡ሉ፡\nዘመኑ፡ወኢይትዐደዉ፡\nእምሥርዓቶሙ፨"",
    ""normalization_policy"": ""none"",
    ""uncertainties"": []
  },
  ""tokens"": [
    {
      ""token_id"": ""t1"",
      ""surface"": ""Chapter"",
      ""span"": {
        ""start"": 0,
        ""end"": 7
      },
      ""options"": [
        {
          ""option_id"": ""A"",
          ""pos"": ""N"",
          ""analysis"": {
            ""kind"": ""lexical"",
            ""root"": null,
            ""lemma"": ""Chapter"",
            ""pattern"": null
          },
          ""confidence"": {
            ""type"": ""weak"",
            ""score"": null
          },
          ""evidence"": {
            ""lexicon_status"": ""attested_in_lexicon"",
            ""attestation"": [],
            ""constraints_checked"": [
              ""root_pattern_compatibility""
            ]
          }
        }
      ]
    },
    {
      ""token_id"": ""t2"",
      ""surface"": ""2"",
      ""span"": {
        ""start"": 8,
        ""end"": 9
      },
      ""options"": [
        {
          ""option_id"": ""A"",
          ""pos"": ""NUM"",
          ""analysis"": {
            ""kind"": ""lexical"",
            ""root"": null,
            ""lemma"": ""2"",
            ""pattern"": null
          },
          ""confidence"": {
            ""type"": ""weak"",
            ""score"": null
          },
          ""evidence"": {
            ""lexicon_status"": ""attested_in_lexicon"",
            ""attestation"": [],
            ""constraints_checked"": [
              ""root_pattern_compatibility""
            ]
          }
        }
      ]
    },
    {
      ""token_id"": ""t3"",
      ""surface"": ""Segment"",
      ""span"": {
        ""start"": 10,
        ""end"": 17
      },
      ""options"": [
        {
          ""option_id"": ""A"",
          ""pos"": ""N"",
          ""analysis"": {
            ""kind"": ""lexical"",
            ""root"": null,
            ""lemma"": ""Segment"",
            ""pattern"": null
          },
          ""confidence"": {
            ""type"": ""weak"",
            ""score"": null
          },
          ""evidence"": {
            ""lexicon_status"": ""attested_in_lexicon"",
            ""attestation"": [],
            ""constraints_checked"": [
              ""root_pattern_compatibility""
            ]
          }
        }
      ]
    },
    {
      ""token_id"": ""t4"",
      ""surface"": ""1"",
      ""span"": {
        ""start"": 18,
        ""end"": 19
      },
      ""options"": [
        {
          ""option_id"": ""A"",
          ""pos"": ""NUM"",
          ""analysis"": {
            ""kind"": ""lexical"",
            ""root"": null,
            ""lemma"": ""1"",
            ""pattern"": null
          },
          ""confidence"": {
            ""type"": ""weak"",
            ""score"": null
          },
          ""evidence"": {
            ""lexicon_status"": ""attested_in_lexicon"",
            ""attestation"": [],
            ""constraints_checked"": [
              ""root_pattern_compatibility""
            ]
          }
        }
      ]
    },
    {
      ""token_id"": ""t5"",
      ""surface"": ""ጠየቁ፡ሎ፡ዘውስተ፡ሰማይ፡"",
      ""span"": {
        ""start"": 21,
        ""end"": 36
      },
      ""options"": [
        {
          ""option_id"": ""A"",
          ""pos"": ""V"",
          ""analysis"": {
            ""kind"": ""lexical"",
            ""root"": ""ጢየቀ"",
            ""lemma"": ""ጠየቀ"",
            ""pattern"": ""Active_Perfect_3pl_masc""
          },
          ""confidence"": {
            ""type"": ""undecided"",
            ""score"": null
          },
          ""evidence"": {
            ""lexicon_status"": ""attested_in_lexicon"",
            ""attestation"": [],
            ""constraints_checked"": []
          }
        },
        {
          ""option_id"": ""B"",
          ""pos"": ""PRO.REL"",
          ""analysis"": {
            ""kind"": ""functional"",
            ""root"": null,
            ""lemma"": ""ዘ"",
            ""pattern"": null
          },
          ""confidence"": {
            ""type"": ""undecided"",
            ""score"": null
          },
          ""evidence"": {
            ""lexicon_status"": ""attested_in_lexicon"",
            ""attestation"": [],
            ""constraints_checked"": []
          }
        },
        {
          ""option_id"": ""C"",
          ""pos"": ""N"",
          ""analysis"": {
            ""kind"": ""lexical"",
            ""root"": ""ሰምየ"",
            ""lemma"": ""ሰማይ"",
            ""pattern"": ""Common_Noun""
          },
          ""confidence"": {
            ""type"": ""undecided"",
            ""score"": null
          },
          ""evidence"": {
            ""lexicon_status"": ""attested_in_lexicon"",
            ""attestation"": [],
            ""constraints_checked"": []
          }
        }
      ]
    },
    {
      ""token_id"": ""t6"",
      ""surface"": ""ግብረ፡እፎ፡ኢይመይጡ፡"",
      ""span"": {
        ""start"": 37,
        ""end"": 50
      },
      ""options"": [
        {
          ""option_id"": ""A"",
          ""pos"": ""N"",
          ""analysis"": {
            ""kind"": ""lexical"",
            ""root"": ""ገብረ"",
            ""lemma"": ""ግብር"",
            ""pattern"": ""Accusative""
          },
          ""confidence"": {
            ""type"": ""undecided"",
            ""score"": null
          },
          ""evidence"": {
            ""lexicon_status"": ""attested_in_lexicon"",
            ""attestation"": [],
            ""constraints_checked"": []
          }
        },
        {
          ""option_id"": ""B"",
          ""pos"": ""ADV"",
          ""analysis"": {
            ""kind"": ""lexical"",
            ""root"": null,
            ""lemma"": ""እፎ"",
            ""pattern"": null
          },
          ""confidence"": {
            ""type"": ""weak"",
            ""score"": null
          },
          ""evidence"": {
            ""lexicon_status"": ""attested_in_lexicon"",
            ""attestation"": [],
            ""constraints_checked"": [
              ""root_pattern_compatibility""
            ]
          }
        },
        {
          ""option_id"": ""C"",
          ""pos"": ""V"",
          ""analysis"": {
            ""kind"": ""lexical"",
            ""root"": ""ሜጠ"",
            ""lemma"": ""መየጠ"",
            ""pattern"": ""Imperfect_3pl_Negative""
          },
          ""confidence"": {
            ""type"": ""undecided"",
            ""score"": null
          },
          ""evidence"": {
            ""lexicon_status"": ""attested_in_lexicon"",
            ""attestation"": [],
            ""constraints_checked"": []
          }
        }
      ]
    },
    {
      ""token_id"": ""t7"",
      ""surface"": ""ፍናዊሆሙ፡ብርሃናት፡ዘውስተ፡"",
      ""span"": {
        ""start"": 51,
        ""end"": 68
      },
      ""options"": [
        {
          ""option_id"": ""A"",
          ""pos"": ""N"",
          ""analysis"": {
            ""kind"": ""lexical"",
            ""root"": ""ፈነወ"",
            ""lemma"": ""ፍኖት"",
            ""pattern"": ""Plural_Suffix_3pl""
          },
          ""confidence"": {
            ""type"": ""undecided"",
            ""score"": null
          },
          ""evidence"": {
            ""lexicon_status"": ""attested_in_lexicon"",
            ""attestation"": [],
            ""constraints_checked"": []
          }
        },
        {
          ""option_id"": ""B"",
          ""pos"": ""N"",
          ""analysis"": {
            ""kind"": ""lexical"",
            ""root"": ""በረሀ"",
            ""lemma"": ""ብርሃን"",
            ""pattern"": ""Plural""
          },
          ""confidence"": {
            ""type"": ""undecided"",
            ""score"": null
          },
          ""evidence"": {
            ""lexicon_status"": ""attested_in_lexicon"",
            ""attestation"": [],
            ""constraints_checked"": []
          }
        },
        {
          ""option_id"": ""C"",
          ""pos"": ""PRO.REL"",
          ""analysis"": {
            ""kind"": ""functional"",
            ""root"": null,
            ""lemma"": ""ዘ"",
            ""pattern"": null
          },
          ""confidence"": {
            ""type"": ""undecided"",
            ""score"": null
          },
          ""evidence"": {
            ""lexicon_status"": ""attested_in_lexicon"",
            ""attestation"": [],
            ""constraints_checked"": []
          }
        }
      ]
    },
    {
      ""token_id"": ""t8"",
      ""surface"": ""ሰማይ፡መ፡ሉ፡ይሠርቅ፡"",
      ""span"": {
        ""start"": 69,
        ""end"": 82
      },
      ""options"": [
        {
          ""option_id"": ""A"",
          ""pos"": ""N"",
          ""analysis"": {
            ""kind"": ""lexical"",
            ""root"": ""ሰምየ"",
            ""lemma"": ""ሰማይ"",
            ""pattern"": null
          },
          ""confidence"": {
            ""type"": ""weak"",
            ""score"": null
          },
          ""evidence"": {
            ""lexicon_status"": ""attested_in_lexicon"",
            ""attestation"": [],
            ""constraints_checked"": [
              ""root_pattern_compatibility""
            ]
          }
        },
        {
          ""option_id"": ""B"",
          ""pos"": ""V"",
          ""analysis"": {
            ""kind"": ""lexical"",
            ""root"": ""ሠረቀ"",
            ""lemma"": ""ሠረቀ"",
            ""pattern"": ""Imperfect_3ms""
          },
          ""confidence"": {
            ""type"": ""undecided"",
            ""score"": null
          },
          ""evidence"": {
            ""lexicon_status"": ""attested_in_lexicon"",
            ""attestation"": [],
            ""constraints_checked"": []
          }
        }
      ]
    },
    {
      ""token_id"": ""t9"",
      ""surface"": ""ወየዐርብ፨፨ሥሩዕ፡ሉ፡"",
      ""span"": {
        ""start"": 83,
        ""end"": 96
      },
      ""options"": [
        {
          ""option_id"": ""A"",
          ""pos"": ""CONJ.COORD"",
          ""analysis"": {
            ""kind"": ""functional"",
            ""root"": null,
            ""lemma"": ""ወ"",
            ""pattern"": null
          },
          ""confidence"": {
            ""type"": ""undecided"",
            ""score"": null
          },
          ""evidence"": {
            ""lexicon_status"": ""attested_in_lexicon"",
            ""attestation"": [],
            ""constraints_checked"": []
          }
        },
        {
          ""option_id"": ""B"",
          ""pos"": ""V"",
          ""analysis"": {
            ""kind"": ""lexical"",
            ""root"": ""ዐረበ"",
            ""lemma"": ""ዐረበ"",
            ""pattern"": ""Imperfect_3ms""
          },
          ""confidence"": {
            ""type"": ""undecided"",
            ""score"": null
          },
          ""evidence"": {
            ""lexicon_status"": ""attested_in_lexicon"",
            ""attestation"": [],
            ""constraints_checked"": []
          }
        },
        {
          ""option_id"": ""C"",
          ""pos"": ""ADJ"",
          ""analysis"": {
            ""kind"": ""lexical"",
            ""root"": ""ሠርዐ"",
            ""lemma"": ""ሥሩዕ"",
            ""pattern"": ""Passive_Participle""
          },
          ""confidence"": {
            ""type"": ""undecided"",
            ""score"": null
          },
          ""evidence"": {
            ""lexicon_status"": ""attested_in_lexicon"",
            ""attestation"": [],
            ""constraints_checked"": []
          }
        }
      ]
    },
    {
      ""token_id"": ""t10"",
      ""surface"": ""ዘመኑ፡ወኢይትዐደዉ፡"",
      ""span"": {
        ""start"": 97,
        ""end"": 109
      },
      ""options"": [
        {
          ""option_id"": ""A"",
          ""pos"": ""N"",
          ""analysis"": {
            ""kind"": ""lexical"",
            ""root"": ""ዘመነ"",
            ""lemma"": ""ዘመን"",
            ""pattern"": ""Suffix_3ms""
          },
          ""confidence"": {
            ""type"": ""undecided"",
            ""score"": null
          },
          ""evidence"": {
            ""lexicon_status"": ""attested_in_lexicon"",
            ""attestation"": [],
            ""constraints_checked"": []
          }
        },
        {
          ""option_id"": ""B"",
          ""pos"": ""CONJ.COORD"",
          ""analysis"": {
            ""kind"": ""functional"",
            ""root"": null,
            ""lemma"": ""ወ"",
            ""pattern"": null
          },
          ""confidence"": {
            ""type"": ""undecided"",
            ""score"": null
          },
          ""evidence"": {
            ""lexicon_status"": ""attested_in_lexicon"",
            ""attestation"": [],
            ""constraints_checked"": []
          }
        },
        {
          ""option_id"": ""C"",
          ""pos"": ""V"",
          ""analysis"": {
            ""kind"": ""lexical"",
            ""root"": ""ዐደወ"",
            ""lemma"": ""ዐደወ"",
            ""pattern"": ""Imperfect_3pl_Negative_Reflexive""
          },
          ""confidence"": {
            ""type"": ""undecided"",
            ""score"": null
          },
          ""evidence"": {
            ""lexicon_status"": ""attested_in_lexicon"",
            ""attestation"": [],
            ""constraints_checked"": []
          }
        }
      ]
    },
    {
      ""token_id"": ""t11"",
      ""surface"": ""እምሥርዓቶሙ፨"",
      ""span"": {
        ""start"": 110,
        ""end"": 118
      },
      ""options"": [
        {
          ""option_id"": ""A"",
          ""pos"": ""PREP"",
          ""analysis"": {
            ""kind"": ""functional"",
            ""root"": null,
            ""lemma"": ""እም"",
            ""pattern"": null
          },
          ""confidence"": {
            ""type"": ""undecided"",
            ""score"": null
          },
          ""evidence"": {
            ""lexicon_status"": ""attested_in_lexicon"",
            ""attestation"": [],
            ""constraints_checked"": []
          }
        },
        {
          ""option_id"": ""B"",
          ""pos"": ""N"",
          ""analysis"": {
            ""kind"": ""lexical"",
            ""root"": ""ሠርዐ"",
            ""lemma"": ""ሥርዓት"",
            ""pattern"": ""Suffix_3pl""
          },
          ""confidence"": {
            ""type"": ""undecided"",
            ""score"": null
          },
          ""evidence"": {
            ""lexicon_status"": ""attested_in_lexicon"",
            ""attestation"": [],
            ""constraints_checked"": []
          }
        }
      ]
    }
  ]
}"
2,segment_002,segment,DONE,C:\Users\sasch\visionexe\stories\template\filmsets\story_002\segment_002\segment.txt,"{
  ""meta"": {
    ""schema_version"": ""1.0.0"",
    ""created_at"": ""2026-01-11T03:07:01Z"",
    ""created_by"": ""worker_llm_analysis_Morphologic"",
    ""language"": ""gez"",
    ""tagset_id"": ""GEZ-POS-1"",
    ""tokenization_policy"": ""whitespace""
  },
  ""source"": {
    ""witness_id"": ""story_002/segment_002"",
    ""graphematic_string"": ""Chapter 2 Segment 2\n\nርእይዋ፡ለምድር፡ወለብዉ፡\nእንተ፡ምግባር፡ዘይትገር፡\nላዕሌሃ፡እምቀዳሚ፡እስ፡\nተፍጻሜቱ፨መ፡እይትመየጥ፡\nሉ፡ምግብሩ፡ለምላ፡እንዘ፡\nያስተርኢ።"",
    ""normalization_policy"": ""none"",
    ""uncertainties"": []
  },
  ""tokens"": [
    {
      ""token_id"": ""t1"",
      ""surface"": ""Chapter"",
      ""span"": {
        ""start"": 0,
        ""end"": 7
      },
      ""options"": [
        {
          ""option_id"": ""A"",
          ""pos"": ""N"",
          ""analysis"": {
            ""kind"": ""lexical"",
            ""root"": null,
            ""lemma"": ""Chapter"",
            ""pattern"": null
          },
          ""confidence"": {
            ""type"": ""weak"",
            ""score"": null
          },
          ""evidence"": {
            ""lexicon_status"": ""attested_in_lexicon"",
            ""attestation"": [],
            ""constraints_checked"": [
              ""root_pattern_compatibility""
            ]
          }
        }
      ]
    },
    {
      ""token_id"": ""t2"",
      ""surface"": ""2"",
      ""span"": {
        ""start"": 8,
        ""end"": 9
      },
      ""options"": [
        {
          ""option_id"": ""A"",
          ""pos"": ""NUM"",
          ""analysis"": {
            ""kind"": ""lexical"",
            ""root"": null,
            ""lemma"": ""2"",
            ""pattern"": null
          },
          ""confidence"": {
            ""type"": ""weak"",
            ""score"": null
          },
          ""evidence"": {
            ""lexicon_status"": ""attested_in_lexicon"",
            ""attestation"": [],
            ""constraints_checked"": [
              ""root_pattern_compatibility""
            ]
          }
        }
      ]
    },
    {
      ""token_id"": ""t3"",
      ""surface"": ""Segment"",
      ""span"": {
        ""start"": 10,
        ""end"": 17
      },
      ""options"": [
        {
          ""option_id"": ""A"",
          ""pos"": ""N"",
          ""analysis"": {
            ""kind"": ""lexical"",
            ""root"": null,
            ""lemma"": ""Segment"",
            ""pattern"": null
          },
          ""confidence"": {
            ""type"": ""weak"",
            ""score"": null
          },
          ""evidence"": {
            ""lexicon_status"": ""attested_in_lexicon"",
            ""attestation"": [],
            ""constraints_checked"": [
              ""root_pattern_compatibility""
            ]
          }
        }
      ]
    },
    {
      ""token_id"": ""t4"",
      ""surface"": ""2"",
      ""span"": {
        ""start"": 18,
        ""end"": 19
      },
      ""options"": [
        {
          ""option_id"": ""A"",
          ""pos"": ""NUM"",
          ""analysis"": {
            ""kind"": ""lexical"",
            ""root"": null,
            ""lemma"": ""2"",
            ""pattern"": null
          },
          ""confidence"": {
            ""type"": ""weak"",
            ""score"": null
          },
          ""evidence"": {
            ""lexicon_status"": ""attested_in_lexicon"",
            ""attestation"": [],
            ""constraints_checked"": [
              ""root_pattern_compatibility""
            ]
          }
        }
      ]
    },
    {
      ""token_id"": ""t5"",
      ""surface"": ""ርእይዋ፡ለምድር፡ወለብዉ፡"",
      ""span"": {
        ""start"": 21,
        ""end"": 36
      },
      ""options"": [
        {
          ""option_id"": ""A"",
          ""pos"": ""V"",
          ""analysis"": {
            ""kind"": ""lexical"",
            ""root"": ""ርእየ"",
            ""lemma"": ""ርእየ"",
            ""pattern"": ""Imperative_Plural_Suffix_3fs""
          },
          ""confidence"": {
            ""type"": ""undecided"",
            ""score"": null
          },
          ""evidence"": {
            ""lexicon_status"": ""attested_in_lexicon"",
            ""attestation"": [],
            ""constraints_checked"": []
          }
        },
        {
          ""option_id"": ""B"",
          ""pos"": ""PREP"",
          ""analysis"": {
            ""kind"": ""functional"",
            ""root"": null,
            ""lemma"": ""ለ"",
            ""pattern"": null
          },
          ""confidence"": {
            ""type"": ""undecided"",
            ""score"": null
          },
          ""evidence"": {
            ""lexicon_status"": ""attested_in_lexicon"",
            ""attestation"": [],
            ""constraints_checked"": []
          }
        },
        {
          ""option_id"": ""C"",
          ""pos"": ""N"",
          ""analysis"": {
            ""kind"": ""lexical"",
            ""root"": null,
            ""lemma"": ""ምድር"",
            ""pattern"": null
          },
          ""confidence"": {
            ""type"": ""weak"",
            ""score"": null
          },
          ""evidence"": {
            ""lexicon_status"": ""attested_in_lexicon"",
            ""attestation"": [],
            ""constraints_checked"": [
              ""root_pattern_compatibility""
            ]
          }
        },
        {
          ""option_id"": ""D"",
          ""pos"": ""V"",
          ""analysis"": {
            ""kind"": ""lexical"",
            ""root"": ""ለበወ"",
            ""lemma"": ""ለበወ"",
            ""pattern"": ""Imperative_Plural""
          },
          ""confidence"": {
            ""type"": ""undecided"",
            ""score"": null
          },
          ""evidence"": {
            ""lexicon_status"": ""attested_in_lexicon"",
            ""attestation"": [],
            ""constraints_checked"": []
          }
        }
      ]
    },
    {
      ""token_id"": ""t6"",
      ""surface"": ""እንተ፡ምግባር፡ዘይትገር፡"",
      ""span"": {
        ""start"": 37,
        ""end"": 52
      },
      ""options"": [
        {
          ""option_id"": ""A"",
          ""pos"": ""PRO.REL"",
          ""analysis"": {
            ""kind"": ""functional"",
            ""root"": null,
            ""lemma"": ""እንተ"",
            ""pattern"": null
          },
          ""confidence"": {
            ""type"": ""undecided"",
            ""score"": null
          },
          ""evidence"": {
            ""lexicon_status"": ""attested_in_lexicon"",
            ""attestation"": [],
            ""constraints_checked"": []
          }
        },
        {
          ""option_id"": ""B"",
          ""pos"": ""N"",
          ""analysis"": {
            ""kind"": ""lexical"",
            ""root"": ""ገብረ"",
            ""lemma"": ""ምግባር"",
            ""pattern"": null
          },
          ""confidence"": {
            ""type"": ""weak"",
            ""score"": null
          },
          ""evidence"": {
            ""lexicon_status"": ""attested_in_lexicon"",
            ""attestation"": [],
            ""constraints_checked"": [
              ""root_pattern_compatibility""
            ]
          }
        },
        {
          ""option_id"": ""C"",
          ""pos"": ""PRO.REL"",
          ""analysis"": {
            ""kind"": ""functional"",
            ""root"": null,
            ""lemma"": ""ዘ"",
            ""pattern"": null
          },
          ""confidence"": {
            ""type"": ""undecided"",
            ""score"": null
          },
          ""evidence"": {
            ""lexicon_status"": ""attested_in_lexicon"",
            ""attestation"": [],
            ""constraints_checked"": []
          }
        }
      ]
    },
    {
      ""token_id"": ""t7"",
      ""surface"": ""ላዕሌሃ፡እምቀዳሚ፡እስ፡"",
      ""span"": {
        ""start"": 53,
        ""end"": 67
      },
      ""options"": [
        {
          ""option_id"": ""A"",
          ""pos"": ""PREP"",
          ""analysis"": {
            ""kind"": ""lexical"",
            ""root"": ""ለዐለ"",
            ""lemma"": ""ላዕለ"",
            ""pattern"": ""Suffix_3fs""
          },
          ""confidence"": {
            ""type"": ""undecided"",
            ""score"": null
          },
          ""evidence"": {
            ""lexicon_status"": ""attested_in_lexicon"",
            ""attestation"": [],
            ""constraints_checked"": []
          }
        },
        {
          ""option_id"": ""B"",
          ""pos"": ""PREP"",
          ""analysis"": {
            ""kind"": ""functional"",
            ""root"": null,
            ""lemma"": ""እም"",
            ""pattern"": null
          },
          ""confidence"": {
            ""type"": ""undecided"",
            ""score"": null
          },
          ""evidence"": {
            ""lexicon_status"": ""attested_in_lexicon"",
            ""attestation"": [],
            ""constraints_checked"": []
          }
        },
        {
          ""option_id"": ""C"",
          ""pos"": ""N"",
          ""analysis"": {
            ""kind"": ""lexical"",
            ""root"": ""ቀደመ"",
            ""lemma"": ""ቀዳሚ"",
            ""pattern"": null
          },
          ""confidence"": {
            ""type"": ""weak"",
            ""score"": null
          },
          ""evidence"": {
            ""lexicon_status"": ""attested_in_lexicon"",
            ""attestation"": [],
            ""constraints_checked"": [
              ""root_pattern_compatibility""
            ]
          }
        }
      ]
    },
    {
      ""token_id"": ""t8"",
      ""surface"": ""ተፍጻሜቱ፨መ፡እይትመየጥ፡"",
      ""span"": {
        ""start"": 68,
        ""end"": 83
      },
      ""options"": [
        {
          ""option_id"": ""A"",
          ""pos"": ""N"",
          ""analysis"": {
            ""kind"": ""lexical"",
            ""root"": ""ፈጸመ"",
            ""lemma"": ""ተፍጻሜት"",
            ""pattern"": ""Suffix_3ms""
          },
          ""confidence"": {
            ""type"": ""undecided"",
            ""score"": null
          },
          ""evidence"": {
            ""lexicon_status"": ""attested_in_lexicon"",
            ""attestation"": [],
            ""constraints_checked"": []
          }
        },
        {
          ""option_id"": ""B"",
          ""pos"": ""PART.NEG"",
          ""analysis"": {
            ""kind"": ""functional"",
            ""root"": null,
            ""lemma"": ""ኢ"",
            ""pattern"": null
          },
          ""confidence"": {
            ""type"": ""undecided"",
            ""score"": null
          },
          ""evidence"": {
            ""lexicon_status"": ""attested_in_lexicon"",
            ""attestation"": [],
            ""constraints_checked"": []
          }
        },
        {
          ""option_id"": ""C"",
          ""pos"": ""V"",
          ""analysis"": {
            ""kind"": ""lexical"",
            ""root"": ""ሜጠ"",
            ""lemma"": ""ተመየጠ"",
            ""pattern"": ""Imperfect_Passive""
          },
          ""confidence"": {
            ""type"": ""undecided"",
            ""score"": null
          },
          ""evidence"": {
            ""lexicon_status"": ""attested_in_lexicon"",
            ""attestation"": [],
            ""constraints_checked"": []
          }
        }
      ]
    },
    {
      ""token_id"": ""t9"",
      ""surface"": ""ሉ፡ምግብሩ፡ለምላ፡እንዘ፡"",
      ""span"": {
        ""start"": 84,
        ""end"": 99
      },
      ""options"": [
        {
          ""option_id"": ""A"",
          ""pos"": ""N"",
          ""analysis"": {
            ""kind"": ""lexical"",
            ""root"": ""ገብረ"",
            ""lemma"": ""ምግባር"",
            ""pattern"": ""Suffix_3ms""
          },
          ""confidence"": {
            ""type"": ""undecided"",
            ""score"": null
          },
          ""evidence"": {
            ""lexicon_status"": ""attested_in_lexicon"",
            ""attestation"": [],
            ""constraints_checked"": []
          }
        },
        {
          ""option_id"": ""B"",
          ""pos"": ""CONJ.SUB"",
          ""analysis"": {
            ""kind"": ""functional"",
            ""root"": null,
            ""lemma"": ""እንዘ"",
            ""pattern"": null
          },
          ""confidence"": {
            ""type"": ""undecided"",
            ""score"": null
          },
          ""evidence"": {
            ""lexicon_status"": ""attested_in_lexicon"",
            ""attestation"": [],
            ""constraints_checked"": []
          }
        }
      ]
    },
    {
      ""token_id"": ""t10"",
      ""surface"": ""ያስተርኢ።"",
      ""span"": {
        ""start"": 100,
        ""end"": 106
      },
      ""options"": [
        {
          ""option_id"": ""A"",
          ""pos"": ""V"",
          ""analysis"": {
            ""kind"": ""lexical"",
            ""root"": ""ርእየ"",
            ""lemma"": ""አስተርአየ"",
            ""pattern"": ""Imperfect_3ms""
          },
          ""confidence"": {
            ""type"": ""undecided"",
            ""score"": null
          },
          ""evidence"": {
            ""lexicon_status"": ""attested_in_lexicon"",
            ""attestation"": [],
            ""constraints_checked"": []
          }
        }
      ]
    }
  ]
}"
2,segment_003,segment,DONE,C:\Users\sasch\visionexe\stories\template\filmsets\story_002\segment_003\segment.txt,"{
  ""meta"": {
    ""schema_version"": ""1.0.0"",
    ""created_at"": ""2026-01-11T03:07:01Z"",
    ""created_by"": ""worker_llm_analysis_Morphologic"",
    ""language"": ""gez"",
    ""tagset_id"": ""GEZ-POS-1"",
    ""tokenization_policy"": ""whitespace""
  },
  ""source"": {
    ""witness_id"": ""story_002/segment_003"",
    ""graphematic_string"": ""Chapter 2 Segment 3\n\nርእይዎ፡ለሐጋይ፡ወለረምት፡\nመ፡ላ፡ምድር፡መልት፡ማየ፡\nወደመና፡ወጠል፡ወዝናም፡\nየዓርፍ፡ላዕሌሃ፨"",
    ""normalization_policy"": ""none"",
    ""uncertainties"": []
  },
  ""tokens"": [
    {
      ""token_id"": ""t1"",
      ""surface"": ""Chapter"",
      ""span"": {
        ""start"": 0,
        ""end"": 7
      },
      ""options"": [
        {
          ""option_id"": ""A"",
          ""pos"": ""N"",
          ""analysis"": {
            ""kind"": ""lexical"",
            ""root"": null,
            ""lemma"": ""Chapter"",
            ""pattern"": null
          },
          ""confidence"": {
            ""type"": ""weak"",
            ""score"": null
          },
          ""evidence"": {
            ""lexicon_status"": ""attested_in_lexicon"",
            ""attestation"": [],
            ""constraints_checked"": [
              ""root_pattern_compatibility""
            ]
          }
        }
      ]
    },
    {
      ""token_id"": ""t2"",
      ""surface"": ""2"",
      ""span"": {
        ""start"": 8,
        ""end"": 9
      },
      ""options"": [
        {
          ""option_id"": ""A"",
          ""pos"": ""NUM"",
          ""analysis"": {
            ""kind"": ""lexical"",
            ""root"": null,
            ""lemma"": ""2"",
            ""pattern"": null
          },
          ""confidence"": {
            ""type"": ""weak"",
            ""score"": null
          },
          ""evidence"": {
            ""lexicon_status"": ""attested_in_lexicon"",
            ""attestation"": [],
            ""constraints_checked"": [
              ""root_pattern_compatibility""
            ]
          }
        }
      ]
    },
    {
      ""token_id"": ""t3"",
      ""surface"": ""Segment"",
      ""span"": {
        ""start"": 10,
        ""end"": 17
      },
      ""options"": [
        {
          ""option_id"": ""A"",
          ""pos"": ""N"",
          ""analysis"": {
            ""kind"": ""lexical"",
            ""root"": null,
            ""lemma"": ""Segment"",
            ""pattern"": null
          },
          ""confidence"": {
            ""type"": ""weak"",
            ""score"": null
          },
          ""evidence"": {
            ""lexicon_status"": ""attested_in_lexicon"",
            ""attestation"": [],
            ""constraints_checked"": [
              ""root_pattern_compatibility""
            ]
          }
        }
      ]
    },
    {
      ""token_id"": ""t4"",
      ""surface"": ""3"",
      ""span"": {
        ""start"": 18,
        ""end"": 19
      },
      ""options"": [
        {
          ""option_id"": ""A"",
          ""pos"": ""NUM"",
          ""analysis"": {
            ""kind"": ""lexical"",
            ""root"": null,
            ""lemma"": ""3"",
            ""pattern"": null
          },
          ""confidence"": {
            ""type"": ""weak"",
            ""score"": null
          },
          ""evidence"": {
            ""lexicon_status"": ""attested_in_lexicon"",
            ""attestation"": [],
            ""constraints_checked"": [
              ""root_pattern_compatibility""
            ]
          }
        }
      ]
    },
    {
      ""token_id"": ""t5"",
      ""surface"": ""ርእይዎ፡ለሐጋይ፡ወለረምት፡"",
      ""span"": {
        ""start"": 21,
        ""end"": 37
      },
      ""options"": [
        {
          ""option_id"": ""A"",
          ""pos"": ""V"",
          ""analysis"": {
            ""kind"": ""lexical"",
            ""root"": ""ርእየ"",
            ""lemma"": ""ርእየ"",
            ""pattern"": ""Imperative_Plural_Suffix_3ms""
          },
          ""confidence"": {
            ""type"": ""undecided"",
            ""score"": null
          },
          ""evidence"": {
            ""lexicon_status"": ""attested_in_lexicon"",
            ""attestation"": [],
            ""constraints_checked"": []
          }
        },
        {
          ""option_id"": ""B"",
          ""pos"": ""PREP"",
          ""analysis"": {
            ""kind"": ""functional"",
            ""root"": null,
            ""lemma"": ""ለ"",
            ""pattern"": null
          },
          ""confidence"": {
            ""type"": ""undecided"",
            ""score"": null
          },
          ""evidence"": {
            ""lexicon_status"": ""attested_in_lexicon"",
            ""attestation"": [],
            ""constraints_checked"": []
          }
        },
        {
          ""option_id"": ""C"",
          ""pos"": ""N"",
          ""analysis"": {
            ""kind"": ""lexical"",
            ""root"": ""ሐገየ"",
            ""lemma"": ""ሐጋይ"",
            ""pattern"": null
          },
          ""confidence"": {
            ""type"": ""weak"",
            ""score"": null
          },
          ""evidence"": {
            ""lexicon_status"": ""attested_in_lexicon"",
            ""attestation"": [],
            ""constraints_checked"": [
              ""root_pattern_compatibility""
            ]
          }
        },
        {
          ""option_id"": ""D"",
          ""pos"": ""N"",
          ""analysis"": {
            ""kind"": ""lexical"",
            ""root"": ""ረመተ"",
            ""lemma"": ""ረምት"",
            ""pattern"": null
          },
          ""confidence"": {
            ""type"": ""weak"",
            ""score"": null
          },
          ""evidence"": {
            ""lexicon_status"": ""attested_in_lexicon"",
            ""attestation"": [],
            ""constraints_checked"": [
              ""root_pattern_compatibility""
            ]
          }
        }
      ]
    },
    {
      ""token_id"": ""t6"",
      ""surface"": ""መ፡ላ፡ምድር፡መልት፡ማየ፡"",
      ""span"": {
        ""start"": 38,
        ""end"": 53
      },
      ""options"": [
        {
          ""option_id"": ""A"",
          ""pos"": ""N"",
          ""analysis"": {
            ""kind"": ""lexical"",
            ""root"": null,
            ""lemma"": ""ምድር"",
            ""pattern"": null
          },
          ""confidence"": {
            ""type"": ""weak"",
            ""score"": null
          },
          ""evidence"": {
            ""lexicon_status"": ""attested_in_lexicon"",
            ""attestation"": [],
            ""constraints_checked"": [
              ""root_pattern_compatibility""
            ]
          }
        },
        {
          ""option_id"": ""B"",
          ""pos"": ""V"",
          ""analysis"": {
            ""kind"": ""lexical"",
            ""root"": ""መልአ"",
            ""lemma"": ""መልአ"",
            ""pattern"": ""Perfect_3fs""
          },
          ""confidence"": {
            ""type"": ""undecided"",
            ""score"": null
          },
          ""evidence"": {
            ""lexicon_status"": ""attested_in_lexicon"",
            ""attestation"": [],
            ""constraints_checked"": []
          }
        },
        {
          ""option_id"": ""C"",
          ""pos"": ""N"",
          ""analysis"": {
            ""kind"": ""lexical"",
            ""root"": ""ማየ"",
            ""lemma"": ""ማይ"",
            ""pattern"": ""Accusative""
          },
          ""confidence"": {
            ""type"": ""undecided"",
            ""score"": null
          },
          ""evidence"": {
            ""lexicon_status"": ""attested_in_lexicon"",
            ""attestation"": [],
            ""constraints_checked"": []
          }
        }
      ]
    },
    {
      ""token_id"": ""t7"",
      ""surface"": ""ወደመና፡ወጠል፡ወዝናም፡"",
      ""span"": {
        ""start"": 54,
        ""end"": 68
      },
      ""options"": [
        {
          ""option_id"": ""A"",
          ""pos"": ""CONJ.COORD"",
          ""analysis"": {
            ""kind"": ""functional"",
            ""root"": null,
            ""lemma"": ""ወ"",
            ""pattern"": null
          },
          ""confidence"": {
            ""type"": ""undecided"",
            ""score"": null
          },
          ""evidence"": {
            ""lexicon_status"": ""attested_in_lexicon"",
            ""attestation"": [],
            ""constraints_checked"": []
          }
        },
        {
          ""option_id"": ""B"",
          ""pos"": ""N"",
          ""analysis"": {
            ""kind"": ""lexical"",
            ""root"": ""ደመነ"",
            ""lemma"": ""ደመና"",
            ""pattern"": null
          },
          ""confidence"": {
            ""type"": ""weak"",
            ""score"": null
          },
          ""evidence"": {
            ""lexicon_status"": ""attested_in_lexicon"",
            ""attestation"": [],
            ""constraints_checked"": [
              ""root_pattern_compatibility""
            ]
          }
        },
        {
          ""option_id"": ""C"",
          ""pos"": ""N"",
          ""analysis"": {
            ""kind"": ""lexical"",
            ""root"": ""ጠለ"",
            ""lemma"": ""ጠል"",
            ""pattern"": null
          },
          ""confidence"": {
            ""type"": ""weak"",
            ""score"": null
          },
          ""evidence"": {
            ""lexicon_status"": ""attested_in_lexicon"",
            ""attestation"": [],
            ""constraints_checked"": [
              ""root_pattern_compatibility""
            ]
          }
        },
        {
          ""option_id"": ""D"",
          ""pos"": ""N"",
          ""analysis"": {
            ""kind"": ""lexical"",
            ""root"": ""ዘነመ"",
            ""lemma"": ""ዝናም"",
            ""pattern"": null
          },
          ""confidence"": {
            ""type"": ""weak"",
            ""score"": null
          },
          ""evidence"": {
            ""lexicon_status"": ""attested_in_lexicon"",
            ""attestation"": [],
            ""constraints_checked"": [
              ""root_pattern_compatibility""
            ]
          }
        }
      ]
    },
    {
      ""token_id"": ""t8"",
      ""surface"": ""የዓርፍ፡ላዕሌሃ፨"",
      ""span"": {
        ""start"": 69,
        ""end"": 79
      },
      ""options"": [
        {
          ""option_id"": ""A"",
          ""pos"": ""V"",
          ""analysis"": {
            ""kind"": ""lexical"",
            ""root"": ""ዐረፈ"",
            ""lemma"": ""አዕረፈ"",
            ""pattern"": ""Imperfect_3ms""
          },
          ""confidence"": {
            ""type"": ""undecided"",
            ""score"": null
          },
          ""evidence"": {
            ""lexicon_status"": ""attested_in_lexicon"",
            ""attestation"": [],
            ""constraints_checked"": []
          }
        },
        {
          ""option_id"": ""B"",
          ""pos"": ""PREP"",
          ""analysis"": {
            ""kind"": ""lexical"",
            ""root"": ""ለዐለ"",
            ""lemma"": ""ላዕለ"",
            ""pattern"": ""Suffix_3fs""
          },
          ""confidence"": {
            ""type"": ""undecided"",
            ""score"": null
          },
          ""evidence"": {
            ""lexicon_status"": ""attested_in_lexicon"",
            ""attestation"": [],
            ""constraints_checked"": []
          }
        }
      ]
    }
  ]
}"
3,segment_001,segment,DONE,C:\Users\sasch\visionexe\stories\template\filmsets\story_003\segment_001\segment.txt,"{
  ""meta"": {
    ""schema_version"": ""1.0.0"",
    ""created_at"": ""2026-01-11T03:08:11Z"",
    ""created_by"": ""worker_llm_analysis_Morphologic"",
    ""language"": ""gez"",
    ""tagset_id"": ""GEZ-POS-1"",
    ""tokenization_policy"": ""whitespace""
  },
  ""source"": {
    ""witness_id"": ""story_003/segment_001"",
    ""graphematic_string"": ""Chapter 3 Segment 1\n\nጠየቁ፡ወርኢኩ፡መ፡ሉ፡\nዐፀው፡እፎ፡ያስተረእዩ፡መ፡\nይቡስን፡ወሉ፡ቍጽሊሆሙ፡\nንጉፋት፡ዘእንለ፡፲ወ፬ዕፀው፡\nዘኢይትነገፍ፡እለ፡ይጸንሑ፡\nእምብሉይ፡እስ፡ይመጽእ፡\nሐዲስ፡እምልኤ፡ወእምሠለስቱ፡\nረምት፨"",
    ""normalization_policy"": ""none"",
    ""uncertainties"": []
  },
  ""tokens"": [
    {
      ""token_id"": ""t1"",
      ""surface"": ""Chapter"",
      ""span"": {
        ""start"": 0,
        ""end"": 7
      },
      ""options"": [
        {
          ""option_id"": ""t1_opt1"",
          ""pos"": ""N"",
          ""analysis"": {
            ""kind"": ""lexical"",
            ""root"": null,
            ""lemma"": ""Chapter"",
            ""pattern"": null
          },
          ""confidence"": {
            ""type"": ""weak"",
            ""score"": 0.99
          },
          ""evidence"": {
            ""lexicon_status"": ""foreign_latin_script"",
            ""attestation"": [],
            ""constraints_checked"": [
              ""root_pattern_compatibility""
            ]
          }
        }
      ]
    },
    {
      ""token_id"": ""t2"",
      ""surface"": ""3"",
      ""span"": {
        ""start"": 8,
        ""end"": 9
      },
      ""options"": [
        {
          ""option_id"": ""t2_opt1"",
          ""pos"": ""NUM"",
          ""analysis"": {
            ""kind"": ""lexical"",
            ""root"": null,
            ""lemma"": ""3"",
            ""pattern"": null
          },
          ""confidence"": {
            ""type"": ""weak"",
            ""score"": 0.99
          },
          ""evidence"": {
            ""lexicon_status"": ""foreign_digit"",
            ""attestation"": [],
            ""constraints_checked"": [
              ""root_pattern_compatibility""
            ]
          }
        }
      ]
    },
    {
      ""token_id"": ""t3"",
      ""surface"": ""Segment"",
      ""span"": {
        ""start"": 10,
        ""end"": 17
      },
      ""options"": [
        {
          ""option_id"": ""t3_opt1"",
          ""pos"": ""N"",
          ""analysis"": {
            ""kind"": ""lexical"",
            ""root"": null,
            ""lemma"": ""Segment"",
            ""pattern"": null
          },
          ""confidence"": {
            ""type"": ""weak"",
            ""score"": 0.99
          },
          ""evidence"": {
            ""lexicon_status"": ""foreign_latin_script"",
            ""attestation"": [],
            ""constraints_checked"": [
              ""root_pattern_compatibility""
            ]
          }
        }
      ]
    },
    {
      ""token_id"": ""t4"",
      ""surface"": ""1"",
      ""span"": {
        ""start"": 18,
        ""end"": 19
      },
      ""options"": [
        {
          ""option_id"": ""t4_opt1"",
          ""pos"": ""NUM"",
          ""analysis"": {
            ""kind"": ""lexical"",
            ""root"": null,
            ""lemma"": ""1"",
            ""pattern"": null
          },
          ""confidence"": {
            ""type"": ""weak"",
            ""score"": 0.99
          },
          ""evidence"": {
            ""lexicon_status"": ""foreign_digit"",
            ""attestation"": [],
            ""constraints_checked"": [
              ""root_pattern_compatibility""
            ]
          }
        }
      ]
    },
    {
      ""token_id"": ""t5"",
      ""surface"": ""ጠየቁ፡ወርኢኩ፡መ፡ሉ፡"",
      ""span"": {
        ""start"": 21,
        ""end"": 34
      },
      ""options"": [
        {
          ""option_id"": ""t5_opt1"",
          ""pos"": ""V"",
          ""analysis"": {
            ""kind"": ""lexical"",
            ""root"": null,
            ""lemma"": null,
            ""pattern"": null
          },
          ""confidence"": {
            ""type"": ""weak"",
            ""score"": 0.1
          },
          ""evidence"": {
            ""lexicon_status"": ""unattested_compound_token"",
            ""attestation"": [
              ""Token appears to contain multiple merged words (ጠየቁ, ወርኢኩ, etc.) due to whitespace tokenization.""
            ],
            ""constraints_checked"": [
              ""root_pattern_compatibility""
            ]
          }
        }
      ]
    },
    {
      ""token_id"": ""t6"",
      ""surface"": ""ዐፀው፡እፎ፡ያስተረእዩ፡መ፡"",
      ""span"": {
        ""start"": 35,
        ""end"": 51
      },
      ""options"": [
        {
          ""option_id"": ""t6_opt1"",
          ""pos"": ""N"",
          ""analysis"": {
            ""kind"": ""lexical"",
            ""root"": null,
            ""lemma"": ""ዐፀው"",
            ""pattern"": null
          },
          ""confidence"": {
            ""type"": ""weak"",
            ""score"": 0.1
          },
          ""evidence"": {
            ""lexicon_status"": ""unattested_compound_token"",
            ""attestation"": [
              ""Token contains merged words starting with Noun ዐፀው.""
            ],
            ""constraints_checked"": [
              ""root_pattern_compatibility""
            ]
          }
        }
      ]
    },
    {
      ""token_id"": ""t7"",
      ""surface"": ""ይቡስን፡ወሉ፡ቍጽሊሆሙ፡"",
      ""span"": {
        ""start"": 52,
        ""end"": 66
      },
      ""options"": [
        {
          ""option_id"": ""t7_opt1"",
          ""pos"": ""ADJ"",
          ""analysis"": {
            ""kind"": ""lexical"",
            ""root"": null,
            ""lemma"": ""ይቡስ"",
            ""pattern"": null
          },
          ""confidence"": {
            ""type"": ""weak"",
            ""score"": 0.1
          },
          ""evidence"": {
            ""lexicon_status"": ""unattested_compound_token"",
            ""attestation"": [
              ""Token contains merged words starting with Adjective ይቡስን.""
            ],
            ""constraints_checked"": [
              ""root_pattern_compatibility""
            ]
          }
        }
      ]
    },
    {
      ""token_id"": ""t8"",
      ""surface"": ""ንጉፋት፡ዘእንለ፡፲ወ፬ዕፀው፡"",
      ""span"": {
        ""start"": 67,
        ""end"": 84
      },
      ""options"": [
        {
          ""option_id"": ""t8_opt1"",
          ""pos"": ""ADJ"",
          ""analysis"": {
            ""kind"": ""lexical"",
            ""root"": null,
            ""lemma"": ""ንጉፋት"",
            ""pattern"": null
          },
          ""confidence"": {
            ""type"": ""weak"",
            ""score"": 0.1
          },
          ""evidence"": {
            ""lexicon_status"": ""unattested_compound_token"",
            ""attestation"": [
              ""Token contains merged words starting with Adjective/Participle ንጉፋት.""
            ],
            ""constraints_checked"": [
              ""root_pattern_compatibility""
            ]
          }
        }
      ]
    },
    {
      ""token_id"": ""t9"",
      ""surface"": ""ዘኢይትነገፍ፡እለ፡ይጸንሑ፡"",
      ""span"": {
        ""start"": 85,
        ""end"": 101
      },
      ""options"": [
        {
          ""option_id"": ""t9_opt1"",
          ""pos"": ""PRO.REL"",
          ""analysis"": {
            ""kind"": ""lexical"",
            ""root"": null,
            ""lemma"": ""ዘ"",
            ""pattern"": null
          },
          ""confidence"": {
            ""type"": ""undecided"",
            ""score"": 0.1
          },
          ""evidence"": {
            ""lexicon_status"": ""unattested_compound_token"",
            ""attestation"": [
              ""Token contains merged words starting with Relative Particle ዘ.""
            ],
            ""constraints_checked"": []
          }
        }
      ]
    },
    {
      ""token_id"": ""t10"",
      ""surface"": ""እምብሉይ፡እስ፡ይመጽእ፡"",
      ""span"": {
        ""start"": 102,
        ""end"": 116
      },
      ""options"": [
        {
          ""option_id"": ""t10_opt1"",
          ""pos"": ""PREP"",
          ""analysis"": {
            ""kind"": ""lexical"",
            ""root"": null,
            ""lemma"": ""እም"",
            ""pattern"": null
          },
          ""confidence"": {
            ""type"": ""undecided"",
            ""score"": 0.1
          },
          ""evidence"": {
            ""lexicon_status"": ""unattested_compound_token"",
            ""attestation"": [
              ""Token contains merged words starting with Preposition እም.""
            ],
            ""constraints_checked"": []
          }
        }
      ]
    },
    {
      ""token_id"": ""t11"",
      ""surface"": ""ሐዲስ፡እምልኤ፡ወእምሠለስቱ፡"",
      ""span"": {
        ""start"": 117,
        ""end"": 134
      },
      ""options"": [
        {
          ""option_id"": ""t11_opt1"",
          ""pos"": ""ADJ"",
          ""analysis"": {
            ""kind"": ""lexical"",
            ""root"": null,
            ""lemma"": ""ሐዲስ"",
            ""pattern"": null
          },
          ""confidence"": {
            ""type"": ""weak"",
            ""score"": 0.1
          },
          ""evidence"": {
            ""lexicon_status"": ""unattested_compound_token"",
            ""attestation"": [
              ""Token contains merged words starting with Adjective ሐዲስ.""
            ],
            ""constraints_checked"": [
              ""root_pattern_compatibility""
            ]
          }
        }
      ]
    },
    {
      ""token_id"": ""t12"",
      ""surface"": ""ረምት፨"",
      ""span"": {
        ""start"": 135,
        ""end"": 139
      },
      ""options"": [
        {
          ""option_id"": ""t12_opt1"",
          ""pos"": ""N"",
          ""analysis"": {
            ""kind"": ""lexical"",
            ""root"": null,
            ""lemma"": ""ረምት"",
            ""pattern"": null
          },
          ""confidence"": {
            ""type"": ""weak"",
            ""score"": 0.1
          },
          ""evidence"": {
            ""lexicon_status"": ""attested_in_lexicon"",
            ""attestation"": [
              ""Possible valid word separator at end or single word.""
            ],
            ""constraints_checked"": [
              ""root_pattern_compatibility""
            ]
          }
        }
      ]
    }
  ]
}"
4,segment_001,segment,DONE,C:\Users\sasch\visionexe\stories\template\filmsets\story_004\segment_001\segment.txt,"{
  ""meta"": {
    ""schema_version"": ""1.0.0"",
    ""created_at"": ""2026-01-11T03:09:44Z"",
    ""created_by"": ""worker_llm_analysis_Morphologic"",
    ""language"": ""gez"",
    ""tagset_id"": ""GEZ-POS-1"",
    ""tokenization_policy"": ""whitespace""
  },
  ""source"": {
    ""witness_id"": ""story_004/segment_001"",
    ""graphematic_string"": ""Chapter 4 Segment 1\n\nወዳግመ፡ጠየቁ፡መዋዕለ፡ሐጋይ፡\nመ፡ነ፡ላእሌሃ፡ፀሐይ፡\nቅድሜሃ፨ወንትሙሰ፡\nተኀሥሡ፡ምጽላለ፡ወጽላሎተ፡\nእንተ፡ዋዕየ፡ፀሐይ፨ወምድርስ፡\nትውዒ፡እሙቀተ፡ሐሩር፡\nወንትሙሰ፡ኢትሉ፡ዪዶታ፡\nለምድር፡ወኢ—ሐ፡እንተ፡\nዋዐያ፨"",
    ""normalization_policy"": ""none"",
    ""uncertainties"": []
  },
  ""tokens"": [
    {
      ""token_id"": ""t1"",
      ""surface"": ""Chapter"",
      ""span"": {
        ""start"": 0,
        ""end"": 7
      },
      ""options"": [
        {
          ""option_id"": ""t1_opt_A"",
          ""pos"": ""N"",
          ""analysis"": {
            ""kind"": ""lexical"",
            ""root"": ""Chapter"",
            ""lemma"": ""Chapter"",
            ""pattern"": ""nominal""
          },
          ""confidence"": {
            ""type"": ""high"",
            ""score"": 0.99
          },
          ""evidence"": {
            ""lexicon_status"": ""attested_in_lexicon"",
            ""attestation"": [
              ""english_lexicon""
            ],
            ""constraints_checked"": []
          }
        }
      ]
    },
    {
      ""token_id"": ""t2"",
      ""surface"": ""4"",
      ""span"": {
        ""start"": 8,
        ""end"": 9
      },
      ""options"": [
        {
          ""option_id"": ""t2_opt_A"",
          ""pos"": ""NUM"",
          ""analysis"": {
            ""kind"": ""lexical"",
            ""root"": ""4"",
            ""lemma"": ""4"",
            ""pattern"": ""digit""
          },
          ""confidence"": {
            ""type"": ""high"",
            ""score"": 0.99
          },
          ""evidence"": {
            ""lexicon_status"": ""attested_in_lexicon"",
            ""attestation"": [
              ""numeric""
            ],
            ""constraints_checked"": []
          }
        }
      ]
    },
    {
      ""token_id"": ""t3"",
      ""surface"": ""Segment"",
      ""span"": {
        ""start"": 10,
        ""end"": 17
      },
      ""options"": [
        {
          ""option_id"": ""t3_opt_A"",
          ""pos"": ""N"",
          ""analysis"": {
            ""kind"": ""lexical"",
            ""root"": ""Segment"",
            ""lemma"": ""Segment"",
            ""pattern"": ""nominal""
          },
          ""confidence"": {
            ""type"": ""high"",
            ""score"": 0.99
          },
          ""evidence"": {
            ""lexicon_status"": ""attested_in_lexicon"",
            ""attestation"": [
              ""english_lexicon""
            ],
            ""constraints_checked"": []
          }
        }
      ]
    },
    {
      ""token_id"": ""t4"",
      ""surface"": ""1"",
      ""span"": {
        ""start"": 18,
        ""end"": 19
      },
      ""options"": [
        {
          ""option_id"": ""t4_opt_A"",
          ""pos"": ""NUM"",
          ""analysis"": {
            ""kind"": ""lexical"",
            ""root"": ""1"",
            ""lemma"": ""1"",
            ""pattern"": ""digit""
          },
          ""confidence"": {
            ""type"": ""high"",
            ""score"": 0.99
          },
          ""evidence"": {
            ""lexicon_status"": ""attested_in_lexicon"",
            ""attestation"": [
              ""numeric""
            ],
            ""constraints_checked"": []
          }
        }
      ]
    },
    {
      ""token_id"": ""t5"",
      ""surface"": ""ወዳግመ፡ጠየቁ፡መዋዕለ፡ሐጋይ፡"",
      ""span"": {
        ""start"": 21,
        ""end"": 39
      },
      ""options"": [
        {
          ""option_id"": ""MISSING"",
          ""pos"": ""N"",
          ""analysis"": {
            ""kind"": ""lexical"",
            ""root"": null,
            ""lemma"": null,
            ""pattern"": null,
            ""affixes"": {
              ""prefixes"": [],
              ""suffixes"": [],
              ""clitics"": []
            },
            ""features"": {},
            ""gloss"": null
          },
          ""confidence"": {
            ""type"": ""ruled_out"",
            ""score"": 0.0
          },
          ""evidence"": {
            ""lexicon_status"": ""unattested"",
            ""attestation"": [],
            ""constraints_checked"": [
              ""root_pattern_compatibility"",
              ""evidence_minimum""
            ],
            ""notes"": ""LLM missing token options""
          }
        }
      ]
    },
    {
      ""token_id"": ""t6"",
      ""surface"": ""መ፡ነ፡ላእሌሃ፡ፀሐይ፡"",
      ""span"": {
        ""start"": 40,
        ""end"": 53
      },
      ""options"": [
        {
          ""option_id"": ""MISSING"",
          ""pos"": ""N"",
          ""analysis"": {
            ""kind"": ""lexical"",
            ""root"": null,
            ""lemma"": null,
            ""pattern"": null,
            ""affixes"": {
              ""prefixes"": [],
              ""suffixes"": [],
              ""clitics"": []
            },
            ""features"": {},
            ""gloss"": null
          },
          ""confidence"": {
            ""type"": ""ruled_out"",
            ""score"": 0.0
          },
          ""evidence"": {
            ""lexicon_status"": ""unattested"",
            ""attestation"": [],
            ""constraints_checked"": [
              ""root_pattern_compatibility"",
              ""evidence_minimum""
            ],
            ""notes"": ""LLM missing token options""
          }
        }
      ]
    },
    {
      ""token_id"": ""t7"",
      ""surface"": ""ቅድሜሃ፨ወንትሙሰ፡"",
      ""span"": {
        ""start"": 54,
        ""end"": 65
      },
      ""options"": [
        {
          ""option_id"": ""MISSING"",
          ""pos"": ""N"",
          ""analysis"": {
            ""kind"": ""lexical"",
            ""root"": null,
            ""lemma"": null,
            ""pattern"": null,
            ""affixes"": {
              ""prefixes"": [],
              ""suffixes"": [],
              ""clitics"": []
            },
            ""features"": {},
            ""gloss"": null
          },
          ""confidence"": {
            ""type"": ""ruled_out"",
            ""score"": 0.0
          },
          ""evidence"": {
            ""lexicon_status"": ""unattested"",
            ""attestation"": [],
            ""constraints_checked"": [
              ""root_pattern_compatibility"",
              ""evidence_minimum""
            ],
            ""notes"": ""LLM missing token options""
          }
        }
      ]
    },
    {
      ""token_id"": ""t8"",
      ""surface"": ""ተኀሥሡ፡ምጽላለ፡ወጽላሎተ፡"",
      ""span"": {
        ""start"": 66,
        ""end"": 82
      },
      ""options"": [
        {
          ""option_id"": ""MISSING"",
          ""pos"": ""N"",
          ""analysis"": {
            ""kind"": ""lexical"",
            ""root"": null,
            ""lemma"": null,
            ""pattern"": null,
            ""affixes"": {
              ""prefixes"": [],
              ""suffixes"": [],
              ""clitics"": []
            },
            ""features"": {},
            ""gloss"": null
          },
          ""confidence"": {
            ""type"": ""ruled_out"",
            ""score"": 0.0
          },
          ""evidence"": {
            ""lexicon_status"": ""unattested"",
            ""attestation"": [],
            ""constraints_checked"": [
              ""root_pattern_compatibility"",
              ""evidence_minimum""
            ],
            ""notes"": ""LLM missing token options""
          }
        }
      ]
    },
    {
      ""token_id"": ""t9"",
      ""surface"": ""እንተ፡ዋዕየ፡ፀሐይ፨ወምድርስ፡"",
      ""span"": {
        ""start"": 83,
        ""end"": 101
      },
      ""options"": [
        {
          ""option_id"": ""MISSING"",
          ""pos"": ""N"",
          ""analysis"": {
            ""kind"": ""lexical"",
            ""root"": null,
            ""lemma"": null,
            ""pattern"": null,
            ""affixes"": {
              ""prefixes"": [],
              ""suffixes"": [],
              ""clitics"": []
            },
            ""features"": {},
            ""gloss"": null
          },
          ""confidence"": {
            ""type"": ""ruled_out"",
            ""score"": 0.0
          },
          ""evidence"": {
            ""lexicon_status"": ""unattested"",
            ""attestation"": [],
            ""constraints_checked"": [
              ""root_pattern_compatibility"",
              ""evidence_minimum""
            ],
            ""notes"": ""LLM missing token options""
          }
        }
      ]
    },
    {
      ""token_id"": ""t10"",
      ""surface"": ""ትውዒ፡እሙቀተ፡ሐሩር፡"",
      ""span"": {
        ""start"": 102,
        ""end"": 115
      },
      ""options"": [
        {
          ""option_id"": ""MISSING"",
          ""pos"": ""N"",
          ""analysis"": {
            ""kind"": ""lexical"",
            ""root"": null,
            ""lemma"": null,
            ""pattern"": null,
            ""affixes"": {
              ""prefixes"": [],
              ""suffixes"": [],
              ""clitics"": []
            },
            ""features"": {},
            ""gloss"": null
          },
          ""confidence"": {
            ""type"": ""ruled_out"",
            ""score"": 0.0
          },
          ""evidence"": {
            ""lexicon_status"": ""unattested"",
            ""attestation"": [],
            ""constraints_checked"": [
              ""root_pattern_compatibility"",
              ""evidence_minimum""
            ],
            ""notes"": ""LLM missing token options""
          }
        }
      ]
    },
    {
      ""token_id"": ""t11"",
      ""surface"": ""ወንትሙሰ፡ኢትሉ፡ዪዶታ፡"",
      ""span"": {
        ""start"": 116,
        ""end"": 130
      },
      ""options"": [
        {
          ""option_id"": ""MISSING"",
          ""pos"": ""N"",
          ""analysis"": {
            ""kind"": ""lexical"",
            ""root"": null,
            ""lemma"": null,
            ""pattern"": null,
            ""affixes"": {
              ""prefixes"": [],
              ""suffixes"": [],
              ""clitics"": []
            },
            ""features"": {},
            ""gloss"": null
          },
          ""confidence"": {
            ""type"": ""ruled_out"",
            ""score"": 0.0
          },
          ""evidence"": {
            ""lexicon_status"": ""unattested"",
            ""attestation"": [],
            ""constraints_checked"": [
              ""root_pattern_compatibility"",
              ""evidence_minimum""
            ],
            ""notes"": ""LLM missing token options""
          }
        }
      ]
    },
    {
      ""token_id"": ""t12"",
      ""surface"": ""ለምድር፡ወኢ—ሐ፡እንተ፡"",
      ""span"": {
        ""start"": 131,
        ""end"": 145
      },
      ""options"": [
        {
          ""option_id"": ""MISSING"",
          ""pos"": ""N"",
          ""analysis"": {
            ""kind"": ""lexical"",
            ""root"": null,
            ""lemma"": null,
            ""pattern"": null,
            ""affixes"": {
              ""prefixes"": [],
              ""suffixes"": [],
              ""clitics"": []
            },
            ""features"": {},
            ""gloss"": null
          },
          ""confidence"": {
            ""type"": ""ruled_out"",
            ""score"": 0.0
          },
          ""evidence"": {
            ""lexicon_status"": ""unattested"",
            ""attestation"": [],
            ""constraints_checked"": [
              ""root_pattern_compatibility"",
              ""evidence_minimum""
            ],
            ""notes"": ""LLM missing token options""
          }
        }
      ]
    },
    {
      ""token_id"": ""t13"",
      ""surface"": ""ዋዐያ፨"",
      ""span"": {
        ""start"": 146,
        ""end"": 150
      },
      ""options"": [
        {
          ""option_id"": ""MISSING"",
          ""pos"": ""N"",
          ""analysis"": {
            ""kind"": ""lexical"",
            ""root"": null,
            ""lemma"": null,
            ""pattern"": null,
            ""affixes"": {
              ""prefixes"": [],
              ""suffixes"": [],
              ""clitics"": []
            },
            ""features"": {},
            ""gloss"": null
          },
          ""confidence"": {
            ""type"": ""ruled_out"",
            ""score"": 0.0
          },
          ""evidence"": {
            ""lexicon_status"": ""unattested"",
            ""attestation"": [],
            ""constraints_checked"": [
              ""root_pattern_compatibility"",
              ""evidence_minimum""
            ],
            ""notes"": ""LLM missing token options""
          }
        }
      ]
    }
  ]
}"
5,segment_001,segment,DONE,C:\Users\sasch\visionexe\stories\template\filmsets\story_005\segment_001\segment.txt,"{
  ""meta"": {
    ""schema_version"": ""1.0.0"",
    ""created_at"": ""2026-01-11T03:11:49Z"",
    ""created_by"": ""worker_llm_analysis_Morphologic"",
    ""language"": ""gez"",
    ""tagset_id"": ""GEZ-POS-1"",
    ""tokenization_policy"": ""whitespace""
  },
  ""source"": {
    ""witness_id"": ""story_005/segment_001"",
    ""graphematic_string"": ""Chapter 5 Segment 1\n\nጠየቁ፡እፎ፡ዕፀው፡ሐመልማለ፡\nቍጽል፡ይትደኑ፡ወይፈርዩ፡\nወለብው፡እንተ፡ሉ፡\nወእምሩ፡መ፡ገብረ፡ለሙ፡\nእሎንተ፡ሎሙ፡ዘሕያው፡\nለዓለም፨"",
    ""normalization_policy"": ""none"",
    ""uncertainties"": []
  },
  ""tokens"": [
    {
      ""token_id"": ""t1"",
      ""surface"": ""Chapter"",
      ""span"": {
        ""start"": 0,
        ""end"": 7
      },
      ""options"": [
        {
          ""option_id"": ""opt1"",
          ""pos"": ""N"",
          ""analysis"": {
            ""kind"": ""lexical"",
            ""root"": null,
            ""lemma"": ""Chapter"",
            ""pattern"": null
          },
          ""confidence"": {
            ""type"": ""weak"",
            ""score"": 0.9
          },
          ""evidence"": {
            ""lexicon_status"": ""foreign_meta"",
            ""attestation"": [],
            ""constraints_checked"": [
              ""root_pattern_compatibility""
            ]
          }
        }
      ]
    },
    {
      ""token_id"": ""t2"",
      ""surface"": ""5"",
      ""span"": {
        ""start"": 8,
        ""end"": 9
      },
      ""options"": [
        {
          ""option_id"": ""opt1"",
          ""pos"": ""NUM"",
          ""analysis"": {
            ""kind"": ""lexical"",
            ""root"": null,
            ""lemma"": ""5"",
            ""pattern"": null
          },
          ""confidence"": {
            ""type"": ""weak"",
            ""score"": 0.99
          },
          ""evidence"": {
            ""lexicon_status"": ""numeric"",
            ""attestation"": [],
            ""constraints_checked"": [
              ""root_pattern_compatibility""
            ]
          }
        }
      ]
    },
    {
      ""token_id"": ""t3"",
      ""surface"": ""Segment"",
      ""span"": {
        ""start"": 10,
        ""end"": 17
      },
      ""options"": [
        {
          ""option_id"": ""opt1"",
          ""pos"": ""N"",
          ""analysis"": {
            ""kind"": ""lexical"",
            ""root"": null,
            ""lemma"": ""Segment"",
            ""pattern"": null
          },
          ""confidence"": {
            ""type"": ""weak"",
            ""score"": 0.9
          },
          ""evidence"": {
            ""lexicon_status"": ""foreign_meta"",
            ""attestation"": [],
            ""constraints_checked"": [
              ""root_pattern_compatibility""
            ]
          }
        }
      ]
    },
    {
      ""token_id"": ""t4"",
      ""surface"": ""1"",
      ""span"": {
        ""start"": 18,
        ""end"": 19
      },
      ""options"": [
        {
          ""option_id"": ""opt1"",
          ""pos"": ""NUM"",
          ""analysis"": {
            ""kind"": ""lexical"",
            ""root"": null,
            ""lemma"": ""1"",
            ""pattern"": null
          },
          ""confidence"": {
            ""type"": ""weak"",
            ""score"": 0.99
          },
          ""evidence"": {
            ""lexicon_status"": ""numeric"",
            ""attestation"": [],
            ""constraints_checked"": [
              ""root_pattern_compatibility""
            ]
          }
        }
      ]
    },
    {
      ""token_id"": ""t5"",
      ""surface"": ""ጠየቁ፡እፎ፡ዕፀው፡ሐመልማለ፡"",
      ""span"": {
        ""start"": 21,
        ""end"": 38
      },
      ""options"": [
        {
          ""option_id"": ""opt1"",
          ""pos"": ""N"",
          ""analysis"": {
            ""kind"": ""lexical"",
            ""root"": null,
            ""lemma"": null,
            ""pattern"": null
          },
          ""confidence"": {
            ""type"": ""weak"",
            ""score"": 0.0
          },
          ""evidence"": {
            ""lexicon_status"": ""unattested_compound_token"",
            ""attestation"": [],
            ""constraints_checked"": [
              ""root_pattern_compatibility""
            ]
          }
        }
      ]
    },
    {
      ""token_id"": ""t6"",
      ""surface"": ""ቍጽል፡ይትደኑ፡ወይፈርዩ፡"",
      ""span"": {
        ""start"": 39,
        ""end"": 54
      },
      ""options"": [
        {
          ""option_id"": ""opt1"",
          ""pos"": ""V"",
          ""analysis"": {
            ""kind"": ""lexical"",
            ""root"": null,
            ""lemma"": null,
            ""pattern"": null
          },
          ""confidence"": {
            ""type"": ""weak"",
            ""score"": 0.0
          },
          ""evidence"": {
            ""lexicon_status"": ""unattested_compound_token"",
            ""attestation"": [],
            ""constraints_checked"": [
              ""root_pattern_compatibility""
            ]
          }
        }
      ]
    },
    {
      ""token_id"": ""t7"",
      ""surface"": ""ወለብው፡እንተ፡ሉ፡"",
      ""span"": {
        ""start"": 55,
        ""end"": 66
      },
      ""options"": [
        {
          ""option_id"": ""opt1"",
          ""pos"": ""N"",
          ""analysis"": {
            ""kind"": ""lexical"",
            ""root"": null,
            ""lemma"": null,
            ""pattern"": null
          },
          ""confidence"": {
            ""type"": ""weak"",
            ""score"": 0.0
          },
          ""evidence"": {
            ""lexicon_status"": ""unattested_compound_token"",
            ""attestation"": [],
            ""constraints_checked"": [
              ""root_pattern_compatibility""
            ]
          }
        }
      ]
    },
    {
      ""token_id"": ""t8"",
      ""surface"": ""ወእምሩ፡መ፡ገብረ፡ለሙ፡"",
      ""span"": {
        ""start"": 67,
        ""end"": 81
      },
      ""options"": [
        {
          ""option_id"": ""opt1"",
          ""pos"": ""N"",
          ""analysis"": {
            ""kind"": ""lexical"",
            ""root"": null,
            ""lemma"": null,
            ""pattern"": null
          },
          ""confidence"": {
            ""type"": ""weak"",
            ""score"": 0.0
          },
          ""evidence"": {
            ""lexicon_status"": ""unattested_compound_token"",
            ""attestation"": [],
            ""constraints_checked"": [
              ""root_pattern_compatibility""
            ]
          }
        }
      ]
    },
    {
      ""token_id"": ""t9"",
      ""surface"": ""እሎንተ፡ሎሙ፡ዘሕያው፡"",
      ""span"": {
        ""start"": 82,
        ""end"": 95
      },
      ""options"": [
        {
          ""option_id"": ""opt1"",
          ""pos"": ""N"",
          ""analysis"": {
            ""kind"": ""lexical"",
            ""root"": null,
            ""lemma"": null,
            ""pattern"": null
          },
          ""confidence"": {
            ""type"": ""weak"",
            ""score"": 0.0
          },
          ""evidence"": {
            ""lexicon_status"": ""unattested_compound_token"",
            ""attestation"": [],
            ""constraints_checked"": [
              ""root_pattern_compatibility""
            ]
          }
        }
      ]
    },
    {
      ""token_id"": ""t10"",
      ""surface"": ""ለዓለም፨"",
      ""span"": {
        ""start"": 96,
        ""end"": 101
      },
      ""options"": [
        {
          ""option_id"": ""opt1"",
          ""pos"": ""N"",
          ""analysis"": {
            ""kind"": ""lexical"",
            ""root"": ""ዓለም"",
            ""lemma"": ""ዓለም"",
            ""pattern"": ""nominal""
          },
          ""confidence"": {
            ""type"": ""model"",
            ""score"": 0.85
          },
          ""evidence"": {
            ""lexicon_status"": ""attested"",
            ""attestation"": [
              ""le-prefix"",
              ""alem-noun""
            ],
            ""constraints_checked"": []
          }
        }
      ]
    }
  ]
}"
5,segment_002,segment,DONE,C:\Users\sasch\visionexe\stories\template\filmsets\story_005\segment_002\segment.txt,"{
  ""meta"": {
    ""schema_version"": ""1.0.0"",
    ""created_at"": ""2026-01-11T03:11:49Z"",
    ""created_by"": ""worker_llm_analysis_Morphologic"",
    ""language"": ""gez"",
    ""tagset_id"": ""GEZ-POS-1"",
    ""tokenization_policy"": ""whitespace""
  },
  ""source"": {
    ""witness_id"": ""story_005/segment_002"",
    ""graphematic_string"": ""Chapter 5 Segment 2\n\nወምግባሩ፡ቅድሜሁ፡ለለዓመት ፡\nዘይውን፡ወሉ፡ምግባሩ፡\nይትቀነዩ፡ሎቱ፡ወኢይትመየጥ፡\nላ፡መ፡ሠርዐ፡ምላ፡\nመዝ፡ይትገር፡ሉ፨፨"",
    ""normalization_policy"": ""none"",
    ""uncertainties"": []
  },
  ""tokens"": [
    {
      ""token_id"": ""t1"",
      ""surface"": ""Chapter"",
      ""span"": {
        ""start"": 0,
        ""end"": 7
      },
      ""options"": [
        {
          ""option_id"": ""opt1"",
          ""pos"": ""N"",
          ""analysis"": {
            ""kind"": ""lexical"",
            ""root"": null,
            ""lemma"": ""Chapter"",
            ""pattern"": null
          },
          ""confidence"": {
            ""type"": ""weak"",
            ""score"": 0.9
          },
          ""evidence"": {
            ""lexicon_status"": ""foreign_meta"",
            ""attestation"": [],
            ""constraints_checked"": [
              ""root_pattern_compatibility""
            ]
          }
        }
      ]
    },
    {
      ""token_id"": ""t2"",
      ""surface"": ""5"",
      ""span"": {
        ""start"": 8,
        ""end"": 9
      },
      ""options"": [
        {
          ""option_id"": ""opt1"",
          ""pos"": ""NUM"",
          ""analysis"": {
            ""kind"": ""lexical"",
            ""root"": null,
            ""lemma"": ""5"",
            ""pattern"": null
          },
          ""confidence"": {
            ""type"": ""weak"",
            ""score"": 0.99
          },
          ""evidence"": {
            ""lexicon_status"": ""numeric"",
            ""attestation"": [],
            ""constraints_checked"": [
              ""root_pattern_compatibility""
            ]
          }
        }
      ]
    },
    {
      ""token_id"": ""t3"",
      ""surface"": ""Segment"",
      ""span"": {
        ""start"": 10,
        ""end"": 17
      },
      ""options"": [
        {
          ""option_id"": ""opt1"",
          ""pos"": ""N"",
          ""analysis"": {
            ""kind"": ""lexical"",
            ""root"": null,
            ""lemma"": ""Segment"",
            ""pattern"": null
          },
          ""confidence"": {
            ""type"": ""weak"",
            ""score"": 0.9
          },
          ""evidence"": {
            ""lexicon_status"": ""foreign_meta"",
            ""attestation"": [],
            ""constraints_checked"": [
              ""root_pattern_compatibility""
            ]
          }
        }
      ]
    },
    {
      ""token_id"": ""t4"",
      ""surface"": ""2"",
      ""span"": {
        ""start"": 18,
        ""end"": 19
      },
      ""options"": [
        {
          ""option_id"": ""opt1"",
          ""pos"": ""NUM"",
          ""analysis"": {
            ""kind"": ""lexical"",
            ""root"": null,
            ""lemma"": ""2"",
            ""pattern"": null
          },
          ""confidence"": {
            ""type"": ""weak"",
            ""score"": 0.99
          },
          ""evidence"": {
            ""lexicon_status"": ""numeric"",
            ""attestation"": [],
            ""constraints_checked"": [
              ""root_pattern_compatibility""
            ]
          }
        }
      ]
    },
    {
      ""token_id"": ""t5"",
      ""surface"": ""ወምግባሩ፡ቅድሜሁ፡ለለዓመት"",
      ""span"": {
        ""start"": 21,
        ""end"": 37
      },
      ""options"": [
        {
          ""option_id"": ""opt1"",
          ""pos"": ""N"",
          ""analysis"": {
            ""kind"": ""lexical"",
            ""root"": null,
            ""lemma"": null,
            ""pattern"": null
          },
          ""confidence"": {
            ""type"": ""weak"",
            ""score"": 0.0
          },
          ""evidence"": {
            ""lexicon_status"": ""unattested_compound_token"",
            ""attestation"": [],
            ""constraints_checked"": [
              ""root_pattern_compatibility""
            ]
          }
        }
      ]
    },
    {
      ""token_id"": ""t6"",
      ""surface"": ""፡"",
      ""span"": {
        ""start"": 38,
        ""end"": 39
      },
      ""options"": [
        {
          ""option_id"": ""opt1"",
          ""pos"": ""N"",
          ""analysis"": {
            ""kind"": ""lexical"",
            ""root"": null,
            ""lemma"": ""፡"",
            ""pattern"": null
          },
          ""confidence"": {
            ""type"": ""weak"",
            ""score"": 0.9
          },
          ""evidence"": {
            ""lexicon_status"": ""punctuation"",
            ""attestation"": [],
            ""constraints_checked"": [
              ""root_pattern_compatibility""
            ]
          }
        }
      ]
    },
    {
      ""token_id"": ""t7"",
      ""surface"": ""ዘይውን፡ወሉ፡ምግባሩ፡"",
      ""span"": {
        ""start"": 40,
        ""end"": 53
      },
      ""options"": [
        {
          ""option_id"": ""opt1"",
          ""pos"": ""N"",
          ""analysis"": {
            ""kind"": ""lexical"",
            ""root"": null,
            ""lemma"": null,
            ""pattern"": null
          },
          ""confidence"": {
            ""type"": ""weak"",
            ""score"": 0.0
          },
          ""evidence"": {
            ""lexicon_status"": ""unattested_compound_token"",
            ""attestation"": [],
            ""constraints_checked"": [
              ""root_pattern_compatibility""
            ]
          }
        }
      ]
    },
    {
      ""token_id"": ""t8"",
      ""surface"": ""ይትቀነዩ፡ሎቱ፡ወኢይትመየጥ፡"",
      ""span"": {
        ""start"": 54,
        ""end"": 71
      },
      ""options"": [
        {
          ""option_id"": ""opt1"",
          ""pos"": ""V"",
          ""analysis"": {
            ""kind"": ""lexical"",
            ""root"": null,
            ""lemma"": null,
            ""pattern"": null
          },
          ""confidence"": {
            ""type"": ""weak"",
            ""score"": 0.0
          },
          ""evidence"": {
            ""lexicon_status"": ""unattested_compound_token"",
            ""attestation"": [],
            ""constraints_checked"": [
              ""root_pattern_compatibility""
            ]
          }
        }
      ]
    },
    {
      ""token_id"": ""t9"",
      ""surface"": ""ላ፡መ፡ሠርዐ፡ምላ፡"",
      ""span"": {
        ""start"": 72,
        ""end"": 83
      },
      ""options"": [
        {
          ""option_id"": ""opt1"",
          ""pos"": ""N"",
          ""analysis"": {
            ""kind"": ""lexical"",
            ""root"": null,
            ""lemma"": null,
            ""pattern"": null
          },
          ""confidence"": {
            ""type"": ""weak"",
            ""score"": 0.0
          },
          ""evidence"": {
            ""lexicon_status"": ""unattested_compound_token"",
            ""attestation"": [],
            ""constraints_checked"": [
              ""root_pattern_compatibility""
            ]
          }
        }
      ]
    },
    {
      ""token_id"": ""t10"",
      ""surface"": ""መዝ፡ይትገር፡ሉ፨፨"",
      ""span"": {
        ""start"": 84,
        ""end"": 95
      },
      ""options"": [
        {
          ""option_id"": ""opt1"",
          ""pos"": ""N"",
          ""analysis"": {
            ""kind"": ""lexical"",
            ""root"": null,
            ""lemma"": null,
            ""pattern"": null
          },
          ""confidence"": {
            ""type"": ""weak"",
            ""score"": 0.0
          },
          ""evidence"": {
            ""lexicon_status"": ""unattested_compound_token"",
            ""attestation"": [],
            ""constraints_checked"": [
              ""root_pattern_compatibility""
            ]
          }
        }
      ]
    }
  ]
}"
5,segment_003,segment,DONE,C:\Users\sasch\visionexe\stories\template\filmsets\story_005\segment_003\segment.txt,"{
  ""meta"": {
    ""schema_version"": ""1.0.0"",
    ""created_at"": ""2026-01-11T03:11:49Z"",
    ""created_by"": ""worker_llm_analysis_Morphologic"",
    ""language"": ""gez"",
    ""tagset_id"": ""GEZ-POS-1"",
    ""tokenization_policy"": ""whitespace""
  },
  ""source"": {
    ""witness_id"": ""story_005/segment_003"",
    ""graphematic_string"": ""Chapter 5 Segment 3\n\nወርእዩ፡እፎ፡ብሕርት፡\nወፍላግ፡ኅቡረ፡ይፌጽሙ፡\nግብሮሙ፨"",
    ""normalization_policy"": ""none"",
    ""uncertainties"": []
  },
  ""tokens"": [
    {
      ""token_id"": ""t1"",
      ""surface"": ""Chapter"",
      ""span"": {
        ""start"": 0,
        ""end"": 7
      },
      ""options"": [
        {
          ""option_id"": ""opt1"",
          ""pos"": ""N"",
          ""analysis"": {
            ""kind"": ""lexical"",
            ""root"": null,
            ""lemma"": ""Chapter"",
            ""pattern"": null
          },
          ""confidence"": {
            ""type"": ""weak"",
            ""score"": 0.9
          },
          ""evidence"": {
            ""lexicon_status"": ""foreign_meta"",
            ""attestation"": [],
            ""constraints_checked"": [
              ""root_pattern_compatibility""
            ]
          }
        }
      ]
    },
    {
      ""token_id"": ""t2"",
      ""surface"": ""5"",
      ""span"": {
        ""start"": 8,
        ""end"": 9
      },
      ""options"": [
        {
          ""option_id"": ""opt1"",
          ""pos"": ""NUM"",
          ""analysis"": {
            ""kind"": ""lexical"",
            ""root"": null,
            ""lemma"": ""5"",
            ""pattern"": null
          },
          ""confidence"": {
            ""type"": ""weak"",
            ""score"": 0.99
          },
          ""evidence"": {
            ""lexicon_status"": ""numeric"",
            ""attestation"": [],
            ""constraints_checked"": [
              ""root_pattern_compatibility""
            ]
          }
        }
      ]
    },
    {
      ""token_id"": ""t3"",
      ""surface"": ""Segment"",
      ""span"": {
        ""start"": 10,
        ""end"": 17
      },
      ""options"": [
        {
          ""option_id"": ""opt1"",
          ""pos"": ""N"",
          ""analysis"": {
            ""kind"": ""lexical"",
            ""root"": null,
            ""lemma"": ""Segment"",
            ""pattern"": null
          },
          ""confidence"": {
            ""type"": ""weak"",
            ""score"": 0.9
          },
          ""evidence"": {
            ""lexicon_status"": ""foreign_meta"",
            ""attestation"": [],
            ""constraints_checked"": [
              ""root_pattern_compatibility""
            ]
          }
        }
      ]
    },
    {
      ""token_id"": ""t4"",
      ""surface"": ""3"",
      ""span"": {
        ""start"": 18,
        ""end"": 19
      },
      ""options"": [
        {
          ""option_id"": ""opt1"",
          ""pos"": ""NUM"",
          ""analysis"": {
            ""kind"": ""lexical"",
            ""root"": null,
            ""lemma"": ""3"",
            ""pattern"": null
          },
          ""confidence"": {
            ""type"": ""weak"",
            ""score"": 0.99
          },
          ""evidence"": {
            ""lexicon_status"": ""numeric"",
            ""attestation"": [],
            ""constraints_checked"": [
              ""root_pattern_compatibility""
            ]
          }
        }
      ]
    },
    {
      ""token_id"": ""t5"",
      ""surface"": ""ወርእዩ፡እፎ፡ብሕርት፡"",
      ""span"": {
        ""start"": 21,
        ""end"": 34
      },
      ""options"": [
        {
          ""option_id"": ""opt1"",
          ""pos"": ""N"",
          ""analysis"": {
            ""kind"": ""lexical"",
            ""root"": null,
            ""lemma"": null,
            ""pattern"": null
          },
          ""confidence"": {
            ""type"": ""weak"",
            ""score"": 0.0
          },
          ""evidence"": {
            ""lexicon_status"": ""unattested_compound_token"",
            ""attestation"": [],
            ""constraints_checked"": [
              ""root_pattern_compatibility""
            ]
          }
        }
      ]
    },
    {
      ""token_id"": ""t6"",
      ""surface"": ""ወፍላግ፡ኅቡረ፡ይፌጽሙ፡"",
      ""span"": {
        ""start"": 35,
        ""end"": 49
      },
      ""options"": [
        {
          ""option_id"": ""opt1"",
          ""pos"": ""N"",
          ""analysis"": {
            ""kind"": ""lexical"",
            ""root"": null,
            ""lemma"": null,
            ""pattern"": null
          },
          ""confidence"": {
            ""type"": ""weak"",
            ""score"": 0.0
          },
          ""evidence"": {
            ""lexicon_status"": ""unattested_compound_token"",
            ""attestation"": [],
            ""constraints_checked"": [
              ""root_pattern_compatibility""
            ]
          }
        }
      ]
    },
    {
      ""token_id"": ""t7"",
      ""surface"": ""ግብሮሙ፨"",
      ""span"": {
        ""start"": 50,
        ""end"": 55
      },
      ""options"": [
        {
          ""option_id"": ""opt1"",
          ""pos"": ""N"",
          ""analysis"": {
            ""kind"": ""lexical"",
            ""root"": ""ገብር"",
            ""lemma"": ""ግብር"",
            ""pattern"": ""noun""
          },
          ""confidence"": {
            ""type"": ""model"",
            ""score"": 0.8
          },
          ""evidence"": {
            ""lexicon_status"": ""attested"",
            ""attestation"": [
              ""plural_suffix_omu""
            ],
            ""constraints_checked"": []
          }
        }
      ]
    }
  ]
}"
5,segment_004,segment,DONE,C:\Users\sasch\visionexe\stories\template\filmsets\story_005\segment_004\segment.txt,"{
  ""meta"": {
    ""schema_version"": ""1.0.0"",
    ""created_at"": ""2026-01-11T03:11:49Z"",
    ""created_by"": ""worker_llm_analysis_Morphologic"",
    ""language"": ""gez"",
    ""tagset_id"": ""GEZ-POS-1"",
    ""tokenization_policy"": ""whitespace""
  },
  ""source"": {
    ""witness_id"": ""story_005/segment_004"",
    ""graphematic_string"": ""Chapter 5 Segment 4\n\nወንትሙሰ፡ኢተዐገሥሙ፡\nወኢገርሙ፡ትእዛዘ፡\nእግዚእ፨እላ፡ተዐደውሙ፡\nወሐመይሙ፡ዐቢያተ፡\nወድሩተ፡ቃላተ፡ፍ፡ርኩስት፡\nዘዚሙ፡ላዕለ፡ዕየ፡\nዚሁ፨ይቡሳነ፡ልብ፡\nኢትውነሙ፡ሰላም፨"",
    ""normalization_policy"": ""none"",
    ""uncertainties"": []
  },
  ""tokens"": [
    {
      ""token_id"": ""t1"",
      ""surface"": ""Chapter"",
      ""span"": {
        ""start"": 0,
        ""end"": 7
      },
      ""options"": [
        {
          ""option_id"": ""opt1"",
          ""pos"": ""N"",
          ""analysis"": {
            ""kind"": ""lexical"",
            ""root"": null,
            ""lemma"": ""Chapter"",
            ""pattern"": null
          },
          ""confidence"": {
            ""type"": ""weak"",
            ""score"": 0.9
          },
          ""evidence"": {
            ""lexicon_status"": ""foreign_meta"",
            ""attestation"": [],
            ""constraints_checked"": [
              ""root_pattern_compatibility""
            ]
          }
        }
      ]
    },
    {
      ""token_id"": ""t2"",
      ""surface"": ""5"",
      ""span"": {
        ""start"": 8,
        ""end"": 9
      },
      ""options"": [
        {
          ""option_id"": ""opt1"",
          ""pos"": ""NUM"",
          ""analysis"": {
            ""kind"": ""lexical"",
            ""root"": null,
            ""lemma"": ""5"",
            ""pattern"": null
          },
          ""confidence"": {
            ""type"": ""weak"",
            ""score"": 0.99
          },
          ""evidence"": {
            ""lexicon_status"": ""numeric"",
            ""attestation"": [],
            ""constraints_checked"": [
              ""root_pattern_compatibility""
            ]
          }
        }
      ]
    },
    {
      ""token_id"": ""t3"",
      ""surface"": ""Segment"",
      ""span"": {
        ""start"": 10,
        ""end"": 17
      },
      ""options"": [
        {
          ""option_id"": ""opt1"",
          ""pos"": ""N"",
          ""analysis"": {
            ""kind"": ""lexical"",
            ""root"": null,
            ""lemma"": ""Segment"",
            ""pattern"": null
          },
          ""confidence"": {
            ""type"": ""weak"",
            ""score"": 0.9
          },
          ""evidence"": {
            ""lexicon_status"": ""foreign_meta"",
            ""attestation"": [],
            ""constraints_checked"": [
              ""root_pattern_compatibility""
            ]
          }
        }
      ]
    },
    {
      ""token_id"": ""t4"",
      ""surface"": ""4"",
      ""span"": {
        ""start"": 18,
        ""end"": 19
      },
      ""options"": [
        {
          ""option_id"": ""opt1"",
          ""pos"": ""NUM"",
          ""analysis"": {
            ""kind"": ""lexical"",
            ""root"": null,
            ""lemma"": ""4"",
            ""pattern"": null
          },
          ""confidence"": {
            ""type"": ""weak"",
            ""score"": 0.99
          },
          ""evidence"": {
            ""lexicon_status"": ""numeric"",
            ""attestation"": [],
            ""constraints_checked"": [
              ""root_pattern_compatibility""
            ]
          }
        }
      ]
    },
    {
      ""token_id"": ""t5"",
      ""surface"": ""ወንትሙሰ፡ኢተዐገሥሙ፡"",
      ""span"": {
        ""start"": 21,
        ""end"": 34
      },
      ""options"": [
        {
          ""option_id"": ""opt1"",
          ""pos"": ""N"",
          ""analysis"": {
            ""kind"": ""lexical"",
            ""root"": null,
            ""lemma"": null,
            ""pattern"": null
          },
          ""confidence"": {
            ""type"": ""weak"",
            ""score"": 0.0
          },
          ""evidence"": {
            ""lexicon_status"": ""unattested_compound_token"",
            ""attestation"": [],
            ""constraints_checked"": [
              ""root_pattern_compatibility""
            ]
          }
        }
      ]
    },
    {
      ""token_id"": ""t6"",
      ""surface"": ""ወኢገርሙ፡ትእዛዘ፡"",
      ""span"": {
        ""start"": 35,
        ""end"": 46
      },
      ""options"": [
        {
          ""option_id"": ""opt1"",
          ""pos"": ""N"",
          ""analysis"": {
            ""kind"": ""lexical"",
            ""root"": null,
            ""lemma"": null,
            ""pattern"": null
          },
          ""confidence"": {
            ""type"": ""weak"",
            ""score"": 0.0
          },
          ""evidence"": {
            ""lexicon_status"": ""unattested_compound_token"",
            ""attestation"": [],
            ""constraints_checked"": [
              ""root_pattern_compatibility""
            ]
          }
        }
      ]
    },
    {
      ""token_id"": ""t7"",
      ""surface"": ""እግዚእ፨እላ፡ተዐደውሙ፡"",
      ""span"": {
        ""start"": 47,
        ""end"": 61
      },
      ""options"": [
        {
          ""option_id"": ""opt1"",
          ""pos"": ""N"",
          ""analysis"": {
            ""kind"": ""lexical"",
            ""root"": null,
            ""lemma"": null,
            ""pattern"": null
          },
          ""confidence"": {
            ""type"": ""weak"",
            ""score"": 0.0
          },
          ""evidence"": {
            ""lexicon_status"": ""unattested_compound_token"",
            ""attestation"": [],
            ""constraints_checked"": [
              ""root_pattern_compatibility""
            ]
          }
        }
      ]
    },
    {
      ""token_id"": ""t8"",
      ""surface"": ""ወሐመይሙ፡ዐቢያተ፡"",
      ""span"": {
        ""start"": 62,
        ""end"": 73
      },
      ""options"": [
        {
          ""option_id"": ""opt1"",
          ""pos"": ""N"",
          ""analysis"": {
            ""kind"": ""lexical"",
            ""root"": null,
            ""lemma"": null,
            ""pattern"": null
          },
          ""confidence"": {
            ""type"": ""weak"",
            ""score"": 0.0
          },
          ""evidence"": {
            ""lexicon_status"": ""unattested_compound_token"",
            ""attestation"": [],
            ""constraints_checked"": [
              ""root_pattern_compatibility""
            ]
          }
        }
      ]
    },
    {
      ""token_id"": ""t9"",
      ""surface"": ""ወድሩተ፡ቃላተ፡ፍ፡ርኩስት፡"",
      ""span"": {
        ""start"": 74,
        ""end"": 90
      },
      ""options"": [
        {
          ""option_id"": ""opt1"",
          ""pos"": ""N"",
          ""analysis"": {
            ""kind"": ""lexical"",
            ""root"": null,
            ""lemma"": null,
            ""pattern"": null
          },
          ""confidence"": {
            ""type"": ""weak"",
            ""score"": 0.0
          },
          ""evidence"": {
            ""lexicon_status"": ""unattested_compound_token"",
            ""attestation"": [],
            ""constraints_checked"": [
              ""root_pattern_compatibility""
            ]
          }
        }
      ]
    },
    {
      ""token_id"": ""t10"",
      ""surface"": ""ዘዚሙ፡ላዕለ፡ዕየ፡"",
      ""span"": {
        ""start"": 91,
        ""end"": 102
      },
      ""options"": [
        {
          ""option_id"": ""opt1"",
          ""pos"": ""N"",
          ""analysis"": {
            ""kind"": ""lexical"",
            ""root"": null,
            ""lemma"": null,
            ""pattern"": null
          },
          ""confidence"": {
            ""type"": ""weak"",
            ""score"": 0.0
          },
          ""evidence"": {
            ""lexicon_status"": ""unattested_compound_token"",
            ""attestation"": [],
            ""constraints_checked"": [
              ""root_pattern_compatibility""
            ]
          }
        }
      ]
    },
    {
      ""token_id"": ""t11"",
      ""surface"": ""ዚሁ፨ይቡሳነ፡ልብ፡"",
      ""span"": {
        ""start"": 103,
        ""end"": 114
      },
      ""options"": [
        {
          ""option_id"": ""opt1"",
          ""pos"": ""N"",
          ""analysis"": {
            ""kind"": ""lexical"",
            ""root"": null,
            ""lemma"": null,
            ""pattern"": null
          },
          ""confidence"": {
            ""type"": ""weak"",
            ""score"": 0.0
          },
          ""evidence"": {
            ""lexicon_status"": ""unattested_compound_token"",
            ""attestation"": [],
            ""constraints_checked"": [
              ""root_pattern_compatibility""
            ]
          }
        }
      ]
    },
    {
      ""token_id"": ""t12"",
      ""surface"": ""ኢትውነሙ፡ሰላም፨"",
      ""span"": {
        ""start"": 115,
        ""end"": 125
      },
      ""options"": [
        {
          ""option_id"": ""opt1"",
          ""pos"": ""N"",
          ""analysis"": {
            ""kind"": ""lexical"",
            ""root"": null,
            ""lemma"": null,
            ""pattern"": null
          },
          ""confidence"": {
            ""type"": ""weak"",
            ""score"": 0.0
          },
          ""evidence"": {
            ""lexicon_status"": ""unattested_compound_token"",
            ""attestation"": [],
            ""constraints_checked"": [
              ""root_pattern_compatibility""
            ]
          }
        }
      ]
    }
  ]
}"
5,segment_005,segment,DONE,C:\Users\sasch\visionexe\stories\template\filmsets\story_005\segment_005\segment.txt,"{
  ""meta"": {
    ""schema_version"": ""1.0.0"",
    ""created_at"": ""2026-01-11T03:11:49Z"",
    ""created_by"": ""worker_llm_analysis_Morphologic"",
    ""language"": ""gez"",
    ""tagset_id"": ""GEZ-POS-1"",
    ""tokenization_policy"": ""whitespace""
  },
  ""source"": {
    ""witness_id"": ""story_005/segment_005"",
    ""graphematic_string"": ""Chapter 5 Segment 5\n\nወእንተዝ፡ንትሙ፡\nመዋዕሊሙ፡ትረግሙ፡\nወዓመታተ፡ሕይወትሙ፡\nተሐጕሉ፡ወይዝኅ፡መርገም፡\nዘለዓለም፡ወኢይውነሙ፡\nሣህል፨"",
    ""normalization_policy"": ""none"",
    ""uncertainties"": []
  },
  ""tokens"": [
    {
      ""token_id"": ""t1"",
      ""surface"": ""Chapter"",
      ""span"": {
        ""start"": 0,
        ""end"": 7
      },
      ""options"": [
        {
          ""option_id"": ""opt1"",
          ""pos"": ""N"",
          ""analysis"": {
            ""kind"": ""lexical"",
            ""root"": null,
            ""lemma"": ""Chapter"",
            ""pattern"": null
          },
          ""confidence"": {
            ""type"": ""weak"",
            ""score"": 0.9
          },
          ""evidence"": {
            ""lexicon_status"": ""foreign_meta"",
            ""attestation"": [],
            ""constraints_checked"": [
              ""root_pattern_compatibility""
            ]
          }
        }
      ]
    },
    {
      ""token_id"": ""t2"",
      ""surface"": ""5"",
      ""span"": {
        ""start"": 8,
        ""end"": 9
      },
      ""options"": [
        {
          ""option_id"": ""opt1"",
          ""pos"": ""NUM"",
          ""analysis"": {
            ""kind"": ""lexical"",
            ""root"": null,
            ""lemma"": ""5"",
            ""pattern"": null
          },
          ""confidence"": {
            ""type"": ""weak"",
            ""score"": 0.99
          },
          ""evidence"": {
            ""lexicon_status"": ""numeric"",
            ""attestation"": [],
            ""constraints_checked"": [
              ""root_pattern_compatibility""
            ]
          }
        }
      ]
    },
    {
      ""token_id"": ""t3"",
      ""surface"": ""Segment"",
      ""span"": {
        ""start"": 10,
        ""end"": 17
      },
      ""options"": [
        {
          ""option_id"": ""opt1"",
          ""pos"": ""N"",
          ""analysis"": {
            ""kind"": ""lexical"",
            ""root"": null,
            ""lemma"": ""Segment"",
            ""pattern"": null
          },
          ""confidence"": {
            ""type"": ""weak"",
            ""score"": 0.9
          },
          ""evidence"": {
            ""lexicon_status"": ""foreign_meta"",
            ""attestation"": [],
            ""constraints_checked"": [
              ""root_pattern_compatibility""
            ]
          }
        }
      ]
    },
    {
      ""token_id"": ""t4"",
      ""surface"": ""5"",
      ""span"": {
        ""start"": 18,
        ""end"": 19
      },
      ""options"": [
        {
          ""option_id"": ""opt1"",
          ""pos"": ""NUM"",
          ""analysis"": {
            ""kind"": ""lexical"",
            ""root"": null,
            ""lemma"": ""5"",
            ""pattern"": null
          },
          ""confidence"": {
            ""type"": ""weak"",
            ""score"": 0.99
          },
          ""evidence"": {
            ""lexicon_status"": ""numeric"",
            ""attestation"": [],
            ""constraints_checked"": [
              ""root_pattern_compatibility""
            ]
          }
        }
      ]
    },
    {
      ""token_id"": ""t5"",
      ""surface"": ""ወእንተዝ፡ንትሙ፡"",
      ""span"": {
        ""start"": 21,
        ""end"": 31
      },
      ""options"": [
        {
          ""option_id"": ""opt1"",
          ""pos"": ""N"",
          ""analysis"": {
            ""kind"": ""lexical"",
            ""root"": null,
            ""lemma"": null,
            ""pattern"": null
          },
          ""confidence"": {
            ""type"": ""weak"",
            ""score"": 0.0
          },
          ""evidence"": {
            ""lexicon_status"": ""unattested_compound_token"",
            ""attestation"": [],
            ""constraints_checked"": [
              ""root_pattern_compatibility""
            ]
          }
        }
      ]
    },
    {
      ""token_id"": ""t6"",
      ""surface"": ""መዋዕሊሙ፡ትረግሙ፡"",
      ""span"": {
        ""start"": 32,
        ""end"": 43
      },
      ""options"": [
        {
          ""option_id"": ""opt1"",
          ""pos"": ""N"",
          ""analysis"": {
            ""kind"": ""lexical"",
            ""root"": null,
            ""lemma"": null,
            ""pattern"": null
          },
          ""confidence"": {
            ""type"": ""weak"",
            ""score"": 0.0
          },
          ""evidence"": {
            ""lexicon_status"": ""unattested_compound_token"",
            ""attestation"": [],
            ""constraints_checked"": [
              ""root_pattern_compatibility""
            ]
          }
        }
      ]
    },
    {
      ""token_id"": ""t7"",
      ""surface"": ""ወዓመታተ፡ሕይወትሙ፡"",
      ""span"": {
        ""start"": 44,
        ""end"": 56
      },
      ""options"": [
        {
          ""option_id"": ""opt1"",
          ""pos"": ""N"",
          ""analysis"": {
            ""kind"": ""lexical"",
            ""root"": null,
            ""lemma"": null,
            ""pattern"": null
          },
          ""confidence"": {
            ""type"": ""weak"",
            ""score"": 0.0
          },
          ""evidence"": {
            ""lexicon_status"": ""unattested_compound_token"",
            ""attestation"": [],
            ""constraints_checked"": [
              ""root_pattern_compatibility""
            ]
          }
        }
      ]
    },
    {
      ""token_id"": ""t8"",
      ""surface"": ""ተሐጕሉ፡ወይዝኅ፡መርገም፡"",
      ""span"": {
        ""start"": 57,
        ""end"": 72
      },
      ""options"": [
        {
          ""option_id"": ""opt1"",
          ""pos"": ""N"",
          ""analysis"": {
            ""kind"": ""lexical"",
            ""root"": null,
            ""lemma"": null,
            ""pattern"": null
          },
          ""confidence"": {
            ""type"": ""weak"",
            ""score"": 0.0
          },
          ""evidence"": {
            ""lexicon_status"": ""unattested_compound_token"",
            ""attestation"": [],
            ""constraints_checked"": [
              ""root_pattern_compatibility""
            ]
          }
        }
      ]
    },
    {
      ""token_id"": ""t9"",
      ""surface"": ""ዘለዓለም፡ወኢይውነሙ፡"",
      ""span"": {
        ""start"": 73,
        ""end"": 86
      },
      ""options"": [
        {
          ""option_id"": ""opt1"",
          ""pos"": ""N"",
          ""analysis"": {
            ""kind"": ""lexical"",
            ""root"": null,
            ""lemma"": null,
            ""pattern"": null
          },
          ""confidence"": {
            ""type"": ""weak"",
            ""score"": 0.0
          },
          ""evidence"": {
            ""lexicon_status"": ""unattested_compound_token"",
            ""attestation"": [],
            ""constraints_checked"": [
              ""root_pattern_compatibility""
            ]
          }
        }
      ]
    },
    {
      ""token_id"": ""t10"",
      ""surface"": ""ሣህል፨"",
      ""span"": {
        ""start"": 87,
        ""end"": 91
      },
      ""options"": [
        {
          ""option_id"": ""opt1"",
          ""pos"": ""N"",
          ""analysis"": {
            ""kind"": ""lexical"",
            ""root"": ""ሣህል"",
            ""lemma"": ""ሣህል"",
            ""pattern"": ""noun""
          },
          ""confidence"": {
            ""type"": ""model"",
            ""score"": 0.85
          },
          ""evidence"": {
            ""lexicon_status"": ""attested"",
            ""attestation"": [],
            ""constraints_checked"": []
          }
        }
      ]
    }
  ]
}"
5,segment_006,segment,DONE,C:\Users\sasch\visionexe\stories\template\filmsets\story_005\segment_006\segment.txt,"{
  ""meta"": {
    ""schema_version"": ""1.0.0"",
    ""created_at"": ""2026-01-11T03:11:49Z"",
    ""created_by"": ""worker_llm_analysis_Morphologic"",
    ""language"": ""gez"",
    ""tagset_id"": ""GEZ-POS-1"",
    ""tokenization_policy"": ""whitespace""
  },
  ""source"": {
    ""witness_id"": ""story_005/segment_006"",
    ""graphematic_string"": ""Chapter 5 Segment 6\n\nውእቱ፡መዋዕል፡ትሁቡ፡ሰላመ፡\nዚሙ፡ርግመት፡ዘለዓለም፡\nለሉ፡ጻድቃን ፤ ወያሙ፡\nይረግሙ፡ኃጥን፡\nዘልፈ፨ወለሙ፡ኅቡረ፡ምስለ፡\nኃጥን፨"",
    ""normalization_policy"": ""none"",
    ""uncertainties"": []
  },
  ""tokens"": [
    {
      ""token_id"": ""t1"",
      ""surface"": ""Chapter"",
      ""span"": {
        ""start"": 0,
        ""end"": 7
      },
      ""options"": [
        {
          ""option_id"": ""opt1"",
          ""pos"": ""N"",
          ""analysis"": {
            ""kind"": ""lexical"",
            ""root"": null,
            ""lemma"": ""Chapter"",
            ""pattern"": null
          },
          ""confidence"": {
            ""type"": ""weak"",
            ""score"": 0.9
          },
          ""evidence"": {
            ""lexicon_status"": ""foreign_meta"",
            ""attestation"": [],
            ""constraints_checked"": [
              ""root_pattern_compatibility""
            ]
          }
        }
      ]
    },
    {
      ""token_id"": ""t2"",
      ""surface"": ""5"",
      ""span"": {
        ""start"": 8,
        ""end"": 9
      },
      ""options"": [
        {
          ""option_id"": ""opt1"",
          ""pos"": ""NUM"",
          ""analysis"": {
            ""kind"": ""lexical"",
            ""root"": null,
            ""lemma"": ""5"",
            ""pattern"": null
          },
          ""confidence"": {
            ""type"": ""weak"",
            ""score"": 0.99
          },
          ""evidence"": {
            ""lexicon_status"": ""numeric"",
            ""attestation"": [],
            ""constraints_checked"": [
              ""root_pattern_compatibility""
            ]
          }
        }
      ]
    },
    {
      ""token_id"": ""t3"",
      ""surface"": ""Segment"",
      ""span"": {
        ""start"": 10,
        ""end"": 17
      },
      ""options"": [
        {
          ""option_id"": ""opt1"",
          ""pos"": ""N"",
          ""analysis"": {
            ""kind"": ""lexical"",
            ""root"": null,
            ""lemma"": ""Segment"",
            ""pattern"": null
          },
          ""confidence"": {
            ""type"": ""weak"",
            ""score"": 0.9
          },
          ""evidence"": {
            ""lexicon_status"": ""foreign_meta"",
            ""attestation"": [],
            ""constraints_checked"": [
              ""root_pattern_compatibility""
            ]
          }
        }
      ]
    },
    {
      ""token_id"": ""t4"",
      ""surface"": ""6"",
      ""span"": {
        ""start"": 18,
        ""end"": 19
      },
      ""options"": [
        {
          ""option_id"": ""opt1"",
          ""pos"": ""NUM"",
          ""analysis"": {
            ""kind"": ""lexical"",
            ""root"": null,
            ""lemma"": ""6"",
            ""pattern"": null
          },
          ""confidence"": {
            ""type"": ""weak"",
            ""score"": 0.99
          },
          ""evidence"": {
            ""lexicon_status"": ""numeric"",
            ""attestation"": [],
            ""constraints_checked"": [
              ""root_pattern_compatibility""
            ]
          }
        }
      ]
    },
    {
      ""token_id"": ""t5"",
      ""surface"": ""ውእቱ፡መዋዕል፡ትሁቡ፡ሰላመ፡"",
      ""span"": {
        ""start"": 21,
        ""end"": 38
      },
      ""options"": [
        {
          ""option_id"": ""opt1"",
          ""pos"": ""N"",
          ""analysis"": {
            ""kind"": ""lexical"",
            ""root"": null,
            ""lemma"": null,
            ""pattern"": null
          },
          ""confidence"": {
            ""type"": ""weak"",
            ""score"": 0.0
          },
          ""evidence"": {
            ""lexicon_status"": ""unattested_compound_token"",
            ""attestation"": [],
            ""constraints_checked"": [
              ""root_pattern_compatibility""
            ]
          }
        }
      ]
    },
    {
      ""token_id"": ""t6"",
      ""surface"": ""ዚሙ፡ርግመት፡ዘለዓለም፡"",
      ""span"": {
        ""start"": 39,
        ""end"": 53
      },
      ""options"": [
        {
          ""option_id"": ""opt1"",
          ""pos"": ""N"",
          ""analysis"": {
            ""kind"": ""lexical"",
            ""root"": null,
            ""lemma"": null,
            ""pattern"": null
          },
          ""confidence"": {
            ""type"": ""weak"",
            ""score"": 0.0
          },
          ""evidence"": {
            ""lexicon_status"": ""unattested_compound_token"",
            ""attestation"": [],
            ""constraints_checked"": [
              ""root_pattern_compatibility""
            ]
          }
        }
      ]
    },
    {
      ""token_id"": ""t7"",
      ""surface"": ""ለሉ፡ጻድቃን"",
      ""span"": {
        ""start"": 54,
        ""end"": 61
      },
      ""options"": [
        {
          ""option_id"": ""opt1"",
          ""pos"": ""N"",
          ""analysis"": {
            ""kind"": ""lexical"",
            ""root"": null,
            ""lemma"": null,
            ""pattern"": null
          },
          ""confidence"": {
            ""type"": ""weak"",
            ""score"": 0.0
          },
          ""evidence"": {
            ""lexicon_status"": ""unattested_compound_token"",
            ""attestation"": [],
            ""constraints_checked"": [
              ""root_pattern_compatibility""
            ]
          }
        }
      ]
    },
    {
      ""token_id"": ""t8"",
      ""surface"": ""፤"",
      ""span"": {
        ""start"": 62,
        ""end"": 63
      },
      ""options"": [
        {
          ""option_id"": ""opt1"",
          ""pos"": ""N"",
          ""analysis"": {
            ""kind"": ""lexical"",
            ""root"": null,
            ""lemma"": ""፤"",
            ""pattern"": null
          },
          ""confidence"": {
            ""type"": ""weak"",
            ""score"": 0.9
          },
          ""evidence"": {
            ""lexicon_status"": ""punctuation"",
            ""attestation"": [],
            ""constraints_checked"": [
              ""root_pattern_compatibility""
            ]
          }
        }
      ]
    },
    {
      ""token_id"": ""t9"",
      ""surface"": ""ወያሙ፡"",
      ""span"": {
        ""start"": 64,
        ""end"": 68
      },
      ""options"": [
        {
          ""option_id"": ""opt1"",
          ""pos"": ""N"",
          ""analysis"": {
            ""kind"": ""lexical"",
            ""root"": null,
            ""lemma"": null,
            ""pattern"": null
          },
          ""confidence"": {
            ""type"": ""weak"",
            ""score"": 0.0
          },
          ""evidence"": {
            ""lexicon_status"": ""unattested_compound_token"",
            ""attestation"": [],
            ""constraints_checked"": [
              ""root_pattern_compatibility""
            ]
          }
        }
      ]
    },
    {
      ""token_id"": ""t10"",
      ""surface"": ""ይረግሙ፡ኃጥን፡"",
      ""span"": {
        ""start"": 69,
        ""end"": 78
      },
      ""options"": [
        {
          ""option_id"": ""opt1"",
          ""pos"": ""N"",
          ""analysis"": {
            ""kind"": ""lexical"",
            ""root"": null,
            ""lemma"": null,
            ""pattern"": null
          },
          ""confidence"": {
            ""type"": ""weak"",
            ""score"": 0.0
          },
          ""evidence"": {
            ""lexicon_status"": ""unattested_compound_token"",
            ""attestation"": [],
            ""constraints_checked"": [
              ""root_pattern_compatibility""
            ]
          }
        }
      ]
    },
    {
      ""token_id"": ""t11"",
      ""surface"": ""ዘልፈ፨ወለሙ፡ኅቡረ፡ምስለ፡"",
      ""span"": {
        ""start"": 79,
        ""end"": 95
      },
      ""options"": [
        {
          ""option_id"": ""opt1"",
          ""pos"": ""N"",
          ""analysis"": {
            ""kind"": ""lexical"",
            ""root"": null,
            ""lemma"": null,
            ""pattern"": null
          },
          ""confidence"": {
            ""type"": ""weak"",
            ""score"": 0.0
          },
          ""evidence"": {
            ""lexicon_status"": ""unattested_compound_token"",
            ""attestation"": [],
            ""constraints_checked"": [
              ""root_pattern_compatibility""
            ]
          }
        }
      ]
    },
    {
      ""token_id"": ""t12"",
      ""surface"": ""ኃጥን፨"",
      ""span"": {
        ""start"": 96,
        ""end"": 100
      },
      ""options"": [
        {
          ""option_id"": ""opt1"",
          ""pos"": ""N"",
          ""analysis"": {
            ""kind"": ""lexical"",
            ""root"": null,
            ""lemma"": null,
            ""pattern"": null
          },
          ""confidence"": {
            ""type"": ""weak"",
            ""score"": 0.0
          },
          ""evidence"": {
            ""lexicon_status"": ""unattested_compound_token"",
            ""attestation"": [],
            ""constraints_checked"": [
              ""root_pattern_compatibility""
            ]
          }
        }
      ]
    }
  ]
}"
5,segment_007,segment,DONE,C:\Users\sasch\visionexe\stories\template\filmsets\story_005\segment_007\segment.txt,"{
  ""meta"": {
    ""schema_version"": ""1.0.0"",
    ""created_at"": ""2026-01-11T03:11:49Z"",
    ""created_by"": ""worker_llm_analysis_Morphologic"",
    ""language"": ""gez"",
    ""tagset_id"": ""GEZ-POS-1"",
    ""tokenization_policy"": ""whitespace""
  },
  ""source"": {
    ""witness_id"": ""story_005/segment_007"",
    ""graphematic_string"": ""Chapter 5 Segment 7\n\nወለኅሩያንሰ፡ይውን፡ብርሃን፡\nወፍሥሓ፡ወሰላም፡ወእሙንቱሰ፡\nይወርስዋ፡ለምድር፨ወለሙሰ፡\nረሲዓን፡ይውነሙ፡ርግመት ፤"",
    ""normalization_policy"": ""none"",
    ""uncertainties"": []
  },
  ""tokens"": [
    {
      ""token_id"": ""t1"",
      ""surface"": ""Chapter"",
      ""span"": {
        ""start"": 0,
        ""end"": 7
      },
      ""options"": [
        {
          ""option_id"": ""opt1"",
          ""pos"": ""N"",
          ""analysis"": {
            ""kind"": ""lexical"",
            ""root"": null,
            ""lemma"": ""Chapter"",
            ""pattern"": null
          },
          ""confidence"": {
            ""type"": ""weak"",
            ""score"": 0.9
          },
          ""evidence"": {
            ""lexicon_status"": ""foreign_meta"",
            ""attestation"": [],
            ""constraints_checked"": [
              ""root_pattern_compatibility""
            ]
          }
        }
      ]
    },
    {
      ""token_id"": ""t2"",
      ""surface"": ""5"",
      ""span"": {
        ""start"": 8,
        ""end"": 9
      },
      ""options"": [
        {
          ""option_id"": ""opt1"",
          ""pos"": ""NUM"",
          ""analysis"": {
            ""kind"": ""lexical"",
            ""root"": null,
            ""lemma"": ""5"",
            ""pattern"": null
          },
          ""confidence"": {
            ""type"": ""weak"",
            ""score"": 0.99
          },
          ""evidence"": {
            ""lexicon_status"": ""numeric"",
            ""attestation"": [],
            ""constraints_checked"": [
              ""root_pattern_compatibility""
            ]
          }
        }
      ]
    },
    {
      ""token_id"": ""t3"",
      ""surface"": ""Segment"",
      ""span"": {
        ""start"": 10,
        ""end"": 17
      },
      ""options"": [
        {
          ""option_id"": ""opt1"",
          ""pos"": ""N"",
          ""analysis"": {
            ""kind"": ""lexical"",
            ""root"": null,
            ""lemma"": ""Segment"",
            ""pattern"": null
          },
          ""confidence"": {
            ""type"": ""weak"",
            ""score"": 0.9
          },
          ""evidence"": {
            ""lexicon_status"": ""foreign_meta"",
            ""attestation"": [],
            ""constraints_checked"": [
              ""root_pattern_compatibility""
            ]
          }
        }
      ]
    },
    {
      ""token_id"": ""t4"",
      ""surface"": ""7"",
      ""span"": {
        ""start"": 18,
        ""end"": 19
      },
      ""options"": [
        {
          ""option_id"": ""opt1"",
          ""pos"": ""NUM"",
          ""analysis"": {
            ""kind"": ""lexical"",
            ""root"": null,
            ""lemma"": ""7"",
            ""pattern"": null
          },
          ""confidence"": {
            ""type"": ""weak"",
            ""score"": 0.99
          },
          ""evidence"": {
            ""lexicon_status"": ""numeric"",
            ""attestation"": [],
            ""constraints_checked"": [
              ""root_pattern_compatibility""
            ]
          }
        }
      ]
    },
    {
      ""token_id"": ""t5"",
      ""surface"": ""ወለኅሩያንሰ፡ይውን፡ብርሃን፡"",
      ""span"": {
        ""start"": 21,
        ""end"": 38
      },
      ""options"": [
        {
          ""option_id"": ""opt1"",
          ""pos"": ""N"",
          ""analysis"": {
            ""kind"": ""lexical"",
            ""root"": null,
            ""lemma"": null,
            ""pattern"": null
          },
          ""confidence"": {
            ""type"": ""weak"",
            ""score"": 0.0
          },
          ""evidence"": {
            ""lexicon_status"": ""unattested_compound_token"",
            ""attestation"": [],
            ""constraints_checked"": [
              ""root_pattern_compatibility""
            ]
          }
        }
      ]
    },
    {
      ""token_id"": ""t6"",
      ""surface"": ""ወፍሥሓ፡ወሰላም፡ወእሙንቱሰ፡"",
      ""span"": {
        ""start"": 39,
        ""end"": 56
      },
      ""options"": [
        {
          ""option_id"": ""opt1"",
          ""pos"": ""N"",
          ""analysis"": {
            ""kind"": ""lexical"",
            ""root"": null,
            ""lemma"": null,
            ""pattern"": null
          },
          ""confidence"": {
            ""type"": ""weak"",
            ""score"": 0.0
          },
          ""evidence"": {
            ""lexicon_status"": ""unattested_compound_token"",
            ""attestation"": [],
            ""constraints_checked"": [
              ""root_pattern_compatibility""
            ]
          }
        }
      ]
    },
    {
      ""token_id"": ""t7"",
      ""surface"": ""ይወርስዋ፡ለምድር፨ወለሙሰ፡"",
      ""span"": {
        ""start"": 57,
        ""end"": 73
      },
      ""options"": [
        {
          ""option_id"": ""opt1"",
          ""pos"": ""N"",
          ""analysis"": {
            ""kind"": ""lexical"",
            ""root"": null,
            ""lemma"": null,
            ""pattern"": null
          },
          ""confidence"": {
            ""type"": ""weak"",
            ""score"": 0.0
          },
          ""evidence"": {
            ""lexicon_status"": ""unattested_compound_token"",
            ""attestation"": [],
            ""constraints_checked"": [
              ""root_pattern_compatibility""
            ]
          }
        }
      ]
    },
    {
      ""token_id"": ""t8"",
      ""surface"": ""ረሲዓን፡ይውነሙ፡ርግመት"",
      ""span"": {
        ""start"": 74,
        ""end"": 88
      },
      ""options"": [
        {
          ""option_id"": ""opt1"",
          ""pos"": ""N"",
          ""analysis"": {
            ""kind"": ""lexical"",
            ""root"": null,
            ""lemma"": null,
            ""pattern"": null
          },
          ""confidence"": {
            ""type"": ""weak"",
            ""score"": 0.0
          },
          ""evidence"": {
            ""lexicon_status"": ""unattested_compound_token"",
            ""attestation"": [],
            ""constraints_checked"": [
              ""root_pattern_compatibility""
            ]
          }
        }
      ]
    },
    {
      ""token_id"": ""t9"",
      ""surface"": ""፤"",
      ""span"": {
        ""start"": 89,
        ""end"": 90
      },
      ""options"": [
        {
          ""option_id"": ""opt1"",
          ""pos"": ""N"",
          ""analysis"": {
            ""kind"": ""lexical"",
            ""root"": null,
            ""lemma"": ""፤"",
            ""pattern"": null
          },
          ""confidence"": {
            ""type"": ""weak"",
            ""score"": 0.9
          },
          ""evidence"": {
            ""lexicon_status"": ""punctuation"",
            ""attestation"": [],
            ""constraints_checked"": [
              ""root_pattern_compatibility""
            ]
          }
        }
      ]
    }
  ]
}"
5,segment_008,segment,DONE,C:\Users\sasch\visionexe\stories\template\filmsets\story_005\segment_008\segment.txt,"{
  ""meta"": {
    ""schema_version"": ""1.0.0"",
    ""created_at"": ""2026-01-11T03:11:49Z"",
    ""created_by"": ""worker_llm_analysis_Morphologic"",
    ""language"": ""gez"",
    ""tagset_id"": ""GEZ-POS-1"",
    ""tokenization_policy"": ""whitespace""
  },
  ""source"": {
    ""witness_id"": ""story_005/segment_008"",
    ""graphematic_string"": ""Chapter 5 Segment 8\n\nወመሂ፡ይትወሀቦሙ፡ለኅሩያን፡\nጥብ፡ወሎሙ፡እሎንቱ፡\nየሐይዉ፡ወኢይደግሙ፡\nሳ፨ኢረሲዕ፡ወኢትዕቢት፡\nላ፡ይገንዩ፨ዘቦሙ፡ጥብ፡\nወኢይደግሙ፡ብሶ፨"",
    ""normalization_policy"": ""none"",
    ""uncertainties"": []
  },
  ""tokens"": [
    {
      ""token_id"": ""t1"",
      ""surface"": ""Chapter"",
      ""span"": {
        ""start"": 0,
        ""end"": 7
      },
      ""options"": [
        {
          ""option_id"": ""opt1"",
          ""pos"": ""N"",
          ""analysis"": {
            ""kind"": ""lexical"",
            ""root"": null,
            ""lemma"": ""Chapter"",
            ""pattern"": null
          },
          ""confidence"": {
            ""type"": ""weak"",
            ""score"": 0.9
          },
          ""evidence"": {
            ""lexicon_status"": ""foreign_meta"",
            ""attestation"": [],
            ""constraints_checked"": [
              ""root_pattern_compatibility""
            ]
          }
        }
      ]
    },
    {
      ""token_id"": ""t2"",
      ""surface"": ""5"",
      ""span"": {
        ""start"": 8,
        ""end"": 9
      },
      ""options"": [
        {
          ""option_id"": ""opt1"",
          ""pos"": ""NUM"",
          ""analysis"": {
            ""kind"": ""lexical"",
            ""root"": null,
            ""lemma"": ""5"",
            ""pattern"": null
          },
          ""confidence"": {
            ""type"": ""weak"",
            ""score"": 0.99
          },
          ""evidence"": {
            ""lexicon_status"": ""numeric"",
            ""attestation"": [],
            ""constraints_checked"": [
              ""root_pattern_compatibility""
            ]
          }
        }
      ]
    },
    {
      ""token_id"": ""t3"",
      ""surface"": ""Segment"",
      ""span"": {
        ""start"": 10,
        ""end"": 17
      },
      ""options"": [
        {
          ""option_id"": ""opt1"",
          ""pos"": ""N"",
          ""analysis"": {
            ""kind"": ""lexical"",
            ""root"": null,
            ""lemma"": ""Segment"",
            ""pattern"": null
          },
          ""confidence"": {
            ""type"": ""weak"",
            ""score"": 0.9
          },
          ""evidence"": {
            ""lexicon_status"": ""foreign_meta"",
            ""attestation"": [],
            ""constraints_checked"": [
              ""root_pattern_compatibility""
            ]
          }
        }
      ]
    },
    {
      ""token_id"": ""t4"",
      ""surface"": ""8"",
      ""span"": {
        ""start"": 18,
        ""end"": 19
      },
      ""options"": [
        {
          ""option_id"": ""opt1"",
          ""pos"": ""NUM"",
          ""analysis"": {
            ""kind"": ""lexical"",
            ""root"": null,
            ""lemma"": ""8"",
            ""pattern"": null
          },
          ""confidence"": {
            ""type"": ""weak"",
            ""score"": 0.99
          },
          ""evidence"": {
            ""lexicon_status"": ""numeric"",
            ""attestation"": [],
            ""constraints_checked"": [
              ""root_pattern_compatibility""
            ]
          }
        }
      ]
    },
    {
      ""token_id"": ""t5"",
      ""surface"": ""ወመሂ፡ይትወሀቦሙ፡ለኅሩያን፡"",
      ""span"": {
        ""start"": 21,
        ""end"": 38
      },
      ""options"": [
        {
          ""option_id"": ""opt1"",
          ""pos"": ""N"",
          ""analysis"": {
            ""kind"": ""lexical"",
            ""root"": null,
            ""lemma"": null,
            ""pattern"": null
          },
          ""confidence"": {
            ""type"": ""weak"",
            ""score"": 0.0
          },
          ""evidence"": {
            ""lexicon_status"": ""unattested_compound_token"",
            ""attestation"": [],
            ""constraints_checked"": [
              ""root_pattern_compatibility""
            ]
          }
        }
      ]
    },
    {
      ""token_id"": ""t6"",
      ""surface"": ""ጥብ፡ወሎሙ፡እሎንቱ፡"",
      ""span"": {
        ""start"": 39,
        ""end"": 51
      },
      ""options"": [
        {
          ""option_id"": ""opt1"",
          ""pos"": ""N"",
          ""analysis"": {
            ""kind"": ""lexical"",
            ""root"": null,
            ""lemma"": null,
            ""pattern"": null
          },
          ""confidence"": {
            ""type"": ""weak"",
            ""score"": 0.0
          },
          ""evidence"": {
            ""lexicon_status"": ""unattested_compound_token"",
            ""attestation"": [],
            ""constraints_checked"": [
              ""root_pattern_compatibility""
            ]
          }
        }
      ]
    },
    {
      ""token_id"": ""t7"",
      ""surface"": ""የሐይዉ፡ወኢይደግሙ፡"",
      ""span"": {
        ""start"": 52,
        ""end"": 64
      },
      ""options"": [
        {
          ""option_id"": ""opt1"",
          ""pos"": ""N"",
          ""analysis"": {
            ""kind"": ""lexical"",
            ""root"": null,
            ""lemma"": null,
            ""pattern"": null
          },
          ""confidence"": {
            ""type"": ""weak"",
            ""score"": 0.0
          },
          ""evidence"": {
            ""lexicon_status"": ""unattested_compound_token"",
            ""attestation"": [],
            ""constraints_checked"": [
              ""root_pattern_compatibility""
            ]
          }
        }
      ]
    },
    {
      ""token_id"": ""t8"",
      ""surface"": ""ሳ፨ኢረሲዕ፡ወኢትዕቢት፡"",
      ""span"": {
        ""start"": 65,
        ""end"": 79
      },
      ""options"": [
        {
          ""option_id"": ""opt1"",
          ""pos"": ""N"",
          ""analysis"": {
            ""kind"": ""lexical"",
            ""root"": null,
            ""lemma"": null,
            ""pattern"": null
          },
          ""confidence"": {
            ""type"": ""weak"",
            ""score"": 0.0
          },
          ""evidence"": {
            ""lexicon_status"": ""unattested_compound_token"",
            ""attestation"": [],
            ""constraints_checked"": [
              ""root_pattern_compatibility""
            ]
          }
        }
      ]
    },
    {
      ""token_id"": ""t9"",
      ""surface"": ""ላ፡ይገንዩ፨ዘቦሙ፡ጥብ፡"",
      ""span"": {
        ""start"": 80,
        ""end"": 94
      },
      ""options"": [
        {
          ""option_id"": ""opt1"",
          ""pos"": ""N"",
          ""analysis"": {
            ""kind"": ""lexical"",
            ""root"": null,
            ""lemma"": null,
            ""pattern"": null
          },
          ""confidence"": {
            ""type"": ""weak"",
            ""score"": 0.0
          },
          ""evidence"": {
            ""lexicon_status"": ""unattested_compound_token"",
            ""attestation"": [],
            ""constraints_checked"": [
              ""root_pattern_compatibility""
            ]
          }
        }
      ]
    },
    {
      ""token_id"": ""t10"",
      ""surface"": ""ወኢይደግሙ፡ብሶ፨"",
      ""span"": {
        ""start"": 95,
        ""end"": 105
      },
      ""options"": [
        {
          ""option_id"": ""opt1"",
          ""pos"": ""N"",
          ""analysis"": {
            ""kind"": ""lexical"",
            ""root"": null,
            ""lemma"": null,
            ""pattern"": null
          },
          ""confidence"": {
            ""type"": ""weak"",
            ""score"": 0.0
          },
          ""evidence"": {
            ""lexicon_status"": ""unattested_compound_token"",
            ""attestation"": [],
            ""constraints_checked"": [
              ""root_pattern_compatibility""
            ]
          }
        }
      ]
    }
  ]
}"
5,segment_009,segment,DONE,C:\Users\sasch\visionexe\stories\template\filmsets\story_005\segment_009\segment.txt,"{
  ""meta"": {
    ""schema_version"": ""1.0.0"",
    ""created_at"": ""2026-01-11T03:11:49Z"",
    ""created_by"": ""worker_llm_analysis_Morphologic"",
    ""language"": ""gez"",
    ""tagset_id"": ""GEZ-POS-1"",
    ""tokenization_policy"": ""whitespace""
  },
  ""source"": {
    ""witness_id"": ""story_005/segment_009"",
    ""graphematic_string"": ""Chapter 5 Segment 9\n\nወኢይትነኑ፡ሎ፡መዋዕለ፡\nሕይወቶሙ፡ወኢይመውቱ፡\nመቅሠፍት፡ወኢመዓት፡ላ፡\nልቈ፡መዋዕለ፡ሕይወቶሙ፡\nይፌጽሙ፡ወይልህቅ፡\nሕይወቶሙ፡ሰላም፡ወዓመታተ፡\nፍሥሓሆሙ፡ይዝ፡ሐሤት፡\nወሰላም፡ውስተ፡ሉ፡መዋእለ፡\nሕይወቶሙ፨"",
    ""normalization_policy"": ""none"",
    ""uncertainties"": []
  },
  ""tokens"": [
    {
      ""token_id"": ""t1"",
      ""surface"": ""Chapter"",
      ""span"": {
        ""start"": 0,
        ""end"": 7
      },
      ""options"": [
        {
          ""option_id"": ""opt1"",
          ""pos"": ""N"",
          ""analysis"": {
            ""kind"": ""lexical"",
            ""root"": null,
            ""lemma"": ""Chapter"",
            ""pattern"": null
          },
          ""confidence"": {
            ""type"": ""weak"",
            ""score"": 0.9
          },
          ""evidence"": {
            ""lexicon_status"": ""foreign_meta"",
            ""attestation"": [],
            ""constraints_checked"": [
              ""root_pattern_compatibility""
            ]
          }
        }
      ]
    },
    {
      ""token_id"": ""t2"",
      ""surface"": ""5"",
      ""span"": {
        ""start"": 8,
        ""end"": 9
      },
      ""options"": [
        {
          ""option_id"": ""opt1"",
          ""pos"": ""NUM"",
          ""analysis"": {
            ""kind"": ""lexical"",
            ""root"": null,
            ""lemma"": ""5"",
            ""pattern"": null
          },
          ""confidence"": {
            ""type"": ""weak"",
            ""score"": 0.99
          },
          ""evidence"": {
            ""lexicon_status"": ""numeric"",
            ""attestation"": [],
            ""constraints_checked"": [
              ""root_pattern_compatibility""
            ]
          }
        }
      ]
    },
    {
      ""token_id"": ""t3"",
      ""surface"": ""Segment"",
      ""span"": {
        ""start"": 10,
        ""end"": 17
      },
      ""options"": [
        {
          ""option_id"": ""opt1"",
          ""pos"": ""N"",
          ""analysis"": {
            ""kind"": ""lexical"",
            ""root"": null,
            ""lemma"": ""Segment"",
            ""pattern"": null
          },
          ""confidence"": {
            ""type"": ""weak"",
            ""score"": 0.9
          },
          ""evidence"": {
            ""lexicon_status"": ""foreign_meta"",
            ""attestation"": [],
            ""constraints_checked"": [
              ""root_pattern_compatibility""
            ]
          }
        }
      ]
    },
    {
      ""token_id"": ""t4"",
      ""surface"": ""9"",
      ""span"": {
        ""start"": 18,
        ""end"": 19
      },
      ""options"": [
        {
          ""option_id"": ""opt1"",
          ""pos"": ""NUM"",
          ""analysis"": {
            ""kind"": ""lexical"",
            ""root"": null,
            ""lemma"": ""9"",
            ""pattern"": null
          },
          ""confidence"": {
            ""type"": ""weak"",
            ""score"": 0.99
          },
          ""evidence"": {
            ""lexicon_status"": ""numeric"",
            ""attestation"": [],
            ""constraints_checked"": [
              ""root_pattern_compatibility""
            ]
          }
        }
      ]
    },
    {
      ""token_id"": ""t5"",
      ""surface"": ""ወኢይትነኑ፡ሎ፡መዋዕለ፡"",
      ""span"": {
        ""start"": 21,
        ""end"": 35
      },
      ""options"": [
        {
          ""option_id"": ""opt1"",
          ""pos"": ""N"",
          ""analysis"": {
            ""kind"": ""lexical"",
            ""root"": null,
            ""lemma"": null,
            ""pattern"": null
          },
          ""confidence"": {
            ""type"": ""weak"",
            ""score"": 0.0
          },
          ""evidence"": {
            ""lexicon_status"": ""unattested_compound_token"",
            ""attestation"": [],
            ""constraints_checked"": [
              ""root_pattern_compatibility""
            ]
          }
        }
      ]
    },
    {
      ""token_id"": ""t6"",
      ""surface"": ""ሕይወቶሙ፡ወኢይመውቱ፡"",
      ""span"": {
        ""start"": 36,
        ""end"": 49
      },
      ""options"": [
        {
          ""option_id"": ""opt1"",
          ""pos"": ""N"",
          ""analysis"": {
            ""kind"": ""lexical"",
            ""root"": null,
            ""lemma"": null,
            ""pattern"": null
          },
          ""confidence"": {
            ""type"": ""weak"",
            ""score"": 0.0
          },
          ""evidence"": {
            ""lexicon_status"": ""unattested_compound_token"",
            ""attestation"": [],
            ""constraints_checked"": [
              ""root_pattern_compatibility""
            ]
          }
        }
      ]
    },
    {
      ""token_id"": ""t7"",
      ""surface"": ""መቅሠፍት፡ወኢመዓት፡ላ፡"",
      ""span"": {
        ""start"": 50,
        ""end"": 64
      },
      ""options"": [
        {
          ""option_id"": ""opt1"",
          ""pos"": ""N"",
          ""analysis"": {
            ""kind"": ""lexical"",
            ""root"": null,
            ""lemma"": null,
            ""pattern"": null
          },
          ""confidence"": {
            ""type"": ""weak"",
            ""score"": 0.0
          },
          ""evidence"": {
            ""lexicon_status"": ""unattested_compound_token"",
            ""attestation"": [],
            ""constraints_checked"": [
              ""root_pattern_compatibility""
            ]
          }
        }
      ]
    },
    {
      ""token_id"": ""t8"",
      ""surface"": ""ልቈ፡መዋዕለ፡ሕይወቶሙ፡"",
      ""span"": {
        ""start"": 65,
        ""end"": 79
      },
      ""options"": [
        {
          ""option_id"": ""opt1"",
          ""pos"": ""N"",
          ""analysis"": {
            ""kind"": ""lexical"",
            ""root"": null,
            ""lemma"": null,
            ""pattern"": null
          },
          ""confidence"": {
            ""type"": ""weak"",
            ""score"": 0.0
          },
          ""evidence"": {
            ""lexicon_status"": ""unattested_compound_token"",
            ""attestation"": [],
            ""constraints_checked"": [
              ""root_pattern_compatibility""
            ]
          }
        }
      ]
    },
    {
      ""token_id"": ""t9"",
      ""surface"": ""ይፌጽሙ፡ወይልህቅ፡"",
      ""span"": {
        ""start"": 80,
        ""end"": 91
      },
      ""options"": [
        {
          ""option_id"": ""opt1"",
          ""pos"": ""N"",
          ""analysis"": {
            ""kind"": ""lexical"",
            ""root"": null,
            ""lemma"": null,
            ""pattern"": null
          },
          ""confidence"": {
            ""type"": ""weak"",
            ""score"": 0.0
          },
          ""evidence"": {
            ""lexicon_status"": ""unattested_compound_token"",
            ""attestation"": [],
            ""constraints_checked"": [
              ""root_pattern_compatibility""
            ]
          }
        }
      ]
    },
    {
      ""token_id"": ""t10"",
      ""surface"": ""ሕይወቶሙ፡ሰላም፡ወዓመታተ፡"",
      ""span"": {
        ""start"": 92,
        ""end"": 108
      },
      ""options"": [
        {
          ""option_id"": ""opt1"",
          ""pos"": ""N"",
          ""analysis"": {
            ""kind"": ""lexical"",
            ""root"": null,
            ""lemma"": null,
            ""pattern"": null
          },
          ""confidence"": {
            ""type"": ""weak"",
            ""score"": 0.0
          },
          ""evidence"": {
            ""lexicon_status"": ""unattested_compound_token"",
            ""attestation"": [],
            ""constraints_checked"": [
              ""root_pattern_compatibility""
            ]
          }
        }
      ]
    },
    {
      ""token_id"": ""t11"",
      ""surface"": ""ፍሥሓሆሙ፡ይዝ፡ሐሤት፡"",
      ""span"": {
        ""start"": 109,
        ""end"": 122
      },
      ""options"": [
        {
          ""option_id"": ""opt1"",
          ""pos"": ""N"",
          ""analysis"": {
            ""kind"": ""lexical"",
            ""root"": null,
            ""lemma"": null,
            ""pattern"": null
          },
          ""confidence"": {
            ""type"": ""weak"",
            ""score"": 0.0
          },
          ""evidence"": {
            ""lexicon_status"": ""unattested_compound_token"",
            ""attestation"": [],
            ""constraints_checked"": [
              ""root_pattern_compatibility""
            ]
          }
        }
      ]
    },
    {
      ""token_id"": ""t12"",
      ""surface"": ""ወሰላም፡ውስተ፡ሉ፡መዋእለ፡"",
      ""span"": {
        ""start"": 123,
        ""end"": 139
      },
      ""options"": [
        {
          ""option_id"": ""opt1"",
          ""pos"": ""N"",
          ""analysis"": {
            ""kind"": ""lexical"",
            ""root"": null,
            ""lemma"": null,
            ""pattern"": null
          },
          ""confidence"": {
            ""type"": ""weak"",
            ""score"": 0.0
          },
          ""evidence"": {
            ""lexicon_status"": ""unattested_compound_token"",
            ""attestation"": [],
            ""constraints_checked"": [
              ""root_pattern_compatibility""
            ]
          }
        }
      ]
    },
    {
      ""token_id"": ""t13"",
      ""surface"": ""ሕይወቶሙ፨"",
      ""span"": {
        ""start"": 140,
        ""end"": 146
      },
      ""options"": [
        {
          ""option_id"": ""opt1"",
          ""pos"": ""N"",
          ""analysis"": {
            ""kind"": ""lexical"",
            ""root"": ""ሕይወት"",
            ""lemma"": ""ሕይወት"",
            ""pattern"": ""noun""
          },
          ""confidence"": {
            ""type"": ""model"",
            ""score"": 0.8
          },
          ""evidence"": {
            ""lexicon_status"": ""attested"",
            ""attestation"": [
              ""possessive_suffix_omu""
            ],
            ""constraints_checked"": []
          }
        }
      ]
    }
  ]
}"
6,segment_001,segment,DONE,C:\Users\sasch\visionexe\stories\template\filmsets\story_006\segment_001\segment.txt,"{
  ""meta"": {
    ""schema_version"": ""1.0.0"",
    ""created_at"": ""2026-01-11T03:15:51Z"",
    ""created_by"": ""worker_llm_analysis_Morphologic"",
    ""language"": ""gez"",
    ""tagset_id"": ""GEZ-POS-1"",
    ""tokenization_policy"": ""whitespace""
  },
  ""source"": {
    ""witness_id"": ""story_006/segment_001"",
    ""graphematic_string"": ""Chapter 6 Segment 1\n\nወነ፡እምዘዝ፡ውሉደ፡ሰብእ፡\nእማንቱ፡መዋእል፡ተወልዳ፡\nሎሙ፡ዋልድ፡ሠናያት፡\nወላህያት፨"",
    ""normalization_policy"": ""none"",
    ""uncertainties"": []
  },
  ""tokens"": [
    {
      ""token_id"": ""t1"",
      ""surface"": ""Chapter"",
      ""span"": {
        ""start"": 0,
        ""end"": 7
      },
      ""options"": [
        {
          ""option_id"": ""A"",
          ""pos"": ""N"",
          ""analysis"": {
            ""kind"": ""lexical"",
            ""root"": null,
            ""lemma"": ""Chapter"",
            ""pattern"": null
          },
          ""confidence"": {
            ""type"": ""weak"",
            ""score"": 0.99
          },
          ""evidence"": {
            ""lexicon_status"": ""foreign_meta"",
            ""attestation"": [],
            ""constraints_checked"": [
              ""root_pattern_compatibility""
            ]
          }
        }
      ]
    },
    {
      ""token_id"": ""t2"",
      ""surface"": ""6"",
      ""span"": {
        ""start"": 8,
        ""end"": 9
      },
      ""options"": [
        {
          ""option_id"": ""A"",
          ""pos"": ""NUM"",
          ""analysis"": {
            ""kind"": ""lexical"",
            ""root"": null,
            ""lemma"": ""6"",
            ""pattern"": null
          },
          ""confidence"": {
            ""type"": ""weak"",
            ""score"": 0.99
          },
          ""evidence"": {
            ""lexicon_status"": ""attested_numeric"",
            ""attestation"": [],
            ""constraints_checked"": [
              ""root_pattern_compatibility""
            ]
          }
        }
      ]
    },
    {
      ""token_id"": ""t3"",
      ""surface"": ""Segment"",
      ""span"": {
        ""start"": 10,
        ""end"": 17
      },
      ""options"": [
        {
          ""option_id"": ""A"",
          ""pos"": ""N"",
          ""analysis"": {
            ""kind"": ""lexical"",
            ""root"": null,
            ""lemma"": ""Segment"",
            ""pattern"": null
          },
          ""confidence"": {
            ""type"": ""weak"",
            ""score"": 0.99
          },
          ""evidence"": {
            ""lexicon_status"": ""foreign_meta"",
            ""attestation"": [],
            ""constraints_checked"": [
              ""root_pattern_compatibility""
            ]
          }
        }
      ]
    },
    {
      ""token_id"": ""t4"",
      ""surface"": ""1"",
      ""span"": {
        ""start"": 18,
        ""end"": 19
      },
      ""options"": [
        {
          ""option_id"": ""A"",
          ""pos"": ""NUM"",
          ""analysis"": {
            ""kind"": ""lexical"",
            ""root"": null,
            ""lemma"": ""1"",
            ""pattern"": null
          },
          ""confidence"": {
            ""type"": ""weak"",
            ""score"": 0.99
          },
          ""evidence"": {
            ""lexicon_status"": ""attested_numeric"",
            ""attestation"": [],
            ""constraints_checked"": [
              ""root_pattern_compatibility""
            ]
          }
        }
      ]
    },
    {
      ""token_id"": ""t5"",
      ""surface"": ""ወነ፡እምዘዝ፡ውሉደ፡ሰብእ፡"",
      ""span"": {
        ""start"": 21,
        ""end"": 37
      },
      ""options"": [
        {
          ""option_id"": ""A"",
          ""pos"": ""N"",
          ""analysis"": {
            ""kind"": ""lexical"",
            ""root"": null,
            ""lemma"": ""ወነ፡እምዘዝ፡ውሉደ፡ሰብእ፡"",
            ""pattern"": null
          },
          ""confidence"": {
            ""type"": ""weak"",
            ""score"": 0.1
          },
          ""evidence"": {
            ""lexicon_status"": ""unattested_compound_phrase"",
            ""attestation"": [],
            ""constraints_checked"": [
              ""root_pattern_compatibility""
            ]
          }
        }
      ]
    },
    {
      ""token_id"": ""t6"",
      ""surface"": ""እማንቱ፡መዋእል፡ተወልዳ፡"",
      ""span"": {
        ""start"": 38,
        ""end"": 53
      },
      ""options"": [
        {
          ""option_id"": ""A"",
          ""pos"": ""N"",
          ""analysis"": {
            ""kind"": ""lexical"",
            ""root"": null,
            ""lemma"": ""እማንቱ፡መዋእል፡ተወልዳ፡"",
            ""pattern"": null
          },
          ""confidence"": {
            ""type"": ""weak"",
            ""score"": 0.1
          },
          ""evidence"": {
            ""lexicon_status"": ""unattested_compound_phrase"",
            ""attestation"": [],
            ""constraints_checked"": [
              ""root_pattern_compatibility""
            ]
          }
        }
      ]
    },
    {
      ""token_id"": ""t7"",
      ""surface"": ""ሎሙ፡ዋልድ፡ሠናያት፡"",
      ""span"": {
        ""start"": 54,
        ""end"": 66
      },
      ""options"": [
        {
          ""option_id"": ""A"",
          ""pos"": ""N"",
          ""analysis"": {
            ""kind"": ""lexical"",
            ""root"": null,
            ""lemma"": ""ሎሙ፡ዋልድ፡ሠናያት፡"",
            ""pattern"": null
          },
          ""confidence"": {
            ""type"": ""weak"",
            ""score"": 0.1
          },
          ""evidence"": {
            ""lexicon_status"": ""unattested_compound_phrase"",
            ""attestation"": [],
            ""constraints_checked"": [
              ""root_pattern_compatibility""
            ]
          }
        }
      ]
    },
    {
      ""token_id"": ""t8"",
      ""surface"": ""ወላህያት፨"",
      ""span"": {
        ""start"": 67,
        ""end"": 73
      },
      ""options"": [
        {
          ""option_id"": ""A"",
          ""pos"": ""N"",
          ""analysis"": {
            ""kind"": ""lexical"",
            ""root"": null,
            ""lemma"": ""ወላህያት፨"",
            ""pattern"": null
          },
          ""confidence"": {
            ""type"": ""weak"",
            ""score"": 0.1
          },
          ""evidence"": {
            ""lexicon_status"": ""unattested_compound_phrase"",
            ""attestation"": [],
            ""constraints_checked"": [
              ""root_pattern_compatibility""
            ]
          }
        }
      ]
    }
  ]
}"
6,segment_002,segment,DONE,C:\Users\sasch\visionexe\stories\template\filmsets\story_006\segment_002\segment.txt,"{
  ""meta"": {
    ""schema_version"": ""1.0.0"",
    ""created_at"": ""2026-01-11T03:15:51Z"",
    ""created_by"": ""worker_llm_analysis_Morphologic"",
    ""language"": ""gez"",
    ""tagset_id"": ""GEZ-POS-1"",
    ""tokenization_policy"": ""whitespace""
  },
  ""source"": {
    ""witness_id"": ""story_006/segment_002"",
    ""graphematic_string"": ""Chapter 6 Segment 2\n\nወርእዩ፡ያሆን፡መላእት፡\nውሉደ፡ሰማያት፡\nወፈተውዎን፨ወይቤሉ፡\nይናቲሆሙ፡ንዑ፡ንኅረይ፡ለነ፡\nንስተ፡እምውሉደ፡ሰብእ፡\nወንወለድ፡ለነ፡ውሉደ፨"",
    ""normalization_policy"": ""none"",
    ""uncertainties"": []
  },
  ""tokens"": [
    {
      ""token_id"": ""t1"",
      ""surface"": ""Chapter"",
      ""span"": {
        ""start"": 0,
        ""end"": 7
      },
      ""options"": [
        {
          ""option_id"": ""A"",
          ""pos"": ""N"",
          ""analysis"": {
            ""kind"": ""lexical"",
            ""root"": null,
            ""lemma"": ""Chapter"",
            ""pattern"": null
          },
          ""confidence"": {
            ""type"": ""weak"",
            ""score"": 0.99
          },
          ""evidence"": {
            ""lexicon_status"": ""foreign_meta"",
            ""attestation"": [],
            ""constraints_checked"": [
              ""root_pattern_compatibility""
            ]
          }
        }
      ]
    },
    {
      ""token_id"": ""t2"",
      ""surface"": ""6"",
      ""span"": {
        ""start"": 8,
        ""end"": 9
      },
      ""options"": [
        {
          ""option_id"": ""A"",
          ""pos"": ""NUM"",
          ""analysis"": {
            ""kind"": ""lexical"",
            ""root"": null,
            ""lemma"": ""6"",
            ""pattern"": null
          },
          ""confidence"": {
            ""type"": ""weak"",
            ""score"": 0.99
          },
          ""evidence"": {
            ""lexicon_status"": ""attested_numeric"",
            ""attestation"": [],
            ""constraints_checked"": [
              ""root_pattern_compatibility""
            ]
          }
        }
      ]
    },
    {
      ""token_id"": ""t3"",
      ""surface"": ""Segment"",
      ""span"": {
        ""start"": 10,
        ""end"": 17
      },
      ""options"": [
        {
          ""option_id"": ""A"",
          ""pos"": ""N"",
          ""analysis"": {
            ""kind"": ""lexical"",
            ""root"": null,
            ""lemma"": ""Segment"",
            ""pattern"": null
          },
          ""confidence"": {
            ""type"": ""weak"",
            ""score"": 0.99
          },
          ""evidence"": {
            ""lexicon_status"": ""foreign_meta"",
            ""attestation"": [],
            ""constraints_checked"": [
              ""root_pattern_compatibility""
            ]
          }
        }
      ]
    },
    {
      ""token_id"": ""t4"",
      ""surface"": ""2"",
      ""span"": {
        ""start"": 18,
        ""end"": 19
      },
      ""options"": [
        {
          ""option_id"": ""A"",
          ""pos"": ""NUM"",
          ""analysis"": {
            ""kind"": ""lexical"",
            ""root"": null,
            ""lemma"": ""2"",
            ""pattern"": null
          },
          ""confidence"": {
            ""type"": ""weak"",
            ""score"": 0.99
          },
          ""evidence"": {
            ""lexicon_status"": ""attested_numeric"",
            ""attestation"": [],
            ""constraints_checked"": [
              ""root_pattern_compatibility""
            ]
          }
        }
      ]
    },
    {
      ""token_id"": ""t5"",
      ""surface"": ""ወርእዩ፡ያሆን፡መላእት፡"",
      ""span"": {
        ""start"": 21,
        ""end"": 35
      },
      ""options"": [
        {
          ""option_id"": ""A"",
          ""pos"": ""N"",
          ""analysis"": {
            ""kind"": ""lexical"",
            ""root"": null,
            ""lemma"": ""ወርእዩ፡ያሆን፡መላእት፡"",
            ""pattern"": null
          },
          ""confidence"": {
            ""type"": ""weak"",
            ""score"": 0.1
          },
          ""evidence"": {
            ""lexicon_status"": ""unattested_compound_phrase"",
            ""attestation"": [],
            ""constraints_checked"": [
              ""root_pattern_compatibility""
            ]
          }
        }
      ]
    },
    {
      ""token_id"": ""t6"",
      ""surface"": ""ውሉደ፡ሰማያት፡"",
      ""span"": {
        ""start"": 36,
        ""end"": 45
      },
      ""options"": [
        {
          ""option_id"": ""A"",
          ""pos"": ""N"",
          ""analysis"": {
            ""kind"": ""lexical"",
            ""root"": null,
            ""lemma"": ""ውሉደ፡ሰማያት፡"",
            ""pattern"": null
          },
          ""confidence"": {
            ""type"": ""weak"",
            ""score"": 0.1
          },
          ""evidence"": {
            ""lexicon_status"": ""unattested_compound_phrase"",
            ""attestation"": [],
            ""constraints_checked"": [
              ""root_pattern_compatibility""
            ]
          }
        }
      ]
    },
    {
      ""token_id"": ""t7"",
      ""surface"": ""ወፈተውዎን፨ወይቤሉ፡"",
      ""span"": {
        ""start"": 46,
        ""end"": 58
      },
      ""options"": [
        {
          ""option_id"": ""A"",
          ""pos"": ""N"",
          ""analysis"": {
            ""kind"": ""lexical"",
            ""root"": null,
            ""lemma"": ""ወፈተውዎን፨ወይቤሉ፡"",
            ""pattern"": null
          },
          ""confidence"": {
            ""type"": ""weak"",
            ""score"": 0.1
          },
          ""evidence"": {
            ""lexicon_status"": ""unattested_compound_phrase"",
            ""attestation"": [],
            ""constraints_checked"": [
              ""root_pattern_compatibility""
            ]
          }
        }
      ]
    },
    {
      ""token_id"": ""t8"",
      ""surface"": ""ይናቲሆሙ፡ንዑ፡ንኅረይ፡ለነ፡"",
      ""span"": {
        ""start"": 59,
        ""end"": 76
      },
      ""options"": [
        {
          ""option_id"": ""A"",
          ""pos"": ""N"",
          ""analysis"": {
            ""kind"": ""lexical"",
            ""root"": null,
            ""lemma"": ""ይናቲሆሙ፡ንዑ፡ንኅረይ፡ለነ፡"",
            ""pattern"": null
          },
          ""confidence"": {
            ""type"": ""weak"",
            ""score"": 0.1
          },
          ""evidence"": {
            ""lexicon_status"": ""unattested_compound_phrase"",
            ""attestation"": [],
            ""constraints_checked"": [
              ""root_pattern_compatibility""
            ]
          }
        }
      ]
    },
    {
      ""token_id"": ""t9"",
      ""surface"": ""ንስተ፡እምውሉደ፡ሰብእ፡"",
      ""span"": {
        ""start"": 77,
        ""end"": 91
      },
      ""options"": [
        {
          ""option_id"": ""A"",
          ""pos"": ""N"",
          ""analysis"": {
            ""kind"": ""lexical"",
            ""root"": null,
            ""lemma"": ""ንስተ፡እምውሉደ፡ሰብእ፡"",
            ""pattern"": null
          },
          ""confidence"": {
            ""type"": ""weak"",
            ""score"": 0.1
          },
          ""evidence"": {
            ""lexicon_status"": ""unattested_compound_phrase"",
            ""attestation"": [],
            ""constraints_checked"": [
              ""root_pattern_compatibility""
            ]
          }
        }
      ]
    },
    {
      ""token_id"": ""t10"",
      ""surface"": ""ወንወለድ፡ለነ፡ውሉደ፨"",
      ""span"": {
        ""start"": 92,
        ""end"": 105
      },
      ""options"": [
        {
          ""option_id"": ""A"",
          ""pos"": ""N"",
          ""analysis"": {
            ""kind"": ""lexical"",
            ""root"": null,
            ""lemma"": ""ወንወለድ፡ለነ፡ውሉደ፨"",
            ""pattern"": null
          },
          ""confidence"": {
            ""type"": ""weak"",
            ""score"": 0.1
          },
          ""evidence"": {
            ""lexicon_status"": ""unattested_compound_phrase"",
            ""attestation"": [],
            ""constraints_checked"": [
              ""root_pattern_compatibility""
            ]
          }
        }
      ]
    }
  ]
}"
6,segment_003,segment,DONE,C:\Users\sasch\visionexe\stories\template\filmsets\story_006\segment_003\segment.txt,"{
  ""meta"": {
    ""schema_version"": ""1.0.0"",
    ""created_at"": ""2026-01-11T03:15:51Z"",
    ""created_by"": ""worker_llm_analysis_Morphologic"",
    ""language"": ""gez"",
    ""tagset_id"": ""GEZ-POS-1"",
    ""tokenization_policy"": ""whitespace""
  },
  ""source"": {
    ""witness_id"": ""story_006/segment_003"",
    ""graphematic_string"": ""Chapter 6 Segment 3\n\nወይቤሎሙ፡ስምያዛ፡ዘውእቱ፡\nመልሙ፨እፈርህ፡ዮጊ፡\nኢትፈቅዱ፡ይትገር፡ዝንቱ፡\nግብር፨ወእውን፡ነ፡\nባሕቲትየ፡ፈዳዪሃ፡ለዛቲ፡\nለኅጢት፡ዐባይ ፧"",
    ""normalization_policy"": ""none"",
    ""uncertainties"": []
  },
  ""tokens"": [
    {
      ""token_id"": ""t1"",
      ""surface"": ""Chapter"",
      ""span"": {
        ""start"": 0,
        ""end"": 7
      },
      ""options"": [
        {
          ""option_id"": ""A"",
          ""pos"": ""N"",
          ""analysis"": {
            ""kind"": ""lexical"",
            ""root"": null,
            ""lemma"": ""Chapter"",
            ""pattern"": null
          },
          ""confidence"": {
            ""type"": ""weak"",
            ""score"": 0.99
          },
          ""evidence"": {
            ""lexicon_status"": ""foreign_meta"",
            ""attestation"": [],
            ""constraints_checked"": [
              ""root_pattern_compatibility""
            ]
          }
        }
      ]
    },
    {
      ""token_id"": ""t2"",
      ""surface"": ""6"",
      ""span"": {
        ""start"": 8,
        ""end"": 9
      },
      ""options"": [
        {
          ""option_id"": ""A"",
          ""pos"": ""NUM"",
          ""analysis"": {
            ""kind"": ""lexical"",
            ""root"": null,
            ""lemma"": ""6"",
            ""pattern"": null
          },
          ""confidence"": {
            ""type"": ""weak"",
            ""score"": 0.99
          },
          ""evidence"": {
            ""lexicon_status"": ""attested_numeric"",
            ""attestation"": [],
            ""constraints_checked"": [
              ""root_pattern_compatibility""
            ]
          }
        }
      ]
    },
    {
      ""token_id"": ""t3"",
      ""surface"": ""Segment"",
      ""span"": {
        ""start"": 10,
        ""end"": 17
      },
      ""options"": [
        {
          ""option_id"": ""A"",
          ""pos"": ""N"",
          ""analysis"": {
            ""kind"": ""lexical"",
            ""root"": null,
            ""lemma"": ""Segment"",
            ""pattern"": null
          },
          ""confidence"": {
            ""type"": ""weak"",
            ""score"": 0.99
          },
          ""evidence"": {
            ""lexicon_status"": ""foreign_meta"",
            ""attestation"": [],
            ""constraints_checked"": [
              ""root_pattern_compatibility""
            ]
          }
        }
      ]
    },
    {
      ""token_id"": ""t4"",
      ""surface"": ""3"",
      ""span"": {
        ""start"": 18,
        ""end"": 19
      },
      ""options"": [
        {
          ""option_id"": ""A"",
          ""pos"": ""NUM"",
          ""analysis"": {
            ""kind"": ""lexical"",
            ""root"": null,
            ""lemma"": ""3"",
            ""pattern"": null
          },
          ""confidence"": {
            ""type"": ""weak"",
            ""score"": 0.99
          },
          ""evidence"": {
            ""lexicon_status"": ""attested_numeric"",
            ""attestation"": [],
            ""constraints_checked"": [
              ""root_pattern_compatibility""
            ]
          }
        }
      ]
    },
    {
      ""token_id"": ""t5"",
      ""surface"": ""ወይቤሎሙ፡ስምያዛ፡ዘውእቱ፡"",
      ""span"": {
        ""start"": 21,
        ""end"": 37
      },
      ""options"": [
        {
          ""option_id"": ""A"",
          ""pos"": ""N"",
          ""analysis"": {
            ""kind"": ""lexical"",
            ""root"": null,
            ""lemma"": ""ወይቤሎሙ፡ስምያዛ፡ዘውእቱ፡"",
            ""pattern"": null
          },
          ""confidence"": {
            ""type"": ""weak"",
            ""score"": 0.1
          },
          ""evidence"": {
            ""lexicon_status"": ""unattested_compound_phrase"",
            ""attestation"": [],
            ""constraints_checked"": [
              ""root_pattern_compatibility""
            ]
          }
        }
      ]
    },
    {
      ""token_id"": ""t6"",
      ""surface"": ""መልሙ፨እፈርህ፡ዮጊ፡"",
      ""span"": {
        ""start"": 38,
        ""end"": 50
      },
      ""options"": [
        {
          ""option_id"": ""A"",
          ""pos"": ""N"",
          ""analysis"": {
            ""kind"": ""lexical"",
            ""root"": null,
            ""lemma"": ""መልሙ፨እፈርህ፡ዮጊ፡"",
            ""pattern"": null
          },
          ""confidence"": {
            ""type"": ""weak"",
            ""score"": 0.1
          },
          ""evidence"": {
            ""lexicon_status"": ""unattested_compound_phrase"",
            ""attestation"": [],
            ""constraints_checked"": [
              ""root_pattern_compatibility""
            ]
          }
        }
      ]
    },
    {
      ""token_id"": ""t7"",
      ""surface"": ""ኢትፈቅዱ፡ይትገር፡ዝንቱ፡"",
      ""span"": {
        ""start"": 51,
        ""end"": 66
      },
      ""options"": [
        {
          ""option_id"": ""A"",
          ""pos"": ""N"",
          ""analysis"": {
            ""kind"": ""lexical"",
            ""root"": null,
            ""lemma"": ""ኢትፈቅዱ፡ይትገር፡ዝንቱ፡"",
            ""pattern"": null
          },
          ""confidence"": {
            ""type"": ""weak"",
            ""score"": 0.1
          },
          ""evidence"": {
            ""lexicon_status"": ""unattested_compound_phrase"",
            ""attestation"": [],
            ""constraints_checked"": [
              ""root_pattern_compatibility""
            ]
          }
        }
      ]
    },
    {
      ""token_id"": ""t8"",
      ""surface"": ""ግብር፨ወእውን፡ነ፡"",
      ""span"": {
        ""start"": 67,
        ""end"": 78
      },
      ""options"": [
        {
          ""option_id"": ""A"",
          ""pos"": ""N"",
          ""analysis"": {
            ""kind"": ""lexical"",
            ""root"": null,
            ""lemma"": ""ግብር፨ወእውን፡ነ፡"",
            ""pattern"": null
          },
          ""confidence"": {
            ""type"": ""weak"",
            ""score"": 0.1
          },
          ""evidence"": {
            ""lexicon_status"": ""unattested_compound_phrase"",
            ""attestation"": [],
            ""constraints_checked"": [
              ""root_pattern_compatibility""
            ]
          }
        }
      ]
    },
    {
      ""token_id"": ""t9"",
      ""surface"": ""ባሕቲትየ፡ፈዳዪሃ፡ለዛቲ፡"",
      ""span"": {
        ""start"": 79,
        ""end"": 94
      },
      ""options"": [
        {
          ""option_id"": ""A"",
          ""pos"": ""N"",
          ""analysis"": {
            ""kind"": ""lexical"",
            ""root"": null,
            ""lemma"": ""ባሕቲትየ፡ፈዳዪሃ፡ለዛቲ፡"",
            ""pattern"": null
          },
          ""confidence"": {
            ""type"": ""weak"",
            ""score"": 0.1
          },
          ""evidence"": {
            ""lexicon_status"": ""unattested_compound_phrase"",
            ""attestation"": [],
            ""constraints_checked"": [
              ""root_pattern_compatibility""
            ]
          }
        }
      ]
    },
    {
      ""token_id"": ""t10"",
      ""surface"": ""ለኅጢት፡ዐባይ"",
      ""span"": {
        ""start"": 95,
        ""end"": 103
      },
      ""options"": [
        {
          ""option_id"": ""A"",
          ""pos"": ""N"",
          ""analysis"": {
            ""kind"": ""lexical"",
            ""root"": null,
            ""lemma"": ""ለኅጢት፡ዐባይ"",
            ""pattern"": null
          },
          ""confidence"": {
            ""type"": ""weak"",
            ""score"": 0.1
          },
          ""evidence"": {
            ""lexicon_status"": ""unattested_compound_phrase"",
            ""attestation"": [],
            ""constraints_checked"": [
              ""root_pattern_compatibility""
            ]
          }
        }
      ]
    },
    {
      ""token_id"": ""t11"",
      ""surface"": ""፧"",
      ""span"": {
        ""start"": 104,
        ""end"": 105
      },
      ""options"": [
        {
          ""option_id"": ""A"",
          ""pos"": ""PART.MOD"",
          ""analysis"": {
            ""kind"": ""lexical"",
            ""root"": null,
            ""lemma"": ""፧"",
            ""pattern"": null
          },
          ""confidence"": {
            ""type"": ""high"",
            ""score"": 0.8
          },
          ""evidence"": {
            ""lexicon_status"": ""attested_punctuation"",
            ""attestation"": [],
            ""constraints_checked"": []
          }
        }
      ]
    }
  ]
}"
6,segment_004,segment,DONE,C:\Users\sasch\visionexe\stories\template\filmsets\story_006\segment_004\segment.txt,"{
  ""meta"": {
    ""schema_version"": ""1.0.0"",
    ""created_at"": ""2026-01-11T03:15:51Z"",
    ""created_by"": ""worker_llm_analysis_Morphologic"",
    ""language"": ""gez"",
    ""tagset_id"": ""GEZ-POS-1"",
    ""tokenization_policy"": ""whitespace""
  },
  ""source"": {
    ""witness_id"": ""story_006/segment_004"",
    ""graphematic_string"": ""Chapter 6 Segment 4\n\nወውሥኡ፡ሎቱ፡ሎሙ፡\nወይቤሉ፡መሐላ፡ንምሐል፡ልነ፡\nወንትዋገዝ፡ይናቲነ፡መ፡\nኢንሚጣ፡ለዛቲ፡ምር፡\nወንግራ፡ለዛቲ፡ምር፡\nግብረ፨፨"",
    ""normalization_policy"": ""none"",
    ""uncertainties"": []
  },
  ""tokens"": [
    {
      ""token_id"": ""t1"",
      ""surface"": ""Chapter"",
      ""span"": {
        ""start"": 0,
        ""end"": 7
      },
      ""options"": [
        {
          ""option_id"": ""A"",
          ""pos"": ""N"",
          ""analysis"": {
            ""kind"": ""lexical"",
            ""root"": null,
            ""lemma"": ""Chapter"",
            ""pattern"": null
          },
          ""confidence"": {
            ""type"": ""weak"",
            ""score"": 0.99
          },
          ""evidence"": {
            ""lexicon_status"": ""foreign_meta"",
            ""attestation"": [],
            ""constraints_checked"": [
              ""root_pattern_compatibility""
            ]
          }
        }
      ]
    },
    {
      ""token_id"": ""t2"",
      ""surface"": ""6"",
      ""span"": {
        ""start"": 8,
        ""end"": 9
      },
      ""options"": [
        {
          ""option_id"": ""A"",
          ""pos"": ""NUM"",
          ""analysis"": {
            ""kind"": ""lexical"",
            ""root"": null,
            ""lemma"": ""6"",
            ""pattern"": null
          },
          ""confidence"": {
            ""type"": ""weak"",
            ""score"": 0.99
          },
          ""evidence"": {
            ""lexicon_status"": ""attested_numeric"",
            ""attestation"": [],
            ""constraints_checked"": [
              ""root_pattern_compatibility""
            ]
          }
        }
      ]
    },
    {
      ""token_id"": ""t3"",
      ""surface"": ""Segment"",
      ""span"": {
        ""start"": 10,
        ""end"": 17
      },
      ""options"": [
        {
          ""option_id"": ""A"",
          ""pos"": ""N"",
          ""analysis"": {
            ""kind"": ""lexical"",
            ""root"": null,
            ""lemma"": ""Segment"",
            ""pattern"": null
          },
          ""confidence"": {
            ""type"": ""weak"",
            ""score"": 0.99
          },
          ""evidence"": {
            ""lexicon_status"": ""foreign_meta"",
            ""attestation"": [],
            ""constraints_checked"": [
              ""root_pattern_compatibility""
            ]
          }
        }
      ]
    },
    {
      ""token_id"": ""t4"",
      ""surface"": ""4"",
      ""span"": {
        ""start"": 18,
        ""end"": 19
      },
      ""options"": [
        {
          ""option_id"": ""A"",
          ""pos"": ""NUM"",
          ""analysis"": {
            ""kind"": ""lexical"",
            ""root"": null,
            ""lemma"": ""4"",
            ""pattern"": null
          },
          ""confidence"": {
            ""type"": ""weak"",
            ""score"": 0.99
          },
          ""evidence"": {
            ""lexicon_status"": ""attested_numeric"",
            ""attestation"": [],
            ""constraints_checked"": [
              ""root_pattern_compatibility""
            ]
          }
        }
      ]
    },
    {
      ""token_id"": ""t5"",
      ""surface"": ""ወውሥኡ፡ሎቱ፡ሎሙ፡"",
      ""span"": {
        ""start"": 21,
        ""end"": 32
      },
      ""options"": [
        {
          ""option_id"": ""A"",
          ""pos"": ""N"",
          ""analysis"": {
            ""kind"": ""lexical"",
            ""root"": null,
            ""lemma"": ""ወውሥኡ፡ሎቱ፡ሎሙ፡"",
            ""pattern"": null
          },
          ""confidence"": {
            ""type"": ""weak"",
            ""score"": 0.1
          },
          ""evidence"": {
            ""lexicon_status"": ""unattested_compound_phrase"",
            ""attestation"": [],
            ""constraints_checked"": [
              ""root_pattern_compatibility""
            ]
          }
        }
      ]
    },
    {
      ""token_id"": ""t6"",
      ""surface"": ""ወይቤሉ፡መሐላ፡ንምሐል፡ልነ፡"",
      ""span"": {
        ""start"": 33,
        ""end"": 50
      },
      ""options"": [
        {
          ""option_id"": ""A"",
          ""pos"": ""N"",
          ""analysis"": {
            ""kind"": ""lexical"",
            ""root"": null,
            ""lemma"": ""ወይቤሉ፡መሐላ፡ንምሐል፡ልነ፡"",
            ""pattern"": null
          },
          ""confidence"": {
            ""type"": ""weak"",
            ""score"": 0.1
          },
          ""evidence"": {
            ""lexicon_status"": ""unattested_compound_phrase"",
            ""attestation"": [],
            ""constraints_checked"": [
              ""root_pattern_compatibility""
            ]
          }
        }
      ]
    },
    {
      ""token_id"": ""t7"",
      ""surface"": ""ወንትዋገዝ፡ይናቲነ፡መ፡"",
      ""span"": {
        ""start"": 51,
        ""end"": 65
      },
      ""options"": [
        {
          ""option_id"": ""A"",
          ""pos"": ""N"",
          ""analysis"": {
            ""kind"": ""lexical"",
            ""root"": null,
            ""lemma"": ""ወንትዋገዝ፡ይናቲነ፡መ፡"",
            ""pattern"": null
          },
          ""confidence"": {
            ""type"": ""weak"",
            ""score"": 0.1
          },
          ""evidence"": {
            ""lexicon_status"": ""unattested_compound_phrase"",
            ""attestation"": [],
            ""constraints_checked"": [
              ""root_pattern_compatibility""
            ]
          }
        }
      ]
    },
    {
      ""token_id"": ""t8"",
      ""surface"": ""ኢንሚጣ፡ለዛቲ፡ምር፡"",
      ""span"": {
        ""start"": 66,
        ""end"": 78
      },
      ""options"": [
        {
          ""option_id"": ""A"",
          ""pos"": ""N"",
          ""analysis"": {
            ""kind"": ""lexical"",
            ""root"": null,
            ""lemma"": ""ኢንሚጣ፡ለዛቲ፡ምር፡"",
            ""pattern"": null
          },
          ""confidence"": {
            ""type"": ""weak"",
            ""score"": 0.1
          },
          ""evidence"": {
            ""lexicon_status"": ""unattested_compound_phrase"",
            ""attestation"": [],
            ""constraints_checked"": [
              ""root_pattern_compatibility""
            ]
          }
        }
      ]
    },
    {
      ""token_id"": ""t9"",
      ""surface"": ""ወንግራ፡ለዛቲ፡ምር፡"",
      ""span"": {
        ""start"": 79,
        ""end"": 91
      },
      ""options"": [
        {
          ""option_id"": ""A"",
          ""pos"": ""N"",
          ""analysis"": {
            ""kind"": ""lexical"",
            ""root"": null,
            ""lemma"": ""ወንግራ፡ለዛቲ፡ምር፡"",
            ""pattern"": null
          },
          ""confidence"": {
            ""type"": ""weak"",
            ""score"": 0.1
          },
          ""evidence"": {
            ""lexicon_status"": ""unattested_compound_phrase"",
            ""attestation"": [],
            ""constraints_checked"": [
              ""root_pattern_compatibility""
            ]
          }
        }
      ]
    },
    {
      ""token_id"": ""t10"",
      ""surface"": ""ግብረ፨፨"",
      ""span"": {
        ""start"": 92,
        ""end"": 97
      },
      ""options"": [
        {
          ""option_id"": ""A"",
          ""pos"": ""N"",
          ""analysis"": {
            ""kind"": ""lexical"",
            ""root"": null,
            ""lemma"": ""ግብረ፨፨"",
            ""pattern"": null
          },
          ""confidence"": {
            ""type"": ""weak"",
            ""score"": 0.1
          },
          ""evidence"": {
            ""lexicon_status"": ""unattested_compound_phrase"",
            ""attestation"": [],
            ""constraints_checked"": [
              ""root_pattern_compatibility""
            ]
          }
        }
      ]
    }
  ]
}"
6,segment_005,segment,DONE,C:\Users\sasch\visionexe\stories\template\filmsets\story_006\segment_005\segment.txt,"{
  ""meta"": {
    ""schema_version"": ""1.0.0"",
    ""created_at"": ""2026-01-11T03:15:51Z"",
    ""created_by"": ""worker_llm_analysis_Morphologic"",
    ""language"": ""gez"",
    ""tagset_id"": ""GEZ-POS-1"",
    ""tokenization_policy"": ""whitespace""
  },
  ""source"": {
    ""witness_id"": ""story_006/segment_005"",
    ""graphematic_string"": ""Chapter 6 Segment 5\n\nሜሃ፡መሐሉ፡ሎሙ፡ኅቡረ፡\nወውገዙ፡ሎሙ፡\nይናቲሆሙ፡ቦቱ፨ወኑ፡\nሎሙ፡፪፻፨"",
    ""normalization_policy"": ""none"",
    ""uncertainties"": []
  },
  ""tokens"": [
    {
      ""token_id"": ""t1"",
      ""surface"": ""Chapter"",
      ""span"": {
        ""start"": 0,
        ""end"": 7
      },
      ""options"": [
        {
          ""option_id"": ""A"",
          ""pos"": ""N"",
          ""analysis"": {
            ""kind"": ""lexical"",
            ""root"": null,
            ""lemma"": ""Chapter"",
            ""pattern"": null
          },
          ""confidence"": {
            ""type"": ""weak"",
            ""score"": 0.99
          },
          ""evidence"": {
            ""lexicon_status"": ""foreign_meta"",
            ""attestation"": [],
            ""constraints_checked"": [
              ""root_pattern_compatibility""
            ]
          }
        }
      ]
    },
    {
      ""token_id"": ""t2"",
      ""surface"": ""6"",
      ""span"": {
        ""start"": 8,
        ""end"": 9
      },
      ""options"": [
        {
          ""option_id"": ""A"",
          ""pos"": ""NUM"",
          ""analysis"": {
            ""kind"": ""lexical"",
            ""root"": null,
            ""lemma"": ""6"",
            ""pattern"": null
          },
          ""confidence"": {
            ""type"": ""weak"",
            ""score"": 0.99
          },
          ""evidence"": {
            ""lexicon_status"": ""attested_numeric"",
            ""attestation"": [],
            ""constraints_checked"": [
              ""root_pattern_compatibility""
            ]
          }
        }
      ]
    },
    {
      ""token_id"": ""t3"",
      ""surface"": ""Segment"",
      ""span"": {
        ""start"": 10,
        ""end"": 17
      },
      ""options"": [
        {
          ""option_id"": ""A"",
          ""pos"": ""N"",
          ""analysis"": {
            ""kind"": ""lexical"",
            ""root"": null,
            ""lemma"": ""Segment"",
            ""pattern"": null
          },
          ""confidence"": {
            ""type"": ""weak"",
            ""score"": 0.99
          },
          ""evidence"": {
            ""lexicon_status"": ""foreign_meta"",
            ""attestation"": [],
            ""constraints_checked"": [
              ""root_pattern_compatibility""
            ]
          }
        }
      ]
    },
    {
      ""token_id"": ""t4"",
      ""surface"": ""5"",
      ""span"": {
        ""start"": 18,
        ""end"": 19
      },
      ""options"": [
        {
          ""option_id"": ""A"",
          ""pos"": ""NUM"",
          ""analysis"": {
            ""kind"": ""lexical"",
            ""root"": null,
            ""lemma"": ""5"",
            ""pattern"": null
          },
          ""confidence"": {
            ""type"": ""weak"",
            ""score"": 0.99
          },
          ""evidence"": {
            ""lexicon_status"": ""attested_numeric"",
            ""attestation"": [],
            ""constraints_checked"": [
              ""root_pattern_compatibility""
            ]
          }
        }
      ]
    },
    {
      ""token_id"": ""t5"",
      ""surface"": ""ሜሃ፡መሐሉ፡ሎሙ፡ኅቡረ፡"",
      ""span"": {
        ""start"": 21,
        ""end"": 35
      },
      ""options"": [
        {
          ""option_id"": ""A"",
          ""pos"": ""N"",
          ""analysis"": {
            ""kind"": ""lexical"",
            ""root"": null,
            ""lemma"": ""ሜሃ፡መሐሉ፡ሎሙ፡ኅቡረ፡"",
            ""pattern"": null
          },
          ""confidence"": {
            ""type"": ""weak"",
            ""score"": 0.1
          },
          ""evidence"": {
            ""lexicon_status"": ""unattested_compound_phrase"",
            ""attestation"": [],
            ""constraints_checked"": [
              ""root_pattern_compatibility""
            ]
          }
        }
      ]
    },
    {
      ""token_id"": ""t6"",
      ""surface"": ""ወውገዙ፡ሎሙ፡"",
      ""span"": {
        ""start"": 36,
        ""end"": 44
      },
      ""options"": [
        {
          ""option_id"": ""A"",
          ""pos"": ""N"",
          ""analysis"": {
            ""kind"": ""lexical"",
            ""root"": null,
            ""lemma"": ""ወውገዙ፡ሎሙ፡"",
            ""pattern"": null
          },
          ""confidence"": {
            ""type"": ""weak"",
            ""score"": 0.1
          },
          ""evidence"": {
            ""lexicon_status"": ""unattested_compound_phrase"",
            ""attestation"": [],
            ""constraints_checked"": [
              ""root_pattern_compatibility""
            ]
          }
        }
      ]
    },
    {
      ""token_id"": ""t7"",
      ""surface"": ""ይናቲሆሙ፡ቦቱ፨ወኑ፡"",
      ""span"": {
        ""start"": 45,
        ""end"": 57
      },
      ""options"": [
        {
          ""option_id"": ""A"",
          ""pos"": ""N"",
          ""analysis"": {
            ""kind"": ""lexical"",
            ""root"": null,
            ""lemma"": ""ይናቲሆሙ፡ቦቱ፨ወኑ፡"",
            ""pattern"": null
          },
          ""confidence"": {
            ""type"": ""weak"",
            ""score"": 0.1
          },
          ""evidence"": {
            ""lexicon_status"": ""unattested_compound_phrase"",
            ""attestation"": [],
            ""constraints_checked"": [
              ""root_pattern_compatibility""
            ]
          }
        }
      ]
    },
    {
      ""token_id"": ""t8"",
      ""surface"": ""ሎሙ፡፪፻፨"",
      ""span"": {
        ""start"": 58,
        ""end"": 64
      },
      ""options"": [
        {
          ""option_id"": ""A"",
          ""pos"": ""N"",
          ""analysis"": {
            ""kind"": ""lexical"",
            ""root"": null,
            ""lemma"": ""ሎሙ፡፪፻፨"",
            ""pattern"": null
          },
          ""confidence"": {
            ""type"": ""weak"",
            ""score"": 0.1
          },
          ""evidence"": {
            ""lexicon_status"": ""unattested_compound_phrase"",
            ""attestation"": [],
            ""constraints_checked"": [
              ""root_pattern_compatibility""
            ]
          }
        }
      ]
    }
  ]
}"
6,segment_006,segment,DONE,C:\Users\sasch\visionexe\stories\template\filmsets\story_006\segment_006\segment.txt,"{
  ""meta"": {
    ""schema_version"": ""1.0.0"",
    ""created_at"": ""2026-01-11T03:15:51Z"",
    ""created_by"": ""worker_llm_analysis_Morphologic"",
    ""language"": ""gez"",
    ""tagset_id"": ""GEZ-POS-1"",
    ""tokenization_policy"": ""whitespace""
  },
  ""source"": {
    ""witness_id"": ""story_006/segment_006"",
    ""graphematic_string"": ""Chapter 6 Segment 6\n\n. ፪፻        -\n.        , ፪፻,  -\n.   ፩፩,    ,    ,\nወወረዱ፡ውስተ፡ርዲስ፡\nዝውእቱ፡ድማሑ፡ለደብረ፡\nርሞን፨ወጸውዕዎ፡ለደብረ፡\nርሞን፡እስመ፡መሐሉ፡\nወውገዙ፡ይናቲሆሙ፨"",
    ""normalization_policy"": ""none"",
    ""uncertainties"": []
  },
  ""tokens"": [
    {
      ""token_id"": ""t1"",
      ""surface"": ""Chapter"",
      ""span"": {
        ""start"": 0,
        ""end"": 7
      },
      ""options"": [
        {
          ""option_id"": ""A"",
          ""pos"": ""N"",
          ""analysis"": {
            ""kind"": ""lexical"",
            ""root"": null,
            ""lemma"": ""Chapter"",
            ""pattern"": null
          },
          ""confidence"": {
            ""type"": ""weak"",
            ""score"": 0.99
          },
          ""evidence"": {
            ""lexicon_status"": ""foreign_meta"",
            ""attestation"": [],
            ""constraints_checked"": [
              ""root_pattern_compatibility""
            ]
          }
        }
      ]
    },
    {
      ""token_id"": ""t2"",
      ""surface"": ""6"",
      ""span"": {
        ""start"": 8,
        ""end"": 9
      },
      ""options"": [
        {
          ""option_id"": ""A"",
          ""pos"": ""NUM"",
          ""analysis"": {
            ""kind"": ""lexical"",
            ""root"": null,
            ""lemma"": ""6"",
            ""pattern"": null
          },
          ""confidence"": {
            ""type"": ""weak"",
            ""score"": 0.99
          },
          ""evidence"": {
            ""lexicon_status"": ""attested_numeric"",
            ""attestation"": [],
            ""constraints_checked"": [
              ""root_pattern_compatibility""
            ]
          }
        }
      ]
    },
    {
      ""token_id"": ""t3"",
      ""surface"": ""Segment"",
      ""span"": {
        ""start"": 10,
        ""end"": 17
      },
      ""options"": [
        {
          ""option_id"": ""A"",
          ""pos"": ""N"",
          ""analysis"": {
            ""kind"": ""lexical"",
            ""root"": null,
            ""lemma"": ""Segment"",
            ""pattern"": null
          },
          ""confidence"": {
            ""type"": ""weak"",
            ""score"": 0.99
          },
          ""evidence"": {
            ""lexicon_status"": ""foreign_meta"",
            ""attestation"": [],
            ""constraints_checked"": [
              ""root_pattern_compatibility""
            ]
          }
        }
      ]
    },
    {
      ""token_id"": ""t4"",
      ""surface"": ""6"",
      ""span"": {
        ""start"": 18,
        ""end"": 19
      },
      ""options"": [
        {
          ""option_id"": ""A"",
          ""pos"": ""NUM"",
          ""analysis"": {
            ""kind"": ""lexical"",
            ""root"": null,
            ""lemma"": ""6"",
            ""pattern"": null
          },
          ""confidence"": {
            ""type"": ""weak"",
            ""score"": 0.99
          },
          ""evidence"": {
            ""lexicon_status"": ""attested_numeric"",
            ""attestation"": [],
            ""constraints_checked"": [
              ""root_pattern_compatibility""
            ]
          }
        }
      ]
    },
    {
      ""token_id"": ""t5"",
      ""surface"": ""."",
      ""span"": {
        ""start"": 21,
        ""end"": 22
      },
      ""options"": [
        {
          ""option_id"": ""A"",
          ""pos"": ""N"",
          ""analysis"": {
            ""kind"": ""lexical"",
            ""root"": null,
            ""lemma"": ""."",
            ""pattern"": null
          },
          ""confidence"": {
            ""type"": ""weak"",
            ""score"": 0.8
          },
          ""evidence"": {
            ""lexicon_status"": ""punctuation"",
            ""attestation"": [],
            ""constraints_checked"": [
              ""root_pattern_compatibility""
            ]
          }
        }
      ]
    },
    {
      ""token_id"": ""t6"",
      ""surface"": ""፪፻"",
      ""span"": {
        ""start"": 23,
        ""end"": 25
      },
      ""options"": [
        {
          ""option_id"": ""A"",
          ""pos"": ""NUM"",
          ""analysis"": {
            ""kind"": ""lexical"",
            ""root"": null,
            ""lemma"": ""፪፻"",
            ""pattern"": null
          },
          ""confidence"": {
            ""type"": ""weak"",
            ""score"": 0.95
          },
          ""evidence"": {
            ""lexicon_status"": ""attested_numeric"",
            ""attestation"": [],
            ""constraints_checked"": [
              ""root_pattern_compatibility""
            ]
          }
        }
      ]
    },
    {
      ""token_id"": ""t7"",
      ""surface"": ""-"",
      ""span"": {
        ""start"": 33,
        ""end"": 34
      },
      ""options"": [
        {
          ""option_id"": ""A"",
          ""pos"": ""N"",
          ""analysis"": {
            ""kind"": ""lexical"",
            ""root"": null,
            ""lemma"": ""-"",
            ""pattern"": null
          },
          ""confidence"": {
            ""type"": ""weak"",
            ""score"": 0.8
          },
          ""evidence"": {
            ""lexicon_status"": ""punctuation"",
            ""attestation"": [],
            ""constraints_checked"": [
              ""root_pattern_compatibility""
            ]
          }
        }
      ]
    },
    {
      ""token_id"": ""t8"",
      ""surface"": ""."",
      ""span"": {
        ""start"": 35,
        ""end"": 36
      },
      ""options"": [
        {
          ""option_id"": ""A"",
          ""pos"": ""N"",
          ""analysis"": {
            ""kind"": ""lexical"",
            ""root"": null,
            ""lemma"": ""."",
            ""pattern"": null
          },
          ""confidence"": {
            ""type"": ""weak"",
            ""score"": 0.8
          },
          ""evidence"": {
            ""lexicon_status"": ""punctuation"",
            ""attestation"": [],
            ""constraints_checked"": [
              ""root_pattern_compatibility""
            ]
          }
        }
      ]
    },
    {
      ""token_id"": ""t9"",
      ""surface"": "","",
      ""span"": {
        ""start"": 44,
        ""end"": 45
      },
      ""options"": [
        {
          ""option_id"": ""A"",
          ""pos"": ""N"",
          ""analysis"": {
            ""kind"": ""lexical"",
            ""root"": null,
            ""lemma"": "","",
            ""pattern"": null
          },
          ""confidence"": {
            ""type"": ""weak"",
            ""score"": 0.8
          },
          ""evidence"": {
            ""lexicon_status"": ""punctuation"",
            ""attestation"": [],
            ""constraints_checked"": [
              ""root_pattern_compatibility""
            ]
          }
        }
      ]
    },
    {
      ""token_id"": ""t10"",
      ""surface"": ""፪፻,"",
      ""span"": {
        ""start"": 46,
        ""end"": 49
      },
      ""options"": [
        {
          ""option_id"": ""A"",
          ""pos"": ""NUM"",
          ""analysis"": {
            ""kind"": ""lexical"",
            ""root"": null,
            ""lemma"": ""፪፻"",
            ""pattern"": null
          },
          ""confidence"": {
            ""type"": ""weak"",
            ""score"": 0.9
          },
          ""evidence"": {
            ""lexicon_status"": ""attested_numeric_with_punct"",
            ""attestation"": [],
            ""constraints_checked"": [
              ""root_pattern_compatibility""
            ]
          }
        }
      ]
    },
    {
      ""token_id"": ""t11"",
      ""surface"": ""-"",
      ""span"": {
        ""start"": 51,
        ""end"": 52
      },
      ""options"": [
        {
          ""option_id"": ""A"",
          ""pos"": ""N"",
          ""analysis"": {
            ""kind"": ""lexical"",
            ""root"": null,
            ""lemma"": ""-"",
            ""pattern"": null
          },
          ""confidence"": {
            ""type"": ""weak"",
            ""score"": 0.8
          },
          ""evidence"": {
            ""lexicon_status"": ""punctuation"",
            ""attestation"": [],
            ""constraints_checked"": [
              ""root_pattern_compatibility""
            ]
          }
        }
      ]
    },
    {
      ""token_id"": ""t12"",
      ""surface"": ""."",
      ""span"": {
        ""start"": 53,
        ""end"": 54
      },
      ""options"": [
        {
          ""option_id"": ""A"",
          ""pos"": ""N"",
          ""analysis"": {
            ""kind"": ""lexical"",
            ""root"": null,
            ""lemma"": ""."",
            ""pattern"": null
          },
          ""confidence"": {
            ""type"": ""weak"",
            ""score"": 0.8
          },
          ""evidence"": {
            ""lexicon_status"": ""punctuation"",
            ""attestation"": [],
            ""constraints_checked"": [
              ""root_pattern_compatibility""
            ]
          }
        }
      ]
    },
    {
      ""token_id"": ""t13"",
      ""surface"": ""፩፩,"",
      ""span"": {
        ""start"": 57,
        ""end"": 60
      },
      ""options"": [
        {
          ""option_id"": ""A"",
          ""pos"": ""NUM"",
          ""analysis"": {
            ""kind"": ""lexical"",
            ""root"": null,
            ""lemma"": ""11"",
            ""pattern"": null
          },
          ""confidence"": {
            ""type"": ""weak"",
            ""score"": 0.5
          },
          ""evidence"": {
            ""lexicon_status"": ""uncertain_numeric"",
            ""attestation"": [],
            ""constraints_checked"": [
              ""root_pattern_compatibility""
            ]
          }
        }
      ]
    },
    {
      ""token_id"": ""t14"",
      ""surface"": "","",
      ""span"": {
        ""start"": 64,
        ""end"": 65
      },
      ""options"": [
        {
          ""option_id"": ""A"",
          ""pos"": ""N"",
          ""analysis"": {
            ""kind"": ""lexical"",
            ""root"": null,
            ""lemma"": "","",
            ""pattern"": null
          },
          ""confidence"": {
            ""type"": ""weak"",
            ""score"": 0.8
          },
          ""evidence"": {
            ""lexicon_status"": ""punctuation"",
            ""attestation"": [],
            ""constraints_checked"": [
              ""root_pattern_compatibility""
            ]
          }
        }
      ]
    },
    {
      ""token_id"": ""t15"",
      ""surface"": "","",
      ""span"": {
        ""start"": 69,
        ""end"": 70
      },
      ""options"": [
        {
          ""option_id"": ""A"",
          ""pos"": ""N"",
          ""analysis"": {
            ""kind"": ""lexical"",
            ""root"": null,
            ""lemma"": "","",
            ""pattern"": null
          },
          ""confidence"": {
            ""type"": ""weak"",
            ""score"": 0.8
          },
          ""evidence"": {
            ""lexicon_status"": ""punctuation"",
            ""attestation"": [],
            ""constraints_checked"": [
              ""root_pattern_compatibility""
            ]
          }
        }
      ]
    },
    {
      ""token_id"": ""t16"",
      ""surface"": ""ወወረዱ፡ውስተ፡ርዲስ፡"",
      ""span"": {
        ""start"": 71,
        ""end"": 84
      },
      ""options"": [
        {
          ""option_id"": ""A"",
          ""pos"": ""N"",
          ""analysis"": {
            ""kind"": ""lexical"",
            ""root"": null,
            ""lemma"": ""ወወረዱ፡ውስተ፡ርዲስ፡"",
            ""pattern"": null
          },
          ""confidence"": {
            ""type"": ""weak"",
            ""score"": 0.1
          },
          ""evidence"": {
            ""lexicon_status"": ""unattested_compound_phrase"",
            ""attestation"": [],
            ""constraints_checked"": [
              ""root_pattern_compatibility""
            ]
          }
        }
      ]
    },
    {
      ""token_id"": ""t17"",
      ""surface"": ""ዝውእቱ፡ድማሑ፡ለደብረ፡"",
      ""span"": {
        ""start"": 85,
        ""end"": 99
      },
      ""options"": [
        {
          ""option_id"": ""A"",
          ""pos"": ""N"",
          ""analysis"": {
            ""kind"": ""lexical"",
            ""root"": null,
            ""lemma"": ""ዝውእቱ፡ድማሑ፡ለደብረ፡"",
            ""pattern"": null
          },
          ""confidence"": {
            ""type"": ""weak"",
            ""score"": 0.1
          },
          ""evidence"": {
            ""lexicon_status"": ""unattested_compound_phrase"",
            ""attestation"": [],
            ""constraints_checked"": [
              ""root_pattern_compatibility""
            ]
          }
        }
      ]
    },
    {
      ""token_id"": ""t18"",
      ""surface"": ""ርሞን፨ወጸውዕዎ፡ለደብረ፡"",
      ""span"": {
        ""start"": 100,
        ""end"": 115
      },
      ""options"": [
        {
          ""option_id"": ""A"",
          ""pos"": ""N"",
          ""analysis"": {
            ""kind"": ""lexical"",
            ""root"": null,
            ""lemma"": ""ርሞን፨ወጸውዕዎ፡ለደብረ፡"",
            ""pattern"": null
          },
          ""confidence"": {
            ""type"": ""weak"",
            ""score"": 0.1
          },
          ""evidence"": {
            ""lexicon_status"": ""unattested_compound_phrase"",
            ""attestation"": [],
            ""constraints_checked"": [
              ""root_pattern_compatibility""
            ]
          }
        }
      ]
    },
    {
      ""token_id"": ""t19"",
      ""surface"": ""ርሞን፡እስመ፡መሐሉ፡"",
      ""span"": {
        ""start"": 116,
        ""end"": 128
      },
      ""options"": [
        {
          ""option_id"": ""A"",
          ""pos"": ""N"",
          ""analysis"": {
            ""kind"": ""lexical"",
            ""root"": null,
            ""lemma"": ""ርሞን፡እስመ፡መሐሉ፡"",
            ""pattern"": null
          },
          ""confidence"": {
            ""type"": ""weak"",
            ""score"": 0.1
          },
          ""evidence"": {
            ""lexicon_status"": ""unattested_compound_phrase"",
            ""attestation"": [],
            ""constraints_checked"": [
              ""root_pattern_compatibility""
            ]
          }
        }
      ]
    },
    {
      ""token_id"": ""t20"",
      ""surface"": ""ወውገዙ፡ይናቲሆሙ፨"",
      ""span"": {
        ""start"": 129,
        ""end"": 140
      },
      ""options"": [
        {
          ""option_id"": ""A"",
          ""pos"": ""N"",
          ""analysis"": {
            ""kind"": ""lexical"",
            ""root"": null,
            ""lemma"": ""ወውገዙ፡ይናቲሆሙ፨"",
            ""pattern"": null
          },
          ""confidence"": {
            ""type"": ""weak"",
            ""score"": 0.1
          },
          ""evidence"": {
            ""lexicon_status"": ""unattested_compound_phrase"",
            ""attestation"": [],
            ""constraints_checked"": [
              ""root_pattern_compatibility""
            ]
          }
        }
      ]
    }
  ]
}"
6,segment_007,segment,DONE,C:\Users\sasch\visionexe\stories\template\filmsets\story_006\segment_007\segment.txt,"{
  ""meta"": {
    ""schema_version"": ""1.0.0"",
    ""created_at"": ""2026-01-11T03:15:51Z"",
    ""created_by"": ""worker_llm_analysis_Morphologic"",
    ""language"": ""gez"",
    ""tagset_id"": ""GEZ-POS-1"",
    ""tokenization_policy"": ""whitespace""
  },
  ""source"": {
    ""witness_id"": ""story_006/segment_007"",
    ""graphematic_string"": ""Chapter 6 Segment 7\n\nአርሞን ,    .       ,   []\nወዝንቱ፡ስማቲሆሙ፡\nለመላእቲሆሙ፡\nሴሚያዛ፨ዘንቱ፡ውእቱ፡\nመልሙ፨ኡራራሜኤል፨\nኤል፨ጣሜኤል፨ራሙኤል\n፨ዳንኤል፨ኤዜቄኤል፨ራቁያ\nል፨ሳኤል፨ርሜሮስ፨ጠር\nኤል፨ናንኤል፨ዘቄሌ፨ስምሳ\nፒቤኤል፨ሰትርኤል፨ጡርኤል\n፨ዮምያል፨ራዝያል፨"",
    ""normalization_policy"": ""none"",
    ""uncertainties"": []
  },
  ""tokens"": [
    {
      ""token_id"": ""t1"",
      ""surface"": ""Chapter"",
      ""span"": {
        ""start"": 0,
        ""end"": 7
      },
      ""options"": [
        {
          ""option_id"": ""A"",
          ""pos"": ""N"",
          ""analysis"": {
            ""kind"": ""lexical"",
            ""root"": null,
            ""lemma"": ""Chapter"",
            ""pattern"": null
          },
          ""confidence"": {
            ""type"": ""weak"",
            ""score"": 0.99
          },
          ""evidence"": {
            ""lexicon_status"": ""foreign_meta"",
            ""attestation"": [],
            ""constraints_checked"": [
              ""root_pattern_compatibility""
            ]
          }
        }
      ]
    },
    {
      ""token_id"": ""t2"",
      ""surface"": ""6"",
      ""span"": {
        ""start"": 8,
        ""end"": 9
      },
      ""options"": [
        {
          ""option_id"": ""A"",
          ""pos"": ""NUM"",
          ""analysis"": {
            ""kind"": ""lexical"",
            ""root"": null,
            ""lemma"": ""6"",
            ""pattern"": null
          },
          ""confidence"": {
            ""type"": ""weak"",
            ""score"": 0.99
          },
          ""evidence"": {
            ""lexicon_status"": ""attested_numeric"",
            ""attestation"": [],
            ""constraints_checked"": [
              ""root_pattern_compatibility""
            ]
          }
        }
      ]
    },
    {
      ""token_id"": ""t3"",
      ""surface"": ""Segment"",
      ""span"": {
        ""start"": 10,
        ""end"": 17
      },
      ""options"": [
        {
          ""option_id"": ""A"",
          ""pos"": ""N"",
          ""analysis"": {
            ""kind"": ""lexical"",
            ""root"": null,
            ""lemma"": ""Segment"",
            ""pattern"": null
          },
          ""confidence"": {
            ""type"": ""weak"",
            ""score"": 0.99
          },
          ""evidence"": {
            ""lexicon_status"": ""foreign_meta"",
            ""attestation"": [],
            ""constraints_checked"": [
              ""root_pattern_compatibility""
            ]
          }
        }
      ]
    },
    {
      ""token_id"": ""t4"",
      ""surface"": ""7"",
      ""span"": {
        ""start"": 18,
        ""end"": 19
      },
      ""options"": [
        {
          ""option_id"": ""A"",
          ""pos"": ""NUM"",
          ""analysis"": {
            ""kind"": ""lexical"",
            ""root"": null,
            ""lemma"": ""7"",
            ""pattern"": null
          },
          ""confidence"": {
            ""type"": ""weak"",
            ""score"": 0.99
          },
          ""evidence"": {
            ""lexicon_status"": ""attested_numeric"",
            ""attestation"": [],
            ""constraints_checked"": [
              ""root_pattern_compatibility""
            ]
          }
        }
      ]
    },
    {
      ""token_id"": ""t5"",
      ""surface"": ""አርሞን"",
      ""span"": {
        ""start"": 21,
        ""end"": 25
      },
      ""options"": [
        {
          ""option_id"": ""A"",
          ""pos"": ""PN"",
          ""analysis"": {
            ""kind"": ""lexical"",
            ""root"": null,
            ""lemma"": ""አርሞን"",
            ""pattern"": null
          },
          ""confidence"": {
            ""type"": ""weak"",
            ""score"": 0.7
          },
          ""evidence"": {
            ""lexicon_status"": ""attested_name"",
            ""attestation"": [],
            ""constraints_checked"": [
              ""root_pattern_compatibility""
            ]
          }
        }
      ]
    },
    {
      ""token_id"": ""t6"",
      ""surface"": "","",
      ""span"": {
        ""start"": 26,
        ""end"": 27
      },
      ""options"": [
        {
          ""option_id"": ""A"",
          ""pos"": ""N"",
          ""analysis"": {
            ""kind"": ""lexical"",
            ""root"": null,
            ""lemma"": "","",
            ""pattern"": null
          },
          ""confidence"": {
            ""type"": ""weak"",
            ""score"": 0.8
          },
          ""evidence"": {
            ""lexicon_status"": ""punctuation"",
            ""attestation"": [],
            ""constraints_checked"": [
              ""root_pattern_compatibility""
            ]
          }
        }
      ]
    },
    {
      ""token_id"": ""t7"",
      ""surface"": ""."",
      ""span"": {
        ""start"": 31,
        ""end"": 32
      },
      ""options"": [
        {
          ""option_id"": ""A"",
          ""pos"": ""N"",
          ""analysis"": {
            ""kind"": ""lexical"",
            ""root"": null,
            ""lemma"": ""."",
            ""pattern"": null
          },
          ""confidence"": {
            ""type"": ""weak"",
            ""score"": 0.8
          },
          ""evidence"": {
            ""lexicon_status"": ""punctuation"",
            ""attestation"": [],
            ""constraints_checked"": [
              ""root_pattern_compatibility""
            ]
          }
        }
      ]
    },
    {
      ""token_id"": ""t8"",
      ""surface"": "","",
      ""span"": {
        ""start"": 39,
        ""end"": 40
      },
      ""options"": [
        {
          ""option_id"": ""A"",
          ""pos"": ""N"",
          ""analysis"": {
            ""kind"": ""lexical"",
            ""root"": null,
            ""lemma"": "","",
            ""pattern"": null
          },
          ""confidence"": {
            ""type"": ""weak"",
            ""score"": 0.8
          },
          ""evidence"": {
            ""lexicon_status"": ""punctuation"",
            ""attestation"": [],
            ""constraints_checked"": [
              ""root_pattern_compatibility""
            ]
          }
        }
      ]
    },
    {
      ""token_id"": ""t9"",
      ""surface"": ""[]"",
      ""span"": {
        ""start"": 43,
        ""end"": 45
      },
      ""options"": [
        {
          ""option_id"": ""A"",
          ""pos"": ""N"",
          ""analysis"": {
            ""kind"": ""lexical"",
            ""root"": null,
            ""lemma"": ""[]"",
            ""pattern"": null
          },
          ""confidence"": {
            ""type"": ""weak"",
            ""score"": 0.8
          },
          ""evidence"": {
            ""lexicon_status"": ""punctuation"",
            ""attestation"": [],
            ""constraints_checked"": [
              ""root_pattern_compatibility""
            ]
          }
        }
      ]
    },
    {
      ""token_id"": ""t10"",
      ""surface"": ""ወዝንቱ፡ስማቲሆሙ፡"",
      ""span"": {
        ""start"": 46,
        ""end"": 57
      },
      ""options"": [
        {
          ""option_id"": ""A"",
          ""pos"": ""N"",
          ""analysis"": {
            ""kind"": ""lexical"",
            ""root"": null,
            ""lemma"": ""ወዝንቱ፡ስማቲሆሙ፡"",
            ""pattern"": null
          },
          ""confidence"": {
            ""type"": ""weak"",
            ""score"": 0.1
          },
          ""evidence"": {
            ""lexicon_status"": ""unattested_compound_phrase"",
            ""attestation"": [],
            ""constraints_checked"": [
              ""root_pattern_compatibility""
            ]
          }
        }
      ]
    },
    {
      ""token_id"": ""t11"",
      ""surface"": ""ለመላእቲሆሙ፡"",
      ""span"": {
        ""start"": 58,
        ""end"": 66
      },
      ""options"": [
        {
          ""option_id"": ""A"",
          ""pos"": ""N"",
          ""analysis"": {
            ""kind"": ""lexical"",
            ""root"": null,
            ""lemma"": ""ለመላእቲሆሙ፡"",
            ""pattern"": null
          },
          ""confidence"": {
            ""type"": ""weak"",
            ""score"": 0.1
          },
          ""evidence"": {
            ""lexicon_status"": ""unattested_compound_phrase"",
            ""attestation"": [],
            ""constraints_checked"": [
              ""root_pattern_compatibility""
            ]
          }
        }
      ]
    },
    {
      ""token_id"": ""t12"",
      ""surface"": ""ሴሚያዛ፨ዘንቱ፡ውእቱ፡"",
      ""span"": {
        ""start"": 67,
        ""end"": 80
      },
      ""options"": [
        {
          ""option_id"": ""A"",
          ""pos"": ""N"",
          ""analysis"": {
            ""kind"": ""lexical"",
            ""root"": null,
            ""lemma"": ""ሴሚያዛ፨ዘንቱ፡ውእቱ፡"",
            ""pattern"": null
          },
          ""confidence"": {
            ""type"": ""weak"",
            ""score"": 0.1
          },
          ""evidence"": {
            ""lexicon_status"": ""unattested_compound_phrase"",
            ""attestation"": [],
            ""constraints_checked"": [
              ""root_pattern_compatibility""
            ]
          }
        }
      ]
    },
    {
      ""token_id"": ""t13"",
      ""surface"": ""መልሙ፨ኡራራሜኤል፨"",
      ""span"": {
        ""start"": 81,
        ""end"": 92
      },
      ""options"": [
        {
          ""option_id"": ""A"",
          ""pos"": ""N"",
          ""analysis"": {
            ""kind"": ""lexical"",
            ""root"": null,
            ""lemma"": ""መልሙ፨ኡራራሜኤል፨"",
            ""pattern"": null
          },
          ""confidence"": {
            ""type"": ""weak"",
            ""score"": 0.1
          },
          ""evidence"": {
            ""lexicon_status"": ""unattested_compound_phrase"",
            ""attestation"": [],
            ""constraints_checked"": [
              ""root_pattern_compatibility""
            ]
          }
        }
      ]
    },
    {
      ""token_id"": ""t14"",
      ""surface"": ""ኤል፨ጣሜኤል፨ራሙኤል"",
      ""span"": {
        ""start"": 93,
        ""end"": 105
      },
      ""options"": [
        {
          ""option_id"": ""A"",
          ""pos"": ""N"",
          ""analysis"": {
            ""kind"": ""lexical"",
            ""root"": null,
            ""lemma"": ""ኤል፨ጣሜኤል፨ራሙኤል"",
            ""pattern"": null
          },
          ""confidence"": {
            ""type"": ""weak"",
            ""score"": 0.1
          },
          ""evidence"": {
            ""lexicon_status"": ""unattested_compound_phrase"",
            ""attestation"": [],
            ""constraints_checked"": [
              ""root_pattern_compatibility""
            ]
          }
        }
      ]
    },
    {
      ""token_id"": ""t15"",
      ""surface"": ""፨ዳንኤል፨ኤዜቄኤል፨ራቁያ"",
      ""span"": {
        ""start"": 106,
        ""end"": 121
      },
      ""options"": [
        {
          ""option_id"": ""A"",
          ""pos"": ""N"",
          ""analysis"": {
            ""kind"": ""lexical"",
            ""root"": null,
            ""lemma"": ""፨ዳንኤል፨ኤዜቄኤል፨ራቁያ"",
            ""pattern"": null
          },
          ""confidence"": {
            ""type"": ""weak"",
            ""score"": 0.1
          },
          ""evidence"": {
            ""lexicon_status"": ""unattested_compound_phrase"",
            ""attestation"": [],
            ""constraints_checked"": [
              ""root_pattern_compatibility""
            ]
          }
        }
      ]
    },
    {
      ""token_id"": ""t16"",
      ""surface"": ""ል፨ሳኤል፨ርሜሮስ፨ጠር"",
      ""span"": {
        ""start"": 122,
        ""end"": 135
      },
      ""options"": [
        {
          ""option_id"": ""A"",
          ""pos"": ""N"",
          ""analysis"": {
            ""kind"": ""lexical"",
            ""root"": null,
            ""lemma"": ""ል፨ሳኤል፨ርሜሮስ፨ጠር"",
            ""pattern"": null
          },
          ""confidence"": {
            ""type"": ""weak"",
            ""score"": 0.1
          },
          ""evidence"": {
            ""lexicon_status"": ""unattested_compound_phrase"",
            ""attestation"": [],
            ""constraints_checked"": [
              ""root_pattern_compatibility""
            ]
          }
        }
      ]
    },
    {
      ""token_id"": ""t17"",
      ""surface"": ""ኤል፨ናንኤል፨ዘቄሌ፨ስምሳ"",
      ""span"": {
        ""start"": 136,
        ""end"": 151
      },
      ""options"": [
        {
          ""option_id"": ""A"",
          ""pos"": ""N"",
          ""analysis"": {
            ""kind"": ""lexical"",
            ""root"": null,
            ""lemma"": ""ኤል፨ናንኤል፨ዘቄሌ፨ስምሳ"",
            ""pattern"": null
          },
          ""confidence"": {
            ""type"": ""weak"",
            ""score"": 0.1
          },
          ""evidence"": {
            ""lexicon_status"": ""unattested_compound_phrase"",
            ""attestation"": [],
            ""constraints_checked"": [
              ""root_pattern_compatibility""
            ]
          }
        }
      ]
    },
    {
      ""token_id"": ""t18"",
      ""surface"": ""ፒቤኤል፨ሰትርኤል፨ጡርኤል"",
      ""span"": {
        ""start"": 152,
        ""end"": 167
      },
      ""options"": [
        {
          ""option_id"": ""A"",
          ""pos"": ""N"",
          ""analysis"": {
            ""kind"": ""lexical"",
            ""root"": null,
            ""lemma"": ""ፒቤኤል፨ሰትርኤል፨ጡርኤል"",
            ""pattern"": null
          },
          ""confidence"": {
            ""type"": ""weak"",
            ""score"": 0.1
          },
          ""evidence"": {
            ""lexicon_status"": ""unattested_compound_phrase"",
            ""attestation"": [],
            ""constraints_checked"": [
              ""root_pattern_compatibility""
            ]
          }
        }
      ]
    },
    {
      ""token_id"": ""t19"",
      ""surface"": ""፨ዮምያል፨ራዝያል፨"",
      ""span"": {
        ""start"": 168,
        ""end"": 179
      },
      ""options"": [
        {
          ""option_id"": ""A"",
          ""pos"": ""N"",
          ""analysis"": {
            ""kind"": ""lexical"",
            ""root"": null,
            ""lemma"": ""፨ዮምያል፨ራዝያል፨"",
            ""pattern"": null
          },
          ""confidence"": {
            ""type"": ""weak"",
            ""score"": 0.1
          },
          ""evidence"": {
            ""lexicon_status"": ""unattested_compound_phrase"",
            ""attestation"": [],
            ""constraints_checked"": [
              ""root_pattern_compatibility""
            ]
          }
        }
      ]
    }
  ]
}"
6,segment_008,segment,DONE,C:\Users\sasch\visionexe\stories\template\filmsets\story_006\segment_008\segment.txt,"{
  ""meta"": {
    ""schema_version"": ""1.0.0"",
    ""created_at"": ""2026-01-11T03:15:51Z"",
    ""created_by"": ""worker_llm_analysis_Morphologic"",
    ""language"": ""gez"",
    ""tagset_id"": ""GEZ-POS-1"",
    ""tokenization_policy"": ""whitespace""
  },
  ""source"": {
    ""witness_id"": ""story_006/segment_008"",
    ""graphematic_string"": ""Chapter 6 Segment 8\n\nእሉ፡እሙንቱ፡ሐይቶሙ፡ለ፪፻፡\nመላእት፡ዐሠርተ፡ወባዕዳን፡\nሉ፡ምስሌሆሙ፡ወነሥኡ፡\nሎሙ፡ንስተ፨"",
    ""normalization_policy"": ""none"",
    ""uncertainties"": []
  },
  ""tokens"": [
    {
      ""token_id"": ""t1"",
      ""surface"": ""Chapter"",
      ""span"": {
        ""start"": 0,
        ""end"": 7
      },
      ""options"": [
        {
          ""option_id"": ""A"",
          ""pos"": ""N"",
          ""analysis"": {
            ""kind"": ""lexical"",
            ""root"": null,
            ""lemma"": ""Chapter"",
            ""pattern"": null
          },
          ""confidence"": {
            ""type"": ""weak"",
            ""score"": 0.99
          },
          ""evidence"": {
            ""lexicon_status"": ""foreign_meta"",
            ""attestation"": [],
            ""constraints_checked"": [
              ""root_pattern_compatibility""
            ]
          }
        }
      ]
    },
    {
      ""token_id"": ""t2"",
      ""surface"": ""6"",
      ""span"": {
        ""start"": 8,
        ""end"": 9
      },
      ""options"": [
        {
          ""option_id"": ""A"",
          ""pos"": ""NUM"",
          ""analysis"": {
            ""kind"": ""lexical"",
            ""root"": null,
            ""lemma"": ""6"",
            ""pattern"": null
          },
          ""confidence"": {
            ""type"": ""weak"",
            ""score"": 0.99
          },
          ""evidence"": {
            ""lexicon_status"": ""attested_numeric"",
            ""attestation"": [],
            ""constraints_checked"": [
              ""root_pattern_compatibility""
            ]
          }
        }
      ]
    },
    {
      ""token_id"": ""t3"",
      ""surface"": ""Segment"",
      ""span"": {
        ""start"": 10,
        ""end"": 17
      },
      ""options"": [
        {
          ""option_id"": ""A"",
          ""pos"": ""N"",
          ""analysis"": {
            ""kind"": ""lexical"",
            ""root"": null,
            ""lemma"": ""Segment"",
            ""pattern"": null
          },
          ""confidence"": {
            ""type"": ""weak"",
            ""score"": 0.99
          },
          ""evidence"": {
            ""lexicon_status"": ""foreign_meta"",
            ""attestation"": [],
            ""constraints_checked"": [
              ""root_pattern_compatibility""
            ]
          }
        }
      ]
    },
    {
      ""token_id"": ""t4"",
      ""surface"": ""8"",
      ""span"": {
        ""start"": 18,
        ""end"": 19
      },
      ""options"": [
        {
          ""option_id"": ""A"",
          ""pos"": ""NUM"",
          ""analysis"": {
            ""kind"": ""lexical"",
            ""root"": null,
            ""lemma"": ""8"",
            ""pattern"": null
          },
          ""confidence"": {
            ""type"": ""weak"",
            ""score"": 0.99
          },
          ""evidence"": {
            ""lexicon_status"": ""attested_numeric"",
            ""attestation"": [],
            ""constraints_checked"": [
              ""root_pattern_compatibility""
            ]
          }
        }
      ]
    },
    {
      ""token_id"": ""t5"",
      ""surface"": ""እሉ፡እሙንቱ፡ሐይቶሙ፡ለ፪፻፡"",
      ""span"": {
        ""start"": 21,
        ""end"": 38
      },
      ""options"": [
        {
          ""option_id"": ""A"",
          ""pos"": ""N"",
          ""analysis"": {
            ""kind"": ""lexical"",
            ""root"": null,
            ""lemma"": ""እሉ፡እሙንቱ፡ሐይቶሙ፡ለ፪፻፡"",
            ""pattern"": null
          },
          ""confidence"": {
            ""type"": ""weak"",
            ""score"": 0.1
          },
          ""evidence"": {
            ""lexicon_status"": ""unattested_compound_phrase"",
            ""attestation"": [],
            ""constraints_checked"": [
              ""root_pattern_compatibility""
            ]
          }
        }
      ]
    },
    {
      ""token_id"": ""t6"",
      ""surface"": ""መላእት፡ዐሠርተ፡ወባዕዳን፡"",
      ""span"": {
        ""start"": 39,
        ""end"": 55
      },
      ""options"": [
        {
          ""option_id"": ""A"",
          ""pos"": ""N"",
          ""analysis"": {
            ""kind"": ""lexical"",
            ""root"": null,
            ""lemma"": ""መላእት፡ዐሠርተ፡ወባዕዳን፡"",
            ""pattern"": null
          },
          ""confidence"": {
            ""type"": ""weak"",
            ""score"": 0.1
          },
          ""evidence"": {
            ""lexicon_status"": ""unattested_compound_phrase"",
            ""attestation"": [],
            ""constraints_checked"": [
              ""root_pattern_compatibility""
            ]
          }
        }
      ]
    },
    {
      ""token_id"": ""t7"",
      ""surface"": ""ሉ፡ምስሌሆሙ፡ወነሥኡ፡"",
      ""span"": {
        ""start"": 56,
        ""end"": 69
      },
      ""options"": [
        {
          ""option_id"": ""A"",
          ""pos"": ""N"",
          ""analysis"": {
            ""kind"": ""lexical"",
            ""root"": null,
            ""lemma"": ""ሉ፡ምስሌሆሙ፡ወነሥኡ፡"",
            ""pattern"": null
          },
          ""confidence"": {
            ""type"": ""weak"",
            ""score"": 0.1
          },
          ""evidence"": {
            ""lexicon_status"": ""unattested_compound_phrase"",
            ""attestation"": [],
            ""constraints_checked"": [
              ""root_pattern_compatibility""
            ]
          }
        }
      ]
    },
    {
      ""token_id"": ""t8"",
      ""surface"": ""ሎሙ፡ንስተ፨"",
      ""span"": {
        ""start"": 70,
        ""end"": 77
      },
      ""options"": [
        {
          ""option_id"": ""A"",
          ""pos"": ""N"",
          ""analysis"": {
            ""kind"": ""lexical"",
            ""root"": null,
            ""lemma"": ""ሎሙ፡ንስተ፨"",
            ""pattern"": null
          },
          ""confidence"": {
            ""type"": ""weak"",
            ""score"": 0.1
          },
          ""evidence"": {
            ""lexicon_status"": ""unattested_compound_phrase"",
            ""attestation"": [],
            ""constraints_checked"": [
              ""root_pattern_compatibility""
            ]
          }
        }
      ]
    }
  ]
}"
7,segment_001,segment,DONE,C:\Users\sasch\visionexe\stories\template\filmsets\story_007\segment_001\segment.txt,"{
  ""meta"": {
    ""schema_version"": ""1.0.0"",
    ""created_at"": ""2026-01-11T03:17:50Z"",
    ""created_by"": ""worker_llm_analysis_Morphologic"",
    ""language"": ""gez"",
    ""tagset_id"": ""GEZ-POS-1"",
    ""tokenization_policy"": ""whitespace""
  },
  ""source"": {
    ""witness_id"": ""story_007/segment_001"",
    ""graphematic_string"": ""Chapter 7 Segment 1\n\nወነሥኡ፡ሎሙ፡ንስት፡ወኀረየ፡\nሉ፡ለለ፡ርእሱ፡ሐተ፡\nሐተ፨ወወጠኑ፡ይባኡ፡\nኀቤሆን፡ወተደመሩ፡ምስሌሆን፡\nወመህርዎን፡\nሥራያተ፨ወስብዐታተ፡ወመቲረ፡\nሥርው፡ወዕፀው፨መርዎን፨"",
    ""normalization_policy"": ""none"",
    ""uncertainties"": []
  },
  ""tokens"": [
    {
      ""token_id"": ""t1"",
      ""surface"": ""Chapter"",
      ""span"": {
        ""start"": 0,
        ""end"": 7
      },
      ""options"": [
        {
          ""option_id"": ""A"",
          ""pos"": ""N"",
          ""analysis"": {
            ""kind"": ""lexical"",
            ""root"": ""Chapter"",
            ""lemma"": ""Chapter"",
            ""pattern"": null
          },
          ""confidence"": {
            ""type"": ""weak"",
            ""score"": null
          },
          ""evidence"": {
            ""lexicon_status"": ""attested_in_lexicon"",
            ""attestation"": [
              ""english_metadata""
            ],
            ""constraints_checked"": [
              ""root_pattern_compatibility""
            ]
          }
        }
      ]
    },
    {
      ""token_id"": ""t2"",
      ""surface"": ""7"",
      ""span"": {
        ""start"": 8,
        ""end"": 9
      },
      ""options"": [
        {
          ""option_id"": ""A"",
          ""pos"": ""NUM"",
          ""analysis"": {
            ""kind"": ""lexical"",
            ""root"": null,
            ""lemma"": ""7"",
            ""pattern"": null
          },
          ""confidence"": {
            ""type"": ""weak"",
            ""score"": null
          },
          ""evidence"": {
            ""lexicon_status"": ""attested_in_lexicon"",
            ""attestation"": [
              ""numeric""
            ],
            ""constraints_checked"": [
              ""root_pattern_compatibility""
            ]
          }
        }
      ]
    },
    {
      ""token_id"": ""t3"",
      ""surface"": ""Segment"",
      ""span"": {
        ""start"": 10,
        ""end"": 17
      },
      ""options"": [
        {
          ""option_id"": ""A"",
          ""pos"": ""N"",
          ""analysis"": {
            ""kind"": ""lexical"",
            ""root"": ""Segment"",
            ""lemma"": ""Segment"",
            ""pattern"": null
          },
          ""confidence"": {
            ""type"": ""weak"",
            ""score"": null
          },
          ""evidence"": {
            ""lexicon_status"": ""attested_in_lexicon"",
            ""attestation"": [
              ""english_metadata""
            ],
            ""constraints_checked"": [
              ""root_pattern_compatibility""
            ]
          }
        }
      ]
    },
    {
      ""token_id"": ""t4"",
      ""surface"": ""1"",
      ""span"": {
        ""start"": 18,
        ""end"": 19
      },
      ""options"": [
        {
          ""option_id"": ""A"",
          ""pos"": ""NUM"",
          ""analysis"": {
            ""kind"": ""lexical"",
            ""root"": null,
            ""lemma"": ""1"",
            ""pattern"": null
          },
          ""confidence"": {
            ""type"": ""weak"",
            ""score"": null
          },
          ""evidence"": {
            ""lexicon_status"": ""attested_in_lexicon"",
            ""attestation"": [
              ""numeric""
            ],
            ""constraints_checked"": [
              ""root_pattern_compatibility""
            ]
          }
        }
      ]
    },
    {
      ""token_id"": ""t5"",
      ""surface"": ""ወነሥኡ፡ሎሙ፡ንስት፡ወኀረየ፡"",
      ""span"": {
        ""start"": 21,
        ""end"": 38
      },
      ""options"": [
        {
          ""option_id"": ""A"",
          ""pos"": ""V"",
          ""analysis"": {
            ""kind"": ""lexical"",
            ""root"": ""ነሥአ"",
            ""lemma"": ""ነሥአ"",
            ""pattern"": ""0-1-2""
          },
          ""confidence"": {
            ""type"": ""undecided"",
            ""score"": null
          },
          ""evidence"": {
            ""lexicon_status"": ""attested_in_lexicon"",
            ""attestation"": [
              ""Leslau_399""
            ],
            ""constraints_checked"": []
          }
        }
      ]
    },
    {
      ""token_id"": ""t6"",
      ""surface"": ""ሉ፡ለለ፡ርእሱ፡ሐተ፡"",
      ""span"": {
        ""start"": 39,
        ""end"": 51
      },
      ""options"": [
        {
          ""option_id"": ""A"",
          ""pos"": ""N"",
          ""analysis"": {
            ""kind"": ""lexical"",
            ""root"": ""ሉ"",
            ""lemma"": ""ሉ"",
            ""pattern"": null
          },
          ""confidence"": {
            ""type"": ""weak"",
            ""score"": null
          },
          ""evidence"": {
            ""lexicon_status"": ""unattested_form"",
            ""attestation"": [],
            ""constraints_checked"": [
              ""root_pattern_compatibility""
            ]
          }
        }
      ]
    },
    {
      ""token_id"": ""t7"",
      ""surface"": ""ሐተ፨ወወጠኑ፡ይባኡ፡"",
      ""span"": {
        ""start"": 52,
        ""end"": 64
      },
      ""options"": [
        {
          ""option_id"": ""A"",
          ""pos"": ""NUM"",
          ""analysis"": {
            ""kind"": ""lexical"",
            ""root"": ""አሐተ"",
            ""lemma"": ""አሐተ"",
            ""pattern"": null
          },
          ""confidence"": {
            ""type"": ""weak"",
            ""score"": null
          },
          ""evidence"": {
            ""lexicon_status"": ""variant_spelling"",
            ""attestation"": [],
            ""constraints_checked"": [
              ""root_pattern_compatibility""
            ]
          }
        }
      ]
    },
    {
      ""token_id"": ""t8"",
      ""surface"": ""ኀቤሆን፡ወተደመሩ፡ምስሌሆን፡"",
      ""span"": {
        ""start"": 65,
        ""end"": 82
      },
      ""options"": [
        {
          ""option_id"": ""A"",
          ""pos"": ""PREP"",
          ""analysis"": {
            ""kind"": ""functional"",
            ""root"": ""ኀበ"",
            ""lemma"": ""ኀበ"",
            ""pattern"": null
          },
          ""confidence"": {
            ""type"": ""undecided"",
            ""score"": null
          },
          ""evidence"": {
            ""lexicon_status"": ""attested_in_lexicon"",
            ""attestation"": [
              ""Leslau_256""
            ],
            ""constraints_checked"": []
          }
        }
      ]
    },
    {
      ""token_id"": ""t9"",
      ""surface"": ""ወመህርዎን፡"",
      ""span"": {
        ""start"": 83,
        ""end"": 90
      },
      ""options"": [
        {
          ""option_id"": ""A"",
          ""pos"": ""V"",
          ""analysis"": {
            ""kind"": ""lexical"",
            ""root"": ""መሀረ"",
            ""lemma"": ""መሀረ"",
            ""pattern"": ""0-1-2""
          },
          ""confidence"": {
            ""type"": ""undecided"",
            ""score"": null
          },
          ""evidence"": {
            ""lexicon_status"": ""attested_in_lexicon"",
            ""attestation"": [
              ""Leslau_335""
            ],
            ""constraints_checked"": []
          }
        }
      ]
    },
    {
      ""token_id"": ""t10"",
      ""surface"": ""ሥራያተ፨ወስብዐታተ፡ወመቲረ፡"",
      ""span"": {
        ""start"": 91,
        ""end"": 108
      },
      ""options"": [
        {
          ""option_id"": ""A"",
          ""pos"": ""N"",
          ""analysis"": {
            ""kind"": ""lexical"",
            ""root"": ""ሥራይ"",
            ""lemma"": ""ሥራይ"",
            ""pattern"": null
          },
          ""confidence"": {
            ""type"": ""weak"",
            ""score"": null
          },
          ""evidence"": {
            ""lexicon_status"": ""attested_in_lexicon"",
            ""attestation"": [
              ""Leslau_534""
            ],
            ""constraints_checked"": [
              ""root_pattern_compatibility""
            ]
          }
        }
      ]
    },
    {
      ""token_id"": ""t11"",
      ""surface"": ""ሥርው፡ወዕፀው፨መርዎን፨"",
      ""span"": {
        ""start"": 109,
        ""end"": 123
      },
      ""options"": [
        {
          ""option_id"": ""A"",
          ""pos"": ""N"",
          ""analysis"": {
            ""kind"": ""lexical"",
            ""root"": ""ሥርው"",
            ""lemma"": ""ሥርው"",
            ""pattern"": null
          },
          ""confidence"": {
            ""type"": ""weak"",
            ""score"": null
          },
          ""evidence"": {
            ""lexicon_status"": ""attested_in_lexicon"",
            ""attestation"": [
              ""Leslau_535""
            ],
            ""constraints_checked"": [
              ""root_pattern_compatibility""
            ]
          }
        }
      ]
    }
  ]
}"
7,segment_002,segment,DONE,C:\Users\sasch\visionexe\stories\template\filmsets\story_007\segment_002\segment.txt,"{
  ""meta"": {
    ""schema_version"": ""1.0.0"",
    ""created_at"": ""2026-01-11T03:17:50Z"",
    ""created_by"": ""worker_llm_analysis_Morphologic"",
    ""language"": ""gez"",
    ""tagset_id"": ""GEZ-POS-1"",
    ""tokenization_policy"": ""whitespace""
  },
  ""source"": {
    ""witness_id"": ""story_007/segment_002"",
    ""graphematic_string"": ""Chapter 7 Segment 2\n\nወእማንቱሰ፡ፀንሳ፡ወወለዳ፡\nረዐይተ፨ዐይተ፡ወቆሞሙ፡\n፴፻፡እመት፨"",
    ""normalization_policy"": ""none"",
    ""uncertainties"": []
  },
  ""tokens"": [
    {
      ""token_id"": ""t1"",
      ""surface"": ""Chapter"",
      ""span"": {
        ""start"": 0,
        ""end"": 7
      },
      ""options"": [
        {
          ""option_id"": ""A"",
          ""pos"": ""N"",
          ""analysis"": {
            ""kind"": ""lexical"",
            ""root"": ""Chapter"",
            ""lemma"": ""Chapter"",
            ""pattern"": null
          },
          ""confidence"": {
            ""type"": ""weak"",
            ""score"": null
          },
          ""evidence"": {
            ""lexicon_status"": ""attested_in_lexicon"",
            ""attestation"": [],
            ""constraints_checked"": [
              ""root_pattern_compatibility""
            ]
          }
        }
      ]
    },
    {
      ""token_id"": ""t2"",
      ""surface"": ""7"",
      ""span"": {
        ""start"": 8,
        ""end"": 9
      },
      ""options"": [
        {
          ""option_id"": ""A"",
          ""pos"": ""NUM"",
          ""analysis"": {
            ""kind"": ""lexical"",
            ""root"": null,
            ""lemma"": ""7"",
            ""pattern"": null
          },
          ""confidence"": {
            ""type"": ""weak"",
            ""score"": null
          },
          ""evidence"": {
            ""lexicon_status"": ""attested_in_lexicon"",
            ""attestation"": [],
            ""constraints_checked"": [
              ""root_pattern_compatibility""
            ]
          }
        }
      ]
    },
    {
      ""token_id"": ""t3"",
      ""surface"": ""Segment"",
      ""span"": {
        ""start"": 10,
        ""end"": 17
      },
      ""options"": [
        {
          ""option_id"": ""A"",
          ""pos"": ""N"",
          ""analysis"": {
            ""kind"": ""lexical"",
            ""root"": ""Segment"",
            ""lemma"": ""Segment"",
            ""pattern"": null
          },
          ""confidence"": {
            ""type"": ""weak"",
            ""score"": null
          },
          ""evidence"": {
            ""lexicon_status"": ""attested_in_lexicon"",
            ""attestation"": [],
            ""constraints_checked"": [
              ""root_pattern_compatibility""
            ]
          }
        }
      ]
    },
    {
      ""token_id"": ""t4"",
      ""surface"": ""2"",
      ""span"": {
        ""start"": 18,
        ""end"": 19
      },
      ""options"": [
        {
          ""option_id"": ""A"",
          ""pos"": ""NUM"",
          ""analysis"": {
            ""kind"": ""lexical"",
            ""root"": null,
            ""lemma"": ""2"",
            ""pattern"": null
          },
          ""confidence"": {
            ""type"": ""weak"",
            ""score"": null
          },
          ""evidence"": {
            ""lexicon_status"": ""attested_in_lexicon"",
            ""attestation"": [],
            ""constraints_checked"": [
              ""root_pattern_compatibility""
            ]
          }
        }
      ]
    },
    {
      ""token_id"": ""t5"",
      ""surface"": ""ወእማንቱሰ፡ፀንሳ፡ወወለዳ፡"",
      ""span"": {
        ""start"": 21,
        ""end"": 37
      },
      ""options"": [
        {
          ""option_id"": ""A"",
          ""pos"": ""PRO.PERS"",
          ""analysis"": {
            ""kind"": ""functional"",
            ""root"": ""እማንቱ"",
            ""lemma"": ""እማንቱ"",
            ""pattern"": null
          },
          ""confidence"": {
            ""type"": ""undecided"",
            ""score"": null
          },
          ""evidence"": {
            ""lexicon_status"": ""attested_in_lexicon"",
            ""attestation"": [
              ""Leslau_25""
            ],
            ""constraints_checked"": []
          }
        }
      ]
    },
    {
      ""token_id"": ""t6"",
      ""surface"": ""ረዐይተ፨ዐይተ፡ወቆሞሙ፡"",
      ""span"": {
        ""start"": 38,
        ""end"": 52
      },
      ""options"": [
        {
          ""option_id"": ""A"",
          ""pos"": ""N"",
          ""analysis"": {
            ""kind"": ""lexical"",
            ""root"": ""ረዐይ"",
            ""lemma"": ""ረዓይት"",
            ""pattern"": null
          },
          ""confidence"": {
            ""type"": ""weak"",
            ""score"": null
          },
          ""evidence"": {
            ""lexicon_status"": ""attested_in_lexicon"",
            ""attestation"": [
              ""Leslau_462""
            ],
            ""constraints_checked"": [
              ""root_pattern_compatibility""
            ]
          }
        }
      ]
    },
    {
      ""token_id"": ""t7"",
      ""surface"": ""፴፻፡እመት፨"",
      ""span"": {
        ""start"": 53,
        ""end"": 60
      },
      ""options"": [
        {
          ""option_id"": ""A"",
          ""pos"": ""NUM"",
          ""analysis"": {
            ""kind"": ""lexical"",
            ""root"": null,
            ""lemma"": ""፴፻"",
            ""pattern"": null
          },
          ""confidence"": {
            ""type"": ""weak"",
            ""score"": null
          },
          ""evidence"": {
            ""lexicon_status"": ""attested_in_lexicon"",
            ""attestation"": [],
            ""constraints_checked"": [
              ""root_pattern_compatibility""
            ]
          }
        }
      ]
    }
  ]
}"
7,segment_003,segment,DONE,C:\Users\sasch\visionexe\stories\template\filmsets\story_007\segment_003\segment.txt,"{
  ""meta"": {
    ""schema_version"": ""1.0.0"",
    ""created_at"": ""2026-01-11T03:17:50Z"",
    ""created_by"": ""worker_llm_analysis_Morphologic"",
    ""language"": ""gez"",
    ""tagset_id"": ""GEZ-POS-1"",
    ""tokenization_policy"": ""whitespace""
  },
  ""source"": {
    ""witness_id"": ""story_007/segment_003"",
    ""graphematic_string"": ""Chapter 7 Segment 3\n\nእሉ፡ልዑ፡ሎ፡ፃማ፡ሰብእ፡\nእስ፡ስእንዎን፡ሴስዮተ፡ሰብእ፨"",
    ""normalization_policy"": ""none"",
    ""uncertainties"": []
  },
  ""tokens"": [
    {
      ""token_id"": ""t1"",
      ""surface"": ""Chapter"",
      ""span"": {
        ""start"": 0,
        ""end"": 7
      },
      ""options"": [
        {
          ""option_id"": ""A"",
          ""pos"": ""N"",
          ""analysis"": {
            ""kind"": ""lexical"",
            ""root"": ""Chapter"",
            ""lemma"": ""Chapter"",
            ""pattern"": null
          },
          ""confidence"": {
            ""type"": ""weak"",
            ""score"": null
          },
          ""evidence"": {
            ""lexicon_status"": ""attested_in_lexicon"",
            ""attestation"": [],
            ""constraints_checked"": [
              ""root_pattern_compatibility""
            ]
          }
        }
      ]
    },
    {
      ""token_id"": ""t2"",
      ""surface"": ""7"",
      ""span"": {
        ""start"": 8,
        ""end"": 9
      },
      ""options"": [
        {
          ""option_id"": ""A"",
          ""pos"": ""NUM"",
          ""analysis"": {
            ""kind"": ""lexical"",
            ""root"": null,
            ""lemma"": ""7"",
            ""pattern"": null
          },
          ""confidence"": {
            ""type"": ""weak"",
            ""score"": null
          },
          ""evidence"": {
            ""lexicon_status"": ""attested_in_lexicon"",
            ""attestation"": [],
            ""constraints_checked"": [
              ""root_pattern_compatibility""
            ]
          }
        }
      ]
    },
    {
      ""token_id"": ""t3"",
      ""surface"": ""Segment"",
      ""span"": {
        ""start"": 10,
        ""end"": 17
      },
      ""options"": [
        {
          ""option_id"": ""A"",
          ""pos"": ""N"",
          ""analysis"": {
            ""kind"": ""lexical"",
            ""root"": ""Segment"",
            ""lemma"": ""Segment"",
            ""pattern"": null
          },
          ""confidence"": {
            ""type"": ""weak"",
            ""score"": null
          },
          ""evidence"": {
            ""lexicon_status"": ""attested_in_lexicon"",
            ""attestation"": [],
            ""constraints_checked"": [
              ""root_pattern_compatibility""
            ]
          }
        }
      ]
    },
    {
      ""token_id"": ""t4"",
      ""surface"": ""3"",
      ""span"": {
        ""start"": 18,
        ""end"": 19
      },
      ""options"": [
        {
          ""option_id"": ""A"",
          ""pos"": ""NUM"",
          ""analysis"": {
            ""kind"": ""lexical"",
            ""root"": null,
            ""lemma"": ""3"",
            ""pattern"": null
          },
          ""confidence"": {
            ""type"": ""weak"",
            ""score"": null
          },
          ""evidence"": {
            ""lexicon_status"": ""attested_in_lexicon"",
            ""attestation"": [],
            ""constraints_checked"": [
              ""root_pattern_compatibility""
            ]
          }
        }
      ]
    },
    {
      ""token_id"": ""t5"",
      ""surface"": ""እሉ፡ልዑ፡ሎ፡ፃማ፡ሰብእ፡"",
      ""span"": {
        ""start"": 21,
        ""end"": 36
      },
      ""options"": [
        {
          ""option_id"": ""A"",
          ""pos"": ""PRO.DEM"",
          ""analysis"": {
            ""kind"": ""functional"",
            ""root"": ""እሉ"",
            ""lemma"": ""እሉ"",
            ""pattern"": null
          },
          ""confidence"": {
            ""type"": ""undecided"",
            ""score"": null
          },
          ""evidence"": {
            ""lexicon_status"": ""attested_in_lexicon"",
            ""attestation"": [
              ""Leslau_22""
            ],
            ""constraints_checked"": []
          }
        }
      ]
    },
    {
      ""token_id"": ""t6"",
      ""surface"": ""እስ፡ስእንዎን፡ሴስዮተ፡ሰብእ፨"",
      ""span"": {
        ""start"": 37,
        ""end"": 55
      },
      ""options"": [
        {
          ""option_id"": ""A"",
          ""pos"": ""CONJ.SUB"",
          ""analysis"": {
            ""kind"": ""functional"",
            ""root"": null,
            ""lemma"": ""እስከ"",
            ""pattern"": null
          },
          ""confidence"": {
            ""type"": ""undecided"",
            ""score"": null
          },
          ""evidence"": {
            ""lexicon_status"": ""variant_spelling"",
            ""attestation"": [],
            ""constraints_checked"": []
          }
        }
      ]
    }
  ]
}"
7,segment_004,segment,DONE,C:\Users\sasch\visionexe\stories\template\filmsets\story_007\segment_004\segment.txt,"{
  ""meta"": {
    ""schema_version"": ""1.0.0"",
    ""created_at"": ""2026-01-11T03:17:50Z"",
    ""created_by"": ""worker_llm_analysis_Morphologic"",
    ""language"": ""gez"",
    ""tagset_id"": ""GEZ-POS-1"",
    ""tokenization_policy"": ""whitespace""
  },
  ""source"": {
    ""witness_id"": ""story_007/segment_004"",
    ""graphematic_string"": ""Chapter 7 Segment 4\n\nወተመይጡ፡ረዓይት፡ላዕሌሆሙ፡\nይብልዕዎሙ፡ለሰብእ፨"",
    ""normalization_policy"": ""none"",
    ""uncertainties"": []
  },
  ""tokens"": [
    {
      ""token_id"": ""t1"",
      ""surface"": ""Chapter"",
      ""span"": {
        ""start"": 0,
        ""end"": 7
      },
      ""options"": [
        {
          ""option_id"": ""A"",
          ""pos"": ""N"",
          ""analysis"": {
            ""kind"": ""lexical"",
            ""root"": ""Chapter"",
            ""lemma"": ""Chapter"",
            ""pattern"": null
          },
          ""confidence"": {
            ""type"": ""weak"",
            ""score"": null
          },
          ""evidence"": {
            ""lexicon_status"": ""attested_in_lexicon"",
            ""attestation"": [],
            ""constraints_checked"": [
              ""root_pattern_compatibility""
            ]
          }
        }
      ]
    },
    {
      ""token_id"": ""t2"",
      ""surface"": ""7"",
      ""span"": {
        ""start"": 8,
        ""end"": 9
      },
      ""options"": [
        {
          ""option_id"": ""A"",
          ""pos"": ""NUM"",
          ""analysis"": {
            ""kind"": ""lexical"",
            ""root"": null,
            ""lemma"": ""7"",
            ""pattern"": null
          },
          ""confidence"": {
            ""type"": ""weak"",
            ""score"": null
          },
          ""evidence"": {
            ""lexicon_status"": ""attested_in_lexicon"",
            ""attestation"": [],
            ""constraints_checked"": [
              ""root_pattern_compatibility""
            ]
          }
        }
      ]
    },
    {
      ""token_id"": ""t3"",
      ""surface"": ""Segment"",
      ""span"": {
        ""start"": 10,
        ""end"": 17
      },
      ""options"": [
        {
          ""option_id"": ""A"",
          ""pos"": ""N"",
          ""analysis"": {
            ""kind"": ""lexical"",
            ""root"": ""Segment"",
            ""lemma"": ""Segment"",
            ""pattern"": null
          },
          ""confidence"": {
            ""type"": ""weak"",
            ""score"": null
          },
          ""evidence"": {
            ""lexicon_status"": ""attested_in_lexicon"",
            ""attestation"": [],
            ""constraints_checked"": [
              ""root_pattern_compatibility""
            ]
          }
        }
      ]
    },
    {
      ""token_id"": ""t4"",
      ""surface"": ""4"",
      ""span"": {
        ""start"": 18,
        ""end"": 19
      },
      ""options"": [
        {
          ""option_id"": ""A"",
          ""pos"": ""NUM"",
          ""analysis"": {
            ""kind"": ""lexical"",
            ""root"": null,
            ""lemma"": ""4"",
            ""pattern"": null
          },
          ""confidence"": {
            ""type"": ""weak"",
            ""score"": null
          },
          ""evidence"": {
            ""lexicon_status"": ""attested_in_lexicon"",
            ""attestation"": [],
            ""constraints_checked"": [
              ""root_pattern_compatibility""
            ]
          }
        }
      ]
    },
    {
      ""token_id"": ""t5"",
      ""surface"": ""ወተመይጡ፡ረዓይት፡ላዕሌሆሙ፡"",
      ""span"": {
        ""start"": 21,
        ""end"": 38
      },
      ""options"": [
        {
          ""option_id"": ""A"",
          ""pos"": ""V"",
          ""analysis"": {
            ""kind"": ""lexical"",
            ""root"": ""ተመየጠ"",
            ""lemma"": ""ተመየጠ"",
            ""pattern"": ""t-0-1-2""
          },
          ""confidence"": {
            ""type"": ""undecided"",
            ""score"": null
          },
          ""evidence"": {
            ""lexicon_status"": ""attested_in_lexicon"",
            ""attestation"": [
              ""Leslau_376""
            ],
            ""constraints_checked"": []
          }
        }
      ]
    },
    {
      ""token_id"": ""t6"",
      ""surface"": ""ይብልዕዎሙ፡ለሰብእ፨"",
      ""span"": {
        ""start"": 39,
        ""end"": 51
      },
      ""options"": [
        {
          ""option_id"": ""A"",
          ""pos"": ""V"",
          ""analysis"": {
            ""kind"": ""lexical"",
            ""root"": ""በልዐ"",
            ""lemma"": ""በልዐ"",
            ""pattern"": ""0-1-2""
          },
          ""confidence"": {
            ""type"": ""undecided"",
            ""score"": null
          },
          ""evidence"": {
            ""lexicon_status"": ""attested_in_lexicon"",
            ""attestation"": [
              ""Leslau_97""
            ],
            ""constraints_checked"": []
          }
        }
      ]
    }
  ]
}"
7,segment_005,segment,DONE,C:\Users\sasch\visionexe\stories\template\filmsets\story_007\segment_005\segment.txt,"{
  ""meta"": {
    ""schema_version"": ""1.0.0"",
    ""created_at"": ""2026-01-11T03:17:50Z"",
    ""created_by"": ""worker_llm_analysis_Morphologic"",
    ""language"": ""gez"",
    ""tagset_id"": ""GEZ-POS-1"",
    ""tokenization_policy"": ""whitespace""
  },
  ""source"": {
    ""witness_id"": ""story_007/segment_005"",
    ""graphematic_string"": ""Chapter 7 Segment 5\n\nወወጠኑ፡የብሱ፡ዕዋፍ፡\nወዲ፡ራዊት፡ወዘ፡\nይትሐወስ፡ወዐሣት፨፨\nወሥጋሆሙ፡፡ይናቲሆሙ፡\nትባልዑ፨ወደመ፡ስትዩ፡\nእምሃ፨"",
    ""normalization_policy"": ""none"",
    ""uncertainties"": []
  },
  ""tokens"": [
    {
      ""token_id"": ""t1"",
      ""surface"": ""Chapter"",
      ""span"": {
        ""start"": 0,
        ""end"": 7
      },
      ""options"": [
        {
          ""option_id"": ""A"",
          ""pos"": ""N"",
          ""analysis"": {
            ""kind"": ""lexical"",
            ""root"": ""Chapter"",
            ""lemma"": ""Chapter"",
            ""pattern"": null
          },
          ""confidence"": {
            ""type"": ""weak"",
            ""score"": null
          },
          ""evidence"": {
            ""lexicon_status"": ""attested_in_lexicon"",
            ""attestation"": [],
            ""constraints_checked"": [
              ""root_pattern_compatibility""
            ]
          }
        }
      ]
    },
    {
      ""token_id"": ""t2"",
      ""surface"": ""7"",
      ""span"": {
        ""start"": 8,
        ""end"": 9
      },
      ""options"": [
        {
          ""option_id"": ""A"",
          ""pos"": ""NUM"",
          ""analysis"": {
            ""kind"": ""lexical"",
            ""root"": null,
            ""lemma"": ""7"",
            ""pattern"": null
          },
          ""confidence"": {
            ""type"": ""weak"",
            ""score"": null
          },
          ""evidence"": {
            ""lexicon_status"": ""attested_in_lexicon"",
            ""attestation"": [],
            ""constraints_checked"": [
              ""root_pattern_compatibility""
            ]
          }
        }
      ]
    },
    {
      ""token_id"": ""t3"",
      ""surface"": ""Segment"",
      ""span"": {
        ""start"": 10,
        ""end"": 17
      },
      ""options"": [
        {
          ""option_id"": ""A"",
          ""pos"": ""N"",
          ""analysis"": {
            ""kind"": ""lexical"",
            ""root"": ""Segment"",
            ""lemma"": ""Segment"",
            ""pattern"": null
          },
          ""confidence"": {
            ""type"": ""weak"",
            ""score"": null
          },
          ""evidence"": {
            ""lexicon_status"": ""attested_in_lexicon"",
            ""attestation"": [],
            ""constraints_checked"": [
              ""root_pattern_compatibility""
            ]
          }
        }
      ]
    },
    {
      ""token_id"": ""t4"",
      ""surface"": ""5"",
      ""span"": {
        ""start"": 18,
        ""end"": 19
      },
      ""options"": [
        {
          ""option_id"": ""A"",
          ""pos"": ""NUM"",
          ""analysis"": {
            ""kind"": ""lexical"",
            ""root"": null,
            ""lemma"": ""5"",
            ""pattern"": null
          },
          ""confidence"": {
            ""type"": ""weak"",
            ""score"": null
          },
          ""evidence"": {
            ""lexicon_status"": ""attested_in_lexicon"",
            ""attestation"": [],
            ""constraints_checked"": [
              ""root_pattern_compatibility""
            ]
          }
        }
      ]
    },
    {
      ""token_id"": ""t5"",
      ""surface"": ""ወወጠኑ፡የብሱ፡ዕዋፍ፡"",
      ""span"": {
        ""start"": 21,
        ""end"": 34
      },
      ""options"": [
        {
          ""option_id"": ""A"",
          ""pos"": ""V"",
          ""analysis"": {
            ""kind"": ""lexical"",
            ""root"": ""ወጠነ"",
            ""lemma"": ""ወጠነ"",
            ""pattern"": ""0-1-2""
          },
          ""confidence"": {
            ""type"": ""undecided"",
            ""score"": null
          },
          ""evidence"": {
            ""lexicon_status"": ""attested_in_lexicon"",
            ""attestation"": [
              ""Leslau_621""
            ],
            ""constraints_checked"": []
          }
        }
      ]
    },
    {
      ""token_id"": ""t6"",
      ""surface"": ""ወዲ፡ራዊት፡ወዘ፡"",
      ""span"": {
        ""start"": 35,
        ""end"": 45
      },
      ""options"": [
        {
          ""option_id"": ""A"",
          ""pos"": ""N"",
          ""analysis"": {
            ""kind"": ""lexical"",
            ""root"": null,
            ""lemma"": ""ወዲ"",
            ""pattern"": null
          },
          ""confidence"": {
            ""type"": ""weak"",
            ""score"": null
          },
          ""evidence"": {
            ""lexicon_status"": ""unattested_form"",
            ""attestation"": [],
            ""constraints_checked"": [
              ""root_pattern_compatibility""
            ]
          }
        }
      ]
    },
    {
      ""token_id"": ""t7"",
      ""surface"": ""ይትሐወስ፡ወዐሣት፨፨"",
      ""span"": {
        ""start"": 46,
        ""end"": 58
      },
      ""options"": [
        {
          ""option_id"": ""A"",
          ""pos"": ""V"",
          ""analysis"": {
            ""kind"": ""lexical"",
            ""root"": ""ሐወሰ"",
            ""lemma"": ""ሐወሰ"",
            ""pattern"": ""0-1-2""
          },
          ""confidence"": {
            ""type"": ""undecided"",
            ""score"": null
          },
          ""evidence"": {
            ""lexicon_status"": ""attested_in_lexicon"",
            ""attestation"": [
              ""Leslau_250""
            ],
            ""constraints_checked"": []
          }
        }
      ]
    },
    {
      ""token_id"": ""t8"",
      ""surface"": ""ወሥጋሆሙ፡፡ይናቲሆሙ፡"",
      ""span"": {
        ""start"": 59,
        ""end"": 72
      },
      ""options"": [
        {
          ""option_id"": ""A"",
          ""pos"": ""N"",
          ""analysis"": {
            ""kind"": ""lexical"",
            ""root"": ""ሥጋ"",
            ""lemma"": ""ሥጋ"",
            ""pattern"": null
          },
          ""confidence"": {
            ""type"": ""weak"",
            ""score"": null
          },
          ""evidence"": {
            ""lexicon_status"": ""attested_in_lexicon"",
            ""attestation"": [
              ""Leslau_525""
            ],
            ""constraints_checked"": [
              ""root_pattern_compatibility""
            ]
          }
        }
      ]
    },
    {
      ""token_id"": ""t9"",
      ""surface"": ""ትባልዑ፨ወደመ፡ስትዩ፡"",
      ""span"": {
        ""start"": 73,
        ""end"": 86
      },
      ""options"": [
        {
          ""option_id"": ""A"",
          ""pos"": ""V"",
          ""analysis"": {
            ""kind"": ""lexical"",
            ""root"": ""በልዐ"",
            ""lemma"": ""በልዐ"",
            ""pattern"": ""t-0-1-2""
          },
          ""confidence"": {
            ""type"": ""undecided"",
            ""score"": null
          },
          ""evidence"": {
            ""lexicon_status"": ""attested_in_lexicon"",
            ""attestation"": [
              ""Leslau_97""
            ],
            ""constraints_checked"": []
          }
        }
      ]
    },
    {
      ""token_id"": ""t10"",
      ""surface"": ""እምሃ፨"",
      ""span"": {
        ""start"": 87,
        ""end"": 91
      },
      ""options"": [
        {
          ""option_id"": ""A"",
          ""pos"": ""ADV"",
          ""analysis"": {
            ""kind"": ""functional"",
            ""root"": null,
            ""lemma"": ""እምሃ"",
            ""pattern"": null
          },
          ""confidence"": {
            ""type"": ""undecided"",
            ""score"": null
          },
          ""evidence"": {
            ""lexicon_status"": ""attested_in_lexicon"",
            ""attestation"": [
              ""Leslau_215""
            ],
            ""constraints_checked"": []
          }
        }
      ]
    }
  ]
}"
7,segment_006,segment,DONE,C:\Users\sasch\visionexe\stories\template\filmsets\story_007\segment_006\segment.txt,"{
  ""meta"": {
    ""schema_version"": ""1.0.0"",
    ""created_at"": ""2026-01-11T03:17:50Z"",
    ""created_by"": ""worker_llm_analysis_Morphologic"",
    ""language"": ""gez"",
    ""tagset_id"": ""GEZ-POS-1"",
    ""tokenization_policy"": ""whitespace""
  },
  ""source"": {
    ""witness_id"": ""story_007/segment_006"",
    ""graphematic_string"": ""Chapter 7 Segment 6\n\nሜሃ፡ምድር፡ሰየቶሙ፡\nለዐማፅያን፨፨"",
    ""normalization_policy"": ""none"",
    ""uncertainties"": []
  },
  ""tokens"": [
    {
      ""token_id"": ""t1"",
      ""surface"": ""Chapter"",
      ""span"": {
        ""start"": 0,
        ""end"": 7
      },
      ""options"": [
        {
          ""option_id"": ""A"",
          ""pos"": ""N"",
          ""analysis"": {
            ""kind"": ""lexical"",
            ""root"": ""Chapter"",
            ""lemma"": ""Chapter"",
            ""pattern"": null
          },
          ""confidence"": {
            ""type"": ""weak"",
            ""score"": null
          },
          ""evidence"": {
            ""lexicon_status"": ""attested_in_lexicon"",
            ""attestation"": [],
            ""constraints_checked"": [
              ""root_pattern_compatibility""
            ]
          }
        }
      ]
    },
    {
      ""token_id"": ""t2"",
      ""surface"": ""7"",
      ""span"": {
        ""start"": 8,
        ""end"": 9
      },
      ""options"": [
        {
          ""option_id"": ""A"",
          ""pos"": ""NUM"",
          ""analysis"": {
            ""kind"": ""lexical"",
            ""root"": null,
            ""lemma"": ""7"",
            ""pattern"": null
          },
          ""confidence"": {
            ""type"": ""weak"",
            ""score"": null
          },
          ""evidence"": {
            ""lexicon_status"": ""attested_in_lexicon"",
            ""attestation"": [],
            ""constraints_checked"": [
              ""root_pattern_compatibility""
            ]
          }
        }
      ]
    },
    {
      ""token_id"": ""t3"",
      ""surface"": ""Segment"",
      ""span"": {
        ""start"": 10,
        ""end"": 17
      },
      ""options"": [
        {
          ""option_id"": ""A"",
          ""pos"": ""N"",
          ""analysis"": {
            ""kind"": ""lexical"",
            ""root"": ""Segment"",
            ""lemma"": ""Segment"",
            ""pattern"": null
          },
          ""confidence"": {
            ""type"": ""weak"",
            ""score"": null
          },
          ""evidence"": {
            ""lexicon_status"": ""attested_in_lexicon"",
            ""attestation"": [],
            ""constraints_checked"": [
              ""root_pattern_compatibility""
            ]
          }
        }
      ]
    },
    {
      ""token_id"": ""t4"",
      ""surface"": ""6"",
      ""span"": {
        ""start"": 18,
        ""end"": 19
      },
      ""options"": [
        {
          ""option_id"": ""A"",
          ""pos"": ""NUM"",
          ""analysis"": {
            ""kind"": ""lexical"",
            ""root"": null,
            ""lemma"": ""6"",
            ""pattern"": null
          },
          ""confidence"": {
            ""type"": ""weak"",
            ""score"": null
          },
          ""evidence"": {
            ""lexicon_status"": ""attested_in_lexicon"",
            ""attestation"": [],
            ""constraints_checked"": [
              ""root_pattern_compatibility""
            ]
          }
        }
      ]
    },
    {
      ""token_id"": ""t5"",
      ""surface"": ""ሜሃ፡ምድር፡ሰየቶሙ፡"",
      ""span"": {
        ""start"": 21,
        ""end"": 33
      },
      ""options"": [
        {
          ""option_id"": ""A"",
          ""pos"": ""ADV"",
          ""analysis"": {
            ""kind"": ""functional"",
            ""root"": null,
            ""lemma"": ""እምሃ"",
            ""pattern"": null
          },
          ""confidence"": {
            ""type"": ""undecided"",
            ""score"": null
          },
          ""evidence"": {
            ""lexicon_status"": ""inferred_form"",
            ""attestation"": [],
            ""constraints_checked"": []
          }
        }
      ]
    },
    {
      ""token_id"": ""t6"",
      ""surface"": ""ለዐማፅያን፨፨"",
      ""span"": {
        ""start"": 34,
        ""end"": 42
      },
      ""options"": [
        {
          ""option_id"": ""A"",
          ""pos"": ""N"",
          ""analysis"": {
            ""kind"": ""lexical"",
            ""root"": ""ዐማፅ"",
            ""lemma"": ""ዐማፅያን"",
            ""pattern"": null
          },
          ""confidence"": {
            ""type"": ""weak"",
            ""score"": null
          },
          ""evidence"": {
            ""lexicon_status"": ""attested_in_lexicon"",
            ""attestation"": [
              ""Leslau_63""
            ],
            ""constraints_checked"": [
              ""root_pattern_compatibility""
            ]
          }
        }
      ]
    }
  ]
}"
8,segment_001,segment,DONE,C:\Users\sasch\visionexe\stories\template\filmsets\story_008\segment_001\segment.txt,"{
  ""meta"": {
    ""schema_version"": ""1.0.0"",
    ""created_at"": ""2026-01-11T03:19:35Z"",
    ""created_by"": ""worker_llm_analysis_Morphologic"",
    ""language"": ""gez"",
    ""tagset_id"": ""GEZ-POS-1"",
    ""tokenization_policy"": ""whitespace""
  },
  ""source"": {
    ""witness_id"": ""story_008/segment_001"",
    ""graphematic_string"": ""Chapter 8 Segment 1\n\nወዛዜኤል፡መሀሮሙ፡ለሰብእ፡\nገቢረ፡ስይፍት፡ወመጠብኅት፡\nወወልታ፡ወድርዓ፡እንግድዓ፡\nርዮሙ፡ዘእምድኅሬሆሙ፡\nወምግባረሆሙ፨ወውቃፋተ፡\nወሰርጐ፡ወተሕሎተ፡ወስንዮ፡\nቀራንብት፡ወእብን፡\nእምሉ፨እብን፡\nቡር፨ወኅሩየ፡ወሎ፡\nጥምዐታተ፡ኅብር፨ወተዋለጠ፡\nዓለም፡"",
    ""normalization_policy"": ""none"",
    ""uncertainties"": []
  },
  ""tokens"": [
    {
      ""token_id"": ""t1"",
      ""surface"": ""Chapter"",
      ""span"": {
        ""start"": 0,
        ""end"": 7
      },
      ""options"": [
        {
          ""option_id"": ""A"",
          ""pos"": ""N"",
          ""analysis"": {
            ""kind"": ""lexical"",
            ""root"": ""chapter"",
            ""lemma"": ""Chapter"",
            ""pattern"": ""unknown""
          },
          ""confidence"": {
            ""type"": ""high"",
            ""score"": 0.9
          },
          ""evidence"": {
            ""lexicon_status"": ""attested_in_lexicon"",
            ""attestation"": [
              ""English loan""
            ],
            ""constraints_checked"": []
          }
        }
      ]
    },
    {
      ""token_id"": ""t2"",
      ""surface"": ""8"",
      ""span"": {
        ""start"": 8,
        ""end"": 9
      },
      ""options"": [
        {
          ""option_id"": ""A"",
          ""pos"": ""NUM"",
          ""analysis"": {
            ""kind"": ""lexical"",
            ""root"": ""8"",
            ""lemma"": ""8"",
            ""pattern"": ""digit""
          },
          ""confidence"": {
            ""type"": ""high"",
            ""score"": 1.0
          },
          ""evidence"": {
            ""lexicon_status"": ""attested_in_lexicon"",
            ""attestation"": [
              ""Numeric""
            ],
            ""constraints_checked"": []
          }
        }
      ]
    },
    {
      ""token_id"": ""t3"",
      ""surface"": ""Segment"",
      ""span"": {
        ""start"": 10,
        ""end"": 17
      },
      ""options"": [
        {
          ""option_id"": ""A"",
          ""pos"": ""N"",
          ""analysis"": {
            ""kind"": ""lexical"",
            ""root"": ""segment"",
            ""lemma"": ""Segment"",
            ""pattern"": ""unknown""
          },
          ""confidence"": {
            ""type"": ""high"",
            ""score"": 0.9
          },
          ""evidence"": {
            ""lexicon_status"": ""attested_in_lexicon"",
            ""attestation"": [
              ""English loan""
            ],
            ""constraints_checked"": []
          }
        }
      ]
    },
    {
      ""token_id"": ""t4"",
      ""surface"": ""1"",
      ""span"": {
        ""start"": 18,
        ""end"": 19
      },
      ""options"": [
        {
          ""option_id"": ""A"",
          ""pos"": ""NUM"",
          ""analysis"": {
            ""kind"": ""lexical"",
            ""root"": ""1"",
            ""lemma"": ""1"",
            ""pattern"": ""digit""
          },
          ""confidence"": {
            ""type"": ""high"",
            ""score"": 1.0
          },
          ""evidence"": {
            ""lexicon_status"": ""attested_in_lexicon"",
            ""attestation"": [
              ""Numeric""
            ],
            ""constraints_checked"": []
          }
        }
      ]
    },
    {
      ""token_id"": ""t5"",
      ""surface"": ""ወዛዜኤል፡መሀሮሙ፡ለሰብእ፡"",
      ""span"": {
        ""start"": 21,
        ""end"": 37
      },
      ""options"": [
        {
          ""option_id"": ""A"",
          ""pos"": ""PN"",
          ""analysis"": {
            ""kind"": ""lexical"",
            ""root"": ""ዛዜኤል"",
            ""lemma"": ""ዛዜኤል"",
            ""pattern"": ""nominal""
          },
          ""confidence"": {
            ""type"": ""medium"",
            ""score"": 0.6
          },
          ""evidence"": {
            ""lexicon_status"": ""attested_in_lexicon"",
            ""attestation"": [
              ""Enoch 8:1""
            ],
            ""constraints_checked"": []
          }
        }
      ]
    },
    {
      ""token_id"": ""t6"",
      ""surface"": ""ገቢረ፡ስይፍት፡ወመጠብኅት፡"",
      ""span"": {
        ""start"": 38,
        ""end"": 54
      },
      ""options"": [
        {
          ""option_id"": ""A"",
          ""pos"": ""N"",
          ""analysis"": {
            ""kind"": ""lexical"",
            ""root"": ""ገብረ"",
            ""lemma"": ""ገቢር"",
            ""pattern"": ""CaCiC""
          },
          ""confidence"": {
            ""type"": ""medium"",
            ""score"": 0.7
          },
          ""evidence"": {
            ""lexicon_status"": ""attested_in_lexicon"",
            ""attestation"": [],
            ""constraints_checked"": []
          }
        }
      ]
    },
    {
      ""token_id"": ""t7"",
      ""surface"": ""ወወልታ፡ወድርዓ፡እንግድዓ፡"",
      ""span"": {
        ""start"": 55,
        ""end"": 71
      },
      ""options"": [
        {
          ""option_id"": ""A"",
          ""pos"": ""N"",
          ""analysis"": {
            ""kind"": ""lexical"",
            ""root"": ""ወልታ"",
            ""lemma"": ""ወልታ"",
            ""pattern"": ""nominal""
          },
          ""confidence"": {
            ""type"": ""medium"",
            ""score"": 0.7
          },
          ""evidence"": {
            ""lexicon_status"": ""attested_in_lexicon"",
            ""attestation"": [],
            ""constraints_checked"": []
          }
        }
      ]
    },
    {
      ""token_id"": ""t8"",
      ""surface"": ""ርዮሙ፡ዘእምድኅሬሆሙ፡"",
      ""span"": {
        ""start"": 72,
        ""end"": 85
      },
      ""options"": [
        {
          ""option_id"": ""A"",
          ""pos"": ""N"",
          ""analysis"": {
            ""kind"": ""lexical"",
            ""root"": ""ርእየ"",
            ""lemma"": ""ርእይ"",
            ""pattern"": ""C1C2C3""
          },
          ""confidence"": {
            ""type"": ""medium"",
            ""score"": 0.6
          },
          ""evidence"": {
            ""lexicon_status"": ""attested_in_lexicon"",
            ""attestation"": [],
            ""constraints_checked"": []
          }
        }
      ]
    },
    {
      ""token_id"": ""t9"",
      ""surface"": ""ወምግባረሆሙ፨ወውቃፋተ፡"",
      ""span"": {
        ""start"": 86,
        ""end"": 100
      },
      ""options"": [
        {
          ""option_id"": ""A"",
          ""pos"": ""N"",
          ""analysis"": {
            ""kind"": ""lexical"",
            ""root"": ""ገብረ"",
            ""lemma"": ""ምግባር"",
            ""pattern"": ""mVCCaC""
          },
          ""confidence"": {
            ""type"": ""medium"",
            ""score"": 0.7
          },
          ""evidence"": {
            ""lexicon_status"": ""attested_in_lexicon"",
            ""attestation"": [],
            ""constraints_checked"": []
          }
        }
      ]
    },
    {
      ""token_id"": ""t10"",
      ""surface"": ""ወሰርጐ፡ወተሕሎተ፡ወስንዮ፡"",
      ""span"": {
        ""start"": 101,
        ""end"": 117
      },
      ""options"": [
        {
          ""option_id"": ""A"",
          ""pos"": ""N"",
          ""analysis"": {
            ""kind"": ""lexical"",
            ""root"": ""ሰርጐ"",
            ""lemma"": ""ሰርጐ"",
            ""pattern"": ""nominal""
          },
          ""confidence"": {
            ""type"": ""medium"",
            ""score"": 0.6
          },
          ""evidence"": {
            ""lexicon_status"": ""attested_in_lexicon"",
            ""attestation"": [],
            ""constraints_checked"": []
          }
        }
      ]
    },
    {
      ""token_id"": ""t11"",
      ""surface"": ""ቀራንብት፡ወእብን፡"",
      ""span"": {
        ""start"": 118,
        ""end"": 129
      },
      ""options"": [
        {
          ""option_id"": ""A"",
          ""pos"": ""N"",
          ""analysis"": {
            ""kind"": ""lexical"",
            ""root"": ""ቀርነበ"",
            ""lemma"": ""ቀራንብት"",
            ""pattern"": ""quadriliteral""
          },
          ""confidence"": {
            ""type"": ""medium"",
            ""score"": 0.7
          },
          ""evidence"": {
            ""lexicon_status"": ""attested_in_lexicon"",
            ""attestation"": [],
            ""constraints_checked"": []
          }
        }
      ]
    },
    {
      ""token_id"": ""t12"",
      ""surface"": ""እምሉ፨እብን፡"",
      ""span"": {
        ""start"": 130,
        ""end"": 138
      },
      ""options"": [
        {
          ""option_id"": ""A"",
          ""pos"": ""N"",
          ""analysis"": {
            ""kind"": ""lexical"",
            ""root"": ""እብን"",
            ""lemma"": ""እብን"",
            ""pattern"": ""nominal""
          },
          ""confidence"": {
            ""type"": ""medium"",
            ""score"": 0.8
          },
          ""evidence"": {
            ""lexicon_status"": ""attested_in_lexicon"",
            ""attestation"": [],
            ""constraints_checked"": []
          }
        }
      ]
    },
    {
      ""token_id"": ""t13"",
      ""surface"": ""ቡር፨ወኅሩየ፡ወሎ፡"",
      ""span"": {
        ""start"": 139,
        ""end"": 150
      },
      ""options"": [
        {
          ""option_id"": ""A"",
          ""pos"": ""ADJ"",
          ""analysis"": {
            ""kind"": ""lexical"",
            ""root"": ""ኀረየ"",
            ""lemma"": ""ኅሩይ"",
            ""pattern"": ""CCuC""
          },
          ""confidence"": {
            ""type"": ""medium"",
            ""score"": 0.6
          },
          ""evidence"": {
            ""lexicon_status"": ""attested_in_lexicon"",
            ""attestation"": [],
            ""constraints_checked"": []
          }
        }
      ]
    },
    {
      ""token_id"": ""t14"",
      ""surface"": ""ጥምዐታተ፡ኅብር፨ወተዋለጠ፡"",
      ""span"": {
        ""start"": 151,
        ""end"": 167
      },
      ""options"": [
        {
          ""option_id"": ""A"",
          ""pos"": ""N"",
          ""analysis"": {
            ""kind"": ""lexical"",
            ""root"": ""ጠምዐ"",
            ""lemma"": ""ጥምዐት"",
            ""pattern"": ""nominal""
          },
          ""confidence"": {
            ""type"": ""medium"",
            ""score"": 0.6
          },
          ""evidence"": {
            ""lexicon_status"": ""attested_in_lexicon"",
            ""attestation"": [],
            ""constraints_checked"": []
          }
        }
      ]
    },
    {
      ""token_id"": ""t15"",
      ""surface"": ""ዓለም፡"",
      ""span"": {
        ""start"": 168,
        ""end"": 172
      },
      ""options"": [
        {
          ""option_id"": ""A"",
          ""pos"": ""N"",
          ""analysis"": {
            ""kind"": ""lexical"",
            ""root"": ""ዐለመ"",
            ""lemma"": ""ዓለም"",
            ""pattern"": ""nominal""
          },
          ""confidence"": {
            ""type"": ""medium"",
            ""score"": 0.8
          },
          ""evidence"": {
            ""lexicon_status"": ""attested_in_lexicon"",
            ""attestation"": [],
            ""constraints_checked"": []
          }
        }
      ]
    }
  ]
}"
8,segment_002,segment,DONE,C:\Users\sasch\visionexe\stories\template\filmsets\story_008\segment_002\segment.txt,"{
  ""meta"": {
    ""schema_version"": ""1.0.0"",
    ""created_at"": ""2026-01-11T03:19:35Z"",
    ""created_by"": ""worker_llm_analysis_Morphologic"",
    ""language"": ""gez"",
    ""tagset_id"": ""GEZ-POS-1"",
    ""tokenization_policy"": ""whitespace""
  },
  ""source"": {
    ""witness_id"": ""story_008/segment_002"",
    ""graphematic_string"": ""Chapter 8 Segment 2\n\nወነ፡ርስዓን፡ዐቢይ፡\nወብዙኅ፨ወዘምዎ፡ወስሕቱ፡\nወማሰነ፡ሉ፡ፍናዊሆሙ፨"",
    ""normalization_policy"": ""none"",
    ""uncertainties"": []
  },
  ""tokens"": [
    {
      ""token_id"": ""t1"",
      ""surface"": ""Chapter"",
      ""span"": {
        ""start"": 0,
        ""end"": 7
      },
      ""options"": [
        {
          ""option_id"": ""A"",
          ""pos"": ""N"",
          ""analysis"": {
            ""kind"": ""lexical"",
            ""root"": ""chapter"",
            ""lemma"": ""Chapter"",
            ""pattern"": ""unknown""
          },
          ""confidence"": {
            ""type"": ""high"",
            ""score"": 0.9
          },
          ""evidence"": {
            ""lexicon_status"": ""attested_in_lexicon"",
            ""attestation"": [],
            ""constraints_checked"": []
          }
        }
      ]
    },
    {
      ""token_id"": ""t2"",
      ""surface"": ""8"",
      ""span"": {
        ""start"": 8,
        ""end"": 9
      },
      ""options"": [
        {
          ""option_id"": ""A"",
          ""pos"": ""NUM"",
          ""analysis"": {
            ""kind"": ""lexical"",
            ""root"": ""8"",
            ""lemma"": ""8"",
            ""pattern"": ""digit""
          },
          ""confidence"": {
            ""type"": ""high"",
            ""score"": 1.0
          },
          ""evidence"": {
            ""lexicon_status"": ""attested_in_lexicon"",
            ""attestation"": [],
            ""constraints_checked"": []
          }
        }
      ]
    },
    {
      ""token_id"": ""t3"",
      ""surface"": ""Segment"",
      ""span"": {
        ""start"": 10,
        ""end"": 17
      },
      ""options"": [
        {
          ""option_id"": ""A"",
          ""pos"": ""N"",
          ""analysis"": {
            ""kind"": ""lexical"",
            ""root"": ""segment"",
            ""lemma"": ""Segment"",
            ""pattern"": ""unknown""
          },
          ""confidence"": {
            ""type"": ""high"",
            ""score"": 0.9
          },
          ""evidence"": {
            ""lexicon_status"": ""attested_in_lexicon"",
            ""attestation"": [],
            ""constraints_checked"": []
          }
        }
      ]
    },
    {
      ""token_id"": ""t4"",
      ""surface"": ""2"",
      ""span"": {
        ""start"": 18,
        ""end"": 19
      },
      ""options"": [
        {
          ""option_id"": ""A"",
          ""pos"": ""NUM"",
          ""analysis"": {
            ""kind"": ""lexical"",
            ""root"": ""2"",
            ""lemma"": ""2"",
            ""pattern"": ""digit""
          },
          ""confidence"": {
            ""type"": ""high"",
            ""score"": 1.0
          },
          ""evidence"": {
            ""lexicon_status"": ""attested_in_lexicon"",
            ""attestation"": [],
            ""constraints_checked"": []
          }
        }
      ]
    },
    {
      ""token_id"": ""t5"",
      ""surface"": ""ወነ፡ርስዓን፡ዐቢይ፡"",
      ""span"": {
        ""start"": 21,
        ""end"": 33
      },
      ""options"": [
        {
          ""option_id"": ""A"",
          ""pos"": ""N"",
          ""analysis"": {
            ""kind"": ""lexical"",
            ""root"": ""ረሰዐ"",
            ""lemma"": ""ርስዓን"",
            ""pattern"": ""nominal""
          },
          ""confidence"": {
            ""type"": ""medium"",
            ""score"": 0.7
          },
          ""evidence"": {
            ""lexicon_status"": ""attested_in_lexicon"",
            ""attestation"": [],
            ""constraints_checked"": []
          }
        }
      ]
    },
    {
      ""token_id"": ""t6"",
      ""surface"": ""ወብዙኅ፨ወዘምዎ፡ወስሕቱ፡"",
      ""span"": {
        ""start"": 34,
        ""end"": 49
      },
      ""options"": [
        {
          ""option_id"": ""A"",
          ""pos"": ""ADJ"",
          ""analysis"": {
            ""kind"": ""lexical"",
            ""root"": ""በዝኀ"",
            ""lemma"": ""ብዙኅ"",
            ""pattern"": ""CCuC""
          },
          ""confidence"": {
            ""type"": ""medium"",
            ""score"": 0.8
          },
          ""evidence"": {
            ""lexicon_status"": ""attested_in_lexicon"",
            ""attestation"": [],
            ""constraints_checked"": []
          }
        }
      ]
    },
    {
      ""token_id"": ""t7"",
      ""surface"": ""ወማሰነ፡ሉ፡ፍናዊሆሙ፨"",
      ""span"": {
        ""start"": 50,
        ""end"": 63
      },
      ""options"": [
        {
          ""option_id"": ""A"",
          ""pos"": ""V"",
          ""analysis"": {
            ""kind"": ""lexical"",
            ""root"": ""ማሰነ"",
            ""lemma"": ""ማሰነ"",
            ""pattern"": ""perfect""
          },
          ""confidence"": {
            ""type"": ""medium"",
            ""score"": 0.7
          },
          ""evidence"": {
            ""lexicon_status"": ""attested_in_lexicon"",
            ""attestation"": [],
            ""constraints_checked"": []
          }
        }
      ]
    }
  ]
}"
8,segment_003,segment,DONE,C:\Users\sasch\visionexe\stories\template\filmsets\story_008\segment_003\segment.txt,"{
  ""meta"": {
    ""schema_version"": ""1.0.0"",
    ""created_at"": ""2026-01-11T03:19:35Z"",
    ""created_by"": ""worker_llm_analysis_Morphologic"",
    ""language"": ""gez"",
    ""tagset_id"": ""GEZ-POS-1"",
    ""tokenization_policy"": ""whitespace""
  },
  ""source"": {
    ""witness_id"": ""story_008/segment_003"",
    ""graphematic_string"": ""Chapter 8 Segment 3\n\nሚዛራስ፡መሀረ፡ሎ፡\nመሰብዕያነ፡ወመታርያነ፡\nሥራው፨ወርማሮስ፡ፈትሐ፡\nስብዐታተ፨ወራቅዓል፡\nራይያነ፡\nዋብት፨ወብኤል፡\nትእምርታተ፨ወጥምኤል፡መሀረ፡\nራእየ፡ብ፨ወስድርኤል፡\nመሀረ፡ሩጸተ፡ወርኅ፨"",
    ""normalization_policy"": ""none"",
    ""uncertainties"": []
  },
  ""tokens"": [
    {
      ""token_id"": ""t1"",
      ""surface"": ""Chapter"",
      ""span"": {
        ""start"": 0,
        ""end"": 7
      },
      ""options"": [
        {
          ""option_id"": ""A"",
          ""pos"": ""N"",
          ""analysis"": {
            ""kind"": ""lexical"",
            ""root"": ""chapter"",
            ""lemma"": ""Chapter"",
            ""pattern"": ""unknown""
          },
          ""confidence"": {
            ""type"": ""high"",
            ""score"": 0.9
          },
          ""evidence"": {
            ""lexicon_status"": ""attested_in_lexicon"",
            ""attestation"": [],
            ""constraints_checked"": []
          }
        }
      ]
    },
    {
      ""token_id"": ""t2"",
      ""surface"": ""8"",
      ""span"": {
        ""start"": 8,
        ""end"": 9
      },
      ""options"": [
        {
          ""option_id"": ""A"",
          ""pos"": ""NUM"",
          ""analysis"": {
            ""kind"": ""lexical"",
            ""root"": ""8"",
            ""lemma"": ""8"",
            ""pattern"": ""digit""
          },
          ""confidence"": {
            ""type"": ""high"",
            ""score"": 1.0
          },
          ""evidence"": {
            ""lexicon_status"": ""attested_in_lexicon"",
            ""attestation"": [],
            ""constraints_checked"": []
          }
        }
      ]
    },
    {
      ""token_id"": ""t3"",
      ""surface"": ""Segment"",
      ""span"": {
        ""start"": 10,
        ""end"": 17
      },
      ""options"": [
        {
          ""option_id"": ""A"",
          ""pos"": ""N"",
          ""analysis"": {
            ""kind"": ""lexical"",
            ""root"": ""segment"",
            ""lemma"": ""Segment"",
            ""pattern"": ""unknown""
          },
          ""confidence"": {
            ""type"": ""high"",
            ""score"": 0.9
          },
          ""evidence"": {
            ""lexicon_status"": ""attested_in_lexicon"",
            ""attestation"": [],
            ""constraints_checked"": []
          }
        }
      ]
    },
    {
      ""token_id"": ""t4"",
      ""surface"": ""3"",
      ""span"": {
        ""start"": 18,
        ""end"": 19
      },
      ""options"": [
        {
          ""option_id"": ""A"",
          ""pos"": ""NUM"",
          ""analysis"": {
            ""kind"": ""lexical"",
            ""root"": ""3"",
            ""lemma"": ""3"",
            ""pattern"": ""digit""
          },
          ""confidence"": {
            ""type"": ""high"",
            ""score"": 1.0
          },
          ""evidence"": {
            ""lexicon_status"": ""attested_in_lexicon"",
            ""attestation"": [],
            ""constraints_checked"": []
          }
        }
      ]
    },
    {
      ""token_id"": ""t5"",
      ""surface"": ""ሚዛራስ፡መሀረ፡ሎ፡"",
      ""span"": {
        ""start"": 21,
        ""end"": 32
      },
      ""options"": [
        {
          ""option_id"": ""A"",
          ""pos"": ""PN"",
          ""analysis"": {
            ""kind"": ""lexical"",
            ""root"": ""ሚዛራስ"",
            ""lemma"": ""ሚዛራስ"",
            ""pattern"": ""nominal""
          },
          ""confidence"": {
            ""type"": ""high"",
            ""score"": 0.8
          },
          ""evidence"": {
            ""lexicon_status"": ""attested_in_lexicon"",
            ""attestation"": [],
            ""constraints_checked"": []
          }
        }
      ]
    },
    {
      ""token_id"": ""t6"",
      ""surface"": ""መሰብዕያነ፡ወመታርያነ፡"",
      ""span"": {
        ""start"": 33,
        ""end"": 47
      },
      ""options"": [
        {
          ""option_id"": ""A"",
          ""pos"": ""N"",
          ""analysis"": {
            ""kind"": ""lexical"",
            ""root"": ""ሰብዐ"",
            ""lemma"": ""መሰብዕያን"",
            ""pattern"": ""mVCCaC""
          },
          ""confidence"": {
            ""type"": ""medium"",
            ""score"": 0.7
          },
          ""evidence"": {
            ""lexicon_status"": ""attested_in_lexicon"",
            ""attestation"": [],
            ""constraints_checked"": []
          }
        }
      ]
    },
    {
      ""token_id"": ""t7"",
      ""surface"": ""ሥራው፨ወርማሮስ፡ፈትሐ፡"",
      ""span"": {
        ""start"": 48,
        ""end"": 62
      },
      ""options"": [
        {
          ""option_id"": ""A"",
          ""pos"": ""N"",
          ""analysis"": {
            ""kind"": ""lexical"",
            ""root"": ""ሥርወ"",
            ""lemma"": ""ሥርው"",
            ""pattern"": ""CCuC""
          },
          ""confidence"": {
            ""type"": ""medium"",
            ""score"": 0.7
          },
          ""evidence"": {
            ""lexicon_status"": ""attested_in_lexicon"",
            ""attestation"": [],
            ""constraints_checked"": []
          }
        }
      ]
    },
    {
      ""token_id"": ""t8"",
      ""surface"": ""ስብዐታተ፨ወራቅዓል፡"",
      ""span"": {
        ""start"": 63,
        ""end"": 75
      },
      ""options"": [
        {
          ""option_id"": ""A"",
          ""pos"": ""N"",
          ""analysis"": {
            ""kind"": ""lexical"",
            ""root"": ""ሰብዐ"",
            ""lemma"": ""ስብዐት"",
            ""pattern"": ""nominal""
          },
          ""confidence"": {
            ""type"": ""medium"",
            ""score"": 0.6
          },
          ""evidence"": {
            ""lexicon_status"": ""attested_in_lexicon"",
            ""attestation"": [],
            ""constraints_checked"": []
          }
        }
      ]
    },
    {
      ""token_id"": ""t9"",
      ""surface"": ""ራይያነ፡"",
      ""span"": {
        ""start"": 76,
        ""end"": 81
      },
      ""options"": [
        {
          ""option_id"": ""A"",
          ""pos"": ""N"",
          ""analysis"": {
            ""kind"": ""lexical"",
            ""root"": ""ርእየ"",
            ""lemma"": ""ራይ"",
            ""pattern"": ""CaCiy""
          },
          ""confidence"": {
            ""type"": ""medium"",
            ""score"": 0.6
          },
          ""evidence"": {
            ""lexicon_status"": ""attested_in_lexicon"",
            ""attestation"": [],
            ""constraints_checked"": []
          }
        }
      ]
    },
    {
      ""token_id"": ""t10"",
      ""surface"": ""ዋብት፨ወብኤል፡"",
      ""span"": {
        ""start"": 82,
        ""end"": 91
      },
      ""options"": [
        {
          ""option_id"": ""A"",
          ""pos"": ""PN"",
          ""analysis"": {
            ""kind"": ""lexical"",
            ""root"": ""ብኤል"",
            ""lemma"": ""ብኤል"",
            ""pattern"": ""nominal""
          },
          ""confidence"": {
            ""type"": ""medium"",
            ""score"": 0.5
          },
          ""evidence"": {
            ""lexicon_status"": ""attested_in_lexicon"",
            ""attestation"": [],
            ""constraints_checked"": []
          }
        }
      ]
    },
    {
      ""token_id"": ""t11"",
      ""surface"": ""ትእምርታተ፨ወጥምኤል፡መሀረ፡"",
      ""span"": {
        ""start"": 92,
        ""end"": 109
      },
      ""options"": [
        {
          ""option_id"": ""A"",
          ""pos"": ""N"",
          ""analysis"": {
            ""kind"": ""lexical"",
            ""root"": ""አመረ"",
            ""lemma"": ""ትእምርት"",
            ""pattern"": ""tVCCVC""
          },
          ""confidence"": {
            ""type"": ""medium"",
            ""score"": 0.8
          },
          ""evidence"": {
            ""lexicon_status"": ""attested_in_lexicon"",
            ""attestation"": [],
            ""constraints_checked"": []
          }
        }
      ]
    },
    {
      ""token_id"": ""t12"",
      ""surface"": ""ራእየ፡ብ፨ወስድርኤል፡"",
      ""span"": {
        ""start"": 110,
        ""end"": 123
      },
      ""options"": [
        {
          ""option_id"": ""A"",
          ""pos"": ""N"",
          ""analysis"": {
            ""kind"": ""lexical"",
            ""root"": ""ርእየ"",
            ""lemma"": ""ራእይ"",
            ""pattern"": ""CaCiC""
          },
          ""confidence"": {
            ""type"": ""medium"",
            ""score"": 0.7
          },
          ""evidence"": {
            ""lexicon_status"": ""attested_in_lexicon"",
            ""attestation"": [],
            ""constraints_checked"": []
          }
        }
      ]
    },
    {
      ""token_id"": ""t13"",
      ""surface"": ""መሀረ፡ሩጸተ፡ወርኅ፨"",
      ""span"": {
        ""start"": 124,
        ""end"": 136
      },
      ""options"": [
        {
          ""option_id"": ""A"",
          ""pos"": ""V"",
          ""analysis"": {
            ""kind"": ""lexical"",
            ""root"": ""መሀረ"",
            ""lemma"": ""መሀረ"",
            ""pattern"": ""perfect""
          },
          ""confidence"": {
            ""type"": ""medium"",
            ""score"": 0.8
          },
          ""evidence"": {
            ""lexicon_status"": ""attested_in_lexicon"",
            ""attestation"": [],
            ""constraints_checked"": []
          }
        }
      ]
    }
  ]
}"
8,segment_004,segment,DONE,C:\Users\sasch\visionexe\stories\template\filmsets\story_008\segment_004\segment.txt,"{
  ""meta"": {
    ""schema_version"": ""1.0.0"",
    ""created_at"": ""2026-01-11T03:19:35Z"",
    ""created_by"": ""worker_llm_analysis_Morphologic"",
    ""language"": ""gez"",
    ""tagset_id"": ""GEZ-POS-1"",
    ""tokenization_policy"": ""whitespace""
  },
  ""source"": {
    ""witness_id"": ""story_008/segment_004"",
    ""graphematic_string"": ""Chapter 8 Segment 4\n\nወሕጕለተ፡ሰብእ፡ጸርሑ፡\nወጽሐ፡ቃሎሙ፡ሰማየ፨፨"",
    ""normalization_policy"": ""none"",
    ""uncertainties"": []
  },
  ""tokens"": [
    {
      ""token_id"": ""t1"",
      ""surface"": ""Chapter"",
      ""span"": {
        ""start"": 0,
        ""end"": 7
      },
      ""options"": [
        {
          ""option_id"": ""A"",
          ""pos"": ""N"",
          ""analysis"": {
            ""kind"": ""lexical"",
            ""root"": ""chapter"",
            ""lemma"": ""Chapter"",
            ""pattern"": ""unknown""
          },
          ""confidence"": {
            ""type"": ""high"",
            ""score"": 0.9
          },
          ""evidence"": {
            ""lexicon_status"": ""attested_in_lexicon"",
            ""attestation"": [],
            ""constraints_checked"": []
          }
        }
      ]
    },
    {
      ""token_id"": ""t2"",
      ""surface"": ""8"",
      ""span"": {
        ""start"": 8,
        ""end"": 9
      },
      ""options"": [
        {
          ""option_id"": ""A"",
          ""pos"": ""NUM"",
          ""analysis"": {
            ""kind"": ""lexical"",
            ""root"": ""8"",
            ""lemma"": ""8"",
            ""pattern"": ""digit""
          },
          ""confidence"": {
            ""type"": ""high"",
            ""score"": 1.0
          },
          ""evidence"": {
            ""lexicon_status"": ""attested_in_lexicon"",
            ""attestation"": [],
            ""constraints_checked"": []
          }
        }
      ]
    },
    {
      ""token_id"": ""t3"",
      ""surface"": ""Segment"",
      ""span"": {
        ""start"": 10,
        ""end"": 17
      },
      ""options"": [
        {
          ""option_id"": ""A"",
          ""pos"": ""N"",
          ""analysis"": {
            ""kind"": ""lexical"",
            ""root"": ""segment"",
            ""lemma"": ""Segment"",
            ""pattern"": ""unknown""
          },
          ""confidence"": {
            ""type"": ""high"",
            ""score"": 0.9
          },
          ""evidence"": {
            ""lexicon_status"": ""attested_in_lexicon"",
            ""attestation"": [],
            ""constraints_checked"": []
          }
        }
      ]
    },
    {
      ""token_id"": ""t4"",
      ""surface"": ""4"",
      ""span"": {
        ""start"": 18,
        ""end"": 19
      },
      ""options"": [
        {
          ""option_id"": ""A"",
          ""pos"": ""NUM"",
          ""analysis"": {
            ""kind"": ""lexical"",
            ""root"": ""4"",
            ""lemma"": ""4"",
            ""pattern"": ""digit""
          },
          ""confidence"": {
            ""type"": ""high"",
            ""score"": 1.0
          },
          ""evidence"": {
            ""lexicon_status"": ""attested_in_lexicon"",
            ""attestation"": [],
            ""constraints_checked"": []
          }
        }
      ]
    },
    {
      ""token_id"": ""t5"",
      ""surface"": ""ወሕጕለተ፡ሰብእ፡ጸርሑ፡"",
      ""span"": {
        ""start"": 21,
        ""end"": 35
      },
      ""options"": [
        {
          ""option_id"": ""A"",
          ""pos"": ""N"",
          ""analysis"": {
            ""kind"": ""lexical"",
            ""root"": ""ሐጐለ"",
            ""lemma"": ""ሕጕለት"",
            ""pattern"": ""nominal""
          },
          ""confidence"": {
            ""type"": ""medium"",
            ""score"": 0.7
          },
          ""evidence"": {
            ""lexicon_status"": ""attested_in_lexicon"",
            ""attestation"": [],
            ""constraints_checked"": []
          }
        }
      ]
    },
    {
      ""token_id"": ""t6"",
      ""surface"": ""ወጽሐ፡ቃሎሙ፡ሰማየ፨፨"",
      ""span"": {
        ""start"": 36,
        ""end"": 49
      },
      ""options"": [
        {
          ""option_id"": ""A"",
          ""pos"": ""V"",
          ""analysis"": {
            ""kind"": ""lexical"",
            ""root"": ""ወፅአ"",
            ""lemma"": ""ወፅአ"",
            ""pattern"": ""perfect""
          },
          ""confidence"": {
            ""type"": ""medium"",
            ""score"": 0.8
          },
          ""evidence"": {
            ""lexicon_status"": ""attested_in_lexicon"",
            ""attestation"": [],
            ""constraints_checked"": []
          }
        }
      ]
    }
  ]
}"
