ChapterID,SegmentLabel,SegmentType,Status,SourcePath,RawContent
1,segment_001,segment,DONE,C:\Users\sasch\visionexe\stories\template\filmsets\story_001\segment_001\segment.txt,"ቃለ፡ረት፡ዘሄኖ።
መትጽሐፉ፡ሄኖ፡ ነቢይ። -
ቃለ ፡ ረት ፡ ዘሄኖ
— -——— ።። ።።——— - —
መ ፡ ረ ፡ ኅሩያነ ፡ ወጻድቃነ
፨ እለ ፡ ሀለው ፡ ይኩኑ ፡ ዕለተ
፡ መንዳቢ ፨ ለሰስሎ ፡ ሎ ፡
እኩያን ፡ ወረሲዓን ፨፨
ወውሥ ፡ እንሄኖ ፡ ወይቢ
፡ ብእሲ ፡ ጸድቅ ፡ ዘእምኀ ፡
እግዚእብሒር ። እንዘ ፡
ዕይንቲሁ ፡ ሡታት ። ወይሬኢ
፡ራእየ ፡ ቅዱስ ፡ ዘባሰማያት ።
ዘርዩኒ ፡ መለእት ።።
ወሰማዕኩ ፡ ኀቢሀሙ ፡ ሎ ።
ወእመርኩ ፡ ነ ፡ እርይወ
፡ ለዝ ፡ ትውልድለ ፡
ለዘይመጽእ ። ርሕቅተ ፡ እንተ ፡
ኅሩያን ። እቢ ።።
ወውሣእኩ ፡ እንቲሆሙ ፡
ወምስል ፡ ይወፅእ ፡ ቅዱስ ፡
ወዐቢይ ፡ እማንደሩምለ ፡
ወእምህየ ፡ ይይድ ፡ ዱ ፡ ሲና
፡ ደብር ፡ ወያስትሪኢ ፡
ትዕይንቱ ። ወያስተርኢ ፡
ኃይለ ፡ ጽንዐእምሰማይ ።።
ወይፈርህ ፡ ሎ ፡ ወያደለቃልቂ
፡ ትጉሃን ፡
ወይንሥሙ ። ርሃተ ፡ ወረዓድ
፡ ዐቢየ ። እስ ፡ ጽናፈ ፡
ምድር ። ወይደነግዙ ፡ ድር ፡
ነዋኀት ። ወይትመሠዉ ፡ መ ፡
ማዓረ ፡ ግራ ፡ እም ፡ ለህብ ።
ወተሰጠ ፡ ምድር ። ወሎ ፡
ዘውስተ ፡ ምድር ፡ ይትሐጐል
።።
ወይውን ፡ ፍትሐ ፡ ለዕለ ፡
ሎው ፡ ወለዕለ ፡ ጸድቃን ፡
ሎው ፡ ለጻድቃን ፡ ሰለመ ፡
ይገብር ፡ ወየዐቅው ፡ ለኅሩየን
። ወይውን ፡ ሣህለ ፡
ለዕሊሆሙ ፡ ወይውኑ ፡ ሎሙ
፡ ዘምለ ፡ ወይሲርሑ ፡
ወይትረኩ ፡ ወይርህ ፡ ሎሙ ፡
ብርሃነ ፡ ምለ ።። ዐናሁ ፡
ይመጽእ ፡ ገትእልፊት ፡ ቅዱሳን ፡
መ ፡ ይግር ፡ ፍትሐ ፡
ለዕሊሆሙ ፡ ወየሐጕሎሙ ፡
ለረሲዓን ።።
ወይዘልፍ ፡ ሎ ፡ ባሥገ ፡
ባእንተ ፡ ሉ ፡ ዘገብሩ ፡ ወረሰዩ
፡ ለዕሊሆሙ ፡ ኃጥን ፡ ወረሲዓን
። ወጠየቁ ፡ ሎ ፡ ዘውስተ ፡
ሰማይ ፡ ግብረ ። ወእፎ ፡
ይመይጡ ፡ ፍናቂሆሙ ፡ ብርሃናት
፡ ዘውስተ ፡ ሰማይ ፡ መ ፡ ሉ
፡ ይሠርቅ ፡ ወየዐርብ ፡ ሥረዕ ፡
ሎ ፡  ፡ ዘመኑ ፡
ወኢይትዐደዉ ፡ እምሥርዓቶሙ
።። ርእይዋ ፡ ለምድር ፡
ወለብዉ ፡ እንተ ፡ ምግር ፡
ዘይትገር ፡ ብለሙ ፡
ብለሙ ፡ ወቀትለ ፡ ፍቁራኒሆሙ
፡ ወይርዩ ፡ ወዲ ፡ ሐጕለ ፡
ውሉዶሙ ፡ ወይግዕሩ ፡ ወስእሉ ፡
ለዓለም ፡ ወይውን ፡ ምሕረተ
፡ ወሰለመ ።
ወሂኖ ፡ ኀሊፎ ፡ ይቢሎ ፡
ላዛዝኤል ፡ ኢይውነ ፡ ሰለመ
፡ ዐቢይ ፡ ነኒ ፡ ወፅ  ፡ ለዕሊ
፡ ይእስር ።
ወሣንተ ፡ ወስእለተ ፡ ኢይውነ
፡ እንተ ፡ ዘመሀር ፡ ግፍዐ ፡
ወእንተ ፡ ሉ ፡ ምግባራ ፡
ፅርፈት ፡ ወግፍዕ ፡ ወኃጢት ፡
ዘርይ ፡ ለሰብእ ፡ ሜሃ ፡
ሐዊርየ ፡ ነገርዎሙ ፡ ለሎሙ
፡ ኅቡረ ፡ ወእሙንቱ ፡ ፈርሁ ፡
ሎሙ ፡ ወፍርሃት ፡ ወረዓድ ፡
ነሥኦሙ ፡ ወተስሉኒ ፡ መ ፡
እጽሐፍ ፡ ሎሙ ፡ ተዝረ ፡
ስእለት ፡ ወመ ፡ ይኖሙ ፡
ኅድገተ ። ወመ ፡ ነ ፡ ዐርግ
፡ ተዝረ ፡ ስእለቶሙ ፡ ቅድመ ፡
እግዝ ፡ ሰማይ ።።
እስመ ፡ እሙንቱሰ ፡ ኢይሉ ፡
እምይእዜ ፡ ተናግሮ ፡
ወኢያነሥኡ ፡ ዕይቲሆሙ ፡
ወስተ ፡ ሰማይ ፡ እምኀፍረተ ፡
ሰሆሙ ፡ ዘተ—ነኑ ።።
ወሚሃ ፡ ጸሐፍኩ ፡ ተዝረ ፡
ስእለቶሙ ፡ ወስተብቍዐተ ፡
እንተ ፡ ወንፈሶሙ ፡ ወለለ ፡
፬መግሮሙ ፡ ወኦንተ ፡
ዘይስእሉ ፡ መ ፡ ይኖሙ ፡
ስርየተ ፡ ወኑኀተ ።።
ወሐዊርየ ፡ ነርኩ ፡ ዲ ፡ ማያት
፡ ዳን ፡ ዳን ፡ እንተ ፡ ይእቲ ፡
እምየማነ ፡ ዐረ ፡ ርምን ፡
ወነብብ ፡ ተዝረ ፡ ስእለቶሙ ፡
እስመ ፡ ደቀሱኩ ።።
ወድኅሬሁ ፡ ሕልመ ፡ መጽኒ ፡
ወራእያተ ፡ ዲቤየ ፡ ወደቂ ፡
ወርኢኩ ፡ ራእየ ፡ ምቅሠፍተ ፡
እነግር ፡ ለውሉደ ፡ ሰማይ ፡
ወእዝልፎሙ ፡ ወነቁህየ ፡ መጸእኩ
፡ ኀቤሆሙ ፡ ወሎሙ ፡ ጉቡነ
፡ ይነብሩ ፡ እንዘ ፡ ይለሕዉ ፡
ኡብልስያኤል ፡ ዘሀለወት ፡
ማእለ ፡ ሊኖስ ፡ ወሴሴር ፡
እንዘ ፡ ግልቡን ፡ ገጸሙ ፡
ወተናገርኩ ፡ ቅድማሆሙ ፡ ሎ
፡ ራእየተ ፡ ዘርኢኩ ፡ ንዋም ፡
ወጠንኩ ፡ እትናገሮ ፡ ውእቱ ፡
ቃለ ፡ ጽድቅ ፡ ወእዝልፍ ፡
ለትጉሃነ ፡ ስማይ ። ዝመጽሐፍ ፡
ቃለ ፡ ጽድቅ ፡ ወዘለፍ ፡ ትጉሃን ፡
እለ ፡ እምሃለመ ፡ መ ፡ ዘዘ ፡
ቅዲስ ፡ ወዐቢይ ።
ይእቲ ፡ ራእይ ፡ ነ ፡ ርኢኩ ፡
ንዋምየ ፡ ዘነ ፡ ይእዚ ፡ እነግር
፡ ልሳን ፡ ዘሥገ ፡ ወመንፈስየ
፡ ዘወህኒ ፡ ዐቢይ ፡ ፈ ፡
ዘወሀቦኒ ፡ ለስብእ ፡ ይትናገሩ ፡
ቦቱ ፡ ወይሌ
ስመ፡እግዚብሔር፡መሐሪ፡
ወመስተሣህል፡ርሑቀ፡መዓት፡
ወብዙኃ፡ምሕረት፡ወጸድቅ፡
እጽሐፍ፡ንስ፡መጽሐፈ፡ሄኖ፡
ነቢይ፡ረቱ፡ወሀብተ፡ረድኤቱ፡
የሀሉ፡ምስለ፡ገብሩ፡ወልደ፡
ጊዮርጊስ፡ ለዓለመ፡ዓለም፡
ሜን፡
ቃለ፡ረት፡ዘሄኖ፡ዘመ፡
ባረ፡ኅሩያነ፡ወጻድቃነ፡እለ፡
ሀለዉ፡ይኩኑ፡ዕለተ፡ምንዳቤ፡
ለሰስሎ፡ሉ፡እኩያን፡
ወረሲዓን፨"
1,segment_002,segment,DONE,C:\Users\sasch\visionexe\stories\template\filmsets\story_001\segment_002\segment.txt,"ወውሥ፡ወይቤ፡ሄኖ፡
ብእሲ፡ጻድቅ፡ዘእምኀ፡
እግዚብሔር፡እንዘ፡ዕይንቲሁ፡
ሡታት።ወይሬኢ፡ራእየ፡
ቅዱሰ፡ዘሰማያት፡ዘርዩኒ፡
መላእት፨ወሰማዕኩ፡
እምኀቤሆሙ፡
ሎ።ወእመርኩ፡ነ፡ዘእሬኢ፡
ወ፡ለዝ፡ትውልድ፡ላ፡ለዘ፡
ይመጽእ፡እምርሑቃት፡እንተ፡
ኅሩያን፨፨"
1,segment_003,segment,DONE,C:\Users\sasch\visionexe\stories\template\filmsets\story_001\segment_003\segment.txt,"እንተ፡ኅሩያን፨እቤ፡ወውሣእ
ኩ፡እንቲሆሙ፡ምስለ፡ዘይወጽ
እ፡ቅዱስ፡ወዓቢይ፡እማኅደሩ፡ወ
ምላ፡ዓለም።"
1,segment_004,segment,DONE,C:\Users\sasch\visionexe\stories\template\filmsets\story_001\segment_004\segment.txt,"ወእምህየ፡ይይድ፡ዲ፡ሲና፡
ደብር፡ወያስተርኢ፡ትዕይንቱ፡
ወያስተርኢ፡ጽንዓ፡ኃይሉ፡
እምሰማይ፨"
1,segment_005,segment,DONE,C:\Users\sasch\visionexe\stories\template\filmsets\story_001\segment_005\segment.txt,"Chapter 1 Segment 5

ወይፈርህ፡ሉ፡ወያድለቀልቁ፡
ትጉሃን፨ወይነሥኦሙ፡ፍርሀት፡
ወረዓድ፡ዓቢይ፡እስ፡ጽናፈ፡
ምድር፡"
1,segment_006,segment,DONE,C:\Users\sasch\visionexe\stories\template\filmsets\story_001\segment_006\segment.txt,"Chapter 1 Segment 6

ወይደነግፁ፡ድባር፡ነዋኃን፡
ወይቴሐቱ፡ውግር፡
ነዋኃት፨ወይትመሰዉ፡መ፡
መዓረ፡ግራ፡እምላህብ፨"
1,segment_007,segment,DONE,C:\Users\sasch\visionexe\stories\template\filmsets\story_001\segment_007\segment.txt,"ወትሠጠም፡ምድር፡ወሉ፡
ዘውስተ፡ምድር፡ይትኃጐል፡
ወይውን፡ፍትሕ፡ላዕለ፡ሉ፡
ወላዕለ፡ጻድቃን፡ሎሙ፨"
1,segment_008,segment,DONE,C:\Users\sasch\visionexe\stories\template\filmsets\story_001\segment_008\segment.txt,"Chapter 1 Segment 8

ለጻድቃንሰ፡ሰላመ፡ይገብር፡ሎሙ
፤ ወየዐቅቦሙ፡ለኅሩያን፡
ወይውን፡ሣህል፡
ላዕሌሆሙ፨ወይውኑ፡ሎሙ፡
ዘምላ፡ወይሤርሑ፡
ወይትባረኩ፡ወይሀርህ፡ሎሙ፡
ብርሃነ፡ምላ።"
1,segment_009,segment,DONE,C:\Users\sasch\visionexe\stories\template\filmsets\story_001\segment_009\segment.txt,"ወናሁ፡መጽ፡ትእልፈት፡
ቅዱሳን፡መ፡ይግር፡ፍትሐ፡
ላዕሌሆሙ፨ወያሐጕሎሙ፡
ለረሲዓን፡ወይዘለፍ፡ሎ፡
ዘሥጋ፡እንተ፡ሉ፡ዘገብሩ፡
ወረሰዩ፡ላዕሌሁ፡ኃጥን፡
ወረሲዓን።።"
2,segment_001,segment,DONE,C:\Users\sasch\visionexe\stories\template\filmsets\story_002\segment_001\segment.txt,"ጠየቁ፡ሎ፡ዘውስተ፡ሰማይ፡
ግብረ፡እፎ፡ኢይመይጡ፡
ፍናዊሆሙ፡ብርሃናት፡ዘውስተ፡
ሰማይ፡መ፡ሉ፡ይሠርቅ፡
ወየዐርብ፨፨ሥሩዕ፡ሉ፡
ዘመኑ፡ወኢይትዐደዉ፡
እምሥርዓቶሙ፨"
2,segment_002,segment,DONE,C:\Users\sasch\visionexe\stories\template\filmsets\story_002\segment_002\segment.txt,"ርእይዋ፡ለምድር፡ወለብዉ፡
እንተ፡ምግባር፡ዘይትገር፡
ላዕሌሃ፡እምቀዳሚ፡እስ፡
ተፍጻሜቱ፨መ፡እይትመየጥ፡
ሉ፡ምግብሩ፡ለምላ፡እንዘ፡
ያስተርኢ።"
2,segment_003,segment,DONE,C:\Users\sasch\visionexe\stories\template\filmsets\story_002\segment_003\segment.txt,"ርእይዎ፡ለሐጋይ፡ወለረምት፡
መ፡ላ፡ምድር፡መልት፡ማየ፡
ወደመና፡ወጠል፡ወዝናም፡
የዓርፍ፡ላዕሌሃ፨"
3,segment_001,segment,DONE,C:\Users\sasch\visionexe\stories\template\filmsets\story_003\segment_001\segment.txt,"ጠየቁ፡ወርኢኩ፡መ፡ሉ፡
ዐፀው፡እፎ፡ያስተረእዩ፡መ፡
ይቡስን፡ወሉ፡ቍጽሊሆሙ፡
ንጉፋት፡ዘእንለ፡፲ወ፬ዕፀው፡
ዘኢይትነገፍ፡እለ፡ይጸንሑ፡
እምብሉይ፡እስ፡ይመጽእ፡
ሐዲስ፡እምልኤ፡ወእምሠለስቱ፡
ረምት፨"
4,segment_001,segment,DONE,C:\Users\sasch\visionexe\stories\template\filmsets\story_004\segment_001\segment.txt,"Chapter 4 Segment 1

ወዳግመ፡ጠየቁ፡መዋዕለ፡ሐጋይ፡
መ፡ነ፡ላእሌሃ፡ፀሐይ፡
ቅድሜሃ፨ወንትሙሰ፡
ተኀሥሡ፡ምጽላለ፡ወጽላሎተ፡
እንተ፡ዋዕየ፡ፀሐይ፨ወምድርስ፡
ትውዒ፡እሙቀተ፡ሐሩር፡
ወንትሙሰ፡ኢትሉ፡ዪዶታ፡
ለምድር፡ወኢ—ሐ፡እንተ፡
ዋዐያ፨"
5,segment_001,segment,DONE,C:\Users\sasch\visionexe\stories\template\filmsets\story_005\segment_001\segment.txt,"```json
{
  ""graphic_chain"": ""ጠየቁ፡እፎ፡ዕፀው፡ሐመልማለ፡\nቍጽል፡ይትደኑ፡ወይፈርዩ፡\nወለብው፡እንተ፡ሉ፡\nወእምሩ፡መ፡ገብረ፡ለሙ፡\nእሎንተ፡ሎሙ፡ዘሕያው፡\nለዓለም፨"",
  ""uncertainties"": [],
  ""artifacts_removed_log"": [
    ""Chapter 5 Segment 1"",
    ""Blank line header""
  ]
}
```"
5,segment_002,segment,DONE,C:\Users\sasch\visionexe\stories\template\filmsets\story_005\segment_002\segment.txt,"```json
{
  ""graphic_chain"": ""ወምግባሩ፡ቅድሜሁ፡ለለዓመት ፡\nዘይውን፡ወሉ፡ምግባሩ፡\nይትቀነዩ፡ሎቱ፡ወኢይትመየጥ፡\nላ፡መ፡ሠርዐ፡ምላ፡\nመዝ፡ይትገር፡ሉ፨፨"",
  ""uncertainties"": [],
  ""artifacts_removed_log"": [""Chapter 5 Segment 2""]
}
```"
5,segment_003,segment,DONE,C:\Users\sasch\visionexe\stories\template\filmsets\story_005\segment_003\segment.txt,"```json
{
  ""graphic_chain"": ""ወርእዩ፡እፎ፡ብሕርት፡\nወፍላግ፡ኅቡረ፡ይፌጽሙ፡\nግብሮሙ፨"",
  ""uncertainties"": [],
  ""artifacts_removed_log"": [""Chapter 5 Segment 3""]
}
```"
5,segment_004,segment,DONE,C:\Users\sasch\visionexe\stories\template\filmsets\story_005\segment_004\segment.txt,"```json
{
  ""graphic_chain"": ""ወንትሙሰ፡ኢተዐገሥሙ፡\nወኢገርሙ፡ትእዛዘ፡\nእግዚእ፨እላ፡ተዐደውሙ፡\nወሐመይሙ፡ዐቢያተ፡\nወድሩተ፡ቃላተ፡ፍ፡ርኩስት፡\nዘዚሙ፡ላዕለ፡ዕየ፡\nዚሁ፨ይቡሳነ፡ልብ፡\nኢትውነሙ፡ሰላም፨"",
  ""uncertainties"": [],
  ""artifacts_removed_log"": [""Chapter 5 Segment 4""]
}
```"
5,segment_005,segment,DONE,C:\Users\sasch\visionexe\stories\template\filmsets\story_005\segment_005\segment.txt,"```json
{
  ""graphic_chain"": ""ወእንተዝ፡ንትሙ፡\nመዋዕሊሙ፡ትረግሙ፡\nወዓመታተ፡ሕይወትሙ፡\nተሐጕሉ፡ወይዝኅ፡መርገም፡\nዘለዓለም፡ወኢይውነሙ፡\nሣህል፨"",
  ""uncertainties"": [],
  ""artifacts_removed_log"": [""Chapter 5 Segment 5""]
}
```"
5,segment_006,segment,DONE,C:\Users\sasch\visionexe\stories\template\filmsets\story_005\segment_006\segment.txt,"```json
{
  ""graphic_chain"": ""ውእቱ፡መዋዕል፡ትሁቡ፡ሰላመ፡\nዚሙ፡ርግመት፡ዘለዓለም፡\nለሉ፡ጻድቃን ፤ ወያሙ፡\nይረግሙ፡ኃጥን፡\nዘልፈ፨ወለሙ፡ኅቡረ፡ምስለ፡\nኃጥን፨"",
  ""uncertainties"": [],
  ""artifacts_removed_log"": [""Chapter 5 Segment 6""]
}
```"
5,segment_007,segment,DONE,C:\Users\sasch\visionexe\stories\template\filmsets\story_005\segment_007\segment.txt,"```json
{
  ""graphic_chain"": ""ወለኅሩያንሰ፡ይውን፡ብርሃን፡\nወፍሥሓ፡ወሰላም፡ወእሙንቱሰ፡\nይወርስዋ፡ለምድር፨ወለሙሰ፡\nረሲዓን፡ይውነሙ፡ርግመት ፤"",
  ""uncertainties"": [],
  ""artifacts_removed_log"": [""Chapter 5 Segment 7""]
}
```"
5,segment_008,segment,DONE,C:\Users\sasch\visionexe\stories\template\filmsets\story_005\segment_008\segment.txt,"```json
{
  ""graphic_chain"": ""ወመሂ፡ይትወሀቦሙ፡ለኅሩያን፡\nጥብ፡ወሎሙ፡እሎንቱ፡\nየሐይዉ፡ወኢይደግሙ፡\nሳ፨ኢረሲዕ፡ወኢትዕቢት፡\nላ፡ይገንዩ፨ዘቦሙ፡ጥብ፡\nወኢይደግሙ፡ብሶ፨"",
  ""uncertainties"": [],
  ""artifacts_removed_log"": [""Chapter 5 Segment 8""]
}
```"
5,segment_009,segment,DONE,C:\Users\sasch\visionexe\stories\template\filmsets\story_005\segment_009\segment.txt,"```json
{
  ""graphic_chain"": ""ወኢይትነኑ፡ሎ፡መዋዕለ፡\nሕይወቶሙ፡ወኢይመውቱ፡\nመቅሠፍት፡ወኢመዓት፡ላ፡\nልቈ፡መዋዕለ፡ሕይወቶሙ፡\nይፌጽሙ፡ወይልህቅ፡\nሕይወቶሙ፡ሰላም፡ወዓመታተ፡\nፍሥሓሆሙ፡ይዝ፡ሐሤት፡\nወሰላም፡ውስተ፡ሉ፡መዋእለ፡\nሕይወቶሙ፨"",
  ""uncertainties"": [],
  ""artifacts_removed_log"": [
    ""Chapter 5 Segment 9"",
    ""Input Text:""
  ]
}
```"
6,segment_001,segment,DONE,C:\Users\sasch\visionexe\stories\template\filmsets\story_006\segment_001\segment.txt,"```json
{
  ""graphic_chain"": ""ወነ፡እምዘዝ፡ውሉደ፡ሰብእ፡\nእማንቱ፡መዋእል፡ተወልዳ፡\nሎሙ፡ዋልድ፡ሠናያት፡\nወላህያት፨"",
  ""uncertainties"": [],
  ""artifacts_removed_log"": [""Chapter 6 Segment 1""]
}
```"
6,segment_002,segment,DONE,C:\Users\sasch\visionexe\stories\template\filmsets\story_006\segment_002\segment.txt,"```json
{
  ""graphic_chain"": ""ወርእዩ፡ያሆን፡መላእት፡\nውሉደ፡ሰማያት፡\nወፈተውዎን፨ወይቤሉ፡\nይናቲሆሙ፡ንዑ፡ንኅረይ፡ለነ፡\nንስተ፡እምውሉደ፡ሰብእ፡\nወንወለድ፡ለነ፡ውሉደ፨"",
  ""uncertainties"": [],
  ""artifacts_removed_log"": [""Chapter 6 Segment 2""]
}
```"
6,segment_003,segment,DONE,C:\Users\sasch\visionexe\stories\template\filmsets\story_006\segment_003\segment.txt,"```json
{
  ""graphic_chain"": ""ወይቤሎሙ፡ስምያዛ፡ዘውእቱ፡\nመልሙ፨እፈርህ፡ዮጊ፡\nኢትፈቅዱ፡ይትገር፡ዝንቱ፡\nግብር፨ወእውን፡ነ፡\nባሕቲትየ፡ፈዳዪሃ፡ለዛቲ፡\nለኅጢት፡ዐባይ ፧"",
  ""uncertainties"": [],
  ""artifacts_removed_log"": [""Chapter 6 Segment 3""]
}
```"
6,segment_004,segment,DONE,C:\Users\sasch\visionexe\stories\template\filmsets\story_006\segment_004\segment.txt,"```json
{
  ""graphic_chain"": ""ወውሥኡ፡ሎቱ፡ሎሙ፡\nወይቤሉ፡መሐላ፡ንምሐል፡ልነ፡\nወንትዋገዝ፡ይናቲነ፡መ፡\nኢንሚጣ፡ለዛቲ፡ምር፡\nወንግራ፡ለዛቲ፡ምር፡\nግብረ፨፨"",
  ""uncertainties"": [],
  ""artifacts_removed_log"": [""Chapter 6 Segment 4""]
}
```"
6,segment_005,segment,DONE,C:\Users\sasch\visionexe\stories\template\filmsets\story_006\segment_005\segment.txt,"```json
{
  ""graphic_chain"": ""ሜሃ፡መሐሉ፡ሎሙ፡ኅቡረ፡\nወውገዙ፡ሎሙ፡\nይናቲሆሙ፡ቦቱ፨ወኑ፡\nሎሙ፡፪፻፨"",
  ""uncertainties"": [],
  ""artifacts_removed_log"": [""Chapter 6 Segment 5""]
}
```"
6,segment_006,segment,DONE,C:\Users\sasch\visionexe\stories\template\filmsets\story_006\segment_006\segment.txt,"```json
{
  ""graphic_chain"": "". ፪፻        -\n.        , ፪፻,  -\n.   ፩፩,    ,    ,\nወወረዱ፡ውስተ፡ርዲስ፡\nዝውእቱ፡ድማሑ፡ለደብረ፡\nርሞን፨ወጸውዕዎ፡ለደብረ፡\nርሞን፡እስመ፡መሐሉ፡\nወውገዙ፡ይናቲሆሙ፨"",
  ""uncertainties"": [],
  ""artifacts_removed_log"": [""Chapter 6 Segment 6""]
}
```"
6,segment_007,segment,DONE,C:\Users\sasch\visionexe\stories\template\filmsets\story_006\segment_007\segment.txt,"```json
{
  ""graphic_chain"": ""አርሞን ,    .       ,   []\nወዝንቱ፡ስማቲሆሙ፡\nለመላእቲሆሙ፡\nሴሚያዛ፨ዘንቱ፡ውእቱ፡\nመልሙ፨ኡራራሜኤል፨\nኤል፨ጣሜኤል፨ራሙኤል\n፨ዳንኤል፨ኤዜቄኤል፨ራቁያ\nል፨ሳኤል፨ርሜሮስ፨ጠር\nኤል፨ናንኤል፨ዘቄሌ፨ስምሳ\nፒቤኤል፨ሰትርኤል፨ጡርኤል\n፨ዮምያል፨ራዝያል፨"",
  ""uncertainties"": [
    {
      ""position"": ""word '[]' in line 1"",
      ""reason"": ""placeholder for missing text"",
      ""alternatives"": [""[]""]
    }
  ],
  ""artifacts_removed_log"": [
    ""Chapter 6 Segment 7 Header""
  ]
}
```"
6,segment_008,segment,DONE,C:\Users\sasch\visionexe\stories\template\filmsets\story_006\segment_008\segment.txt,"```json
{
  ""graphic_chain"": ""እሉ፡እሙንቱ፡ሐይቶሙ፡ለ፪፻፡መላእት፡ዐሠርተ፡ወባዕዳን፡ሉ፡ምስሌሆሙ፡ወነሥኡ፡ሎሙ፡ንስተ፨"",
  ""uncertainties"": [],
  ""artifacts_removed_log"": [""Chapter 6 Segment 8""]
}
```"
7,segment_001,segment,DONE,C:\Users\sasch\visionexe\stories\template\filmsets\story_007\segment_001\segment.txt,"```json
{
  ""graphic_chain"": ""ወነሥኡ፡ሎሙ፡ንስት፡ወኀረየ፡\nሉ፡ለለ፡ርእሱ፡ሐተ፡\nሐተ፨ወወጠኑ፡ይባኡ፡\nኀቤሆን፡ወተደመሩ፡ምስሌሆን፡\nወመህርዎን፡\nሥራያተ፨ወስብዐታተ፡ወመቲረ፡\nሥርው፡ወዕፀው፨መርዎን፨"",
  ""uncertainties"": [],
  ""artifacts_removed_log"": [""Chapter 7 Segment 1""]
}
```"
7,segment_002,segment,DONE,C:\Users\sasch\visionexe\stories\template\filmsets\story_007\segment_002\segment.txt,"```json
{
  ""graphic_chain"": ""ወእማንቱሰ፡ፀንሳ፡ወወለዳ፡\nረዐይተ፨ዐይተ፡ወቆሞሙ፡\n፴፻፡እመት፨"",
  ""uncertainties"": [],
  ""artifacts_removed_log"": [""Chapter 7 Segment 2""]
}
```"
7,segment_003,segment,DONE,C:\Users\sasch\visionexe\stories\template\filmsets\story_007\segment_003\segment.txt,"```json
{
  ""graphic_chain"": ""እሉ፡ልዑ፡ሎ፡ፃማ፡ሰብእ፡\nእስ፡ስእንዎን፡ሴስዮተ፡ሰብእ፨"",
  ""uncertainties"": [],
  ""artifacts_removed_log"": [""Chapter 7 Segment 3""]
}
```"
7,segment_004,segment,DONE,C:\Users\sasch\visionexe\stories\template\filmsets\story_007\segment_004\segment.txt,"```json
{
  ""graphic_chain"": ""ወተመይጡ፡ረዓይት፡ላዕሌሆሙ፡\nይብልዕዎሙ፡ለሰብእ፨"",
  ""uncertainties"": [],
  ""artifacts_removed_log"": [""Chapter 7 Segment 4""]
}
```"
7,segment_005,segment,DONE,C:\Users\sasch\visionexe\stories\template\filmsets\story_007\segment_005\segment.txt,"```json
{
  ""graphic_chain"": ""ወወጠኑ፡የብሱ፡ዕዋፍ፡\nወዲ፡ራዊት፡ወዘ፡\nይትሐወስ፡ወዐሣት፨፨\nወሥጋሆሙ፡፡ይናቲሆሙ፡\nትባልዑ፨ወደመ፡ስትዩ፡\nእምሃ፨"",
  ""uncertainties"": [],
  ""artifacts_removed_log"": [""Chapter 7 Segment 5""]
}
```"
7,segment_006,segment,DONE,C:\Users\sasch\visionexe\stories\template\filmsets\story_007\segment_006\segment.txt,"```json
{
  ""graphic_chain"": ""ሜሃ፡ምድር፡ሰየቶሙ፡\nለዐማፅያን፨፨"",
  ""uncertainties"": [],
  ""artifacts_removed_log"": [""Chapter 7 Segment 6""]
}
```"
8,segment_001,segment,DONE,C:\Users\sasch\visionexe\stories\template\filmsets\story_008\segment_001\segment.txt,"```json
{
  ""graphic_chain"": ""ወዛዜኤል፡መሀሮሙ፡ለሰብእ፡ገቢረ፡ስይፍት፡ወመጠብኅት፡ወወልታ፡ወድርዓ፡እንግድዓ፡ርዮሙ፡ዘእምድኅሬሆሙ፡ወምግባረሆሙ፨ወውቃፋተ፡ወሰርጐ፡ወተሕሎተ፡ወስንዮ፡ቀራንብት፡ወእብን፡እምሉ፨እብን፡ቡር፨ወኅሩየ፡ወሎ፡ጥምዐታተ፡ኅብር፨ወተዋለጠ፡ዓለም፡"",
  ""uncertainties"": [],
  ""artifacts_removed_log"": [""Chapter 8 Segment 1""]
}
```"
8,segment_002,segment,DONE,C:\Users\sasch\visionexe\stories\template\filmsets\story_008\segment_002\segment.txt,"```json
{
  ""graphic_chain"": ""ወነ፡ርስዓን፡ዐቢይ፡\nወብዙኅ፨ወዘምዎ፡ወስሕቱ፡\nወማሰነ፡ሉ፡ፍናዊሆሙ፨"",
  ""uncertainties"": [],
  ""artifacts_removed_log"": [""Chapter 8 Segment 2""]
}
```"
8,segment_003,segment,DONE,C:\Users\sasch\visionexe\stories\template\filmsets\story_008\segment_003\segment.txt,"```json
{
  ""graphic_chain"": ""ሚዛራስ፡መሀረ፡ሎ፡\nመሰብዕያነ፡ወመታርያነ፡\nሥራው፨ወርማሮስ፡ፈትሐ፡\nስብዐታተ፨ወራቅዓል፡\nራይያነ፡\nዋብት፨ወብኤል፡\nትእምርታተ፨ወጥምኤል፡መሀረ፡\nራእየ፡ብ፨ወስድርኤል፡\nመሀረ፡ሩጸተ፡ወርኅ፨"",
  ""uncertainties"": [],
  ""artifacts_removed_log"": [""Chapter 8 Segment 3""]
}
```"
8,segment_004,segment,DONE,C:\Users\sasch\visionexe\stories\template\filmsets\story_008\segment_004\segment.txt,"```json
{
  ""graphic_chain"": ""ወሕጕለተ፡ሰብእ፡ጸርሑ፡\nወጽሐ፡ቃሎሙ፡ሰማየ፨፨"",
  ""uncertainties"": [],
  ""artifacts_removed_log"": [""Chapter 8 Segment 4""]
}
```"
1,segment_001,segment,DONE,C:\Users\sasch\visionexe\stories\template\filmsets\story_001\segment_001\segment.txt,"```json
{
  ""graphematics"": {
    ""raw_input_snapshot"": ""Chapter 1 Segment 1\n\nቃለ፡ረት፡ዘሄኖ።\nመትጽሐፉ፡ሄኖ፡ ነቢይ። -\nቃለ ፡ ረት ፡ ዘሄኖ\n— -——— ።። ።።——— - —\nመ ፡ ረ ፡ ኅሩያነ ፡ ወጻድቃነ\n፨ እለ ፡ ሀለው ፡ ይኩኑ ፡ ዕለተ\n፡ መንዳቢ ፨ ለሰስሎ ፡ ሎ ፡\nእኩያን ፡ ወረሲዓን ፨፨"",
    ""clean_geez_chain"": ""ቃለ፡ረት፡ዘሄኖ።\nመትጽሐፉ፡ሄኖ፡ ነቢይ።\nቃለ ፡ ረት ፡ ዘሄኖ\n።። ።።\nመ ፡ ረ ፡ ኅሩያነ ፡ ወጻድቃነ\n፨ እለ ፡ ሀለው ፡ ይኩኑ ፡ ዕለተ\n፡ መንዳቢ ፨ ለሰስሎ ፡ ሎ ፡\nእኩያን ፡ ወረሲዓን ፨፨"",
    ""punctuation_markers"": [""፡"", ""።"", ""፨""],
    ""removed_artifacts"": [""dash"", ""english-text""]
  }
}
```"
1,segment_002,segment,DONE,C:\Users\sasch\visionexe\stories\template\filmsets\story_001\segment_002\segment.txt,"```json
{
  ""graphematics"": {
    ""raw_input_snapshot"": ""Chapter 1 Segment 2\n\nወውሥ፡ወይቤ፡ሄኖ፡\nብእሲ፡ጻድቅ፡ዘእምኀ፡\nእግዚብሔር፡እንዘ፡ዕይንቲሁ፡\nሡታት።ወይሬኢ፡ራእየ፡\nቅዱሰ፡ዘሰማያት፡ዘርዩኒ፡\nመላእት፨ወሰማዕኩ፡\nእምኀቤሆሙ፡\nሎ።ወእመርኩ፡ነ፡ዘእሬኢ፡\nወ፡ለዝ፡ትውልድ፡ላ፡ለዘ፡\nይመጽእ፡እምርሑቃት፡እንተ፡\nኅሩያን፨፨"",
    ""clean_geez_chain"": ""ወውሥ፡ወይቤ፡ሄኖ፡ ብእሲ፡ጻድቅ፡ዘእምኀ፡ እግዚብሔር፡እንዘ፡ዕይንቲሁ፡ ሡታት።ወይሬኢ፡ራእየ፡ ቅዱሰ፡ዘሰማያት፡ዘርዩኒ፡ መላእት፨ወሰማዕኩ፡ እምኀቤሆሙ፡ ሎ።ወእመርኩ፡ነ፡ዘእሬኢ፡ ወ፡ለዝ፡ትውልድ፡ላ፡ለዘ፡ ይመጽእ፡እምርሑቃት፡እንተ፡ ኅሩያን፨፨"",
    ""punctuation_markers"": [""፡"", ""።"", ""፨""],
    ""removed_artifacts"": [""English header""]
  }
}
```"
1,segment_003,segment,DONE,C:\Users\sasch\visionexe\stories\template\filmsets\story_001\segment_003\segment.txt,"```json
{
  ""graphematics"": {
    ""raw_input_snapshot"": ""Chapter 1 Segment 3\n\nእንተ፡ኅሩያን፨እቤ፡ወውሣእ\nኩ፡እንቲሆሙ፡ምስለ፡ዘይወጽ\nእ፡ቅዱስ፡ወዓቢይ፡እማንደሩ፡ወ\nምላ፡ዓለም።"",
    ""clean_geez_chain"": ""እንተ፡ኅሩያን፨እቤ፡ወውሣእኩ፡እንቲሆሙ፡ምስለ፡ዘይወጽእ፡ቅዱስ፡ወዓቢይ፡እማንደሩ፡ወምላ፡ዓለም።"",
    ""punctuation_markers"": [""፡"", ""።"", ""፨""],
    ""removed_artifacts"": [""Chapter 1 Segment 3"", ""line breaks""]
  }
}
```"
1,segment_004,segment,DONE,C:\Users\sasch\visionexe\stories\template\filmsets\story_001\segment_004\segment.txt,"```json
{
  ""graphematics"": {
    ""raw_input_snapshot"": ""Chapter 1 Segment 4\n\nወእምህየ፡ይይድ፡ዲ፡ሲና፡\nደብር፡ወያስተርኢ፡ትዕይንቱ፡\nወያስተርኢ፡ጽንዓ፡ኃይሉ፡\nእምሰማይ፨"",
    ""clean_geez_chain"": ""ወእምህየ፡ይይድ፡ዲ፡ሲና፡ደብር፡ወያስተርኢ፡ትዕይንቱ፡ወያስተርኢ፡ጽንዓ፡ኃይሉ፡እምሰማይ፨"",
    ""punctuation_markers"": [""፡"", ""፨""],
    ""removed_artifacts"": []
  }
}
```"
1,segment_005,segment,DONE,C:\Users\sasch\visionexe\stories\template\filmsets\story_001\segment_005\segment.txt,"```json
{
  ""graphematics"": {
    ""raw_input_snapshot"": ""Chapter 1 Segment 5\n\nወይፈርህ፡ሉ፡ወያድለቀልቁ፡\nትጉሃን፨ወይነሥኦሙ፡ፍርሀት፡\nወረዓድ፡ዓቢይ፡እስ፡ጽናፈ፡\nምድር፡"",
    ""clean_geez_chain"": ""ወይፈርህ፡ሉ፡ወያድለቀልቁ፡\nትጉሃን፨ወይነሥኦሙ፡ፍርሀት፡\nወረዓድ፡ዓቢይ፡እስ፡ጽናፈ፡\nምድር፡"",
    ""punctuation_markers"": [""፡"", ""፨""],
    ""removed_artifacts"": [""Chapter 1 Segment 5""]
  }
}
```"
1,segment_006,segment,DONE,C:\Users\sasch\visionexe\stories\template\filmsets\story_001\segment_006\segment.txt,"```json
{
  ""graphematics"": {
    ""raw_input_snapshot"": ""Chapter 1 Segment 6\n\nወይደነግፁ፡ድባር፡ነዋኃን፡\nወይቴሐቱ፡ውግር፡\nነዋኃት፨ወይትመሰዉ፡መ፡\nመዓረ፡ግራ፡እምላህብ፨"",
    ""clean_geez_chain"": ""ወይደነግፁ፡ድባር፡ነዋኃን፡ወይቴሐቱ፡ውግር፡ነዋኃት፨ወይትመሰዉ፡መ፡መዓረ፡ግራ፡እምላህብ፨"",
    ""punctuation_markers"": [""፡"", ""፨""],
    ""removed_artifacts"": []
  }
}
```"
1,segment_001,segment,DONE,C:\Users\sasch\visionexe\stories\template\filmsets\story_001\segment_001\segment.txt,"```json
{
  ""source"": {
    ""witness_id"": ""chapter_001/segment_001"",
    ""graphematic_string"": ""ቃለ፡ረት፡ዘሄኖ።\nመትጽሐፉ፡ሄኖ፡ ነቢይ።\nቃለ ፡ ረት ፡ ዘሄኖ\n።። ።።\nመ ፡ ረ ፡ ኅሩያነ ፡ ወጻድቃነ\n፨ እለ ፡ ሀለው ፡ ይኩኑ ፡ ዕለተ\n፡ መንዳቢ ፨ ለሰስሎ ፡ ሎ ፡\nእኩያን ፡ ወረሲዓን ፨፨"",
    ""normalization_policy"": ""none"",
    ""punctuation_markers"": [
      ""፡"",
      ""።"",
      ""፨""
    ],
    ""removed_artifacts"": [
      ""Chapter 1 Segment 1"",
      ""Latin dash (-)"",
      ""Horizontal separator lines (— -——— / ——— - —)""
    ],
    ""uncertainties"": []
  }
}
```"
1,segment_002,segment,DONE,C:\Users\sasch\visionexe\stories\template\filmsets\story_001\segment_002\segment.txt,"```json
{
  ""source"": {
    ""witness_id"": ""chapter_1/segment_2"",
    ""graphematic_string"": ""ወውሥ፡ወይቤ፡ሄኖ፡\nብእሲ፡ጻድቅ፡ዘእምኀ፡\nእግዚብሔር፡እንዘ፡ዕይንቲሁ፡\nሡታት።ወይሬኢ፡ራእየ፡\nቅዱሰ፡ዘሰማያት፡ዘርዩኒ፡\nመላእት፨ወሰማዕኩ፡\nእምኀቤሆሙ፡\nሎ።ወእመርኩ፡ነ፡ዘእሬኢ፡\nወ፡ለዝ፡ትውልድ፡ላ፡ለዘ፡\nይመጽእ፡እምርሑቃት፡እንተ፡\nኅሩያን፨፨"",
    ""normalization_policy"": ""none"",
    ""punctuation_markers"": [
      ""፡"",
      ""።"",
      ""፨""
    ],
    ""removed_artifacts"": [
      ""Chapter 1 Segment 2""
    ],
    ""uncertainties"": []
  }
}
```"
1,segment_003,segment,DONE,C:\Users\sasch\visionexe\stories\template\filmsets\story_001\segment_003\segment.txt,"```json
{
  ""source"": {
    ""witness_id"": ""chapter_1/segment_3"",
    ""graphematic_string"": ""እንተ፡ኅሩያን፨እቤ፡ወውሣእ\nኩ፡እንቲሆሙ፡ምስለ፡ዘይወጽ\nእ፡ቅዱስ፡ወዓቢይ፡እማኅደሩ፡ወ\nምላ፡ዓለም።"",
    ""normalization_policy"": ""none"",
    ""punctuation_markers"": [
      ""፡"",
      ""፨"",
      ""።""
    ],
    ""removed_artifacts"": [
      ""Chapter 1 Segment 3""
    ],
    ""uncertainties"": []
  }
}
```"
1,segment_004,segment,DONE,C:\Users\sasch\visionexe\stories\template\filmsets\story_001\segment_004\segment.txt,"```json
{
  ""source"": {
    ""witness_id"": ""chapter_1/segment_4"",
    ""graphematic_string"": ""ወእምህየ፡ይይድ፡ዲ፡ሲና፡\nደብር፡ወያስተርኢ፡ትዕይንቱ፡\nወያስተርኢ፡ጽንዓ፡ኃይሉ፡\nእምሰማይ፨"",
    ""normalization_policy"": ""none"",
    ""punctuation_markers"": [
      ""፡"",
      ""፨""
    ],
    ""removed_artifacts"": [
      ""Chapter 1 Segment 4""
    ],
    ""uncertainties"": []
  }
}
```"
1,segment_005,segment,DONE,C:\Users\sasch\visionexe\stories\template\filmsets\story_001\segment_005\segment.txt,"{
  ""source"": {
    ""witness_id"": ""chapter_1/segment_5"",
    ""graphematic_string"": ""ወይፈርህ፡ሉ፡ወያድለቀልቁ፡\nትጉሃን፨ወይነሥኦሙ፡ፍርሀት፡\nወረዓድ፡ዓቢይ፡እስ፡ጽናፈ፡\nምድር፡"",
    ""normalization_policy"": ""none"",
    ""punctuation_markers"": [
      ""፡"",
      ""፨""
    ],
    ""removed_artifacts"": [
      ""Chapter 1 Segment 5""
    ],
    ""uncertainties"": []
  }
}"
1,segment_006,segment,DONE,C:\Users\sasch\visionexe\stories\template\filmsets\story_001\segment_006\segment.txt,"```json
{
  ""source"": {
    ""witness_id"": ""chapter_1/segment_6"",
    ""graphematic_string"": ""ወይደነግፁ፡ድባር፡ነዋኃን፡\nወይቴሐቱ፡ውግር፡\nነዋኃት፨ወይትመሰዉ፡መ፡\nመዓረ፡ግራ፡እምላህብ፨"",
    ""normalization_policy"": ""none"",
    ""punctuation_markers"": [""፡"", ""፨""],
    ""removed_artifacts"": [""Chapter 1 Segment 6""],
    ""uncertainties"": []
  }
}
```"
1,segment_007,segment,DONE,C:\Users\sasch\visionexe\stories\template\filmsets\story_001\segment_007\segment.txt,"```json
{
  ""source"": {
    ""witness_id"": ""chapter_1/segment_7"",
    ""graphematic_string"": ""ወትሠጠም፡ምድር፡ወሉ፡\nዘውስተ፡ምድር፡ይትኃጐል፡\nወይውን፡ፍትሕ፡ላዕለ፡ሉ፡\nወላዕለ፡ጻድቃን፡ሎሙ፨"",
    ""normalization_policy"": ""none"",
    ""punctuation_markers"": [
      ""፡"",
      ""፨""
    ],
    ""removed_artifacts"": [
      ""Chapter 1 Segment 7""
    ],
    ""uncertainties"": []
  }
}
```"
1,segment_008,segment,DONE,C:\Users\sasch\visionexe\stories\template\filmsets\story_001\segment_008\segment.txt,"```json
{
  ""source"": {
    ""witness_id"": ""chapter_1/segment_8"",
    ""graphematic_string"": ""ለጻድቃንሰ፡ሰላመ፡ይገብር፡ሎሙ\n፤ ወየዐቅቦሙ፡ለኅሩያን፡\nወይውን፡ሣህል፡\nላዕሌሆሙ፨ወይውኑ፡ሎሙ፡\nዘምላ፡ወይሤርሑ፡\nወይትባረኩ፡ወይሀርህ፡ሎሙ፡\nብርሃነ፡ምላ።"",
    ""normalization_policy"": ""none"",
    ""punctuation_markers"": [
      ""፡"",
      ""፤"",
      ""፨"",
      ""።""
    ],
    ""removed_artifacts"": [
      ""Chapter 1 Segment 8""
    ],
    ""uncertainties"": []
  }
}
```"
1,segment_009,segment,DONE,C:\Users\sasch\visionexe\stories\template\filmsets\story_001\segment_009\segment.txt,"{
  ""source"": {
    ""witness_id"": ""chapter_1/segment_9"",
    ""graphematic_string"": ""ወናሁ፡መጽ፡ትእልፈት፡\nቅዱሳን፡መ፡ይግር፡ፍትሐ፡\nላዕሌሆሙ፨ወያሐጕሎሙ፡\nለረሲዓን፡ወይዘለፍ፡ሎ፡\nዘሥጋ፡እንተ፡ሉ፡ዘገብሩ፡\nወረሰዩ፡ላዕሌሁ፡ኃጥን፡\nወረሲዓን።።"",
    ""normalization_policy"": ""none"",
    ""punctuation_markers"": [
      ""፡"",
      ""፨"",
      ""።""
    ],
    ""removed_artifacts"": [
      ""Chapter 1 Segment 9""
    ],
    ""uncertainties"": []
  }
}"
2,segment_001,segment,DONE,C:\Users\sasch\visionexe\stories\template\filmsets\story_002\segment_001\segment.txt,"```json
{
  ""source"": {
    ""witness_id"": ""chapter_002/segment_001"",
    ""graphematic_string"": ""ጠየቁ፡ሎ፡ዘውስተ፡ሰማይ፡\nግብረ፡እፎ፡ኢይመይጡ፡\nፍናዊሆሙ፡ብርሃናት፡ዘውስተ፡\nሰማይ፡መ፡ሉ፡ይሠርቅ፡\nወየዐርብ፨፨ሥሩዕ፡ሉ፡\nዘመኑ፡ወኢይትዐደዉ፡\nእምሥርዓቶሙ፨"",
    ""normalization_policy"": ""none"",
    ""punctuation_markers"": [
      ""፡"",
      ""፨""
    ],
    ""removed_artifacts"": [
      ""Chapter 2 Segment 1""
    ],
    ""uncertainties"": []
  }
}
```"
2,segment_002,segment,DONE,C:\Users\sasch\visionexe\stories\template\filmsets\story_002\segment_002\segment.txt,"```json
{
  ""source"": {
    ""witness_id"": ""chapter_2/segment_2"",
    ""graphematic_string"": ""ርእይዋ፡ለምድር፡ወለብዉ፡\nእንተ፡ምግባር፡ዘይትገር፡\nላዕሌሃ፡እምቀዳሚ፡እስ፡\nተፍጻሜቱ፨መ፡እይትመየጥ፡\nሉ፡ምግብሩ፡ለምላ፡እንዘ፡\nያስተርኢ።"",
    ""normalization_policy"": ""none"",
    ""punctuation_markers"": [
      ""፡"",
      ""፨"",
      ""።""
    ],
    ""removed_artifacts"": [
      ""Chapter 2 Segment 2""
    ],
    ""uncertainties"": []
  }
}
```"
2,segment_003,segment,DONE,C:\Users\sasch\visionexe\stories\template\filmsets\story_002\segment_003\segment.txt,"```json
{
  ""source"": {
    ""witness_id"": ""chapter_2/segment_3"",
    ""graphematic_string"": ""ርእይዎ፡ለሐጋይ፡ወለረምት፡\nመ፡ላ፡ምድር፡መልት፡ማየ፡\nወደመና፡ወጠል፡ወዝናም፡\nየዓርፍ፡ላዕሌሃ፨"",
    ""normalization_policy"": ""none"",
    ""punctuation_markers"": [
      ""፡"",
      ""፨""
    ],
    ""removed_artifacts"": [
      ""Chapter 2 Segment 3""
    ],
    ""uncertainties"": []
  }
}
```"
3,segment_001,segment,DONE,C:\Users\sasch\visionexe\stories\template\filmsets\story_003\segment_001\segment.txt,"{
  ""source"": {
    ""witness_id"": ""chapter_003/segment_001"",
    ""graphematic_string"": ""ጠየቁ፡ወርኢኩ፡መ፡ሉ፡\nዐፀው፡እፎ፡ያስተረእዩ፡መ፡\nይቡስን፡ወሉ፡ቍጽሊሆሙ፡\nንጉፋት፡ዘእንለ፡፲ወ፬ዕፀው፡\nዘኢይትነገፍ፡እለ፡ይጸንሑ፡\nእምብሉይ፡እስ፡ይመጽእ፡\nሐዲስ፡እምልኤ፡ወእምሠለስቱ፡\nረምት፨"",
    ""normalization_policy"": ""none"",
    ""punctuation_markers"": [""፡"", ""፨""],
    ""removed_artifacts"": [""Latin script header"", ""Arabic numbering""],
    ""uncertainties"": []
  }
}"
4,segment_001,segment,DONE,C:\Users\sasch\visionexe\stories\template\filmsets\story_004\segment_001\segment.txt,"```json
{
  ""source"": {
    ""witness_id"": ""chapter_4/segment_1"",
    ""graphematic_string"": ""ወዳግመ፡ጠየቁ፡መዋዕለ፡ሐጋይ፡\nመ፡ነ፡ላእሌሃ፡ፀሐይ፡\nቅድሜሃ፨ወንትሙሰ፡\nተኀሥሡ፡ምጽላለ፡ወጽላሎተ፡\nእንተ፡ዋዕየ፡ፀሐይ፨ወምድርስ፡\nትውዒ፡እሙቀተ፡ሐሩር፡\nወንትሙሰ፡ኢትሉ፡ዪዶታ፡\nለምድር፡ወኢ—ሐ፡እንተ፡\nዋዐያ፨"",
    ""normalization_policy"": ""none"",
    ""punctuation_markers"": [
      ""፡"",
      ""፨""
    ],
    ""removed_artifacts"": [
      ""Latin header: Chapter 4 Segment 1""
    ],
    ""uncertainties"": [
      {
        ""span"": {
          ""start"": 117,
          ""end"": 118
        },
        ""type"": ""damaged"",
        ""note"": ""Dash symbol indicating illegible or missing text""
      }
    ]
  }
}
```"
5,segment_001,segment,DONE,C:\Users\sasch\visionexe\stories\template\filmsets\story_005\segment_001\segment.txt,"```json
{
  ""source"": {
    ""witness_id"": ""chapter_5/segment_1"",
    ""graphematic_string"": ""ጠየቁ፡እፎ፡ዕፀው፡ሐመልማለ፡\nቍጽል፡ይትደኑ፡ወይፈርዩ፡\nወለብው፡እንተ፡ሉ፡\nወእምሩ፡መ፡ገብረ፡ለሙ፡\nእሎንተ፡ሎሙ፡ዘሕያው፡\nለዓለም፨"",
    ""normalization_policy"": ""none"",
    ""punctuation_markers"": [
      ""፡"",
      ""፨""
    ],
    ""removed_artifacts"": [
      ""Chapter 5 Segment 1""
    ],
    ""uncertainties"": []
  }
}
```"
5,segment_002,segment,DONE,C:\Users\sasch\visionexe\stories\template\filmsets\story_005\segment_002\segment.txt,"```json
{
  ""source"": {
    ""witness_id"": ""chapter_5/segment_2"",
    ""graphematic_string"": ""ወምግባሩ፡ቅድሜሁ፡ለለዓመት ፡\nዘይውን፡ወሉ፡ምግባሩ፡\nይትቀነዩ፡ሎቱ፡ወኢይትመየጥ፡\nላ፡መ፡ሠርዐ፡ምላ፡\nመዝ፡ይትገር፡ሉ፨፨"",
    ""normalization_policy"": ""none"",
    ""punctuation_markers"": [""፡"", ""፨""],
    ""removed_artifacts"": [],
    ""uncertainties"": []
  }
}
```"
9,segment_001,segment,DONE,C:\Users\sasch\visionexe\stories\template\filmsets\story_009\segment_001\segment.txt,"```json
{
  ""source"": {
    ""witness_id"": ""chapter_009/segment_001"",
    ""graphematic_string"": ""ወሜሃ፡ኅወጹ፡ሚኤል፡\nወኡርኤል፨ወገብርኤል፡\nእምሰማይ፡ወርእዩ፡ብዙኅ፡\nደመ፡ዘይትዐው፡\nዲ፨ምድር፡ታሕተ፡\nወሎ፡ዘይትገር፡ዐመፃ፡\nዲ፡ምድር፨"",
    ""normalization_policy"": ""none"",
    ""punctuation_markers"": [
      ""፡"",
      ""፨""
    ],
    ""removed_artifacts"": [
      ""Chapter 9 Segment 1""
    ],
    ""uncertainties"": []
  }
}
```"
9,segment_002,segment,DONE,C:\Users\sasch\visionexe\stories\template\filmsets\story_009\segment_002\segment.txt,"```json
{
  ""source"": {
    ""witness_id"": ""chapter_9/segment_2"",
    ""graphematic_string"": ""ወይቤሉ፡ይናቲሆሙ፡ቃለ፡\nጽራኃቲሆሙ፡ዕራቃ፡ጸርኀት፡\nምድር፡እስ፡ንቀጸ፡ሰማይ፡"",
    ""normalization_policy"": ""none"",
    ""punctuation_markers"": [""፡""],
    ""removed_artifacts"": [""Chapter 9 Segment 2""],
    ""uncertainties"": []
  }
}
```"
9,segment_003,segment,DONE,C:\Users\sasch\visionexe\stories\template\filmsets\story_009\segment_003\segment.txt,"```json
{
  ""source"": {
    ""witness_id"": ""chapter_009/segment_003"",
    ""graphematic_string"": ""ወይእዜኒ፡ለሙ፡ቅዱሳነ፡\nሰማይ፡ይሰዩ፡ነፍሳተ፡ሰብእ፡\nእንዘ፡ይብሉ፨ኀ፡ልዑል፡\nብኡ፡ለነ፡ፍትሐ፡"",
    ""normalization_policy"": ""none"",
    ""punctuation_markers"": [
      ""፡"",
      ""፨""
    ],
    ""removed_artifacts"": [
      ""Chapter 9 Segment 3""
    ],
    ""uncertainties"": []
  }
}
```"
9,segment_004,segment,DONE,C:\Users\sasch\visionexe\stories\template\filmsets\story_009\segment_004\segment.txt,"```json
{
  ""source"": {
    ""witness_id"": ""chapter_9/segment_4"",
    ""graphematic_string"": ""ወይቤሉ፡ለእግዚኦሙ፡\nለንጉሥት፨እስመ፡እግዚኦሙ፡\nለጋእዝት፡ወምላሙ፡\nለማልት፡ወንጉሦሙ፡\nለነገሥት፨ወመንረ፡ስብሐቲሁ፡\nውስተ፡ሎ፡ትውልደ፡\nዓለም፨ወስም፡ቅዱስ፡ወስቡሕ፡\nውስተ፡ሉ፡ትውልደ፡\nዓለም፨ወቡሩ፡ወስቡሕ፨"",
    ""normalization_policy"": ""none"",
    ""punctuation_markers"": [
      ""፡"",
      ""፨""
    ],
    ""removed_artifacts"": [
      ""Chapter 9 Segment 4""
    ],
    ""uncertainties"": []
  }
}
```"
9,segment_005,segment,DONE,C:\Users\sasch\visionexe\stories\template\filmsets\story_009\segment_005\segment.txt,"```json
{
  ""source"": {
    ""witness_id"": ""chapter_9/segment_5"",
    ""graphematic_string"": ""ንተ፡ገር፡ሎ፡ወስልጣነ፡\nሉ፡ምስሌ፨ወሉ፡ሡት፡\nቅድሜ፡ወግሁድ፡ወንተ፡\nትሬኢ፡ሎ፡ወልቦ፡\nዘይትሀል፡ይትኃባእ፡እም፨"",
    ""normalization_policy"": ""none"",
    ""punctuation_markers"": [
      ""፡"",
      ""፨""
    ],
    ""removed_artifacts"": [
      ""Latin script (Chapter 9 Segment 5)""
    ],
    ""uncertainties"": []
  }
}
```"
9,segment_006,segment,DONE,C:\Users\sasch\visionexe\stories\template\filmsets\story_009\segment_006\segment.txt,"```json
{
  ""source"": {
    ""witness_id"": ""chapter_9/segment_6"",
    ""graphematic_string"": ""ርኢ፡ዘገብረ፡ዛዝኤል፡ዘመ፡\nመሀረ፡ሎ፡ዓመፃ፡ዲ፡\nምድር፡ወግሀደ፡ኅቡዓተ፡ዓለም፡\nእለ፡ይትገራ፡ሰማያት፨"",
    ""normalization_policy"": ""none"",
    ""punctuation_markers"": [""፡"", ""፨""],
    ""removed_artifacts"": [""Chapter 9 Segment 6""],
    ""uncertainties"": []
  }
}
```"
9,segment_007,segment,DONE,C:\Users\sasch\visionexe\stories\template\filmsets\story_009\segment_007\segment.txt,"```json
{
  ""source"": {
    ""witness_id"": ""chapter_9/segment_7"",
    ""graphematic_string"": ""ወመረ፡ስብዐታተ፡ስምያዛ፡\nዘንተ፡ወሀብ፡ሥልጣነ፡\nይንን፡እለ፡ምስሌሁ፡ኅቡረ፡"",
    ""normalization_policy"": ""none"",
    ""punctuation_markers"": [
      ""፡"",
      ""፡"",
      ""፡"",
      ""፡"",
      ""፡"",
      ""፡"",
      ""፡"",
      ""፡"",
      ""፡"",
      ""፡""
    ],
    ""removed_artifacts"": [
      ""Chapter 9 Segment 7"",
      ""dash""
    ],
    ""uncertainties"": [
      {
        ""span"": {
          ""start"": 31,
          ""end"": 31
        },
        ""type"": ""damaged"",
        ""note"": ""lacuna indicated by dash""
      }
    ]
  }
}
```"
9,segment_008,segment,DONE,C:\Users\sasch\visionexe\stories\template\filmsets\story_009\segment_008\segment.txt,"```json
{
  ""source"": {
    ""witness_id"": ""chapter_009/segment_008"",
    ""graphematic_string"": ""ወሖሩ፡ኀ፡ዋልደ፡ሰብእ፡\nኅቡረ፡ወሰቡ፡ምስሌሆን፡\nምስለ፡እልኩ፡ንስት፡\nወረሱ፡ወግሀዱ፡ሎቶን፡ሎ፡\nኃጢተ፨"",
    ""normalization_policy"": ""none"",
    ""punctuation_markers"": [
      ""፡"",
      ""፨""
    ],
    ""removed_artifacts"": [
      ""Chapter 9 Segment 8"",
      ""newline characters (preserved in string but semantically artifactual in layout)""
    ],
    ""uncertainties"": []
  }
}
```"
9,segment_009,segment,DONE,C:\Users\sasch\visionexe\stories\template\filmsets\story_009\segment_009\segment.txt,"```json
{
  ""source"": {
    ""witness_id"": ""chapter_9/segment_9"",
    ""graphematic_string"": ""ወንስትሰ፡ወለዳ፡ረዓይተ፡\nወዝ፡መልት፡ላ፡ምድር፡\nደመ፡ወዐመፃ፨"",
    ""normalization_policy"": ""none"",
    ""punctuation_markers"": [
      ""፡"",
      ""፡"",
      ""፡"",
      ""፡"",
      ""፡"",
      ""፡"",
      ""፡"",
      ""፡"",
      ""፨""
    ],
    ""removed_artifacts"": [
      ""Chapter 9 Segment 9""
    ],
    ""uncertainties"": []
  }
}
```"
9,segment_010,segment,DONE,C:\Users\sasch\visionexe\stories\template\filmsets\story_009\segment_010\segment.txt,"```json
{
  ""source"": {
    ""witness_id"": ""chapter_009/segment_010"",
    ""graphematic_string"": ""ወይእዜኒ፡ናሁ፡ይጸርሑ፡ነፍሳት፡ እለ፡ሞቱ፡ወይሰዩ፡እስ፡ ንቀጸ፡ሰማይ፡ወዐርገ፡ ገዓሮሙ፨ወኢይል፡ወፂ፡ እምቅድመ፡ገጸ፡ዐመፃ፡ ዘይትገር፡ዲ፡ምድር፨"",
    ""normalization_policy"": ""none"",
    ""punctuation_markers"": [
      ""፡"",
      ""፨""
    ],
    ""removed_artifacts"": [
      ""Chapter 9 Segment 10""
    ],
    ""uncertainties"": []
  }
}
```"
9,segment_011,segment,DONE,C:\Users\sasch\visionexe\stories\template\filmsets\story_009\segment_011\segment.txt,"```json
{
  ""source"": {
    ""witness_id"": ""chapter_9/segment_11"",
    ""graphematic_string"": ""ወንተ፡ተምር፡ሎ፡ዘእንለ፡\nይኩን፨ንተ፡ተምር፡ዘንተ፡\nወዘዚሆሙ፡ወልቦ፡ዘትነግረነ፡\nወምንተ፡መፍትው፡ንረስዮሙ፡\nእንተ፡ዝንቱ፨፨"",
    ""normalization_policy"": ""none"",
    ""punctuation_markers"": [
      ""፡"",
      ""፨""
    ],
    ""removed_artifacts"": [],
    ""uncertainties"": []
  }
}
```"
10,segment_001,segment,DONE,C:\Users\sasch\visionexe\stories\template\filmsets\story_010\segment_001\segment.txt,"```json
{
  ""source"": {
    ""witness_id"": ""chapter_10/segment_1"",
    ""graphematic_string"": ""ወሜሃ፡ልዑል፡ዓቢይ፡ወቅዱስ፡\nተናገረ፨ወፈነዎ፡ለርስየላልዩር፡\nኀ፡ወልደ፡ላሜ፨ወይቤሎ፡"",
    ""normalization_policy"": ""none"",
    ""punctuation_markers"": [
      ""፡"",
      ""፡"",
      ""፡"",
      ""፡"",
      ""፨"",
      ""፡"",
      ""፡"",
      ""፡"",
      ""፡"",
      ""፨"",
      ""፡""
    ],
    ""removed_artifacts"": [
      ""Chapter 10 Segment 1""
    ],
    ""uncertainties"": []
  }
}
```"
10,segment_002,segment,DONE,C:\Users\sasch\visionexe\stories\template\filmsets\story_010\segment_002\segment.txt,"```json
{
  ""source"": {
    ""witness_id"": ""chapter_10/segment_2"",
    ""graphematic_string"": ""ሎ፡ስመ፡ዚየ፡ኅባዕ፡\nርእሰ፨ወግህድ፡ሎቱ፡ፍጻሜ፡\nዘይመጽእ፡እስመ፡ትትሐጐል፡\nላ፡ምድር፡ወማየ፡ይኅ፡\nይመጽእ፡ሀሎ፡ዲ፡ላ፡ምድር፡\nወይትኀጐል፡ዘሀሎ፡ውስቴታ፨"",
    ""normalization_policy"": ""none"",
    ""punctuation_markers"": [
      ""፡"",
      ""፨""
    ],
    ""removed_artifacts"": [
      ""Chapter 10 Segment 2""
    ],
    ""uncertainties"": []
  }
}
```"
10,segment_003,segment,DONE,C:\Users\sasch\visionexe\stories\template\filmsets\story_010\segment_003\segment.txt,"```json
{
  ""source"": {
    ""witness_id"": ""chapter_10/segment_3"",
    ""graphematic_string"": ""ወይእዜኒ፡መሀሮ፡መ፡ይንፍጽ፡ ወይንር፡ዘርኡ፡ለሎሙ፡ ትውልድ፨"",
    ""normalization_policy"": ""none"",
    ""punctuation_markers"": [
      ""፡"",
      ""፨""
    ],
    ""removed_artifacts"": [
      ""Chapter 10 Segment 3""
    ],
    ""uncertainties"": []
  }
}
```"
10,segment_004,segment,DONE,C:\Users\sasch\visionexe\stories\template\filmsets\story_010\segment_004\segment.txt,"```json
{
  ""source"": {
    ""witness_id"": ""chapter_10/segment_4"",
    ""graphematic_string"": ""ወይቤ፡ዕ፡እግዚእ፡ለሩፋኤል፡\nእስሮ፡ለዛዜኤል፡እዴሁ፡\nወእግሩ፡ወደዮ፡ውስተ፡\nጽልመት፨ወብቅዋ፡ለገዳም፡\nእንተ፡ሀለወት፡ዱድኤል፡\nወደዮ፡ህየ፨"",
    ""normalization_policy"": ""none"",
    ""punctuation_markers"": [
      ""፡"",
      ""፨""
    ],
    ""removed_artifacts"": [
      ""Chapter 10 Segment 4""
    ],
    ""uncertainties"": []
  }
}
```"
10,segment_005,segment,DONE,C:\Users\sasch\visionexe\stories\template\filmsets\story_010\segment_005\segment.txt,"```json
{
  ""source"": {
    ""witness_id"": ""chapter_10/segment_5"",
    ""graphematic_string"": ""በዱድኤል\nድድ ኤል\nወደይ፡ላዕሌሁ፡ዕባነ፡ጠዋያተ፡\nወሊሐተ፡ወድኖ፡\nጽልመተ፨ወህየ፡ይኅድር፡\nለዓለም፡ወድኖ፡ለገጹ፡መ፡\nእይርይ፡ብርሃነ፨"",
    ""normalization_policy"": ""none"",
    ""punctuation_markers"": [
      ""፡"",
      ""፨""
    ],
    ""removed_artifacts"": [
      ""Latin text: Chapter 10 Segment 5"",
      ""dash (-)"",
      ""apostrophe (')"",
      ""comma (,)"",
      ""parenthesis ( )"",
      ""period (.)""
    ],
    ""uncertainties"": []
  }
}
```"
10,segment_006,segment,DONE,C:\Users\sasch\visionexe\stories\template\filmsets\story_010\segment_006\segment.txt,"```json
{
  ""source"": {
    ""witness_id"": ""chapter_10/segment_6"",
    ""graphematic_string"": ""ወዕለት፡ዓባይ፡እንተ፡ነ፡\nመ፡ይትፈነው፡ውስተ፡ዋዕይ፨"",
    ""normalization_policy"": ""none"",
    ""punctuation_markers"": [
      ""፡"",
      ""፨""
    ],
    ""removed_artifacts"": [
      ""Chapter 10 Segment 6""
    ],
    ""uncertainties"": []
  }
}
```"
1,segment_001,segment,DONE,C:\Users\sasch\visionexe\stories\template\filmsets\story_001\segment_001\segment.txt,"{
  ""source"": {
    ""witness_id"": ""story_001/segment_001"",
    ""graphematic_string"": ""Chapter 1 Segment 1\n\nቃለ፡ረት፡ዘሄኖ።\nመትጽሐፉ፡ሄኖ፡ ነቢይ። -\nቃለ ፡ ረት ፡ ዘሄኖ\n— -——— ።። ።።——— - —\nመ ፡ ረ ፡ ኅሩያነ ፡ ወጻድቃነ\n፨ እለ ፡ ሀለው ፡ ይኩኑ ፡ ዕለተ\n፡ መንዳቢ ፨ ለሰስሎ ፡ ሎ ፡\nእኩያን ፡ ወረሲዓን ፨፨"",
    ""normalization_policy"": ""none"",
    ""punctuation_markers"": [
      ""፡"",
      ""።"",
      ""፨""
    ],
    ""removed_artifacts"": [
      ""-"",
      ""—""
    ],
    ""uncertainties"": []
  }
}"
1,segment_002,segment,DONE,C:\Users\sasch\visionexe\stories\template\filmsets\story_001\segment_002\segment.txt,"{
  ""source"": {
    ""witness_id"": ""story_001/segment_002"",
    ""graphematic_string"": ""Chapter 1 Segment 2\n\nወውሥ፡ወይቤ፡ሄኖ፡\nብእሲ፡ጻድቅ፡ዘእምኀ፡\nእግዚብሔር፡እንዘ፡ዕይንቲሁ፡\nሡታት።ወይሬኢ፡ራእየ፡\nቅዱሰ፡ዘሰማያት፡ዘርዩኒ፡\nመላእት፨ወሰማዕኩ፡\nእምኀቤሆሙ፡\nሎ።ወእመርኩ፡ነ፡ዘእሬኢ፡\nወ፡ለዝ፡ትውልድ፡ላ፡ለዘ፡\nይመጽእ፡እምርሑቃት፡እንተ፡\nኅሩያን፨፨"",
    ""normalization_policy"": ""none"",
    ""punctuation_markers"": [
      ""፡"",
      ""።"",
      ""፨""
    ],
    ""removed_artifacts"": [],
    ""uncertainties"": []
  }
}"
1,segment_003,segment,DONE,C:\Users\sasch\visionexe\stories\template\filmsets\story_001\segment_003\segment.txt,"{
  ""source"": {
    ""witness_id"": ""story_001/segment_003"",
    ""graphematic_string"": ""Chapter 1 Segment 3\n\nእንተ፡ኅሩያን፨እቤ፡ወውሣእ\nኩ፡እንቲሆሙ፡ምስለ፡ዘይወጽ\nእ፡ቅዱስ፡ወዓቢይ፡እማኅደሩ፡ወ\nምላ፡ዓለም።"",
    ""normalization_policy"": ""none"",
    ""punctuation_markers"": [
      ""፡"",
      ""፨"",
      ""።""
    ],
    ""removed_artifacts"": [],
    ""uncertainties"": []
  }
}"
1,segment_004,segment,DONE,C:\Users\sasch\visionexe\stories\template\filmsets\story_001\segment_004\segment.txt,"{
  ""source"": {
    ""witness_id"": ""story_001/segment_004"",
    ""graphematic_string"": ""Chapter 1 Segment 4\n\nወእምህየ፡ይይድ፡ዲ፡ሲና፡\nደብር፡ወያስተርኢ፡ትዕይንቱ፡\nወያስተርኢ፡ጽንዓ፡ኃይሉ፡\nእምሰማይ፨"",
    ""normalization_policy"": ""none"",
    ""punctuation_markers"": [
      ""፡"",
      ""፨""
    ],
    ""removed_artifacts"": [],
    ""uncertainties"": []
  }
}"
1,segment_005,segment,DONE,C:\Users\sasch\visionexe\stories\template\filmsets\story_001\segment_005\segment.txt,"{
  ""source"": {
    ""witness_id"": ""story_001/segment_005"",
    ""graphematic_string"": ""Chapter 1 Segment 5\n\nወይፈርህ፡ሉ፡ወያድለቀልቁ፡\nትጉሃን፨ወይነሥኦሙ፡ፍርሀት፡\nወረዓድ፡ዓቢይ፡እስ፡ጽናፈ፡\nምድር፡"",
    ""normalization_policy"": ""none"",
    ""punctuation_markers"": [
      ""፡"",
      ""፨""
    ],
    ""removed_artifacts"": [],
    ""uncertainties"": []
  }
}"
1,segment_006,segment,DONE,C:\Users\sasch\visionexe\stories\template\filmsets\story_001\segment_006\segment.txt,"{
  ""source"": {
    ""witness_id"": ""story_001/segment_006"",
    ""graphematic_string"": ""Chapter 1 Segment 6\n\nወይደነግፁ፡ድባር፡ነዋኃን፡\nወይቴሐቱ፡ውግር፡\nነዋኃት፨ወይትመሰዉ፡መ፡\nመዓረ፡ግራ፡እምላህብ፨"",
    ""normalization_policy"": ""none"",
    ""punctuation_markers"": [
      ""፡"",
      ""፨""
    ],
    ""removed_artifacts"": [],
    ""uncertainties"": []
  }
}"
1,segment_007,segment,DONE,C:\Users\sasch\visionexe\stories\template\filmsets\story_001\segment_007\segment.txt,"{
  ""source"": {
    ""witness_id"": ""story_001/segment_007"",
    ""graphematic_string"": ""Chapter 1 Segment 7\n\nወትሠጠም፡ምድር፡ወሉ፡\nዘውስተ፡ምድር፡ይትኃጐል፡\nወይውን፡ፍትሕ፡ላዕለ፡ሉ፡\nወላዕለ፡ጻድቃን፡ሎሙ፨"",
    ""normalization_policy"": ""none"",
    ""punctuation_markers"": [
      ""፡"",
      ""፨""
    ],
    ""removed_artifacts"": [],
    ""uncertainties"": []
  }
}"
1,segment_008,segment,DONE,C:\Users\sasch\visionexe\stories\template\filmsets\story_001\segment_008\segment.txt,"{
  ""source"": {
    ""witness_id"": ""story_001/segment_008"",
    ""graphematic_string"": ""Chapter 1 Segment 8\n\nለጻድቃንሰ፡ሰላመ፡ይገብር፡ሎሙ\n፤ ወየዐቅቦሙ፡ለኅሩያን፡\nወይውን፡ሣህል፡\nላዕሌሆሙ፨ወይውኑ፡ሎሙ፡\nዘምላ፡ወይሤርሑ፡\nወይትባረኩ፡ወይሀርህ፡ሎሙ፡\nብርሃነ፡ምላ።"",
    ""normalization_policy"": ""none"",
    ""punctuation_markers"": [
      ""፡"",
      ""፤"",
      ""፨"",
      ""።""
    ],
    ""removed_artifacts"": [],
    ""uncertainties"": []
  }
}"
1,segment_009,segment,DONE,C:\Users\sasch\visionexe\stories\template\filmsets\story_001\segment_009\segment.txt,"{
  ""source"": {
    ""witness_id"": ""story_001/segment_009"",
    ""graphematic_string"": ""Chapter 1 Segment 9\n\nወናሁ፡መጽ፡ትእልፈት፡\nቅዱሳን፡መ፡ይግር፡ፍትሐ፡\nላዕሌሆሙ፨ወያሐጕሎሙ፡\nለረሲዓን፡ወይዘለፍ፡ሎ፡\nዘሥጋ፡እንተ፡ሉ፡ዘገብሩ፡\nወረሰዩ፡ላዕሌሁ፡ኃጥን፡\nወረሲዓን።።"",
    ""normalization_policy"": ""none"",
    ""punctuation_markers"": [
      ""፡"",
      ""፨"",
      ""።""
    ],
    ""removed_artifacts"": [],
    ""uncertainties"": []
  }
}"
1,segment_001,segment,DONE,C:\Users\sasch\visionexe\stories\template\filmsets\story_001\segment_001\segment.txt,"{
  ""source"": {
    ""witness_id"": ""story_001/segment_001"",
    ""graphematic_string"": ""Chapter 1 Segment 1\n\nቃለ፡ረት፡ዘሄኖ።\nመትጽሐፉ፡ሄኖ፡ ነቢይ። -\nቃለ ፡ ረት ፡ ዘሄኖ\n— -——— ።። ።።——— - —\nመ ፡ ረ ፡ ኅሩያነ ፡ ወጻድቃነ\n፨ እለ ፡ ሀለው ፡ ይኩኑ ፡ ዕለተ\n፡ መንዳቢ ፨ ለሰስሎ ፡ ሎ ፡\nእኩያን ፡ ወረሲዓን ፨፨"",
    ""normalization_policy"": ""none"",
    ""punctuation_markers"": [
      ""፡"",
      ""።"",
      ""-"",
      ""—"",
      ""፨""
    ],
    ""removed_artifacts"": [
      ""dash_line""
    ],
    ""uncertainties"": []
  }
}"
1,segment_002,segment,DONE,C:\Users\sasch\visionexe\stories\template\filmsets\story_001\segment_002\segment.txt,"{
  ""source"": {
    ""witness_id"": ""story_001/segment_002"",
    ""graphematic_string"": ""Chapter 1 Segment 2\n\nወውሥ፡ወይቤ፡ሄኖ፡\nብእሲ፡ጻድቅ፡ዘእምኀ፡\nእግዚብሔር፡እንዘ፡ዕይንቲሁ፡\nሡታት።ወይሬኢ፡ራእየ፡\nቅዱሰ፡ዘሰማያት፡ዘርዩኒ፡\nመላእት፨ወሰማዕኩ፡\nእምኀቤሆሙ፡\nሎ።ወእመርኩ፡ነ፡ዘእሬኢ፡\nወ፡ለዝ፡ትውልድ፡ላ፡ለዘ፡\nይመጽእ፡እምርሑቃት፡እንተ፡\nኅሩያን፨፨"",
    ""normalization_policy"": ""none"",
    ""punctuation_markers"": [
      ""፡"",
      ""።"",
      ""፨""
    ],
    ""removed_artifacts"": [],
    ""uncertainties"": []
  }
}"
1,segment_003,segment,DONE,C:\Users\sasch\visionexe\stories\template\filmsets\story_001\segment_003\segment.txt,"{
  ""source"": {
    ""witness_id"": ""story_001/segment_003"",
    ""graphematic_string"": ""Chapter 1 Segment 3\n\nእንተ፡ኅሩያን፨እቤ፡ወውሣእ\nኩ፡እንቲሆሙ፡ምስለ፡ዘይወጽ\nእ፡ቅዱስ፡ወዓቢይ፡እማኅደሩ፡ወ\nምላ፡ዓለም።"",
    ""normalization_policy"": ""none"",
    ""punctuation_markers"": [
      ""፡"",
      ""፨"",
      ""።""
    ],
    ""removed_artifacts"": [],
    ""uncertainties"": []
  }
}"
1,segment_004,segment,DONE,C:\Users\sasch\visionexe\stories\template\filmsets\story_001\segment_004\segment.txt,"{
  ""source"": {
    ""witness_id"": ""story_001/segment_004"",
    ""graphematic_string"": ""Chapter 1 Segment 4\n\nወእምህየ፡ይይድ፡ዲ፡ሲና፡\nደብር፡ወያስተርኢ፡ትዕይንቱ፡\nወያስተርኢ፡ጽንዓ፡ኃይሉ፡\nእምሰማይ፨"",
    ""normalization_policy"": ""none"",
    ""punctuation_markers"": [
      ""፡"",
      ""፨""
    ],
    ""removed_artifacts"": [],
    ""uncertainties"": []
  }
}"
1,segment_005,segment,DONE,C:\Users\sasch\visionexe\stories\template\filmsets\story_001\segment_005\segment.txt,"{
  ""source"": {
    ""witness_id"": ""story_001/segment_005"",
    ""graphematic_string"": ""Chapter 1 Segment 5\n\nወይፈርህ፡ሉ፡ወያድለቀልቁ፡\nትጉሃን፨ወይነሥኦሙ፡ፍርሀት፡\nወረዓድ፡ዓቢይ፡እስ፡ጽናፈ፡\nምድር፡"",
    ""normalization_policy"": ""none"",
    ""punctuation_markers"": [
      ""፡"",
      ""፨""
    ],
    ""removed_artifacts"": [],
    ""uncertainties"": []
  }
}"
1,segment_006,segment,DONE,C:\Users\sasch\visionexe\stories\template\filmsets\story_001\segment_006\segment.txt,"{
  ""source"": {
    ""witness_id"": ""story_001/segment_006"",
    ""graphematic_string"": ""Chapter 1 Segment 6\n\nወይደነግፁ፡ድባር፡ነዋኃን፡\nወይቴሐቱ፡ውግር፡\nነዋኃት፨ወይትመሰዉ፡መ፡\nመዓረ፡ግራ፡እምላህብ፨"",
    ""normalization_policy"": ""none"",
    ""punctuation_markers"": [
      ""፡"",
      ""፨""
    ],
    ""removed_artifacts"": [],
    ""uncertainties"": []
  }
}"
1,segment_007,segment,DONE,C:\Users\sasch\visionexe\stories\template\filmsets\story_001\segment_007\segment.txt,"{
  ""source"": {
    ""witness_id"": ""story_001/segment_007"",
    ""graphematic_string"": ""Chapter 1 Segment 7\n\nወትሠጠም፡ምድር፡ወሉ፡\nዘውስተ፡ምድር፡ይትኃጐል፡\nወይውን፡ፍትሕ፡ላዕለ፡ሉ፡\nወላዕለ፡ጻድቃን፡ሎሙ፨"",
    ""normalization_policy"": ""none"",
    ""punctuation_markers"": [
      ""፡"",
      ""፨""
    ],
    ""removed_artifacts"": [],
    ""uncertainties"": []
  }
}"
1,segment_008,segment,DONE,C:\Users\sasch\visionexe\stories\template\filmsets\story_001\segment_008\segment.txt,"{
  ""source"": {
    ""witness_id"": ""story_001/segment_008"",
    ""graphematic_string"": ""Chapter 1 Segment 8\n\nለጻድቃንሰ፡ሰላመ፡ይገብር፡ሎሙ\n፤ ወየዐቅቦሙ፡ለኅሩያን፡\nወይውን፡ሣህል፡\nላዕሌሆሙ፨ወይውኑ፡ሎሙ፡\nዘምላ፡ወይሤርሑ፡\nወይትባረኩ፡ወይሀርህ፡ሎሙ፡\nብርሃነ፡ምላ።"",
    ""normalization_policy"": ""none"",
    ""punctuation_markers"": [
      ""፡"",
      ""፤"",
      ""፨"",
      ""።""
    ],
    ""removed_artifacts"": [],
    ""uncertainties"": []
  }
}"
1,segment_009,segment,DONE,C:\Users\sasch\visionexe\stories\template\filmsets\story_001\segment_009\segment.txt,"{
  ""source"": {
    ""witness_id"": ""story_001/segment_009"",
    ""graphematic_string"": ""Chapter 1 Segment 9\n\nወናሁ፡መጽ፡ትእልፈት፡\nቅዱሳን፡መ፡ይግር፡ፍትሐ፡\nላዕሌሆሙ፨ወያሐጕሎሙ፡\nለረሲዓን፡ወይዘለፍ፡ሎ፡\nዘሥጋ፡እንተ፡ሉ፡ዘገብሩ፡\nወረሰዩ፡ላዕሌሁ፡ኃጥን፡\nወረሲዓን።።"",
    ""normalization_policy"": ""none"",
    ""punctuation_markers"": [
      ""፡"",
      ""፨"",
      ""።""
    ],
    ""removed_artifacts"": [],
    ""uncertainties"": []
  }
}"
2,segment_001,segment,DONE,C:\Users\sasch\visionexe\stories\template\filmsets\story_002\segment_001\segment.txt,"{
  ""source"": {
    ""witness_id"": ""story_002/segment_001"",
    ""graphematic_string"": ""ጠየቁ፡ሎ፡ዘውስተ፡ሰማይ፡\nግብረ፡እፎ፡ኢይመይጡ፡\nፍናዊሆሙ፡ብርሃናት፡ዘውስተ፡\nሰማይ፡መ፡ሉ፡ይሠርቅ፡\nወየዐርብ፨፨ሥሩዕ፡ሉ፡\nዘመኑ፡ወኢይትዐደዉ፡\nእምሥርዓቶሙ፨"",
    ""normalization_policy"": ""none"",
    ""punctuation_markers"": [
      ""፡"",
      ""፨""
    ],
    ""removed_artifacts"": [
      ""Chapter 2 Segment 1\n\n""
    ],
    ""uncertainties"": []
  }
}"
2,segment_002,segment,DONE,C:\Users\sasch\visionexe\stories\template\filmsets\story_002\segment_002\segment.txt,"{
  ""source"": {
    ""witness_id"": ""story_002/segment_002"",
    ""graphematic_string"": ""ርእይዋ፡ለምድር፡ወለብዉ፡\nእንተ፡ምግባር፡ዘይትገር፡\nላዕሌሃ፡እምቀዳሚ፡እስ፡\nተፍጻሜቱ፨መ፡እይትመየጥ፡\nሉ፡ምግብሩ፡ለምላ፡እንዘ፡\nያስተርኢ።"",
    ""normalization_policy"": ""none"",
    ""punctuation_markers"": [
      ""፡"",
      ""፨"",
      ""።""
    ],
    ""removed_artifacts"": [
      ""Chapter 2 Segment 2\n\n""
    ],
    ""uncertainties"": []
  }
}"
2,segment_003,segment,DONE,C:\Users\sasch\visionexe\stories\template\filmsets\story_002\segment_003\segment.txt,"{
  ""source"": {
    ""witness_id"": ""story_002/segment_003"",
    ""graphematic_string"": ""ርእይዎ፡ለሐጋይ፡ወለረምት፡\nመ፡ላ፡ምድር፡መልት፡ማየ፡\nወደመና፡ወጠል፡ወዝናም፡\nየዓርፍ፡ላዕሌሃ፨"",
    ""normalization_policy"": ""none"",
    ""punctuation_markers"": [
      ""፡"",
      ""፨""
    ],
    ""removed_artifacts"": [
      ""Chapter 2 Segment 3\n\n""
    ],
    ""uncertainties"": []
  }
}"
3,segment_001,segment,DONE,C:\Users\sasch\visionexe\stories\template\filmsets\story_003\segment_001\segment.txt,"{
  ""source"": {
    ""witness_id"": ""story_003/segment_001"",
    ""graphematic_string"": ""Chapter 3 Segment 1\n\nጠየቁ፡ወርኢኩ፡መ፡ሉ፡\nዐፀው፡እፎ፡ያስተረእዩ፡መ፡\nይቡስን፡ወሉ፡ቍጽሊሆሙ፡\nንጉፋት፡ዘእንለ፡፲ወ፬ዕፀው፡\nዘኢይትነገፍ፡እለ፡ይጸንሑ፡\nእምብሉይ፡እስ፡ይመጽእ፡\nሐዲስ፡እምልኤ፡ወእምሠለስቱ፡\nረምት፨"",
    ""normalization_policy"": ""none"",
    ""punctuation_markers"": [
      ""፡"",
      ""፨""
    ],
    ""removed_artifacts"": [],
    ""uncertainties"": []
  }
}"
4,segment_001,segment,DONE,C:\Users\sasch\visionexe\stories\template\filmsets\story_004\segment_001\segment.txt,"{
  ""source"": {
    ""witness_id"": ""story_004/segment_001"",
    ""graphematic_string"": ""ወዳግመ፡ጠየቁ፡መዋዕለ፡ሐጋይ፡\nመ፡ነ፡ላእሌሃ፡ፀሐይ፡\nቅድሜሃ፨ወንትሙሰ፡\nተኀሥሡ፡ምጽላለ፡ወጽላሎተ፡\nእንተ፡ዋዕየ፡ፀሐይ፨ወምድርስ፡\nትውዒ፡እሙቀተ፡ሐሩር፡\nወንትሙሰ፡ኢትሉ፡ዪዶታ፡\nለምድር፡ወኢ—ሐ፡እንተ፡\nዋዐያ፨"",
    ""normalization_policy"": ""none"",
    ""punctuation_markers"": [
      ""፡"",
      ""፨""
    ],
    ""removed_artifacts"": [
      ""—""
    ],
    ""uncertainties"": []
  }
}"
1,segment_001,segment,DONE,C:\Users\sasch\visionexe\stories\template\filmsets\story_001\segment_001\segment.txt,"{
  ""source"": {
    ""witness_id"": ""story_001/segment_001"",
    ""graphematic_string"": ""Chapter 1 Segment 1\n\nቃለ፡ረት፡ዘሄኖ።\nመትጽሐፉ፡ሄኖ፡ ነቢይ። -\nቃለ ፡ ረት ፡ ዘሄኖ\n— -——— ።። ።።——— - —\nመ ፡ ረ ፡ ኅሩያነ ፡ ወጻድቃነ\n፨ እለ ፡ ሀለው ፡ ይኩኑ ፡ ዕለተ\n፡ መንዳቢ ፨ ለሰስሎ ፡ ሎ ፡\nእኩያን ፡ ወረሲዓን ፨፨"",
    ""normalization_policy"": ""none"",
    ""punctuation_markers"": [
      ""።"",
      ""፨""
    ],
    ""removed_artifacts"": [
      ""-"",
      ""—""
    ],
    ""uncertainties"": []
  }
}"
1,segment_002,segment,DONE,C:\Users\sasch\visionexe\stories\template\filmsets\story_001\segment_002\segment.txt,"{
  ""source"": {
    ""witness_id"": ""story_001/segment_002"",
    ""graphematic_string"": ""Chapter 1 Segment 2\n\nወውሥ፡ወይቤ፡ሄኖ፡\nብእሲ፡ጻድቅ፡ዘእምኀ፡\nእግዚብሔር፡እንዘ፡ዕይንቲሁ፡\nሡታት።ወይሬኢ፡ራእየ፡\nቅዱሰ፡ዘሰማያት፡ዘርዩኒ፡\nመላእት፨ወሰማዕኩ፡\nእምኀቤሆሙ፡\nሎ።ወእመርኩ፡ነ፡ዘእሬኢ፡\nወ፡ለዝ፡ትውልድ፡ላ፡ለዘ፡\nይመጽእ፡እምርሑቃት፡እንተ፡\nኅሩያን፨፨"",
    ""normalization_policy"": ""none"",
    ""punctuation_markers"": [
      ""።"",
      ""፨""
    ],
    ""removed_artifacts"": [],
    ""uncertainties"": []
  }
}"
1,segment_003,segment,DONE,C:\Users\sasch\visionexe\stories\template\filmsets\story_001\segment_003\segment.txt,"{
  ""source"": {
    ""witness_id"": ""story_001/segment_003"",
    ""graphematic_string"": ""Chapter 1 Segment 3\n\nእንተ፡ኅሩያን፨እቤ፡ወውሣእ\nኩ፡እንቲሆሙ፡ምስለ፡ዘይወጽ\nእ፡ቅዱስ፡ወዓቢይ፡እማኅደሩ፡ወ\nምላ፡ዓለም።"",
    ""normalization_policy"": ""none"",
    ""punctuation_markers"": [
      ""፨"",
      ""።""
    ],
    ""removed_artifacts"": [],
    ""uncertainties"": []
  }
}"
1,segment_004,segment,DONE,C:\Users\sasch\visionexe\stories\template\filmsets\story_001\segment_004\segment.txt,"{
  ""source"": {
    ""witness_id"": ""story_001/segment_004"",
    ""graphematic_string"": ""Chapter 1 Segment 4\n\nወእምህየ፡ይይድ፡ዲ፡ሲና፡\nደብር፡ወያስተርኢ፡ትዕይንቱ፡\nወያስተርኢ፡ጽንዓ፡ኃይሉ፡\nእምሰማይ፨"",
    ""normalization_policy"": ""none"",
    ""punctuation_markers"": [
      ""፨""
    ],
    ""removed_artifacts"": [],
    ""uncertainties"": []
  }
}"
1,segment_005,segment,DONE,C:\Users\sasch\visionexe\stories\template\filmsets\story_001\segment_005\segment.txt,"{
  ""source"": {
    ""witness_id"": ""story_001/segment_005"",
    ""graphematic_string"": ""Chapter 1 Segment 5\n\nወይፈርህ፡ሉ፡ወያድለቀልቁ፡\nትጉሃን፨ወይነሥኦሙ፡ፍርሀት፡\nወረዓድ፡ዓቢይ፡እስ፡ጽናፈ፡\nምድር፡"",
    ""normalization_policy"": ""none"",
    ""punctuation_markers"": [
      ""፨""
    ],
    ""removed_artifacts"": [],
    ""uncertainties"": []
  }
}"
1,segment_006,segment,DONE,C:\Users\sasch\visionexe\stories\template\filmsets\story_001\segment_006\segment.txt,"{
  ""source"": {
    ""witness_id"": ""story_001/segment_006"",
    ""graphematic_string"": ""Chapter 1 Segment 6\n\nወይደነግፁ፡ድባር፡ነዋኃን፡\nወይቴሐቱ፡ውግር፡\nነዋኃት፨ወይትመሰዉ፡መ፡\nመዓረ፡ግራ፡እምላህብ፨"",
    ""normalization_policy"": ""none"",
    ""punctuation_markers"": [
      ""፨""
    ],
    ""removed_artifacts"": [],
    ""uncertainties"": []
  }
}"
1,segment_007,segment,DONE,C:\Users\sasch\visionexe\stories\template\filmsets\story_001\segment_007\segment.txt,"{
  ""source"": {
    ""witness_id"": ""story_001/segment_007"",
    ""graphematic_string"": ""Chapter 1 Segment 7\n\nወትሠጠም፡ምድር፡ወሉ፡\nዘውስተ፡ምድር፡ይትኃጐል፡\nወይውን፡ፍትሕ፡ላዕለ፡ሉ፡\nወላዕለ፡ጻድቃን፡ሎሙ፨"",
    ""normalization_policy"": ""none"",
    ""punctuation_markers"": [
      ""፨""
    ],
    ""removed_artifacts"": [],
    ""uncertainties"": []
  }
}"
1,segment_008,segment,DONE,C:\Users\sasch\visionexe\stories\template\filmsets\story_001\segment_008\segment.txt,"{
  ""source"": {
    ""witness_id"": ""story_001/segment_008"",
    ""graphematic_string"": ""Chapter 1 Segment 8\n\nለጻድቃንሰ፡ሰላመ፡ይገብር፡ሎሙ\n፤ ወየዐቅቦሙ፡ለኅሩያን፡\nወይውን፡ሣህል፡\nላዕሌሆሙ፨ወይውኑ፡ሎሙ፡\nዘምላ፡ወይሤርሑ፡\nወይትባረኩ፡ወይሀርህ፡ሎሙ፡\nብርሃነ፡ምላ።"",
    ""normalization_policy"": ""none"",
    ""punctuation_markers"": [
      ""፤"",
      ""፨"",
      ""።""
    ],
    ""removed_artifacts"": [],
    ""uncertainties"": []
  }
}"
1,segment_009,segment,DONE,C:\Users\sasch\visionexe\stories\template\filmsets\story_001\segment_009\segment.txt,"{
  ""source"": {
    ""witness_id"": ""story_001/segment_009"",
    ""graphematic_string"": ""Chapter 1 Segment 9\n\nወናሁ፡መጽ፡ትእልፈት፡\nቅዱሳን፡መ፡ይግር፡ፍትሐ፡\nላዕሌሆሙ፨ወያሐጕሎሙ፡\nለረሲዓን፡ወይዘለፍ፡ሎ፡\nዘሥጋ፡እንተ፡ሉ፡ዘገብሩ፡\nወረሰዩ፡ላዕሌሁ፡ኃጥን፡\nወረሲዓን።።"",
    ""normalization_policy"": ""none"",
    ""punctuation_markers"": [
      ""፨"",
      ""።""
    ],
    ""removed_artifacts"": [],
    ""uncertainties"": []
  }
}"
2,segment_001,segment,DONE,C:\Users\sasch\visionexe\stories\template\filmsets\story_002\segment_001\segment.txt,"{
  ""source"": {
    ""witness_id"": ""story_002/segment_001"",
    ""graphematic_string"": ""ጠየቁ፡ሎ፡ዘውስተ፡ሰማይ፡\nግብረ፡እፎ፡ኢይመይጡ፡\nፍናዊሆሙ፡ብርሃናት፡ዘውስተ፡\nሰማይ፡መ፡ሉ፡ይሠርቅ፡\nወየዐርብ፨፨ሥሩዕ፡ሉ፡\nዘመኑ፡ወኢይትዐደዉ፡\nእምሥርዓቶሙ፨"",
    ""normalization_policy"": ""none"",
    ""punctuation_markers"": [
      ""፡"",
      ""፨""
    ],
    ""removed_artifacts"": [
      ""Chapter 2 Segment 1""
    ],
    ""uncertainties"": []
  }
}"
2,segment_002,segment,DONE,C:\Users\sasch\visionexe\stories\template\filmsets\story_002\segment_002\segment.txt,"{
  ""source"": {
    ""witness_id"": ""story_002/segment_002"",
    ""graphematic_string"": ""ርእይዋ፡ለምድር፡ወለብዉ፡\nእንተ፡ምግባር፡ዘይትገር፡\nላዕሌሃ፡እምቀዳሚ፡እስ፡\nተፍጻሜቱ፨መ፡እይትመየጥ፡\nሉ፡ምግብሩ፡ለምላ፡እንዘ፡\nያስተርኢ።"",
    ""normalization_policy"": ""none"",
    ""punctuation_markers"": [
      ""፡"",
      ""፨"",
      ""።""
    ],
    ""removed_artifacts"": [
      ""Chapter 2 Segment 2""
    ],
    ""uncertainties"": []
  }
}"
2,segment_003,segment,DONE,C:\Users\sasch\visionexe\stories\template\filmsets\story_002\segment_003\segment.txt,"{
  ""source"": {
    ""witness_id"": ""story_002/segment_003"",
    ""graphematic_string"": ""ርእይዎ፡ለሐጋይ፡ወለረምት፡\nመ፡ላ፡ምድር፡መልት፡ማየ፡\nወደመና፡ወጠል፡ወዝናም፡\nየዓርፍ፡ላዕሌሃ፨"",
    ""normalization_policy"": ""none"",
    ""punctuation_markers"": [
      ""፡"",
      ""፨""
    ],
    ""removed_artifacts"": [
      ""Chapter 2 Segment 3""
    ],
    ""uncertainties"": []
  }
}"
3,segment_001,segment,DONE,C:\Users\sasch\visionexe\stories\template\filmsets\story_003\segment_001\segment.txt,"{
  ""source"": {
    ""witness_id"": ""story_003/segment_001"",
    ""graphematic_string"": ""ጠየቁ፡ወርኢኩ፡መ፡ሉ፡\nዐፀው፡እፎ፡ያስተረእዩ፡መ፡\nይቡስን፡ወሉ፡ቍጽሊሆሙ፡\nንጉፋት፡ዘእንለ፡፲ወ፬ዕፀው፡\nዘኢይትነገፍ፡እለ፡ይጸንሑ፡\nእምብሉይ፡እስ፡ይመጽእ፡\nሐዲስ፡እምልኤ፡ወእምሠለስቱ፡\nረምት፨"",
    ""normalization_policy"": ""none"",
    ""punctuation_markers"": [
      ""፡"",
      ""፨""
    ],
    ""removed_artifacts"": [
      ""Chapter 3 Segment 1"",
      ""\n\n""
    ],
    ""uncertainties"": []
  }
}"
4,segment_001,segment,DONE,C:\Users\sasch\visionexe\stories\template\filmsets\story_004\segment_001\segment.txt,"{
  ""source"": {
    ""witness_id"": ""story_004/segment_001"",
    ""graphematic_string"": ""ወዳግመ፡ጠየቁ፡መዋዕለ፡ሐጋይ፡\nመ፡ነ፡ላእሌሃ፡ፀሐይ፡\nቅድሜሃ፨ወንትሙሰ፡\nተኀሥሡ፡ምጽላለ፡ወጽላሎተ፡\nእንተ፡ዋዕየ፡ፀሐይ፨ወምድርስ፡\nትውዒ፡እሙቀተ፡ሐሩር፡\nወንትሙሰ፡ኢትሉ፡ዪዶታ፡\nለምድር፡ወኢ—ሐ፡እንተ፡\nዋዐያ፨"",
    ""normalization_policy"": ""none"",
    ""punctuation_markers"": [
      ""፡"",
      ""፨""
    ],
    ""removed_artifacts"": [
      ""dash""
    ],
    ""uncertainties"": []
  }
}"
5,segment_001,segment,DONE,C:\Users\sasch\visionexe\stories\template\filmsets\story_005\segment_001\segment.txt,"{
  ""source"": {
    ""witness_id"": ""story_005/segment_001"",
    ""graphematic_string"": ""Chapter 5 Segment 1\n\nጠየቁ፡እፎ፡ዕፀው፡ሐመልማለ፡\nቍጽል፡ይትደኑ፡ወይፈርዩ፡\nወለብው፡እንተ፡ሉ፡\nወእምሩ፡መ፡ገብረ፡ለሙ፡\nእሎንተ፡ሎሙ፡ዘሕያው፡\nለዓለም፨"",
    ""normalization_policy"": ""none"",
    ""punctuation_markers"": [
      ""፡"",
      ""፨""
    ],
    ""removed_artifacts"": [],
    ""uncertainties"": []
  }
}"
5,segment_002,segment,DONE,C:\Users\sasch\visionexe\stories\template\filmsets\story_005\segment_002\segment.txt,"{
  ""source"": {
    ""witness_id"": ""story_005/segment_002"",
    ""graphematic_string"": ""Chapter 5 Segment 2\n\nወምግባሩ፡ቅድሜሁ፡ለለዓመት ፡\nዘይውን፡ወሉ፡ምግባሩ፡\nይትቀነዩ፡ሎቱ፡ወኢይትመየጥ፡\nላ፡መ፡ሠርዐ፡ምላ፡\nመዝ፡ይትገር፡ሉ፨፨"",
    ""normalization_policy"": ""none"",
    ""punctuation_markers"": [
      ""፡"",
      ""፨""
    ],
    ""removed_artifacts"": [],
    ""uncertainties"": []
  }
}"
5,segment_003,segment,DONE,C:\Users\sasch\visionexe\stories\template\filmsets\story_005\segment_003\segment.txt,"{
  ""source"": {
    ""witness_id"": ""story_005/segment_003"",
    ""graphematic_string"": ""Chapter 5 Segment 3\n\nወርእዩ፡እፎ፡ብሕርት፡\nወፍላግ፡ኅቡረ፡ይፌጽሙ፡\nግብሮሙ፨"",
    ""normalization_policy"": ""none"",
    ""punctuation_markers"": [
      ""፡"",
      ""፨""
    ],
    ""removed_artifacts"": [],
    ""uncertainties"": []
  }
}"
5,segment_004,segment,DONE,C:\Users\sasch\visionexe\stories\template\filmsets\story_005\segment_004\segment.txt,"{
  ""source"": {
    ""witness_id"": ""story_005/segment_004"",
    ""graphematic_string"": ""Chapter 5 Segment 4\n\nወንትሙሰ፡ኢተዐገሥሙ፡\nወኢገርሙ፡ትእዛዘ፡\nእግዚእ፨እላ፡ተዐደውሙ፡\nወሐመይሙ፡ዐቢያተ፡\nወድሩተ፡ቃላተ፡ፍ፡ርኩስት፡\nዘዚሙ፡ላዕለ፡ዕየ፡\nዚሁ፨ይቡሳነ፡ልብ፡\nኢትውነሙ፡ሰላም፨"",
    ""normalization_policy"": ""none"",
    ""punctuation_markers"": [
      ""፡"",
      ""፨""
    ],
    ""removed_artifacts"": [],
    ""uncertainties"": []
  }
}"
5,segment_005,segment,DONE,C:\Users\sasch\visionexe\stories\template\filmsets\story_005\segment_005\segment.txt,"{
  ""source"": {
    ""witness_id"": ""story_005/segment_005"",
    ""graphematic_string"": ""Chapter 5 Segment 5\n\nወእንተዝ፡ንትሙ፡\nመዋዕሊሙ፡ትረግሙ፡\nወዓመታተ፡ሕይወትሙ፡\nተሐጕሉ፡ወይዝኅ፡መርገም፡\nዘለዓለም፡ወኢይውነሙ፡\nሣህል፨"",
    ""normalization_policy"": ""none"",
    ""punctuation_markers"": [
      ""፡"",
      ""፨""
    ],
    ""removed_artifacts"": [],
    ""uncertainties"": []
  }
}"
5,segment_006,segment,DONE,C:\Users\sasch\visionexe\stories\template\filmsets\story_005\segment_006\segment.txt,"{
  ""source"": {
    ""witness_id"": ""story_005/segment_006"",
    ""graphematic_string"": ""Chapter 5 Segment 6\n\nውእቱ፡መዋዕል፡ትሁቡ፡ሰላመ፡\nዚሙ፡ርግመት፡ዘለዓለም፡\nለሉ፡ጻድቃን ፤ ወያሙ፡\nይረግሙ፡ኃጥን፡\nዘልፈ፨ወለሙ፡ኅቡረ፡ምስለ፡\nኃጥን፨"",
    ""normalization_policy"": ""none"",
    ""punctuation_markers"": [
      ""፡"",
      ""፨"",
      ""፤""
    ],
    ""removed_artifacts"": [],
    ""uncertainties"": []
  }
}"
5,segment_007,segment,DONE,C:\Users\sasch\visionexe\stories\template\filmsets\story_005\segment_007\segment.txt,"{
  ""source"": {
    ""witness_id"": ""story_005/segment_007"",
    ""graphematic_string"": ""Chapter 5 Segment 7\n\nወለኅሩያንሰ፡ይውን፡ብርሃን፡\nወፍሥሓ፡ወሰላም፡ወእሙንቱሰ፡\nይወርስዋ፡ለምድር፨ወለሙሰ፡\nረሲዓን፡ይውነሙ፡ርግመት ፤"",
    ""normalization_policy"": ""none"",
    ""punctuation_markers"": [
      ""፡"",
      ""፨"",
      ""፤""
    ],
    ""removed_artifacts"": [],
    ""uncertainties"": []
  }
}"
5,segment_008,segment,DONE,C:\Users\sasch\visionexe\stories\template\filmsets\story_005\segment_008\segment.txt,"{
  ""source"": {
    ""witness_id"": ""story_005/segment_008"",
    ""graphematic_string"": ""Chapter 5 Segment 8\n\nወመሂ፡ይትወሀቦሙ፡ለኅሩያን፡\nጥብ፡ወሎሙ፡እሎንቱ፡\nየሐይዉ፡ወኢይደግሙ፡\nሳ፨ኢረሲዕ፡ወኢትዕቢት፡\nላ፡ይገንዩ፨ዘቦሙ፡ጥብ፡\nወኢይደግሙ፡ብሶ፨"",
    ""normalization_policy"": ""none"",
    ""punctuation_markers"": [
      ""፡"",
      ""፨""
    ],
    ""removed_artifacts"": [],
    ""uncertainties"": []
  }
}"
5,segment_009,segment,DONE,C:\Users\sasch\visionexe\stories\template\filmsets\story_005\segment_009\segment.txt,"{
  ""source"": {
    ""witness_id"": ""story_005/segment_009"",
    ""graphematic_string"": ""Chapter 5 Segment 9\n\nወኢይትነኑ፡ሎ፡መዋዕለ፡\nሕይወቶሙ፡ወኢይመውቱ፡\nመቅሠፍት፡ወኢመዓት፡ላ፡\nልቈ፡መዋዕለ፡ሕይወቶሙ፡\nይፌጽሙ፡ወይልህቅ፡\nሕይወቶሙ፡ሰላም፡ወዓመታተ፡\nፍሥሓሆሙ፡ይዝ፡ሐሤት፡\nወሰላም፡ውስተ፡ሉ፡መዋእለ፡\nሕይወቶሙ፨"",
    ""normalization_policy"": ""none"",
    ""punctuation_markers"": [
      ""፡"",
      ""፨""
    ],
    ""removed_artifacts"": [],
    ""uncertainties"": []
  }
}"
6,segment_001,segment,DONE,C:\Users\sasch\visionexe\stories\template\filmsets\story_006\segment_001\segment.txt,"{
  ""source"": {
    ""witness_id"": ""story_006/segment_001"",
    ""graphematic_string"": ""ወነ፡እምዘዝ፡ውሉደ፡ሰብእ፡\nእማንቱ፡መዋእል፡ተወልዳ፡\nሎሙ፡ዋልድ፡ሠናያት፡\nወላህያት፨"",
    ""normalization_policy"": ""none"",
    ""punctuation_markers"": [
      ""፡"",
      ""፨""
    ],
    ""removed_artifacts"": [],
    ""uncertainties"": []
  }
}"
6,segment_002,segment,DONE,C:\Users\sasch\visionexe\stories\template\filmsets\story_006\segment_002\segment.txt,"{
  ""source"": {
    ""witness_id"": ""story_006/segment_002"",
    ""graphematic_string"": ""ወርእዩ፡ያሆን፡መላእት፡\nውሉደ፡ሰማያት፡\nወፈተውዎን፨ወይቤሉ፡\nይናቲሆሙ፡ንዑ፡ንኅረይ፡ለነ፡\nንስተ፡እምውሉደ፡ሰብእ፡\nወንወለድ፡ለነ፡ውሉደ፨"",
    ""normalization_policy"": ""none"",
    ""punctuation_markers"": [
      ""፡"",
      ""፨""
    ],
    ""removed_artifacts"": [],
    ""uncertainties"": []
  }
}"
6,segment_003,segment,DONE,C:\Users\sasch\visionexe\stories\template\filmsets\story_006\segment_003\segment.txt,"{
  ""source"": {
    ""witness_id"": ""story_006/segment_003"",
    ""graphematic_string"": ""ወይቤሎሙ፡ስምያዛ፡ዘውእቱ፡\nመልሙ፨እፈርህ፡ዮጊ፡\nኢትፈቅዱ፡ይትገር፡ዝንቱ፡\nግብር፨ወእውን፡ነ፡\nባሕቲትየ፡ፈዳዪሃ፡ለዛቲ፡\nለኅጢት፡ዐባይ ፧"",
    ""normalization_policy"": ""none"",
    ""punctuation_markers"": [
      ""፡"",
      ""፨"",
      ""፧""
    ],
    ""removed_artifacts"": [],
    ""uncertainties"": []
  }
}"
6,segment_004,segment,DONE,C:\Users\sasch\visionexe\stories\template\filmsets\story_006\segment_004\segment.txt,"{
  ""source"": {
    ""witness_id"": ""story_006/segment_004"",
    ""graphematic_string"": ""ወውሥኡ፡ሎቱ፡ሎሙ፡\nወይቤሉ፡መሐላ፡ንምሐል፡ልነ፡\nወንትዋገዝ፡ይናቲነ፡መ፡\nኢንሚጣ፡ለዛቲ፡ምር፡\nወንግራ፡ለዛቲ፡ምር፡\nግብረ፨፨"",
    ""normalization_policy"": ""none"",
    ""punctuation_markers"": [
      ""፡"",
      ""፨""
    ],
    ""removed_artifacts"": [],
    ""uncertainties"": []
  }
}"
6,segment_005,segment,DONE,C:\Users\sasch\visionexe\stories\template\filmsets\story_006\segment_005\segment.txt,"{
  ""source"": {
    ""witness_id"": ""story_006/segment_005"",
    ""graphematic_string"": ""ሜሃ፡መሐሉ፡ሎሙ፡ኅቡረ፡\nወውገዙ፡ሎሙ፡\nይናቲሆሙ፡ቦቱ፨ወኑ፡\nሎሙ፡፪፻፨"",
    ""normalization_policy"": ""none"",
    ""punctuation_markers"": [
      ""፡"",
      ""፨""
    ],
    ""removed_artifacts"": [],
    ""uncertainties"": []
  }
}"
6,segment_006,segment,DONE,C:\Users\sasch\visionexe\stories\template\filmsets\story_006\segment_006\segment.txt,"{
  ""source"": {
    ""witness_id"": ""story_006/segment_006"",
    ""graphematic_string"": "". ፪፻        -\n.        , ፪፻,  -\n.   ፩፩,    ,    ,\nወወረዱ፡ውስተ፡ርዲስ፡\nዝውእቱ፡ድማሑ፡ለደብረ፡\nርሞን፨ወጸውዕዎ፡ለደብረ፡\nርሞን፡እስመ፡መሐሉ፡\nወውገዙ፡ይናቲሆሙ፨"",
    ""normalization_policy"": ""none"",
    ""punctuation_markers"": [
      ""."",
      ""-"",
      "","",
      ""፡"",
      ""፨""
    ],
    ""removed_artifacts"": [],
    ""uncertainties"": []
  }
}"
6,segment_007,segment,DONE,C:\Users\sasch\visionexe\stories\template\filmsets\story_006\segment_007\segment.txt,"{
  ""source"": {
    ""witness_id"": ""story_006/segment_007"",
    ""graphematic_string"": ""አርሞን ,    .       ,   []\nወዝንቱ፡ስማቲሆሙ፡\nለመላእቲሆሙ፡\nሴሚያዛ፨ዘንቱ፡ውእቱ፡\nመልሙ፨ኡራራሜኤል፨\nኤል፨ጣሜኤል፨ራሙኤል\n፨ዳንኤል፨ኤዜቄኤል፨ራቁያ\nል፨ሳኤል፨ርሜሮስ፨ጠር\nኤል፨ናንኤል፨ዘቄሌ፨ስምሳ\nፒቤኤል፨ሰትርኤል፨ጡርኤል\n፨ዮምያል፨ራዝያል፨"",
    ""normalization_policy"": ""none"",
    ""punctuation_markers"": [
      "","",
      ""."",
      ""["",
      ""]"",
      ""፡"",
      ""፨""
    ],
    ""removed_artifacts"": [],
    ""uncertainties"": []
  }
}"
6,segment_008,segment,DONE,C:\Users\sasch\visionexe\stories\template\filmsets\story_006\segment_008\segment.txt,"{
  ""source"": {
    ""witness_id"": ""story_006/segment_008"",
    ""graphematic_string"": ""እሉ፡እሙንቱ፡ሐይቶሙ፡ለ፪፻፡\nመላእት፡ዐሠርተ፡ወባዕዳን፡\nሉ፡ምስሌሆሙ፡ወነሥኡ፡\nሎሙ፡ንስተ፨"",
    ""normalization_policy"": ""none"",
    ""punctuation_markers"": [
      ""፡"",
      ""፨""
    ],
    ""removed_artifacts"": [],
    ""uncertainties"": []
  }
}"
7,segment_001,segment,DONE,C:\Users\sasch\visionexe\stories\template\filmsets\story_007\segment_001\segment.txt,"{
  ""source"": {
    ""witness_id"": ""story_007/segment_001"",
    ""graphematic_string"": ""ወነሥኡ፡ሎሙ፡ንስት፡ወኀረየ፡\nሉ፡ለለ፡ርእሱ፡ሐተ፡\nሐተ፨ወወጠኑ፡ይባኡ፡\nኀቤሆን፡ወተደመሩ፡ምስሌሆን፡\nወመህርዎን፡\nሥራያተ፨ወስብዐታተ፡ወመቲረ፡\nሥርው፡ወዕፀው፨መርዎን፨"",
    ""normalization_policy"": ""none"",
    ""punctuation_markers"": [
      ""፡"",
      ""፨""
    ],
    ""removed_artifacts"": [
      ""Chapter 7 Segment 1 header""
    ],
    ""uncertainties"": []
  }
}"
7,segment_002,segment,DONE,C:\Users\sasch\visionexe\stories\template\filmsets\story_007\segment_002\segment.txt,"{
  ""source"": {
    ""witness_id"": ""story_007/segment_002"",
    ""graphematic_string"": ""ወእማንቱሰ፡ፀንሳ፡ወወለዳ፡\nረዐይተ፨ዐይተ፡ወቆሞሙ፡\n፴፻፡እመት፨"",
    ""normalization_policy"": ""none"",
    ""punctuation_markers"": [
      ""፡"",
      ""፨""
    ],
    ""removed_artifacts"": [
      ""Chapter 7 Segment 2 header""
    ],
    ""uncertainties"": []
  }
}"
7,segment_003,segment,DONE,C:\Users\sasch\visionexe\stories\template\filmsets\story_007\segment_003\segment.txt,"{
  ""source"": {
    ""witness_id"": ""story_007/segment_003"",
    ""graphematic_string"": ""እሉ፡ልዑ፡ሎ፡ፃማ፡ሰብእ፡\nእስ፡ስእንዎን፡ሴስዮተ፡ሰብእ፨"",
    ""normalization_policy"": ""none"",
    ""punctuation_markers"": [
      ""፡"",
      ""፨""
    ],
    ""removed_artifacts"": [
      ""Chapter 7 Segment 3 header""
    ],
    ""uncertainties"": []
  }
}"
7,segment_004,segment,DONE,C:\Users\sasch\visionexe\stories\template\filmsets\story_007\segment_004\segment.txt,"{
  ""source"": {
    ""witness_id"": ""story_007/segment_004"",
    ""graphematic_string"": ""ወተመይጡ፡ረዓይት፡ላዕሌሆሙ፡\nይብልዕዎሙ፡ለሰብእ፨"",
    ""normalization_policy"": ""none"",
    ""punctuation_markers"": [
      ""፡"",
      ""፨""
    ],
    ""removed_artifacts"": [
      ""Chapter 7 Segment 4 header""
    ],
    ""uncertainties"": []
  }
}"
7,segment_005,segment,DONE,C:\Users\sasch\visionexe\stories\template\filmsets\story_007\segment_005\segment.txt,"{
  ""source"": {
    ""witness_id"": ""story_007/segment_005"",
    ""graphematic_string"": ""ወወጠኑ፡የብሱ፡ዕዋፍ፡\nወዲ፡ራዊት፡ወዘ፡\nይትሐወስ፡ወዐሣት፨፨\nወሥጋሆሙ፡፡ይናቲሆሙ፡\nትባልዑ፨ወደመ፡ስትዩ፡\nእምሃ፨"",
    ""normalization_policy"": ""none"",
    ""punctuation_markers"": [
      ""፡"",
      ""፨"",
      ""፨፨"",
      ""፡፡""
    ],
    ""removed_artifacts"": [
      ""Chapter 7 Segment 5 header""
    ],
    ""uncertainties"": []
  }
}"
7,segment_006,segment,DONE,C:\Users\sasch\visionexe\stories\template\filmsets\story_007\segment_006\segment.txt,"{
  ""source"": {
    ""witness_id"": ""story_007/segment_006"",
    ""graphematic_string"": ""ሜሃ፡ምድር፡ሰየቶሙ፡\nለዐማፅያን፨፨"",
    ""normalization_policy"": ""none"",
    ""punctuation_markers"": [
      ""፡"",
      ""፨"",
      ""፨፨""
    ],
    ""removed_artifacts"": [
      ""Chapter 7 Segment 6 header""
    ],
    ""uncertainties"": []
  }
}"
8,segment_001,segment,DONE,C:\Users\sasch\visionexe\stories\template\filmsets\story_008\segment_001\segment.txt,"{
  ""source"": {
    ""witness_id"": ""story_008/segment_001"",
    ""graphematic_string"": ""Chapter 8 Segment 1\n\nወዛዜኤል፡መሀሮሙ፡ለሰብእ፡\nገቢረ፡ስይፍት፡ወመጠብኅት፡\nወወልታ፡ወድርዓ፡እንግድዓ፡\nርዮሙ፡ዘእምድኅሬሆሙ፡\nወምግባረሆሙ፨ወውቃፋተ፡\nወሰርጐ፡ወተሕሎተ፡ወስንዮ፡\nቀራንብት፡ወእብን፡\nእምሉ፨እብን፡\nቡር፨ወኅሩየ፡ወሎ፡\nጥምዐታተ፡ኅብር፨ወተዋለጠ፡\nዓለም፡"",
    ""normalization_policy"": ""none"",
    ""punctuation_markers"": [
      ""፡"",
      ""፨""
    ],
    ""removed_artifacts"": [],
    ""uncertainties"": []
  }
}"
8,segment_002,segment,DONE,C:\Users\sasch\visionexe\stories\template\filmsets\story_008\segment_002\segment.txt,"{
  ""source"": {
    ""witness_id"": ""story_008/segment_002"",
    ""graphematic_string"": ""Chapter 8 Segment 2\n\nወነ፡ርስዓን፡ዐቢይ፡\nወብዙኅ፨ወዘምዎ፡ወስሕቱ፡\nወማሰነ፡ሉ፡ፍናዊሆሙ፨"",
    ""normalization_policy"": ""none"",
    ""punctuation_markers"": [
      ""፡"",
      ""፨""
    ],
    ""removed_artifacts"": [],
    ""uncertainties"": []
  }
}"
8,segment_003,segment,DONE,C:\Users\sasch\visionexe\stories\template\filmsets\story_008\segment_003\segment.txt,"{
  ""source"": {
    ""witness_id"": ""story_008/segment_003"",
    ""graphematic_string"": ""Chapter 8 Segment 3\n\nሚዛራስ፡መሀረ፡ሎ፡\nመሰብዕያነ፡ወመታርያነ፡\nሥራው፨ወርማሮስ፡ፈትሐ፡\nስብዐታተ፨ወራቅዓል፡\nራይያነ፡\nዋብት፨ወብኤል፡\nትእምርታተ፨ወጥምኤል፡መሀረ፡\nራእየ፡ብ፨ወስድርኤል፡\nመሀረ፡ሩጸተ፡ወርኅ፨"",
    ""normalization_policy"": ""none"",
    ""punctuation_markers"": [
      ""፡"",
      ""፨""
    ],
    ""removed_artifacts"": [],
    ""uncertainties"": []
  }
}"
8,segment_004,segment,DONE,C:\Users\sasch\visionexe\stories\template\filmsets\story_008\segment_004\segment.txt,"{
  ""source"": {
    ""witness_id"": ""story_008/segment_004"",
    ""graphematic_string"": ""Chapter 8 Segment 4\n\nወሕጕለተ፡ሰብእ፡ጸርሑ፡\nወጽሐ፡ቃሎሙ፡ሰማየ፨፨"",
    ""normalization_policy"": ""none"",
    ""punctuation_markers"": [
      ""፡"",
      ""፨""
    ],
    ""removed_artifacts"": [],
    ""uncertainties"": []
  }
}"
9,segment_001,segment,DONE,C:\Users\sasch\visionexe\stories\template\filmsets\story_009\segment_001\segment.txt,"{
  ""source"": {
    ""witness_id"": ""story_009/segment_001"",
    ""graphematic_string"": ""ወሜሃ፡ኅወጹ፡ሚኤል፡\nወኡርኤል፨ወገብርኤል፡\nእምሰማይ፡ወርእዩ፡ብዙኅ፡\nደመ፡ዘይትዐው፡\nዲ፨ምድር፡ታሕተ፡\nወሎ፡ዘይትገር፡ዐመፃ፡\nዲ፡ምድር፨"",
    ""normalization_policy"": ""none"",
    ""punctuation_markers"": [
      ""፡"",
      ""፨""
    ],
    ""removed_artifacts"": [
      ""Metadata Header""
    ],
    ""uncertainties"": []
  }
}"
9,segment_002,segment,DONE,C:\Users\sasch\visionexe\stories\template\filmsets\story_009\segment_002\segment.txt,"{
  ""source"": {
    ""witness_id"": ""story_009/segment_002"",
    ""graphematic_string"": ""ወይቤሉ፡ይናቲሆሙ፡ቃለ፡\nጽራኃቲሆሙ፡ዕራቃ፡ጸርኀት፡\nምድር፡እስ፡ንቀጸ፡ሰማይ፡"",
    ""normalization_policy"": ""none"",
    ""punctuation_markers"": [
      ""፡""
    ],
    ""removed_artifacts"": [
      ""Metadata Header""
    ],
    ""uncertainties"": []
  }
}"
9,segment_003,segment,DONE,C:\Users\sasch\visionexe\stories\template\filmsets\story_009\segment_003\segment.txt,"{
  ""source"": {
    ""witness_id"": ""story_009/segment_003"",
    ""graphematic_string"": ""ወይእዜኒ፡ለሙ፡ቅዱሳነ፡\nሰማይ፡ይሰዩ፡ነፍሳተ፡ሰብእ፡\nእንዘ፡ይብሉ፨ኀ፡ልዑል፡\nብኡ፡ለነ፡ፍትሐ፡"",
    ""normalization_policy"": ""none"",
    ""punctuation_markers"": [
      ""፡"",
      ""፨""
    ],
    ""removed_artifacts"": [
      ""Metadata Header""
    ],
    ""uncertainties"": []
  }
}"
9,segment_004,segment,DONE,C:\Users\sasch\visionexe\stories\template\filmsets\story_009\segment_004\segment.txt,"{
  ""source"": {
    ""witness_id"": ""story_009/segment_004"",
    ""graphematic_string"": ""ወይቤሉ፡ለእግዚኦሙ፡\nለንጉሥት፨እስመ፡እግዚኦሙ፡\nለጋእዝት፡ወምላሙ፡\nለማልት፡ወንጉሦሙ፡\nለነገሥት፨ወመንረ፡ስብሐቲሁ፡\nውስተ፡ሎ፡ትውልደ፡\nዓለም፨ወስም፡ቅዱስ፡ወስቡሕ፡\nውስተ፡ሉ፡ትውልደ፡\nዓለም፨ወቡሩ፡ወስቡሕ፨"",
    ""normalization_policy"": ""none"",
    ""punctuation_markers"": [
      ""፡"",
      ""፨""
    ],
    ""removed_artifacts"": [
      ""Metadata Header""
    ],
    ""uncertainties"": []
  }
}"
9,segment_005,segment,DONE,C:\Users\sasch\visionexe\stories\template\filmsets\story_009\segment_005\segment.txt,"{
  ""source"": {
    ""witness_id"": ""story_009/segment_005"",
    ""graphematic_string"": ""ንተ፡ገር፡ሎ፡ወስልጣነ፡\nሉ፡ምስሌ፨ወሉ፡ሡት፡\nቅድሜ፡ወግሁድ፡ወንተ፡\nትሬኢ፡ሎ፡ወልቦ፡\nዘይትሀል፡ይትኃባእ፡እም፨"",
    ""normalization_policy"": ""none"",
    ""punctuation_markers"": [
      ""፡"",
      ""፨""
    ],
    ""removed_artifacts"": [
      ""Metadata Header""
    ],
    ""uncertainties"": []
  }
}"
9,segment_006,segment,DONE,C:\Users\sasch\visionexe\stories\template\filmsets\story_009\segment_006\segment.txt,"{
  ""source"": {
    ""witness_id"": ""story_009/segment_006"",
    ""graphematic_string"": ""ርኢ፡ዘገብረ፡ዛዝኤል፡ዘመ፡\nመሀረ፡ሎ፡ዓመፃ፡ዲ፡\nምድር፡ወግሀደ፡ኅቡዓተ፡ዓለም፡\nእለ፡ይትገራ፡ሰማያት፨"",
    ""normalization_policy"": ""none"",
    ""punctuation_markers"": [
      ""፡"",
      ""፨""
    ],
    ""removed_artifacts"": [
      ""Metadata Header""
    ],
    ""uncertainties"": []
  }
}"
9,segment_007,segment,DONE,C:\Users\sasch\visionexe\stories\template\filmsets\story_009\segment_007\segment.txt,"{
  ""source"": {
    ""witness_id"": ""story_009/segment_007"",
    ""graphematic_string"": ""ወመረ፡ስብዐታተ፡ስምያዛ፡\nዘንተ፡ወሀብ፡ሥልጣነ፡\nይ—ንን፡እለ፡ምስሌሁ፡ኅቡረ፡"",
    ""normalization_policy"": ""none"",
    ""punctuation_markers"": [
      ""፡""
    ],
    ""removed_artifacts"": [
      ""Metadata Header"",
      ""dash""
    ],
    ""uncertainties"": []
  }
}"
9,segment_008,segment,DONE,C:\Users\sasch\visionexe\stories\template\filmsets\story_009\segment_008\segment.txt,"{
  ""source"": {
    ""witness_id"": ""story_009/segment_008"",
    ""graphematic_string"": ""ወሖሩ፡ኀ፡ዋልደ፡ሰብእ፡\nኅቡረ፡ወሰቡ፡ምስሌሆን፡\nምስለ፡እልኩ፡ንስት፡\nወረሱ፡ወግሀዱ፡ሎቶን፡ሎ፡\nኃጢተ፨"",
    ""normalization_policy"": ""none"",
    ""punctuation_markers"": [
      ""፡"",
      ""፨""
    ],
    ""removed_artifacts"": [
      ""Metadata Header""
    ],
    ""uncertainties"": []
  }
}"
9,segment_009,segment,DONE,C:\Users\sasch\visionexe\stories\template\filmsets\story_009\segment_009\segment.txt,"{
  ""source"": {
    ""witness_id"": ""story_009/segment_009"",
    ""graphematic_string"": ""ወንስትሰ፡ወለዳ፡ረዓይተ፡\nወዝ፡መልት፡ላ፡ምድር፡\nደመ፡ወዐመፃ፨"",
    ""normalization_policy"": ""none"",
    ""punctuation_markers"": [
      ""፡"",
      ""፨""
    ],
    ""removed_artifacts"": [
      ""Metadata Header""
    ],
    ""uncertainties"": []
  }
}"
9,segment_010,segment,DONE,C:\Users\sasch\visionexe\stories\template\filmsets\story_009\segment_010\segment.txt,"{
  ""source"": {
    ""witness_id"": ""story_009/segment_010"",
    ""graphematic_string"": ""ወይእዜኒ፡ናሁ፡ይጸርሑ፡ነፍሳት፡\nእለ፡ሞቱ፡ወይሰዩ፡እስ፡\nንቀጸ፡ሰማይ፡ወዐርገ፡\nገዓሮሙ፨ወኢይል፡ወፂ፡\nእምቅድመ፡ገጸ፡ዐመፃ፡\nዘይትገር፡ዲ፡ምድር፨"",
    ""normalization_policy"": ""none"",
    ""punctuation_markers"": [
      ""፡"",
      ""፨""
    ],
    ""removed_artifacts"": [
      ""Metadata Header""
    ],
    ""uncertainties"": []
  }
}"
9,segment_011,segment,DONE,C:\Users\sasch\visionexe\stories\template\filmsets\story_009\segment_011\segment.txt,"{
  ""source"": {
    ""witness_id"": ""story_009/segment_011"",
    ""graphematic_string"": ""ወንተ፡ተምር፡ሎ፡ዘእንለ፡\nይኩን፨ንተ፡ተምር፡ዘንተ፡\nወዘዚሆሙ፡ወልቦ፡ዘትነግረነ፡\nወምንተ፡መፍትው፡ንረስዮሙ፡\nእንተ፡ዝንቱ፨፨"",
    ""normalization_policy"": ""none"",
    ""punctuation_markers"": [
      ""፡"",
      ""፨""
    ],
    ""removed_artifacts"": [
      ""Metadata Header""
    ],
    ""uncertainties"": []
  }
}"
10,segment_001,segment,DONE,C:\Users\sasch\visionexe\stories\template\filmsets\story_010\segment_001\segment.txt,"{
  ""source"": {
    ""witness_id"": ""story_010/segment_001"",
    ""graphematic_string"": ""Chapter 10 Segment 1\n\nወሜሃ፡ልዑል፡ዓቢይ፡ወቅዱስ፡\nተናገረ፨ወፈነዎ፡ለርስየላልዩር፡\nኀ፡ወልደ፡ላሜ፨ወይቤሎ፡"",
    ""normalization_policy"": ""none"",
    ""punctuation_markers"": [
      ""፡"",
      ""፨""
    ],
    ""removed_artifacts"": [],
    ""uncertainties"": []
  }
}"
10,segment_002,segment,DONE,C:\Users\sasch\visionexe\stories\template\filmsets\story_010\segment_002\segment.txt,"{
  ""source"": {
    ""witness_id"": ""story_010/segment_002"",
    ""graphematic_string"": ""Chapter 10 Segment 2\n\nሎ፡ስመ፡ዚየ፡ኅባዕ፡\nርእሰ፨ወግህድ፡ሎቱ፡ፍጻሜ፡\nዘይመጽእ፡እስመ፡ትትሐጐል፡\nላ፡ምድር፡ወማየ፡ይኅ፡\nይመጽእ፡ሀሎ፡ዲ፡ላ፡ምድር፡\nወይትኀጐል፡ዘሀሎ፡ውስቴታ፨"",
    ""normalization_policy"": ""none"",
    ""punctuation_markers"": [
      ""፡"",
      ""፨""
    ],
    ""removed_artifacts"": [],
    ""uncertainties"": []
  }
}"
10,segment_003,segment,DONE,C:\Users\sasch\visionexe\stories\template\filmsets\story_010\segment_003\segment.txt,"{
  ""source"": {
    ""witness_id"": ""story_010/segment_003"",
    ""graphematic_string"": ""Chapter 10 Segment 3\n\nወይእዜኒ፡መሀሮ፡መ፡ይንፍጽ፡\nወይንር፡ዘርኡ፡ለሎሙ፡\nትውልድ፨"",
    ""normalization_policy"": ""none"",
    ""punctuation_markers"": [
      ""፡"",
      ""፨""
    ],
    ""removed_artifacts"": [],
    ""uncertainties"": []
  }
}"
10,segment_004,segment,DONE,C:\Users\sasch\visionexe\stories\template\filmsets\story_010\segment_004\segment.txt,"{
  ""source"": {
    ""witness_id"": ""story_010/segment_004"",
    ""graphematic_string"": ""Chapter 10 Segment 4\n\nወይቤ፡ዕ፡እግዚእ፡ለሩፋኤል፡\nእስሮ፡ለዛዜኤል፡እዴሁ፡\nወእግሩ፡ወደዮ፡ውስተ፡\nጽልመት፨ወብቅዋ፡ለገዳም፡\nእንተ፡ሀለወት፡ዱድኤል፡\nወደዮ፡ህየ፨"",
    ""normalization_policy"": ""none"",
    ""punctuation_markers"": [
      ""፡"",
      ""፨""
    ],
    ""removed_artifacts"": [],
    ""uncertainties"": []
  }
}"
10,segment_005,segment,DONE,C:\Users\sasch\visionexe\stories\template\filmsets\story_010\segment_005\segment.txt,"{
  ""source"": {
    ""witness_id"": ""story_010/segment_005"",
    ""graphematic_string"": ""Chapter 10 Segment 5\n\nበዱድኤል -  -  '      ,\nድድ - , ,  ኤል -  (  -  ).\nወደይ፡ላዕሌሁ፡ዕባነ፡ጠዋያተ፡\nወሊሐተ፡ወድኖ፡\nጽልመተ፨ወህየ፡ይኅድር፡\nለዓለም፡ወድኖ፡ለገጹ፡መ፡\nእይርይ፡ብርሃነ፨"",
    ""normalization_policy"": ""none"",
    ""punctuation_markers"": [
      ""፡"",
      ""፨""
    ],
    ""removed_artifacts"": [
      ""dash"",
      ""apostrophe"",
      ""comma"",
      ""parenthesis"",
      ""latin_period""
    ],
    ""uncertainties"": []
  }
}"
10,segment_006,segment,DONE,C:\Users\sasch\visionexe\stories\template\filmsets\story_010\segment_006\segment.txt,"{
  ""source"": {
    ""witness_id"": ""story_010/segment_006"",
    ""graphematic_string"": ""Chapter 10 Segment 6\n\nወዕለት፡ዓባይ፡እንተ፡ነ፡\nመ፡ይትፈነው፡ውስተ፡ዋዕይ፨"",
    ""normalization_policy"": ""none"",
    ""punctuation_markers"": [
      ""፡"",
      ""፨""
    ],
    ""removed_artifacts"": [],
    ""uncertainties"": []
  }
}"
10,segment_007,segment,DONE,C:\Users\sasch\visionexe\stories\template\filmsets\story_010\segment_007\segment.txt,"{
  ""source"": {
    ""witness_id"": ""story_010/segment_007"",
    ""graphematic_string"": ""Chapter 10 Segment 7\n\nወሕይዋ፡ለምድር፡እንተ፡\nማሰኑ፡መላእት፡ወሕይወታ፡\nለምድር፡ይድዕ፡መ፡ሐይዋ፡\nለምድር፡ወኢይትሐጐሉ፡\nሎሙ፡ውሉደ፡ሰብእ፡\nምሥጢረ፡ሉ፡ዘቀተሉ፡\nትጉሃን፡ወመሀሩ፡ለውሉዶሙ፨"",
    ""normalization_policy"": ""none"",
    ""punctuation_markers"": [
      ""፡"",
      ""፨""
    ],
    ""removed_artifacts"": [],
    ""uncertainties"": []
  }
}"
10,segment_008,segment,DONE,C:\Users\sasch\visionexe\stories\template\filmsets\story_010\segment_008\segment.txt,"{
  ""source"": {
    ""witness_id"": ""story_010/segment_008"",
    ""graphematic_string"": ""Chapter 10 Segment 8\n\nወማሰነት፡ላ፡ምድር፡\nትምህርተ፡ግብሩ፡ለዛዝኤል፡\nወላዕሌሁ፡ጸሐፍ፡ሎ፡ኀጢተ\n።"",
    ""normalization_policy"": ""none"",
    ""punctuation_markers"": [
      ""፡"",
      ""።""
    ],
    ""removed_artifacts"": [],
    ""uncertainties"": []
  }
}"
10,segment_009,segment,DONE,C:\Users\sasch\visionexe\stories\template\filmsets\story_010\segment_009\segment.txt,"{
  ""source"": {
    ""witness_id"": ""story_010/segment_009"",
    ""graphematic_string"": ""Chapter 10 Segment 9\n\nወለገብርኤል፡ይቤሎ፡እግዚ፡\nሖር፡ዲቤሆሙ፡ለመንዝራን፡\nወለምኑናን፡ወዲ፡ውሉደ፡\nዘማ፨ወሐጕሎሙ፡\nውሉደሙሂ፨ወለውሉደ፡\nትጉሃን፡እምሰብእ፡ወውፅኦሙ፡\nወፈንዎሙ፡፡ይናቲሆሙ፡\nእሙንቱ፨ወለሊሆሙ፡ቀትል፡\nይትሐገሉ፡እስመ፡ኑኅ፡መዋዕል፡\nልቦሙ፨"",
    ""normalization_policy"": ""none"",
    ""punctuation_markers"": [
      ""፡"",
      ""፨""
    ],
    ""removed_artifacts"": [],
    ""uncertainties"": []
  }
}"
10,segment_010,segment,DONE,C:\Users\sasch\visionexe\stories\template\filmsets\story_010\segment_010\segment.txt,"{
  ""source"": {
    ""witness_id"": ""story_010/segment_010"",
    ""graphematic_string"": ""Chapter 10 Segment 10\n\nወሎ፡ይስእሉ፡ወኢይኩን፡\nለዊሆሙ፡እንቲሆሙ፡\nእስመ፡ይሴፈዉ፡ይሕየዉ፡\nሕይወተ፡ዘለዓለም።ወመ፡\nይሕየዉ፡፩፩እምሆሙ፡\n፭፻ራማተ፨"",
    ""normalization_policy"": ""none"",
    ""punctuation_markers"": [
      ""፡"",
      ""።"",
      ""፨""
    ],
    ""removed_artifacts"": [],
    ""uncertainties"": []
  }
}"
10,segment_011,segment,DONE,C:\Users\sasch\visionexe\stories\template\filmsets\story_010\segment_011\segment.txt,"{
  ""source"": {
    ""witness_id"": ""story_010/segment_011"",
    ""graphematic_string"": ""Chapter 10 Segment 11\n\nወለሚኤል፡ይቤሎ፡እግዚ፡\nሖር፡ይድዕ፡ለስምያዛ፡\nወለልን፡እለ፡ምስሌሆሙ፡\nእለ፡ኀብሩ፡ምስለ፡ንስት፡መ፡\nይማስኑ፡ምስሌሆን፡ሉ፡\nርሰ፡ዚሆን፨"",
    ""normalization_policy"": ""none"",
    ""punctuation_markers"": [
      ""፡"",
      ""፨""
    ],
    ""removed_artifacts"": [],
    ""uncertainties"": []
  }
}"
10,segment_012,segment,DONE,C:\Users\sasch\visionexe\stories\template\filmsets\story_010\segment_012\segment.txt,"{
  ""source"": {
    ""witness_id"": ""story_010/segment_012"",
    ""graphematic_string"": ""Chapter 10 Segment 12\n\nወሶ፡ይትራገዙ፡ሉ፡\nውሉዶሙ፡ወሶ፡ይሬእዩ፡\nሐጕሎሙ፡ለፍቁራኒሆሙ፡\nእስሮሙ፡ለሰብ፡ትውልድ፡\nመትሕተ፡ውግረ፡ምድር፡\nእስ፡ዕለተ፡\nነሆሙ፨ወተፍጻሜቶሙ፡\nእስ፡ይትፈጸም፡ነ፡\nዘለዓለመ፡ዓለም፨"",
    ""normalization_policy"": ""none"",
    ""punctuation_markers"": [
      ""፡"",
      ""፨""
    ],
    ""removed_artifacts"": [],
    ""uncertainties"": []
  }
}"
10,segment_013,segment,DONE,C:\Users\sasch\visionexe\stories\template\filmsets\story_010\segment_013\segment.txt,"{
  ""source"": {
    ""witness_id"": ""story_010/segment_013"",
    ""graphematic_string"": ""Chapter 10 Segment 13\n\nወውእቱ፡መዋዕል፡\nይወስድዎሙ፡ውስተ፡መትሕተ፡\nእሳት፨ፃዕር፡ወቤተ፡ሞቅሕ፡\nወይትዐጸዉ፡ለዓለመ፨"",
    ""normalization_policy"": ""none"",
    ""punctuation_markers"": [
      ""፡"",
      ""፨""
    ],
    ""removed_artifacts"": [],
    ""uncertainties"": []
  }
}"
10,segment_014,segment,DONE,C:\Users\sasch\visionexe\stories\template\filmsets\story_010\segment_014\segment.txt,"{
  ""source"": {
    ""witness_id"": ""story_010/segment_014"",
    ""graphematic_string"": ""Chapter 10 Segment 14\n\nወሶ፡ይውዒ፡ወይማስን፡\nእምይእዜ፡ምስሌሆሙ፡ኅቡረ፡\nይትሰሩ፡እስ፡ተፍጻሜተ፡\nትውልደ፨"",
    ""normalization_policy"": ""none"",
    ""punctuation_markers"": [
      ""፡"",
      ""፨""
    ],
    ""removed_artifacts"": [],
    ""uncertainties"": []
  }
}"
10,segment_015,segment,DONE,C:\Users\sasch\visionexe\stories\template\filmsets\story_010\segment_015\segment.txt,"{
  ""source"": {
    ""witness_id"": ""story_010/segment_015"",
    ""graphematic_string"": ""Chapter 10 Segment 15\n\nወኅጕሎሙ፡ለሎ፡ነፍስተ፡\nተውት፡ወለውሉዶሙ፡\nለትጉሃን፡እስመ፡ገፍዕዎሙ፡\nለሰብእ ፤"",
    ""normalization_policy"": ""none"",
    ""punctuation_markers"": [
      ""፡"",
      ""፤""
    ],
    ""removed_artifacts"": [],
    ""uncertainties"": []
  }
}"
10,segment_016,segment,DONE,C:\Users\sasch\visionexe\stories\template\filmsets\story_010\segment_016\segment.txt,"{
  ""source"": {
    ""witness_id"": ""story_010/segment_016"",
    ""graphematic_string"": ""Chapter 10 Segment 16\n\nሓጕል፡ሎ፡ግፍዓ፡እምገጸ፡\nምድር፨ወሉ፡ምግባር፡እኩይ፡\nይሕልቅ፡ወያስተርኢ፡ተለ፡\nጽድቅ፡ወርትዕ፡ወይውን፡\nለረት፡ግብር ፤ ጽድቅ፡\nወርትዕ፡ለዓለም፡ፍሥሐ፡\nይተሉ፨"",
    ""normalization_policy"": ""none"",
    ""punctuation_markers"": [
      ""፡"",
      ""፨"",
      ""፤""
    ],
    ""removed_artifacts"": [],
    ""uncertainties"": []
  }
}"
10,segment_017,segment,DONE,C:\Users\sasch\visionexe\stories\template\filmsets\story_010\segment_017\segment.txt,"{
  ""source"": {
    ""witness_id"": ""story_010/segment_017"",
    ""graphematic_string"": ""Chapter 10 Segment 17\n\nይእዜኒ፡ሎሙ፡ጻድቃን፡\nይጐይዩ፡ወይውኑ፡ሕያዋነ፡\nእስ፡ይወልዱ፡፲፻፨ወሎ፡\nመዋዕለ፡ውርዙቶሙ፡ወሰንተ፡\nዚሆሙ፡ይፌጽሙ፡\nሰላም፨፨"",
    ""normalization_policy"": ""none"",
    ""punctuation_markers"": [
      ""፡"",
      ""፨""
    ],
    ""removed_artifacts"": [],
    ""uncertainties"": []
  }
}"
10,segment_018,segment,DONE,C:\Users\sasch\visionexe\stories\template\filmsets\story_010\segment_018\segment.txt,"{
  ""source"": {
    ""witness_id"": ""story_010/segment_018"",
    ""graphematic_string"": ""Chapter 10 Segment 18\n\nወእማንቱ፡መዋዕል፡ትትገር፡\nላ፡ምድር፡ጽድቅ፡\nወለንታሃ፡ትተል፡ዕፀወ፡\nወትመልእ፡ረተ፨"",
    ""normalization_policy"": ""none"",
    ""punctuation_markers"": [
      ""፡"",
      ""፨""
    ],
    ""removed_artifacts"": [],
    ""uncertainties"": []
  }
}"
10,segment_019,segment,DONE,C:\Users\sasch\visionexe\stories\template\filmsets\story_010\segment_019\segment.txt,"{
  ""source"": {
    ""witness_id"": ""story_010/segment_019"",
    ""graphematic_string"": ""Chapter 10 Segment 19\n\nወሎ፡ዕፀወ፡ሐሤት፡ይተሉ፡\nዲቤሃ፨ወይተሉ፡ዲቤሃ፡\nእውያነ፡ወወይን፡ዘይተል፡\nዲቤሃ፡ይገብር፡ፍሬ፡ለጽጋብ ፤\nወሉ፡ዘርእ፡ዘይዘራእ፡ዲቤሃ፡\nሐቲ፡መስፈርት፡ትገብር፡፼፡\nወሐቲ፡መስፈርተ፡ኤልያስ፡\nትገብር፡፲ምያደ፡ዘይት ።"",
    ""normalization_policy"": ""none"",
    ""punctuation_markers"": [
      ""፡"",
      ""፨"",
      ""፤"",
      ""።""
    ],
    ""removed_artifacts"": [],
    ""uncertainties"": []
  }
}"
10,segment_020,segment,DONE,C:\Users\sasch\visionexe\stories\template\filmsets\story_010\segment_020\segment.txt,"{
  ""source"": {
    ""witness_id"": ""story_010/segment_020"",
    ""graphematic_string"": ""Chapter 10 Segment 20\n\nወንተ፡ንጽሐ፡ለምድር፡\nእምሉ፡ግፍዕ፡ወእምሉ፡\nዐመፃ፡ወእምሉ፡ኀጢት፡\nወእምሉ፡ረሲዕ፡ወእምሉ፡\nርስ፡ዘይትገር፡ዲ፡\nምድር፨ሐልቆሙ፡ዲ፡\nምድር፡"",
    ""normalization_policy"": ""none"",
    ""punctuation_markers"": [
      ""፡"",
      ""፨""
    ],
    ""removed_artifacts"": [],
    ""uncertainties"": []
  }
}"
10,segment_021,segment,DONE,C:\Users\sasch\visionexe\stories\template\filmsets\story_010\segment_021\segment.txt,"{
  ""source"": {
    ""witness_id"": ""story_010/segment_021"",
    ""graphematic_string"": ""Chapter 10 Segment 21\n\nወኩኑ፡ሉሙ፡ውሉደ፡ሰብእ፡\nጻድቃነ፡ወይኩኑ፡ሎ፡ሕዛብ፡\nያምልኩ፡ወይባርኩ፡\nያየ።ወሎሙ፡ሊተ፡\nይሰግዱ፨"",
    ""normalization_policy"": ""none"",
    ""punctuation_markers"": [
      ""፡"",
      ""።"",
      ""፨""
    ],
    ""removed_artifacts"": [],
    ""uncertainties"": []
  }
}"
10,segment_022,segment,DONE,C:\Users\sasch\visionexe\stories\template\filmsets\story_010\segment_022\segment.txt,"{
  ""source"": {
    ""witness_id"": ""story_010/segment_022"",
    ""graphematic_string"": ""Chapter 10 Segment 22\n\nወትነጽሕ፡ምድር፡እምሉ፡\nሙስና፡ወእምሉ፡ኃጢት ፤\nወእምሉ፡መቅሠፍት፡\nወእምሉ፡ፃዕር፡ወኢይደግም፡\nመ፡እፈኑ፡ዲቤሃ፡ይኃ፡\nለትውልደ፡ትውልድ፡ወእስ፡\nለዓለም ።"",
    ""normalization_policy"": ""none"",
    ""punctuation_markers"": [
      ""፡"",
      ""፤"",
      ""።""
    ],
    ""removed_artifacts"": [],
    ""uncertainties"": []
  }
}"
11,segment_001,segment,DONE,C:\Users\sasch\visionexe\stories\template\filmsets\story_011\segment_001\segment.txt,"{
  ""source"": {
    ""witness_id"": ""story_011/segment_001"",
    ""graphematic_string"": ""ወእማንቱ፡መዋዕል፡እፈትሕ፡\nመዛግብተ፡ረት፡እለ፡ሰማይ፡\nመ፡ውርዶሙ፡ዲ፡ምድር፡\nዲ፡ግብሮሙ፡ወዲ፡ጸማሆሙ፡\nለውሉደ፡ሰብእ፨"",
    ""normalization_policy"": ""none"",
    ""punctuation_markers"": [
      ""፡"",
      ""፨""
    ],
    ""removed_artifacts"": [
      ""Chapter 11 Segment 1""
    ],
    ""uncertainties"": []
  }
}"
11,segment_002,segment,DONE,C:\Users\sasch\visionexe\stories\template\filmsets\story_011\segment_002\segment.txt,"{
  ""source"": {
    ""witness_id"": ""story_011/segment_002"",
    ""graphematic_string"": ""ወሰላም፡ወርትዕ፡ሱቱፋነ፡\nይውኑ፡ሉ፡መዋዕለ፡\nለዓለም፡ወሉ፡ትውልደ፡\nዓለም፨፨"",
    ""normalization_policy"": ""none"",
    ""punctuation_markers"": [
      ""፡"",
      ""፨""
    ],
    ""removed_artifacts"": [
      ""Chapter 11 Segment 2""
    ],
    ""uncertainties"": []
  }
}"
12,segment_001,segment,DONE,C:\Users\sasch\visionexe\stories\template\filmsets\story_012\segment_001\segment.txt,"{
  ""source"": {
    ""witness_id"": ""story_012/segment_001"",
    ""graphematic_string"": ""ወእምቅድመ፡ሉ፡ነገር፡\nተብተ፡ሄኖ፡ወልቦ፡\nዘየምሮ፡እምውሉደ፡ሰብእ፡\nኀ፡ተብተ፡ወኅ፡ሀሎ፡\nወምንተ፡ነ፨"",
    ""normalization_policy"": ""none"",
    ""punctuation_markers"": [
      ""፡"",
      ""፨"",
      ""\n""
    ],
    ""removed_artifacts"": [
      ""Chapter 12 Segment 1\n\n""
    ],
    ""uncertainties"": []
  }
}"
12,segment_002,segment,DONE,C:\Users\sasch\visionexe\stories\template\filmsets\story_012\segment_002\segment.txt,"{
  ""source"": {
    ""witness_id"": ""story_012/segment_002"",
    ""graphematic_string"": ""ወሉ፡ግብሩ፡ምስለ፡ትጉሃን፡\nወምስለ፡ቅዱሳን፡መዋዕለ፡\nዚሁ፡"",
    ""normalization_policy"": ""none"",
    ""punctuation_markers"": [
      ""፡"",
      ""\n""
    ],
    ""removed_artifacts"": [
      ""Chapter 12 Segment 2\n\n""
    ],
    ""uncertainties"": []
  }
}"
12,segment_003,segment,DONE,C:\Users\sasch\visionexe\stories\template\filmsets\story_012\segment_003\segment.txt,"{
  ""source"": {
    ""witness_id"": ""story_012/segment_003"",
    ""graphematic_string"": ""ወነ፡ሄኖ፡ንኩ፡እባር፡\nለእግዚእ፡ዐቢያተ፡ወለንጉሠ፡\nዓለም።ወናሁ፡ትጉሃን፡\nይጼውዑኒ፡ሊተ፡ለሄኖ፡\nጸሓፊ፨ወይቤሉኒ፡"",
    ""normalization_policy"": ""none"",
    ""punctuation_markers"": [
      ""፡"",
      ""።"",
      ""፨"",
      ""\n""
    ],
    ""removed_artifacts"": [
      ""Chapter 12 Segment 3\n\n""
    ],
    ""uncertainties"": []
  }
}"
12,segment_004,segment,DONE,C:\Users\sasch\visionexe\stories\template\filmsets\story_012\segment_004\segment.txt,"{
  ""source"": {
    ""witness_id"": ""story_012/segment_004"",
    ""graphematic_string"": ""ሄኖ፡ጸሓፌ፡ጽድቅ፡ሑር፡\nይድዕ፡ለትጉሃነ፡ሰማይ፡እለ፡\nኀደጉ፡ሰማየ፡ልዑለ፡ወምቅዋመ፡\nቅዱሰ፡ዘለዓለም፨ወምስለ፡\nንስት፡ማሰኑ፡ወገብሩ፡ዘመ፡\nይገብሩ፡ውሉደ፡ሰብእ፡ወነሥኡ፡\nሎሙ፡ንስተ፡ወማሰኑ፡ዐቢየ፡\nሙስና፡ዲ፡ምድር፨"",
    ""normalization_policy"": ""none"",
    ""punctuation_markers"": [
      ""፡"",
      ""፨"",
      ""\n""
    ],
    ""removed_artifacts"": [
      ""Chapter 12 Segment 4\n\n""
    ],
    ""uncertainties"": []
  }
}"
12,segment_005,segment,DONE,C:\Users\sasch\visionexe\stories\template\filmsets\story_012\segment_005\segment.txt,"{
  ""source"": {
    ""witness_id"": ""story_012/segment_005"",
    ""graphematic_string"": ""ወኢይውን፡ሎሙ፡ሰላም፡\nወኅድገተ፡ኀጢት፡እስመ፡\nኢይትፌሥሑ፡ውሉዶሙ፡"",
    ""normalization_policy"": ""none"",
    ""punctuation_markers"": [
      ""፡"",
      ""\n""
    ],
    ""removed_artifacts"": [
      ""Chapter 12 Segment 5\n\n""
    ],
    ""uncertainties"": []
  }
}"
12,segment_006,segment,DONE,C:\Users\sasch\visionexe\stories\template\filmsets\story_012\segment_006\segment.txt,"{
  ""source"": {
    ""witness_id"": ""story_012/segment_006"",
    ""graphematic_string"": ""ቀትለ፡ፍቁራኒሆሙ፡ይርእዩ፡\nወዲ፡ሐጕለ፡ውሉዶሙ፡\nይግዕሩ፡ወይስእሉ፡ለዓለም፡\nወኢይውን፡ሎሙ፡ምሕረት፡\nወኢሰላም፨፨"",
    ""normalization_policy"": ""none"",
    ""punctuation_markers"": [
      ""፡"",
      ""፨"",
      ""\n""
    ],
    ""removed_artifacts"": [
      ""Chapter 12 Segment 6\n\n""
    ],
    ""uncertainties"": []
  }
}"
13,segment_001,segment,DONE,C:\Users\sasch\visionexe\stories\template\filmsets\story_013\segment_001\segment.txt,"{
  ""source"": {
    ""witness_id"": ""story_013/segment_001"",
    ""graphematic_string"": ""ወሄኖ፡ኀሊፎ፡ይቤሎ፡\nለዛዝኤል፡ኢይውነ፡ሰላም ፤\nዓቢይ፡ነ፡ወፅ፡ላዕሌ፡\nይእሥር፨"",
    ""normalization_policy"": ""none"",
    ""punctuation_markers"": [
      ""፡"",
      ""፤"",
      ""፨""
    ],
    ""removed_artifacts"": [],
    ""uncertainties"": []
  }
}"
13,segment_002,segment,DONE,C:\Users\sasch\visionexe\stories\template\filmsets\story_013\segment_002\segment.txt,"{
  ""source"": {
    ""witness_id"": ""story_013/segment_002"",
    ""graphematic_string"": ""መሕተ፡ምድር፡ወስእለተ፡\nኢይውነ፡እንተ፡ዘመሀር፡\nግፍዓ፡ወእንተ፡ሉ፡ምግባረ፡\nጽርፈት፡ወግፍዕ፡ወኀጢት፡\nዘርይ፡ለሰብእ፨"",
    ""normalization_policy"": ""none"",
    ""punctuation_markers"": [
      ""፡"",
      ""፨""
    ],
    ""removed_artifacts"": [],
    ""uncertainties"": []
  }
}"
13,segment_003,segment,DONE,C:\Users\sasch\visionexe\stories\template\filmsets\story_013\segment_003\segment.txt,"{
  ""source"": {
    ""witness_id"": ""story_013/segment_003"",
    ""graphematic_string"": ""ሜሃ፡ሐዊርየ፡ነገርዎሙ፡\nለሎሙ፡ኅቡረ፡ወእሙንቱሰ፡\nሎሙ፡ፈርሁ፨ወፍርህት፡\nነሥኦሙ፡ወረዓድ፡"",
    ""normalization_policy"": ""none"",
    ""punctuation_markers"": [
      ""፡"",
      ""፨""
    ],
    ""removed_artifacts"": [],
    ""uncertainties"": []
  }
}"
13,segment_004,segment,DONE,C:\Users\sasch\visionexe\stories\template\filmsets\story_013\segment_004\segment.txt,"{
  ""source"": {
    ""witness_id"": ""story_013/segment_004"",
    ""graphematic_string"": ""ወተስእሉኒ፡መ፡እጽሐፍ፡\nሎሙ፡ተዝረ፡ስእለት፡መ፡\nይኩኖሙ፡ኅድገተ፨ወመ፡ነ፡\nዓርግ፡ተዝረ፡ስእለቶሙ፡\nቅድመ፡እግዚ፡ሰማይ፨"",
    ""normalization_policy"": ""none"",
    ""punctuation_markers"": [
      ""፡"",
      ""፨""
    ],
    ""removed_artifacts"": [],
    ""uncertainties"": []
  }
}"
13,segment_005,segment,DONE,C:\Users\sasch\visionexe\stories\template\filmsets\story_013\segment_005\segment.txt,"{
  ""source"": {
    ""witness_id"": ""story_013/segment_005"",
    ""graphematic_string"": ""እስመ፡ኢይሉ፡እሙንቱ፡\nእምይእዜ፡ተናግሮ፡ወኢያነሥኡ፡\nዕይንቲሆሙ፡ውስተ፡ሰማይ፡\nእምኃፍረተ፡ሳሆሙ፡\nዘተ—ነኑ፨"",
    ""normalization_policy"": ""none"",
    ""punctuation_markers"": [
      ""፡"",
      ""፨""
    ],
    ""removed_artifacts"": [
      ""dash""
    ],
    ""uncertainties"": []
  }
}"
13,segment_006,segment,DONE,C:\Users\sasch\visionexe\stories\template\filmsets\story_013\segment_006\segment.txt,"{
  ""source"": {
    ""witness_id"": ""story_013/segment_006"",
    ""graphematic_string"": ""ወሜሃ፡ጸሐፍኩ፡ተዝረ፡\nስዕለቶሙ፡ወስተብቍዖቶሙ፡\nእንተ፡መንፈሶሙ፡ወለለ፡\n፩ምግባሮሙ፡ወእንተ፡\nዘይስእሉ፡መ፡ይኩኖሙ፡\nስርየተ፡ወኑኀተ፨"",
    ""normalization_policy"": ""none"",
    ""punctuation_markers"": [
      ""፡"",
      ""፨""
    ],
    ""removed_artifacts"": [],
    ""uncertainties"": []
  }
}"
13,segment_007,segment,DONE,C:\Users\sasch\visionexe\stories\template\filmsets\story_013\segment_007\segment.txt,"{
  ""source"": {
    ""witness_id"": ""story_013/segment_007"",
    ""graphematic_string"": ""ወሐዊርየ፡ነርኩ፡ዲ፡ማያተ፡\nዳን፡ዳን፡እንዘ፡ይእቲ፡\nእምየማነ፡ዐረ፡ርሞን፡\nወእነብብ፡ተዝረ፡ስእለቶሙ፡\nእስመ፡ደቀስኩ፨"",
    ""normalization_policy"": ""none"",
    ""punctuation_markers"": [
      ""፡"",
      ""፨""
    ],
    ""removed_artifacts"": [],
    ""uncertainties"": []
  }
}"
13,segment_008,segment,DONE,C:\Users\sasch\visionexe\stories\template\filmsets\story_013\segment_008\segment.txt,"{
  ""source"": {
    ""witness_id"": ""story_013/segment_008"",
    ""graphematic_string"": ""ወድኅሬሁ፡ሕልም፡መጽኒ፡\nወራእያተ፡ዲቤየ፡ወድቁ፡\nወርኢኩ፡ራእየ፡መቅሠፍተ፡\nእንግር፡ለውሉደ፡ሰማይ፡\nወእዛለፎሙ፡"",
    ""normalization_policy"": ""none"",
    ""punctuation_markers"": [
      ""፡""
    ],
    ""removed_artifacts"": [],
    ""uncertainties"": []
  }
}"
13,segment_009,segment,DONE,C:\Users\sasch\visionexe\stories\template\filmsets\story_013\segment_009\segment.txt,"{
  ""source"": {
    ""witness_id"": ""story_013/segment_009"",
    ""graphematic_string"": ""ወነቂሕየ፡መጻእኩ፡ኀቤሆሙ፡\nወሎሙ፡ጉቡነ፡ይነብሩ፡\nእንዘ፡ይላሕዉ፡ኡብልሲያኤል፡\nዘሀለወት፡ማእለ፡ሊባኖስ፡\nወሴሴር፡እንዘ፡ግልቡባ፡\nገጾሙ፨"",
    ""normalization_policy"": ""none"",
    ""punctuation_markers"": [
      ""፡"",
      ""፨""
    ],
    ""removed_artifacts"": [],
    ""uncertainties"": []
  }
}"
13,segment_010,segment,DONE,C:\Users\sasch\visionexe\stories\template\filmsets\story_013\segment_010\segment.txt,"{
  ""source"": {
    ""witness_id"": ""story_013/segment_010"",
    ""graphematic_string"": ""ወተናገርኩ፡ቅድሜሆሙ፡ሎ፡\nራእያተ፡ዘርኢኩ፡\nንዋምየ፨ወወጠንኩ፡እትናገር፡\nውእተ፡ቃላተ፡ጽድቅ፡ወእዝልፍ፡\nለትጉሃነ፡ሰማይ፨"",
    ""normalization_policy"": ""none"",
    ""punctuation_markers"": [
      ""፡"",
      ""፨""
    ],
    ""removed_artifacts"": [],
    ""uncertainties"": []
  }
}"
14,segment_001,segment,DONE,C:\Users\sasch\visionexe\stories\template\filmsets\story_014\segment_001\segment.txt,"{
  ""source"": {
    ""witness_id"": ""story_014/segment_001"",
    ""graphematic_string"": ""ዝመጽሐፈ፡ቃለ፡ጽድቅ፡ወዘለፋ፡\nትጉሃን፡እለ፡እምዓለም፡መ፡\nዘዘ፡ቅዱስ፡ወዐቢይ፡ይእቲ፡\nራእይ፨ነ፡ርኢኩ፡ንዋምየ፡\nዘነ፡ይእዜ፡እነግር፡ልሳን፡\nዘሥጋ፡ወመንፈስየ፡ዘወሀ፡\nዐቢየ፡ፈ፡ዘወሀ፡ዐቢየ፡\nለሰብእ፡ይትናገሩ፡ቦቱ፡\nወይለብዉ፡ልብ፡"",
    ""normalization_policy"": ""none"",
    ""punctuation_markers"": [
      ""፡"",
      ""፨""
    ],
    ""removed_artifacts"": [
      ""header""
    ],
    ""uncertainties"": []
  }
}"
14,segment_002,segment,DONE,C:\Users\sasch\visionexe\stories\template\filmsets\story_014\segment_002\segment.txt,"{
  ""source"": {
    ""witness_id"": ""story_014/segment_002"",
    ""graphematic_string"": ""መ፡ፈጠረ፡ወወሀ፡ለሰብእ፡\nወሊተ፡ወሀ፡ይለብዉ፡ቃለ፡\nእምሮ፨ወሊተኒ፡ፈጠረ፡\nወወሀኒ፡እዝለፎሙ፡ለትጉሃን፡\nውሉደ፡ሰማይ፡"",
    ""normalization_policy"": ""none"",
    ""punctuation_markers"": [
      ""፡"",
      ""፨""
    ],
    ""removed_artifacts"": [
      ""header""
    ],
    ""uncertainties"": []
  }
}"
14,segment_003,segment,DONE,C:\Users\sasch\visionexe\stories\template\filmsets\story_014\segment_003\segment.txt,"{
  ""source"": {
    ""witness_id"": ""story_014/segment_003"",
    ""graphematic_string"": ""ነ፡ስእለተሙ፡ጸሐፍኩ፡\nወራእይየ፡መዝ፡ያስተርኢ፡\nእስመ፡ስእለትሙ፡\nኢትውነሙ፡ውስተ፡ሉ፡\nመዋዕለ፡ዓለም፨ወነ፡\nፍጽምት፡ላዕሌሙ፡\nወኢይውነሙ፨"",
    ""normalization_policy"": ""none"",
    ""punctuation_markers"": [
      ""፡"",
      ""፨""
    ],
    ""removed_artifacts"": [
      ""header""
    ],
    ""uncertainties"": []
  }
}"
14,segment_004,segment,DONE,C:\Users\sasch\visionexe\stories\template\filmsets\story_014\segment_004\segment.txt,"{
  ""source"": {
    ""witness_id"": ""story_014/segment_004"",
    ""graphematic_string"": ""ወእምይእዜ፡ኢተዐርጉ፡ውስተ፡\nሰማይ፡እስ፡ሉ፡\nዓለም፨ወውስተ፡ምድር፡ተነግረ፡\nይእስርሙ፡ሉ፡መዋዕለ፡\nዓለም፨"",
    ""normalization_policy"": ""none"",
    ""punctuation_markers"": [
      ""፡"",
      ""፨""
    ],
    ""removed_artifacts"": [
      ""header""
    ],
    ""uncertainties"": []
  }
}"
14,segment_005,segment,DONE,C:\Users\sasch\visionexe\stories\template\filmsets\story_014\segment_005\segment.txt,"{
  ""source"": {
    ""witness_id"": ""story_014/segment_005"",
    ""graphematic_string"": ""ወእምቅድመ፡ዝንቱ፡ርኢሙ፡\nሐጕለ፡ውሉድሙ፡ፍቁራን፡\nወልብሙ፡ጥርያኒሆሙ፡ላ፡\nይወድቁ፡ቅድሜሙ፡ሰይፍ፡"",
    ""normalization_policy"": ""none"",
    ""punctuation_markers"": [
      ""፡""
    ],
    ""removed_artifacts"": [
      ""header""
    ],
    ""uncertainties"": []
  }
}"
14,segment_006,segment,DONE,C:\Users\sasch\visionexe\stories\template\filmsets\story_014\segment_006\segment.txt,"{
  ""source"": {
    ""witness_id"": ""story_014/segment_006"",
    ""graphematic_string"": ""ወስእለትሙ፡እንቲሆሙ፡\nኢይውን፡\nወእንቲሙ፨ወንትሙሂ፡\nእንዘ፡ትዩ፡ወታስተቍዑ፡\nወኢትትናገሩ፡ወኢምንተ፡ቃለ፡\nእምውስተ፡መጽሐፍ፡ዘጸሐፍኩ፨"",
    ""normalization_policy"": ""none"",
    ""punctuation_markers"": [
      ""፡"",
      ""፨""
    ],
    ""removed_artifacts"": [
      ""header""
    ],
    ""uncertainties"": []
  }
}"
14,segment_007,segment,DONE,C:\Users\sasch\visionexe\stories\template\filmsets\story_014\segment_007\segment.txt,"{
  ""source"": {
    ""witness_id"": ""story_014/segment_007"",
    ""graphematic_string"": ""ወሊተ፡ራእይ፡መዝ፡ስተርየኒ\n፤ ናሁ፡ደመናት፡ራእይ፡\nይጼውዑኒ፡ወጊሜ፡ይጼውዓኒ፡\nወሩጸተ፡ዋብት፡ወመባርቅት፡\nያጔጕዑኒ፡ወያጽህቁኒ፡ወነፋሳት፡\nራእይ፡ያሰርሩኒ፡ወያጐጕኡኒ፡"",
    ""normalization_policy"": ""none"",
    ""punctuation_markers"": [
      ""፡"",
      ""፤""
    ],
    ""removed_artifacts"": [
      ""header""
    ],
    ""uncertainties"": []
  }
}"
14,segment_008,segment,DONE,C:\Users\sasch\visionexe\stories\template\filmsets\story_014\segment_008\segment.txt,"{
  ""source"": {
    ""witness_id"": ""story_014/segment_008"",
    ""graphematic_string"": ""ወንሥኡኒ፡ላዐለ፡ውስተ፡\nሰማይ፨ወቦእኩ፡እስ፡እቀርብ፡\nኀ፡ጥቅም፡ዘሕንጽት፡እብነ፡\nረድ፡ወልሳነ፡እሳት፡\nየውዶ፨ወወጠነ፡ያፍርሀኒ፡"",
    ""normalization_policy"": ""none"",
    ""punctuation_markers"": [
      ""፡"",
      ""፨""
    ],
    ""removed_artifacts"": [
      ""header""
    ],
    ""uncertainties"": []
  }
}"
14,segment_009,segment,DONE,C:\Users\sasch\visionexe\stories\template\filmsets\story_014\segment_009\segment.txt,"{
  ""source"": {
    ""witness_id"": ""story_014/segment_009"",
    ""graphematic_string"": ""ወቦእኩ፡ውስተ፡ልሳነ፡\nእሳት፨ወቀረብኩ፡ኀ፡ቤት፡\nዐቢይ፡ዘሕኑጽ፡ዕባነ፡ረድ ፤\nወረፍቱ፡ውእቱ፡መ፡ጸፍጸፈ፡\nሰሌዳ፡ዕባን፡ዘእምረድ፡\nወምድሩ፡ረድ፡"",
    ""normalization_policy"": ""none"",
    ""punctuation_markers"": [
      ""፡"",
      ""፨"",
      ""፤""
    ],
    ""removed_artifacts"": [
      ""header""
    ],
    ""uncertainties"": []
  }
}"
14,segment_010,segment,DONE,C:\Users\sasch\visionexe\stories\template\filmsets\story_014\segment_010\segment.txt,"{
  ""source"": {
    ""witness_id"": ""story_014/segment_010"",
    ""graphematic_string"": ""ጠፈሩ፡መ፡ሩፀተ፡ዋብት፡\nወመባርቅት፡ወማእሎሙ፡\nሩቤል፡ዘእሳት፡ወሰማዮሙ፡\nማይ፡"",
    ""normalization_policy"": ""none"",
    ""punctuation_markers"": [
      ""፡""
    ],
    ""removed_artifacts"": [
      ""header""
    ],
    ""uncertainties"": []
  }
}"
14,segment_011,segment,DONE,C:\Users\sasch\visionexe\stories\template\filmsets\story_014\segment_011\segment.txt,"{
  ""source"": {
    ""witness_id"": ""story_014/segment_011"",
    ""graphematic_string"": ""ወእሳት፡ዘይነድድ፡ውደ፡\nረፍቱ፡ወኅቱ፡ይውዒ፡\nእሳት፨"",
    ""normalization_policy"": ""none"",
    ""punctuation_markers"": [
      ""፡"",
      ""፨""
    ],
    ""removed_artifacts"": [
      ""header""
    ],
    ""uncertainties"": []
  }
}"
14,segment_012,segment,DONE,C:\Users\sasch\visionexe\stories\template\filmsets\story_014\segment_012\segment.txt,"{
  ""source"": {
    ""witness_id"": ""story_014/segment_012"",
    ""graphematic_string"": ""ወቦእኩ፡ውስተ፡ውእቱ፡ቤት፡\nወምቁ፡መ፡እሳት፡ወቈሪር፡\nመ፡ረድ፡ወኢምንተ፡ፍግዓ፡\nወሕይወት፡ልቦ፡\nውስቴቱ፨ፍርሀት፡ደነኒ፡\nወረዓድ፡ኀዘኒ፨"",
    ""normalization_policy"": ""none"",
    ""punctuation_markers"": [
      ""፡"",
      ""፨""
    ],
    ""removed_artifacts"": [
      ""header""
    ],
    ""uncertainties"": []
  }
}"
14,segment_013,segment,DONE,C:\Users\sasch\visionexe\stories\template\filmsets\story_014\segment_013\segment.txt,"{
  ""source"": {
    ""witness_id"": ""story_014/segment_013"",
    ""graphematic_string"": ""ወእንዘ፡እትሐወ፡ወእርዕድ፡\nወደቁ፡ገጽየ፡ወእሬኢ፡\nራእይ፨"",
    ""normalization_policy"": ""none"",
    ""punctuation_markers"": [
      ""፡"",
      ""፨""
    ],
    ""removed_artifacts"": [
      ""header""
    ],
    ""uncertainties"": []
  }
}"
14,segment_014,segment,DONE,C:\Users\sasch\visionexe\stories\template\filmsets\story_014\segment_014\segment.txt,"{
  ""source"": {
    ""witness_id"": ""story_014/segment_014"",
    ""graphematic_string"": ""ወናሁ፡ልእ፡ቤት፡ዘየዐቢ፡\nእምዝንቱ፡ወሉ፡ኅቱ፡\nርት፡ቅድሜየ፡ሕኑጽ፡\nልሳናተ፡እሳት፡"",
    ""normalization_policy"": ""none"",
    ""punctuation_markers"": [
      ""፡""
    ],
    ""removed_artifacts"": [
      ""header""
    ],
    ""uncertainties"": []
  }
}"
14,segment_015,segment,DONE,C:\Users\sasch\visionexe\stories\template\filmsets\story_014\segment_015\segment.txt,"{
  ""source"": {
    ""witness_id"": ""story_014/segment_015"",
    ""graphematic_string"": ""ወሉ፡ይፈደፍድ፡ስብሐት፡\nወብር፡ወዕይ፡እስ፡ኢይል፡\nዜንዎተሙ፡እንተ፡ስብሐቲሁ፡\nወእንተ፡ዕዩ፨"",
    ""normalization_policy"": ""none"",
    ""punctuation_markers"": [
      ""፡"",
      ""፨""
    ],
    ""removed_artifacts"": [
      ""header""
    ],
    ""uncertainties"": []
  }
}"
14,segment_016,segment,DONE,C:\Users\sasch\visionexe\stories\template\filmsets\story_014\segment_016\segment.txt,"{
  ""source"": {
    ""witness_id"": ""story_014/segment_016"",
    ""graphematic_string"": ""ወምድሩሰ፡ዘእሳት፡\nወመልዕልቴሁ፡መብርቅት፡\nወምርዋጸ፡ዋብት፨ወጠፈሩኒ፡\nእሳት፡ዘይነድድ፨"",
    ""normalization_policy"": ""none"",
    ""punctuation_markers"": [
      ""፡"",
      ""፨""
    ],
    ""removed_artifacts"": [
      ""header""
    ],
    ""uncertainties"": []
  }
}"
14,segment_017,segment,DONE,C:\Users\sasch\visionexe\stories\template\filmsets\story_014\segment_017\segment.txt,"{
  ""source"": {
    ""witness_id"": ""story_014/segment_017"",
    ""graphematic_string"": ""ወነጸርኩ፡ወርኢኩ፡ውስቴቱ፡\nመንረ፡ልዑለ፡ወራእዩ፡መ፡\nስሐትያ፡ወቡ፡መ፡ፀሐይ፡\nዘያርህ፡ወቃለ፡ሩቤን፡"",
    ""normalization_policy"": ""none"",
    ""punctuation_markers"": [
      ""፡""
    ],
    ""removed_artifacts"": [
      ""header""
    ],
    ""uncertainties"": []
  }
}"
14,segment_018,segment,DONE,C:\Users\sasch\visionexe\stories\template\filmsets\story_014\segment_018\segment.txt,"{
  ""source"": {
    ""witness_id"": ""story_014/segment_018"",
    ""graphematic_string"": ""ወእመትሕተ፡መንሩ፡ይወፅእ፡\nፍላገ፡እሳት፡\nዘይነድድ፨ወኢይሉ፡ርእየ፨"",
    ""normalization_policy"": ""none"",
    ""punctuation_markers"": [
      ""፡"",
      ""፨""
    ],
    ""removed_artifacts"": [
      ""header""
    ],
    ""uncertainties"": []
  }
}"
14,segment_019,segment,DONE,C:\Users\sasch\visionexe\stories\template\filmsets\story_014\segment_019\segment.txt,"{
  ""source"": {
    ""witness_id"": ""story_014/segment_019"",
    ""graphematic_string"": ""ወዐቢይ፡ስብሐት፡ይነብር፡\nላዕሌሁ፨ወዐጽፉሰ፡ዘይርህ፡\nእምፀሐይ፡ወይጸዐዱ፡እምሉ፡\nረድ፨"",
    ""normalization_policy"": ""none"",
    ""punctuation_markers"": [
      ""፡"",
      ""፨""
    ],
    ""removed_artifacts"": [
      ""header""
    ],
    ""uncertainties"": []
  }
}"
14,segment_020,segment,DONE,C:\Users\sasch\visionexe\stories\template\filmsets\story_014\segment_020\segment.txt,"{
  ""source"": {
    ""witness_id"": ""story_014/segment_020"",
    ""graphematic_string"": ""ወኢይል፡ወኢመኑሂ፡\nእመላእት፡ዊ፨ወርእየ፡ገጹ፡\nለቡር፡ወስቡሕ ፤ ወኢይል፡\nወኢመኑሂ፡ዘሥጋ፡ይረይ፡\nያሁ፡"",
    ""normalization_policy"": ""none"",
    ""punctuation_markers"": [
      ""፡"",
      ""፨"",
      ""፤""
    ],
    ""removed_artifacts"": [
      ""header""
    ],
    ""uncertainties"": []
  }
}"
14,segment_021,segment,DONE,C:\Users\sasch\visionexe\stories\template\filmsets\story_014\segment_021\segment.txt,"{
  ""source"": {
    ""witness_id"": ""story_014/segment_021"",
    ""graphematic_string"": ""እሳተ፡ዘይነድድ፡ውዱ፡\nወእሳት፡ዐቢይ፡ይቀውም፡\nቅድሜሁ፨ወልቦ፡ዘይቀርብ፡\nኀቤሁ፡እምእለ፡ውዱ ፤\nትእልፊተ፡ትእልፊት፡\nቅድሜሁ፨ወውእቱሰ፡\nኢይፈቅድ፡ምር፡ቅድሳተ ፤"",
    ""normalization_policy"": ""none"",
    ""punctuation_markers"": [
      ""፡"",
      ""፨"",
      ""፤""
    ],
    ""removed_artifacts"": [
      ""header""
    ],
    ""uncertainties"": []
  }
}"
14,segment_022,segment,DONE,C:\Users\sasch\visionexe\stories\template\filmsets\story_014\segment_022\segment.txt,"{
  ""source"": {
    ""witness_id"": ""story_014/segment_022"",
    ""graphematic_string"": ""ወቅዱሳን፡እለ፡ይቀርቡ፡ኀቤሁ፡\nኢይርኅቁ፡ሌሊተ፡ወመዓልተ፡\nወኢይትዓተቱ፡እምሁ፡"",
    ""normalization_policy"": ""none"",
    ""punctuation_markers"": [
      ""፡""
    ],
    ""removed_artifacts"": [
      ""header""
    ],
    ""uncertainties"": []
  }
}"
14,segment_023,segment,DONE,C:\Users\sasch\visionexe\stories\template\filmsets\story_014\segment_023\segment.txt,"{
  ""source"": {
    ""witness_id"": ""story_014/segment_023"",
    ""graphematic_string"": ""ወነ፡ሀለውኩ፡እስ፡ዝንቱ፡\nዲ፡ገጽየ፡ግልባቤ፡እንዘ፡\nእርዕድ፡ወእግዚእ፡ፉሁ፡\nጸውዓኒ፡ወይቤለኒ፡ቅረብ፡ዝየ፡\nሄኖ፡ወለቃልየ፡ቅዱስ፨"",
    ""normalization_policy"": ""none"",
    ""punctuation_markers"": [
      ""፡"",
      ""፨""
    ],
    ""removed_artifacts"": [
      ""header""
    ],
    ""uncertainties"": []
  }
}"
14,segment_024,segment,DONE,C:\Users\sasch\visionexe\stories\template\filmsets\story_014\segment_024\segment.txt,"{
  ""source"": {
    ""witness_id"": ""story_014/segment_024"",
    ""graphematic_string"": ""ወንሥኒ፡ወቅረኒ፡እስ፡\nኅት፨ወንሰ፡ገጽየ፡ታሕተ፡\nእጽር፨፨"",
    ""normalization_policy"": ""none"",
    ""punctuation_markers"": [
      ""፡"",
      ""፨""
    ],
    ""removed_artifacts"": [
      ""header""
    ],
    ""uncertainties"": []
  }
}"
15,segment_001,segment,DONE,C:\Users\sasch\visionexe\stories\template\filmsets\story_015\segment_001\segment.txt,"{
  ""source"": {
    ""witness_id"": ""story_015/segment_001"",
    ""graphematic_string"": ""Chapter 15 Segment 1\n\nወውሥኒ፡ወይቤለኒ፡ቃሉ፡\nስማዕኩ፡ኢትፍራህ፡ሄኖ፡\nብእሲ፡ጻድቅ፡ወጸሓፌ፡\nጽድቅ፨ቅረብ፡ዝየ፡ወስማዕ፡\nቃልየ፡"",
    ""normalization_policy"": ""none"",
    ""punctuation_markers"": [
      ""፡"",
      ""፨""
    ],
    ""removed_artifacts"": [],
    ""uncertainties"": []
  }
}"
15,segment_002,segment,DONE,C:\Users\sasch\visionexe\stories\template\filmsets\story_015\segment_002\segment.txt,"{
  ""source"": {
    ""witness_id"": ""story_015/segment_002"",
    ""graphematic_string"": ""Chapter 15 Segment 2\n\nወሑር፡ሎሙ፡ለትጉሃነ፡ሰማይ፡\nእለ፡ፈነዉ፡ትስል፡\nእንቲሆሙ፨ንትሙ፡\nመፍትው፡ትስሉ፡እንተ፡\nሰብእ፡፡ሰብእ፡\nእንቲሙ፨"",
    ""normalization_policy"": ""none"",
    ""punctuation_markers"": [
      ""፡"",
      ""፨"",
      ""፡፡""
    ],
    ""removed_artifacts"": [],
    ""uncertainties"": []
  }
}"
15,segment_003,segment,DONE,C:\Users\sasch\visionexe\stories\template\filmsets\story_015\segment_003\segment.txt,"{
  ""source"": {
    ""witness_id"": ""story_015/segment_003"",
    ""graphematic_string"": ""Chapter 15 Segment 3\n\nእንተ፡መንት፡ኅደግሙ፡ሰማየ፡\nልዑለ፡ወቅዱሰ፡ዘለዓለም፡\nወምስለ፡ንስት፡ሰብሙ፡\nወምስለ፡ዋልደ፡ሰብእ፡\nረ—ስሙ፨ወነሣእሙ፡\nለሙ፡ንስተ፡ወመ፡ውሉደ፡\nምድር፡ገርሙ፡ወወለድሙ፡\nውሉደ፡ረዓይተ፨"",
    ""normalization_policy"": ""none"",
    ""punctuation_markers"": [
      ""፡"",
      ""፨""
    ],
    ""removed_artifacts"": [
      ""—""
    ],
    ""uncertainties"": []
  }
}"
15,segment_004,segment,DONE,C:\Users\sasch\visionexe\stories\template\filmsets\story_015\segment_004\segment.txt,"{
  ""source"": {
    ""witness_id"": ""story_015/segment_004"",
    ""graphematic_string"": ""Chapter 15 Segment 4\n\n[ረዓይተ] ,   . ,      .\nወንትሙሰ፡ቅዱሳን፡\nመንፈሳዊያን፡ሕያዋነ፡ሕይወት፡\nዘለዓለም፡ዲ፡ንስት፡\nረ—ስሙ፡ወደመ፡ሥጋ፡\nውለድሙ፨ወደመ፡ሰብእ፡\nፈተውሙ፡ወገርሙ፡መ፡\nእሙንቱ፡ይገብሩ፨ሥጋ፡ወደመ፡\nእለ፡እሙንቱ፡ይመውቱ፡\nወይትሐጐሉ፨"",
    ""normalization_policy"": ""none"",
    ""punctuation_markers"": [
      ""["",
      ""]"",
      "","",
      ""."",
      ""፡"",
      ""፨""
    ],
    ""removed_artifacts"": [
      ""—""
    ],
    ""uncertainties"": [
      ""ረዓይተ""
    ]
  }
}"
15,segment_005,segment,DONE,C:\Users\sasch\visionexe\stories\template\filmsets\story_015\segment_005\segment.txt,"{
  ""source"": {
    ""witness_id"": ""story_015/segment_005"",
    ""graphematic_string"": ""Chapter 15 Segment 5\n\nወእንተዝ፡ወሀብዎሙ፡\nንስትያ፡መ፡ይዝርኡ፡\nላዕሌሆን፡ወይትወለዱ፡ውሉዱ፡\nላዕሌሆን፡መ፡ማሁ፡\nኢይንትግ፡ግብር፡ላዕሌሆን፡\nዲ፡ምድር፨"",
    ""normalization_policy"": ""none"",
    ""punctuation_markers"": [
      ""፡"",
      ""፨""
    ],
    ""removed_artifacts"": [],
    ""uncertainties"": []
  }
}"
15,segment_006,segment,DONE,C:\Users\sasch\visionexe\stories\template\filmsets\story_015\segment_006\segment.txt,"{
  ""source"": {
    ""witness_id"": ""story_015/segment_006"",
    ""graphematic_string"": ""Chapter 15 Segment 6\n\nወንትሙሰ፡ቀዳሚ፡ንሙ፡\nመንፈሳዊያነ፡ሕያዋነ፡ሕይወት፡\nዘለዓለም፡ዘኢይመውት፡ለሉ፡\nትውልደ፡ዓለም፨"",
    ""normalization_policy"": ""none"",
    ""punctuation_markers"": [
      ""፡"",
      ""፨""
    ],
    ""removed_artifacts"": [],
    ""uncertainties"": []
  }
}"
15,segment_007,segment,DONE,C:\Users\sasch\visionexe\stories\template\filmsets\story_015\segment_007\segment.txt,"{
  ""source"": {
    ""witness_id"": ""story_015/segment_007"",
    ""graphematic_string"": ""Chapter 15 Segment 7\n\nእንተዝ፡ኢረሰይኩ፡ለሙ፡\nንስቲያ፡እስመ፡መንፈሳውያንሰ፡\nውስተ፡ሰማይ፡ማኅደሪሆሙ፨"",
    ""normalization_policy"": ""none"",
    ""punctuation_markers"": [
      ""፡"",
      ""፨""
    ],
    ""removed_artifacts"": [],
    ""uncertainties"": []
  }
}"
15,segment_008,segment,DONE,C:\Users\sasch\visionexe\stories\template\filmsets\story_015\segment_008\segment.txt,"{
  ""source"": {
    ""witness_id"": ""story_015/segment_008"",
    ""graphematic_string"": ""Chapter 15 Segment 8\n\nወይእዜኒ፡ረዓይት፡እለ፡ተወልዱ፡\nእምነፍስት፡ወሥጋ፡መንፈሳተ፡\nእኩያነ፡ይሰመዩ፡ዲ፡ምድር፡\nወውስተ፡ምድር፡ይውን፡\nመኃድሪሆሙ፡"",
    ""normalization_policy"": ""none"",
    ""punctuation_markers"": [
      ""፡""
    ],
    ""removed_artifacts"": [],
    ""uncertainties"": []
  }
}"
15,segment_009,segment,DONE,C:\Users\sasch\visionexe\stories\template\filmsets\story_015\segment_009\segment.txt,"{
  ""source"": {
    ""witness_id"": ""story_015/segment_009"",
    ""graphematic_string"": ""Chapter 15 Segment 9\n\nወነፍሳት፡እኩያን ፤ ወፅኡ፡\nእምሥጋሆሙ ፤ እስመ፡\nእመልዕልት፡ተፈጥሩ፡\nእምቅዱሳን፡ትጉሃን ፤ ኑ፡\nቀዳሚቶሙ፡ወቀዳሚ፡መሰረት፡\nመንፈሰ፡እኩየ፡ይውኑ፡ዲ፡\nምድር፡ወመንፈሰ፡እኩያን፡\nይሰመዩ፡"",
    ""normalization_policy"": ""none"",
    ""punctuation_markers"": [
      ""፡"",
      ""፤""
    ],
    ""removed_artifacts"": [],
    ""uncertainties"": []
  }
}"
15,segment_010,segment,DONE,C:\Users\sasch\visionexe\stories\template\filmsets\story_015\segment_010\segment.txt,"{
  ""source"": {
    ""witness_id"": ""story_015/segment_010"",
    ""graphematic_string"": ""Chapter 15 Segment 10\n\nመንፈሳተ፡ሰማይ፡ውስተ፡ሰማይ፡\nይውን፡\nማኅደሪሆሙ፨ወመንፈሳተ፡\nምድር፡እለ፡ዘተወልዱ፡ዲ፡\nምድር፡ውስተ፡ምድር፡\nማኅድሪሆሙ፨"",
    ""normalization_policy"": ""none"",
    ""punctuation_markers"": [
      ""፡"",
      ""፨""
    ],
    ""removed_artifacts"": [],
    ""uncertainties"": []
  }
}"
15,segment_011,segment,DONE,C:\Users\sasch\visionexe\stories\template\filmsets\story_015\segment_011\segment.txt,"{
  ""source"": {
    ""witness_id"": ""story_015/segment_011"",
    ""graphematic_string"": ""Chapter 15 Segment 11\n\nወመንፈሰ፡ረዓይትኒ፡ደመናተ፡\nእለ፡ይገፍዑ፡ይማስኑ፡\nወይወድቁ፡ወይትዓሱ ፤\nወያደቅቁ፡ዲ፡ምድር፨ወኃዘነ፡\nይገብሩ፡ወኢምንተኒ፡ዘይልዑ፡\nእለ ፤ ወኢይጸምዑ፡\nወኢይትዓወቁ፡"",
    ""normalization_policy"": ""none"",
    ""punctuation_markers"": [
      ""፡"",
      ""፨"",
      ""፤""
    ],
    ""removed_artifacts"": [],
    ""uncertainties"": []
  }
}"
15,segment_012,segment,DONE,C:\Users\sasch\visionexe\stories\template\filmsets\story_015\segment_012\segment.txt,"{
  ""source"": {
    ""witness_id"": ""story_015/segment_012"",
    ""graphematic_string"": ""Chapter 15 Segment 12\n\nወኢይትነሥኡ፡እሎንቱ፡ነፍሳት፡\nዲ፡ውሉደ፡ሰብእ፡ወዲ፡\nንስት፡እስመ፡ወፅኡ፡መ፡\nመዋዕለ፡ቀትል፡ወሙስና፨"",
    ""normalization_policy"": ""none"",
    ""punctuation_markers"": [
      ""፡"",
      ""፨""
    ],
    ""removed_artifacts"": [],
    ""uncertainties"": []
  }
}"
16,segment_001,segment,DONE,C:\Users\sasch\visionexe\stories\template\filmsets\story_016\segment_001\segment.txt,"{
  ""source"": {
    ""witness_id"": ""story_016/segment_001"",
    ""graphematic_string"": ""ወሞተ፡ረዐይትኒ፡እንተ፡ኀ፡\nወፅ፡መንፈሳት፡እምነፍሳተ፡\nሥጋሆሙ፡ለይኩን፡ዘይማስን፡\nዘእንለ፡ነ፨ማሁ፡ይማስኑ፡\nእስ፡ዕለተ፡ተፍጸሜት፡ዐባይ፡\nእምዓለም፡ዐቢይ፡ይትፌጸም፡\nእምትጉሃን፡ወረሲዓን፡ሉ፡\nይትፈጸም፡እምትጉሃን፨"",
    ""normalization_policy"": ""none"",
    ""punctuation_markers"": [
      ""፡"",
      ""፨""
    ],
    ""removed_artifacts"": [
      ""Chapter 16 Segment 1 Header""
    ],
    ""uncertainties"": []
  }
}"
16,segment_002,segment,DONE,C:\Users\sasch\visionexe\stories\template\filmsets\story_016\segment_002\segment.txt,"{
  ""source"": {
    ""witness_id"": ""story_016/segment_002"",
    ""graphematic_string"": ""ወይእዜኒ፡ለትጉሃን፡እለ፡ፈነዉ፡\nትስል፡እንቲሆሙ፡እለ፡\nቀዲሙ፡ሰማይ፡ሀለዉ፨"",
    ""normalization_policy"": ""none"",
    ""punctuation_markers"": [
      ""፡"",
      ""፨""
    ],
    ""removed_artifacts"": [
      ""Chapter 16 Segment 2 Header""
    ],
    ""uncertainties"": []
  }
}"
16,segment_003,segment,DONE,C:\Users\sasch\visionexe\stories\template\filmsets\story_016\segment_003\segment.txt,"{
  ""source"": {
    ""witness_id"": ""story_016/segment_003"",
    ""graphematic_string"": ""ወይእዜኒ፡ንትሙሰ፡ሰማይ፡\nሀለውሙ፡ወኅቡት፡ዓዲ፡\nኢተሥቱ፡ለሙ፡ወምኑነ፡\nምሥጢረ፡\nእመርሙ፨ወዘንተ፡\nዜነውሙ፡ለንስት፡ጽንዓ፡\nልብሙ፡ወዝንቱ፡ምሥጢር፡\nያዝኅ፡ንስት፡ወሰብእ፡እተ፡\nዲ፡ምድር፨"",
    ""normalization_policy"": ""none"",
    ""punctuation_markers"": [
      ""፡"",
      ""፨""
    ],
    ""removed_artifacts"": [
      ""Chapter 16 Segment 3 Header""
    ],
    ""uncertainties"": []
  }
}"
16,segment_004,segment,DONE,C:\Users\sasch\visionexe\stories\template\filmsets\story_016\segment_004\segment.txt,"{
  ""source"": {
    ""witness_id"": ""story_016/segment_004"",
    ""graphematic_string"": ""ሎሙ፡እንሰ፡ልብሙ፡\nሰላመ፨፨"",
    ""normalization_policy"": ""none"",
    ""punctuation_markers"": [
      ""፡"",
      ""፨""
    ],
    ""removed_artifacts"": [
      ""Chapter 16 Segment 4 Header""
    ],
    ""uncertainties"": []
  }
}"
17,segment_001,segment,DONE,C:\Users\sasch\visionexe\stories\template\filmsets\story_017\segment_001\segment.txt,"{
  ""source"": {
    ""witness_id"": ""story_017/segment_001"",
    ""graphematic_string"": ""ወነሥኡኒ፡ውስተ፡፩መን፡ኀ፡\nእለ፡ሀለዉ፡ህየ፡መ፡እሳት፡\nይነድድ፡ወሶ፡ይፈቅዱ፡\nያስተርእዩ፡መ፡ሰብእ፨"",
    ""normalization_policy"": ""none"",
    ""punctuation_markers"": [
      ""፡"",
      ""፨""
    ],
    ""removed_artifacts"": [
      ""Chapter 17 Segment 1""
    ],
    ""uncertainties"": []
  }
}"
17,segment_002,segment,DONE,C:\Users\sasch\visionexe\stories\template\filmsets\story_017\segment_002\segment.txt,"{
  ""source"": {
    ""witness_id"": ""story_017/segment_002"",
    ""graphematic_string"": ""ወወሰደኒ፡ውስተ፡መን፡\nዘዐውሎ፡ወውስተ፡ደብር፡\nዘተማ፡ርእሱ፡ውስተ፡ሰማይ፡\nይጽሕ፨"",
    ""normalization_policy"": ""none"",
    ""punctuation_markers"": [
      ""፡"",
      ""፨""
    ],
    ""removed_artifacts"": [
      ""Chapter 17 Segment 2""
    ],
    ""uncertainties"": []
  }
}"
17,segment_003,segment,DONE,C:\Users\sasch\visionexe\stories\template\filmsets\story_017\segment_003\segment.txt,"{
  ""source"": {
    ""witness_id"": ""story_017/segment_003"",
    ""graphematic_string"": ""ወርኢኩ፡መናተ፡ብሩሃናት ፤\nወነጐድጓድ፡ውስተ፡ጽናፍ ፤\nኀ፡ዕመቁ፡ቀስተ፡እሳት፡ሐጽ ፤\nወምጕንጳቲሆሙ፡ወሰይፈ፡እሳት\n፤ ወመባርቅት፡ሉ፨"",
    ""normalization_policy"": ""none"",
    ""punctuation_markers"": [
      ""፡"",
      ""፤"",
      ""፨""
    ],
    ""removed_artifacts"": [
      ""Chapter 17 Segment 3""
    ],
    ""uncertainties"": []
  }
}"
17,segment_004,segment,DONE,C:\Users\sasch\visionexe\stories\template\filmsets\story_017\segment_004\segment.txt,"{
  ""source"": {
    ""witness_id"": ""story_017/segment_004"",
    ""graphematic_string"": ""ወነሥኡኒ፡እስ፡ማያተ፡\nሕይወት፡ዘይትናገር፨ወእስ፡\nእሳተ፡ዐረብ፡ዘውእቱ፡ይእሕዝ፡\nሎ፡ዕርተ፡ፀሐይ፨"",
    ""normalization_policy"": ""none"",
    ""punctuation_markers"": [
      ""፡"",
      ""፨""
    ],
    ""removed_artifacts"": [
      ""Chapter 17 Segment 4""
    ],
    ""uncertainties"": []
  }
}"
17,segment_005,segment,DONE,C:\Users\sasch\visionexe\stories\template\filmsets\story_017\segment_005\segment.txt,"{
  ""source"": {
    ""witness_id"": ""story_017/segment_005"",
    ""graphematic_string"": ""ወመጻእኩ፡እስ፡ፈለገ፡እሳት፡\nዘይውኅዝ፡እሳቱ፡መ፡ማይ፡\nወይትዐው፡ውስተ፡ባሕር፡\nዐቢይ፡መንገለ፡ዐረብ፨"",
    ""normalization_policy"": ""none"",
    ""punctuation_markers"": [
      ""፡"",
      ""፨""
    ],
    ""removed_artifacts"": [
      ""Chapter 17 Segment 5""
    ],
    ""uncertainties"": []
  }
}"
17,segment_006,segment,DONE,C:\Users\sasch\visionexe\stories\template\filmsets\story_017\segment_006\segment.txt,"{
  ""source"": {
    ""witness_id"": ""story_017/segment_006"",
    ""graphematic_string"": ""ወርኢኩ፡ሎ፡ዐይተ፡\nፍላገ፨ወእስ፡ዐቢይ፡\nጽልመት፡ጻሕኩ፨ወሖርኩ፡\nኀ፡ሉ፡ዘሥጋ፡ያንሶሱ፨"",
    ""normalization_policy"": ""none"",
    ""punctuation_markers"": [
      ""፡"",
      ""፨""
    ],
    ""removed_artifacts"": [
      ""Chapter 17 Segment 6""
    ],
    ""uncertainties"": []
  }
}"
17,segment_007,segment,DONE,C:\Users\sasch\visionexe\stories\template\filmsets\story_017\segment_007\segment.txt,"{
  ""source"": {
    ""witness_id"": ""story_017/segment_007"",
    ""graphematic_string"": ""ወርኢኩ፡ድባረ፡ቆባራት፡እለ፡\nረምት፡ወምዓወ፡ማይ፡ዘሉ፡\nቀላይ፨"",
    ""normalization_policy"": ""none"",
    ""punctuation_markers"": [
      ""፡"",
      ""፨""
    ],
    ""removed_artifacts"": [
      ""Chapter 17 Segment 7""
    ],
    ""uncertainties"": []
  }
}"
17,segment_008,segment,DONE,C:\Users\sasch\visionexe\stories\template\filmsets\story_017\segment_008\segment.txt,"{
  ""source"": {
    ""witness_id"": ""story_017/segment_008"",
    ""graphematic_string"": ""ወርኢኩ፡ፉሆሙ፡ለሎሙ፡\nፍላገ፡ምድር፡ወፉሃ፡ለቀላይ፨"",
    ""normalization_policy"": ""none"",
    ""punctuation_markers"": [
      ""፡"",
      ""፨""
    ],
    ""removed_artifacts"": [
      ""Chapter 17 Segment 8""
    ],
    ""uncertainties"": []
  }
}"
18,segment_001,segment,DONE,C:\Users\sasch\visionexe\stories\template\filmsets\story_018\segment_001\segment.txt,"{
  ""source"": {
    ""witness_id"": ""story_018/segment_001"",
    ""graphematic_string"": ""ወርኢኩ፡መዛግብተ፡\nነፋሳት፨ወርኢኩ፡መ፡ቦሙ፡\nሰርገወ፡ሎ፡ፍጥረተ፡\nወመሰረታቲሃ፡ለምድር፨"",
    ""normalization_policy"": ""none"",
    ""punctuation_markers"": [
      ""፡"",
      ""፨""
    ],
    ""removed_artifacts"": [],
    ""uncertainties"": []
  }
}"
18,segment_002,segment,DONE,C:\Users\sasch\visionexe\stories\template\filmsets\story_018\segment_002\segment.txt,"{
  ""source"": {
    ""witness_id"": ""story_018/segment_002"",
    ""graphematic_string"": ""ወርኢኩ፡እብነ፡ማእዘንተ፡\nምድር፨ወርኢኩ፡ርባዕተ፡\nነፋሳተ፡እለ፡ይጸውርዋ፡ለምድር፡\nወለጽንዐ፡ሰማይ፨"",
    ""normalization_policy"": ""none"",
    ""punctuation_markers"": [
      ""፡"",
      ""፨""
    ],
    ""removed_artifacts"": [],
    ""uncertainties"": []
  }
}"
18,segment_003,segment,DONE,C:\Users\sasch\visionexe\stories\template\filmsets\story_018\segment_003\segment.txt,"{
  ""source"": {
    ""witness_id"": ""story_018/segment_003"",
    ""graphematic_string"": ""ወርኢኩ፡መ፡ነፋሳት፡\nይረብብዋ፡ለልዕልና፡\nሰማይ፨ወእሙንቱ፡ይቀውሙ፡\nማእለ፡ሰማይ፡ወምድር፡\nእሙንቱ፡ውእቶሙ፡ዕማደ፡\nሰማይ፨"",
    ""normalization_policy"": ""none"",
    ""punctuation_markers"": [
      ""፡"",
      ""፨""
    ],
    ""removed_artifacts"": [],
    ""uncertainties"": []
  }
}"
18,segment_004,segment,DONE,C:\Users\sasch\visionexe\stories\template\filmsets\story_018\segment_004\segment.txt,"{
  ""source"": {
    ""witness_id"": ""story_018/segment_004"",
    ""graphematic_string"": ""ወርኢኩ፡ነፋሳተ፡እለ፡\nይመይጥዋ፡ለሰማይ፡እለ፡\nያዓርቡ፡ለ፡ፀሐይ፡ወሎ፡\nዋብተ፡"",
    ""normalization_policy"": ""none"",
    ""punctuation_markers"": [
      ""፡""
    ],
    ""removed_artifacts"": [],
    ""uncertainties"": []
  }
}"
18,segment_005,segment,DONE,C:\Users\sasch\visionexe\stories\template\filmsets\story_018\segment_005\segment.txt,"{
  ""source"": {
    ""witness_id"": ""story_018/segment_005"",
    ""graphematic_string"": ""ወርኢኩ፡ዘዲ፡ምድር፡ነፋሳተ፡\nዘይፀውሩ፡ደመናተ፨ወርኢኩ፡\nፍናወ፡መላእት፨ርኢኩ፡\nውስተ፡ጽንፈ፡ምድር፡ጽንዓ፡\nዘሰማይ፡መልዕልተ፡ወኅለፍኩ፡\nመንገለ፡ዜብ፨ወይነድድ፡\nመዓልተ፡ወሌሊተ፡ኀ፡\n፯ድባር፡ዘእምዕብን፡ቡር፡\n፫መንገለ፡ጽባሕ፡ወ፫መንገለ፡\nዜብ፨"",
    ""normalization_policy"": ""none"",
    ""punctuation_markers"": [
      ""፡"",
      ""፨""
    ],
    ""removed_artifacts"": [],
    ""uncertainties"": []
  }
}"
18,segment_006,segment,DONE,C:\Users\sasch\visionexe\stories\template\filmsets\story_018\segment_006\segment.txt,"{
  ""source"": {
    ""witness_id"": ""story_018/segment_006"",
    ""graphematic_string"": ""ወመንገለ፡ጽባሕሰ፡ዘእምእብነ፡\nኅብር፡ወ፩ሰ፡ዘእምእብነ፡\nባሕርይ፡ወ፩ኒ፡እምእብነ፡ፈውስ\n፤ ወዘመንገለ፡ዜብ፡እምእብን፡\nቀይሕ፡"",
    ""normalization_policy"": ""none"",
    ""punctuation_markers"": [
      ""፡"",
      ""፤""
    ],
    ""removed_artifacts"": [],
    ""uncertainties"": []
  }
}"
18,segment_007,segment,DONE,C:\Users\sasch\visionexe\stories\template\filmsets\story_018\segment_007\segment.txt,"{
  ""source"": {
    ""witness_id"": ""story_018/segment_007"",
    ""graphematic_string"": ""ወማእላይሰ፡ይጐድእ፡እስ፡\nሰማይ፡መ፡መንሩ፡\nለእግዚብሔር፡ዘእምእብነ፡ፔ፡\nወድማሑ፡ለመንሩ፡ዘእምእብነ፡\nሰንፔር፡"",
    ""normalization_policy"": ""none"",
    ""punctuation_markers"": [
      ""፡""
    ],
    ""removed_artifacts"": [],
    ""uncertainties"": []
  }
}"
18,segment_008,segment,DONE,C:\Users\sasch\visionexe\stories\template\filmsets\story_018\segment_008\segment.txt,"{
  ""source"": {
    ""witness_id"": ""story_018/segment_008"",
    ""graphematic_string"": ""ወእሳተ፡ዘይነድድ፡ርኢኩ፡\nወዘሀሎ፡ውስተ፡ሉ፡ድባር፨"",
    ""normalization_policy"": ""none"",
    ""punctuation_markers"": [
      ""፡"",
      ""፨""
    ],
    ""removed_artifacts"": [],
    ""uncertainties"": []
  }
}"
18,segment_009,segment,DONE,C:\Users\sasch\visionexe\stories\template\filmsets\story_018\segment_009\segment.txt,"{
  ""source"": {
    ""witness_id"": ""story_018/segment_009"",
    ""graphematic_string"": ""ወርኢኩ፡ህየ፡መነ፡ማዕዶቱ፡\nለውእቱ፡ዐቢይ፡ምድር፡ህየ፡\nይትጋብኡ፡ማያት፨፨"",
    ""normalization_policy"": ""none"",
    ""punctuation_markers"": [
      ""፡"",
      ""፨""
    ],
    ""removed_artifacts"": [],
    ""uncertainties"": []
  }
}"
18,segment_010,segment,DONE,C:\Users\sasch\visionexe\stories\template\filmsets\story_018\segment_010\segment.txt,"{
  ""source"": {
    ""witness_id"": ""story_018/segment_010"",
    ""graphematic_string"": ""ወርኢኩ፡ንቅዓተ፡ምድር፡ዕሙቀ፡\nእማዲሁ፡ለእሳተ፡\nሰማይ፨ወርኢኩ፡ውስቴቶሙ፡\nዕማደ፡ሰማይ፡ዘእሳት፡\nዘይወርዱ፡ወልቦሙ፡ልቍ፡\nወኢመንገለ፡መልዕልት፡\nወኢመንገለ፡ዕመቅ ።"",
    ""normalization_policy"": ""none"",
    ""punctuation_markers"": [
      ""፡"",
      ""፨"",
      ""።""
    ],
    ""removed_artifacts"": [],
    ""uncertainties"": []
  }
}"
18,segment_011,segment,DONE,C:\Users\sasch\visionexe\stories\template\filmsets\story_018\segment_011\segment.txt,"{
  ""source"": {
    ""witness_id"": ""story_018/segment_011"",
    ""graphematic_string"": ""ወዲ፡ውእቱ፡ንቅዐት፡ርኢኩ፡\nመነ፡ወኢጽንዐ፡ሰማይ፡ላዕሌሁ፡\nወኢመሰረተ፡ምድር፡ታሕቴሁ፡\nወኢሰማየ፡ልቦ፡ላዕሌሁ፡\nወኢዕዋፈ፡ላ፡መነ፡ድው፡\nውእቱ፨"",
    ""normalization_policy"": ""none"",
    ""punctuation_markers"": [
      ""፡"",
      ""፨""
    ],
    ""removed_artifacts"": [],
    ""uncertainties"": []
  }
}"
18,segment_012,segment,DONE,C:\Users\sasch\visionexe\stories\template\filmsets\story_018\segment_012\segment.txt,"{
  ""source"": {
    ""witness_id"": ""story_018/segment_012"",
    ""graphematic_string"": ""ወግሩመ፡ርኢኩ፡ህየ፡ዋብተ፡\n፯መ፡ድባር፡ዐይት፡\nዘይነድዱ፡ወመ፡መንፈስ፡\nዘይሴለኒ፡"",
    ""normalization_policy"": ""none"",
    ""punctuation_markers"": [
      ""፡""
    ],
    ""removed_artifacts"": [],
    ""uncertainties"": []
  }
}"
18,segment_013,segment,DONE,C:\Users\sasch\visionexe\stories\template\filmsets\story_018\segment_013\segment.txt,"{
  ""source"": {
    ""witness_id"": ""story_018/segment_013"",
    ""graphematic_string"": ""ይቤ፡መል፡ዝውእቱ፡መነ፡\nተፍጻሜቱ፡ለሰማይ፡\nወለምድር፨ቤተ፡ሞቅሕ፡\nኖሙ፡ዝንቱ፡ለዋብት፡\nወለኀይለ፡ሰማይ፨"",
    ""normalization_policy"": ""none"",
    ""punctuation_markers"": [
      ""፡"",
      ""፨""
    ],
    ""removed_artifacts"": [],
    ""uncertainties"": []
  }
}"
18,segment_014,segment,DONE,C:\Users\sasch\visionexe\stories\template\filmsets\story_018\segment_014\segment.txt,"{
  ""source"": {
    ""witness_id"": ""story_018/segment_014"",
    ""graphematic_string"": ""ወዋብት፡እለ፡ያን—ረሩ፡\nዲ፡እሳት።ወእሉ፡ውእቶሙ፡\nእለ፡ኃለፉ፡ትእዛዘ፡\nእግዚብሔር፡እምቅድመ፡\nጽባሖሙ፡እስመ፡ኢመጽኡ፡\nጊዜሆሙ፡"",
    ""normalization_policy"": ""none"",
    ""punctuation_markers"": [
      ""፡"",
      ""።""
    ],
    ""removed_artifacts"": [
      ""dash""
    ],
    ""uncertainties"": [
      ""dash_in_text""
    ]
  }
}"
18,segment_015,segment,DONE,C:\Users\sasch\visionexe\stories\template\filmsets\story_018\segment_015\segment.txt,"{
  ""source"": {
    ""witness_id"": ""story_018/segment_015"",
    ""graphematic_string"": ""ወተምዕዖሙ፡ወሠሮሙ፡እስ፡\nጊዜ፡ተፍጻሜተ፡ኀጢቶሙ፡\nዓመተ፡ምሥጢር፨፨"",
    ""normalization_policy"": ""none"",
    ""punctuation_markers"": [
      ""፡"",
      ""፨""
    ],
    ""removed_artifacts"": [],
    ""uncertainties"": []
  }
}"
19,segment_001,segment,DONE,C:\Users\sasch\visionexe\stories\template\filmsets\story_019\segment_001\segment.txt,"{
  ""source"": {
    ""witness_id"": ""story_019/segment_001"",
    ""graphematic_string"": ""ወይቤለኒ፡ኡርኤል፡ዝየ፡\nተደሚሮሙ፡መላእት፡ምስለ፡\nንስት፡ይቀውሙ፡\nመናፍስቲሆሙ፡ብዙኃ፡ራእየ፡\nዊኖሙ፡ር—ስዎሙ፡ለሰብእ፡\nወያስሕትዎሙ፡መ፡ይሡዑ፡\nለጋንንት፡መ፡\nማልት፨እስ፡ዕለት፡ዐባይ፡\nነ፡ዘ፡ይትነኑ፡እስ፡\nይትፌጸሙ፡"",
    ""normalization_policy"": ""none"",
    ""punctuation_markers"": [
      ""፡"",
      ""፨""
    ],
    ""removed_artifacts"": [
      ""—""
    ],
    ""uncertainties"": []
  }
}"
19,segment_002,segment,DONE,C:\Users\sasch\visionexe\stories\template\filmsets\story_019\segment_002\segment.txt,"{
  ""source"": {
    ""witness_id"": ""story_019/segment_002"",
    ""graphematic_string"": ""ወንስቲያሆሙኒ፡ስሒቶን፡\nመላእተ፡መ፡ሰላማውያተ፡\nይውና፨"",
    ""normalization_policy"": ""none"",
    ""punctuation_markers"": [
      ""፡"",
      ""፨""
    ],
    ""removed_artifacts"": [],
    ""uncertainties"": []
  }
}"
19,segment_003,segment,DONE,C:\Users\sasch\visionexe\stories\template\filmsets\story_019\segment_003\segment.txt,"{
  ""source"": {
    ""witness_id"": ""story_019/segment_003"",
    ""graphematic_string"": ""ወነ፡ሄኖ፡ርኢኩ፡ርያ፡\nባሕቲትየ፡ጽናፈ፡ሉ፡ወልቦ፡\nዘይሬኢ፡ዘርኢኩ፡እምሰብእ፡\nመ፡ነ፡ርኢኩ፨፨"",
    ""normalization_policy"": ""none"",
    ""punctuation_markers"": [
      ""፡"",
      ""፨"",
      ""፨፨""
    ],
    ""removed_artifacts"": [],
    ""uncertainties"": []
  }
}"
20,segment_001,segment,DONE,C:\Users\sasch\visionexe\stories\template\filmsets\story_020\segment_001\segment.txt,"{
  ""source"": {
    ""witness_id"": ""story_020/segment_001"",
    ""graphematic_string"": ""ወዝንቱ፡ስማቱሆሙ፡ለእለ፡\nይተግሁ፡ቅዱሳን፡መላእት፨"",
    ""normalization_policy"": ""none"",
    ""punctuation_markers"": [
      ""፡"",
      ""፨""
    ],
    ""removed_artifacts"": [
      ""Chapter 20 Segment 1 header""
    ],
    ""uncertainties"": []
  }
}"
20,segment_002,segment,DONE,C:\Users\sasch\visionexe\stories\template\filmsets\story_020\segment_002\segment.txt,"{
  ""source"": {
    ""witness_id"": ""story_020/segment_002"",
    ""graphematic_string"": ""ኡርኤል፡፩እምነ፡መላእት፡\nቅዱሳን፡እስመ፡ዘረዓም፡\nወዘረዓድ፨"",
    ""normalization_policy"": ""none"",
    ""punctuation_markers"": [
      ""፡"",
      ""፨""
    ],
    ""removed_artifacts"": [
      ""Chapter 20 Segment 2 header""
    ],
    ""uncertainties"": []
  }
}"
20,segment_003,segment,DONE,C:\Users\sasch\visionexe\stories\template\filmsets\story_020\segment_003\segment.txt,"{
  ""source"": {
    ""witness_id"": ""story_020/segment_003"",
    ""graphematic_string"": ""ሩፋኤል፡፩እምነ፡ቅዱሳን፡\nመላእት፡ዘመናፍስተ፡ሰብእ፨"",
    ""normalization_policy"": ""none"",
    ""punctuation_markers"": [
      ""፡"",
      ""፨""
    ],
    ""removed_artifacts"": [
      ""Chapter 20 Segment 3 header""
    ],
    ""uncertainties"": []
  }
}"
20,segment_004,segment,DONE,C:\Users\sasch\visionexe\stories\template\filmsets\story_020\segment_004\segment.txt,"{
  ""source"": {
    ""witness_id"": ""story_020/segment_004"",
    ""graphematic_string"": ""ራጉኤል፡፩እምነ፡መላእት፡\nቅዱሳን፡ዘይትቤቀሎ፡ለዓለም፡\nወለብርሃናት፨"",
    ""normalization_policy"": ""none"",
    ""punctuation_markers"": [
      ""፡"",
      ""፨""
    ],
    ""removed_artifacts"": [
      ""Chapter 20 Segment 4 header""
    ],
    ""uncertainties"": []
  }
}"
20,segment_005,segment,DONE,C:\Users\sasch\visionexe\stories\template\filmsets\story_020\segment_005\segment.txt,"{
  ""source"": {
    ""witness_id"": ""story_020/segment_005"",
    ""graphematic_string"": ""ሚኤል፡፩እምነ፡መላእት፡\nቅዱሳን፡እስመ፡ዲ፡ሠናይቱ፡\nለሰብእ፡ተዛዚ፡ዲ፡ሕዝብ፨"",
    ""normalization_policy"": ""none"",
    ""punctuation_markers"": [
      ""፡"",
      ""፨""
    ],
    ""removed_artifacts"": [
      ""Chapter 20 Segment 5 header""
    ],
    ""uncertainties"": []
  }
}"
20,segment_006,segment,DONE,C:\Users\sasch\visionexe\stories\template\filmsets\story_020\segment_006\segment.txt,"{
  ""source"": {
    ""witness_id"": ""story_020/segment_006"",
    ""graphematic_string"": ""ሰረቃኤል፡፩እምነ፡መላእት፡\nቅዱሳን፡ዘዲ፡መናፍስተ፡እጓለ፡\nእመሕያው፡ዘመናፍስተ፡\nያኅጥኡ፨"",
    ""normalization_policy"": ""none"",
    ""punctuation_markers"": [
      ""፡"",
      ""፨""
    ],
    ""removed_artifacts"": [
      ""Chapter 20 Segment 6 header""
    ],
    ""uncertainties"": []
  }
}"
20,segment_007,segment,DONE,C:\Users\sasch\visionexe\stories\template\filmsets\story_020\segment_007\segment.txt,"{
  ""source"": {
    ""witness_id"": ""story_020/segment_007"",
    ""graphematic_string"": ""ገብርኤል፡፩እምነ፡መላእት፡\nቅዱሳን፡ዘዲ፡ገነት፡\nወዘይስት፡ወሩቤል፨፨"",
    ""normalization_policy"": ""none"",
    ""punctuation_markers"": [
      ""፡"",
      ""፨""
    ],
    ""removed_artifacts"": [
      ""Chapter 20 Segment 7 header""
    ],
    ""uncertainties"": []
  }
}"
21,segment_001,segment,DONE,C:\Users\sasch\visionexe\stories\template\filmsets\story_021\segment_001\segment.txt,"{
  ""source"": {
    ""witness_id"": ""story_021/segment_001"",
    ""graphematic_string"": ""ወኦድኩ፡እስ፡መን፡ኀ፡\nልቦቱ፡ዘይትገር፨"",
    ""normalization_policy"": ""none"",
    ""punctuation_markers"": [
      ""፡"",
      ""፨""
    ],
    ""removed_artifacts"": [
      ""editorial_header""
    ],
    ""uncertainties"": []
  }
}"
21,segment_002,segment,DONE,C:\Users\sasch\visionexe\stories\template\filmsets\story_021\segment_002\segment.txt,"{
  ""source"": {
    ""witness_id"": ""story_021/segment_002"",
    ""graphematic_string"": ""ርኢኩ፡ህየ፡ግብረ፡ግሩመ፡\nርኢኩ፡ወኢሰማየ፡ልዑለ፡\nወኢምድረ፡ሱርርተ፡ላ፡መነ፡\nዘነ፡ድልው፡ወግሩም፨"",
    ""normalization_policy"": ""none"",
    ""punctuation_markers"": [
      ""፡"",
      ""፨""
    ],
    ""removed_artifacts"": [
      ""editorial_header""
    ],
    ""uncertainties"": []
  }
}"
21,segment_003,segment,DONE,C:\Users\sasch\visionexe\stories\template\filmsets\story_021\segment_003\segment.txt,"{
  ""source"": {
    ""witness_id"": ""story_021/segment_003"",
    ""graphematic_string"": ""ወህየ፡ርኢኩ፡፯ዋብተ፡\nሰማይ፡እሱራን፡ላዕሌሁ፡ኅብረ፡\nመ፡ድባር፡ዐይት፡ወዘእሳት፡\nእንዘ፡ይነድዱ፨"",
    ""normalization_policy"": ""none"",
    ""punctuation_markers"": [
      ""፡"",
      ""፨""
    ],
    ""removed_artifacts"": [
      ""editorial_header""
    ],
    ""uncertainties"": []
  }
}"
21,segment_004,segment,DONE,C:\Users\sasch\visionexe\stories\template\filmsets\story_021\segment_004\segment.txt,"{
  ""source"": {
    ""witness_id"": ""story_021/segment_004"",
    ""graphematic_string"": ""ውእተ፡ጊዜ፡እቤ፡እንተ፡ይ፡\nኅጢት፡ተስሩ፡ወእንተ፡\nምንት፡ዝየ፡ተገድፉ፨"",
    ""normalization_policy"": ""none"",
    ""punctuation_markers"": [
      ""፡"",
      ""፨""
    ],
    ""removed_artifacts"": [
      ""editorial_header""
    ],
    ""uncertainties"": []
  }
}"
21,segment_005,segment,DONE,C:\Users\sasch\visionexe\stories\template\filmsets\story_021\segment_005\segment.txt,"{
  ""source"": {
    ""witness_id"": ""story_021/segment_005"",
    ""graphematic_string"": ""ወይቤለኒ፡ኡርኤል፡፩እምነ፡\nቅዱሳን፡መላእት፡ዘምስሌየ፡\nውእቱ፡ይመርሐኒ፡ወይቤ፡ሄኖ፡\nእንተ፡መኑ፡ትሴል፡ወእንተ፡\nመኑ፡ትሴል፡ወእንተ፡መኑ፡\nትጤይቅ፡ወትስእል፡ወትጽህቅ ።"",
    ""normalization_policy"": ""none"",
    ""punctuation_markers"": [
      ""፡"",
      ""።""
    ],
    ""removed_artifacts"": [
      ""editorial_header""
    ],
    ""uncertainties"": []
  }
}"
21,segment_006,segment,DONE,C:\Users\sasch\visionexe\stories\template\filmsets\story_021\segment_006\segment.txt,"{
  ""source"": {
    ""witness_id"": ""story_021/segment_006"",
    ""graphematic_string"": ""እሉ፡ውእቶሙ፡እምነ፡\nዋብት፡ሰማይ፡እለ፡ኀለፉ፡\nትእዛዘ፡እግዚብሔር፡ወተስሩ፡\nዝየ፡እስ፡ሶ፡ይትፌጸም፡\nትእልፊተ፡ዓለም፡ኈልቈ፡\nመዋዕለ፡ኃጢቶሙ፨"",
    ""normalization_policy"": ""none"",
    ""punctuation_markers"": [
      ""፡"",
      ""፨""
    ],
    ""removed_artifacts"": [
      ""editorial_header""
    ],
    ""uncertainties"": []
  }
}"
21,segment_007,segment,DONE,C:\Users\sasch\visionexe\stories\template\filmsets\story_021\segment_007\segment.txt,"{
  ""source"": {
    ""witness_id"": ""story_021/segment_007"",
    ""graphematic_string"": ""ወእምህየ፡ሖርኩ፡ል፡መነ፡\nእምዝ፡ዘይገርም፨ወርኢኩ፡\nግብረ፡ግሩመ፡እሳት፡ዐቢይ፡\nህየ፡ዘይነድድ፡ወያንለብል፡\nወመምተርተ፡ቦቱ፡መነ፡እስ፡\nቀላይ፡ፍጹም፡ዕማደ፡እሳት፡\nወዐይተ፡ዘየዐርድዎሙ፡\nወኢምጠኖ፡ወኢዕዮ፡\nኢህልኩ፡ነጽሮ፡ወስእንኩ፡\nነጽሮ፡ዐይኖ፨"",
    ""normalization_policy"": ""none"",
    ""punctuation_markers"": [
      ""፡"",
      ""፨""
    ],
    ""removed_artifacts"": [
      ""editorial_header""
    ],
    ""uncertainties"": []
  }
}"
21,segment_008,segment,DONE,C:\Users\sasch\visionexe\stories\template\filmsets\story_021\segment_008\segment.txt,"{
  ""source"": {
    ""witness_id"": ""story_021/segment_008"",
    ""graphematic_string"": ""ውእተ፡ጊዜ፡እቤ፡እፎ፡ግሩም፡\nዝንቱ፡መን፡ወሕማም፡ለነጽሮ፨"",
    ""normalization_policy"": ""none"",
    ""punctuation_markers"": [
      ""፡"",
      ""፨""
    ],
    ""removed_artifacts"": [
      ""editorial_header""
    ],
    ""uncertainties"": []
  }
}"
21,segment_009,segment,DONE,C:\Users\sasch\visionexe\stories\template\filmsets\story_021\segment_009\segment.txt,"{
  ""source"": {
    ""witness_id"": ""story_021/segment_009"",
    ""graphematic_string"": ""ውእተ፡ጊዜ፡ውሥኒ፡\nኡርኤል፡፩እምቅዱሳን፡\nመላእት፡እንዘ፡ምስሌየ፡\nሀለወ፨ወውሥኒ፡ሄኖ፡\nምንት፡ፍርሃት፡መዝ፡\nወድንጋፄ፡፡እንተዝ፡ግሩም፡\nመን፡ወቅድመ፡ገጹ፡ለዝ፡\nሕማም፨"",
    ""normalization_policy"": ""none"",
    ""punctuation_markers"": [
      ""፡"",
      ""፨""
    ],
    ""removed_artifacts"": [
      ""editorial_header""
    ],
    ""uncertainties"": []
  }
}"
22,segment_001,segment,DONE,C:\Users\sasch\visionexe\stories\template\filmsets\story_022\segment_001\segment.txt,"{
  ""source"": {
    ""witness_id"": ""story_022/segment_001"",
    ""graphematic_string"": ""ወእምህየ፡ሖርኩ፡ል፡መነ፡\nወርየኒ፡ምዕራብ፡ደብሩ፡\nዐቢየ፡ወነዋኃ፡ወ—ሕ፡ጽኑዕ፡\nወርባዕተ፡መናት፡ሠናያት፡"",
    ""normalization_policy"": ""none"",
    ""punctuation_markers"": [
      ""፡""
    ],
    ""removed_artifacts"": [
      ""metadata_header""
    ],
    ""uncertainties"": []
  }
}"
22,segment_002,segment,DONE,C:\Users\sasch\visionexe\stories\template\filmsets\story_022\segment_002\segment.txt,"{
  ""source"": {
    ""witness_id"": ""story_022/segment_002"",
    ""graphematic_string"": ""ወውስቴቱ፡ዘቦቱ፡ዕሙቅ፡\nወርኂብ፡ወልሙጽ፡ጥቀ፡መ፡\nልሙጽ፡ዘያን—ረር፡ወዕሙቅ፡\nወጽልመት፡ለነጽሮ፨"",
    ""normalization_policy"": ""none"",
    ""punctuation_markers"": [
      ""፡"",
      ""፨""
    ],
    ""removed_artifacts"": [
      ""metadata_header""
    ],
    ""uncertainties"": []
  }
}"
22,segment_003,segment,DONE,C:\Users\sasch\visionexe\stories\template\filmsets\story_022\segment_003\segment.txt,"{
  ""source"": {
    ""witness_id"": ""story_022/segment_003"",
    ""graphematic_string"": ""ውእተ፡ጊዜ፡ውሥ፡ሩፋኤል፡\n፩እመቅዱሳን፡መላእት፡እንዘ፡\nሀለወ፡ምስሌየ፨ወይቤለኒ፡\nዝመናት፡ሠናያት፡መ፡\nይትጋብኡ፡ዲቤሁ፡መናፍስት፡\nለነፍሶሙ፡ለምዉታን፡ሎቱ፡\nዝንቱ፡ተፈጥረ፨ዝየ፡\nያስተጋብኡ፡ሎ፡ነፍሰ፡ውሉደ፡\nሰብእ፨"",
    ""normalization_policy"": ""none"",
    ""punctuation_markers"": [
      ""፡"",
      ""፨""
    ],
    ""removed_artifacts"": [
      ""metadata_header""
    ],
    ""uncertainties"": []
  }
}"
22,segment_004,segment,DONE,C:\Users\sasch\visionexe\stories\template\filmsets\story_022\segment_004\segment.txt,"{
  ""source"": {
    ""witness_id"": ""story_022/segment_004"",
    ""graphematic_string"": ""ወእሙንቱ፡መናት፡ኀ፡\nያነብርዎሙ፡ገብሩ፡እስ፡ዕለተ፡\nነሆሙ፡ወእስ፡መ፡\nዕድሜሆሙ፨ወዕድሜ፡ውእቱ፡\nዓቢይ፡እስ፡መ፡ነ፡ዓቢይ፡\nላዕሌሆሙ፨"",
    ""normalization_policy"": ""none"",
    ""punctuation_markers"": [
      ""፡"",
      ""፨""
    ],
    ""removed_artifacts"": [
      ""metadata_header""
    ],
    ""uncertainties"": []
  }
}"
22,segment_005,segment,DONE,C:\Users\sasch\visionexe\stories\template\filmsets\story_022\segment_005\segment.txt,"{
  ""source"": {
    ""witness_id"": ""story_022/segment_005"",
    ""graphematic_string"": ""ርኢኩ፡መናፍስተ፡ውሉደ፡ሰብእ፡\nእንዘ፡ምውታን፡ውእቶሙ፡\nቃሎሙ፡ይጽሕ፡እስ፡ሰማይ፡\nወይሰ፨"",
    ""normalization_policy"": ""none"",
    ""punctuation_markers"": [
      ""፡"",
      ""፨""
    ],
    ""removed_artifacts"": [
      ""metadata_header""
    ],
    ""uncertainties"": []
  }
}"
22,segment_006,segment,DONE,C:\Users\sasch\visionexe\stories\template\filmsets\story_022\segment_006\segment.txt,"{
  ""source"": {
    ""witness_id"": ""story_022/segment_006"",
    ""graphematic_string"": ""ውእተ፡ጊዜ፡ተስእልዎ፡\nለሩፋኤል፡መል፡ዘ፡ሀሎ፡\nምስሌየ፨ወእቤሎ፡ዝመንፈስ፡\nዘመኑ፡ውእቱ፡ዘመዝ፡ቃሉ፡\nይጽሕ፡ወይሰ፨"",
    ""normalization_policy"": ""none"",
    ""punctuation_markers"": [
      ""፡"",
      ""፨""
    ],
    ""removed_artifacts"": [
      ""metadata_header""
    ],
    ""uncertainties"": []
  }
}"
22,segment_007,segment,DONE,C:\Users\sasch\visionexe\stories\template\filmsets\story_022\segment_007\segment.txt,"{
  ""source"": {
    ""witness_id"": ""story_022/segment_007"",
    ""graphematic_string"": ""ወውሥኒ፡ወይቤለኒ፡እንዘ፡\nይብል፡ዝንቱ፡መንፈስ፡ውእቱ ፧\nዘይወፅእ፡እምቤል፡ዘቀተሎ፡\nቃየን፡እሁ፡ይሰ፡ያሁ፡\nእስ፡ሶ፡ይትሐጐል፡ዘርኡ፡\nሉ፡እምድመ፡ገጸ፡ለምድር፡\nወእምዘር፡ሰብእ፡ይማስን፡\nዘርኡ፨"",
    ""normalization_policy"": ""none"",
    ""punctuation_markers"": [
      ""፡"",
      ""፧"",
      ""፨""
    ],
    ""removed_artifacts"": [
      ""metadata_header""
    ],
    ""uncertainties"": []
  }
}"
22,segment_008,segment,DONE,C:\Users\sasch\visionexe\stories\template\filmsets\story_022\segment_008\segment.txt,"{
  ""source"": {
    ""witness_id"": ""story_022/segment_008"",
    ""graphematic_string"": ""ውእተ፡ጊዜ፡ተስእልኩ፡\nእንቲሁ፡ወእንተ፡ነ፡\nሉ፡ወእቤ፡እንተ፡ምንት፡\nተፈልጡ፡ሐደ፡እም፩፡"",
    ""normalization_policy"": ""none"",
    ""punctuation_markers"": [
      ""፡""
    ],
    ""removed_artifacts"": [
      ""metadata_header""
    ],
    ""uncertainties"": []
  }
}"
22,segment_009,segment,DONE,C:\Users\sasch\visionexe\stories\template\filmsets\story_022\segment_009\segment.txt,"{
  ""source"": {
    ""witness_id"": ""story_022/segment_009"",
    ""graphematic_string"": ""ወውሥኒ፡ወይቤለኒ፡እሉ፡\n፫ተገብሩ፡መ፡ይፍልጡ፡\nመንፈሶሙ፡ለምውታን፨መዝ፡\nተፈልጠ፡ነፍሶሙ፡ለጻድቃን ፤\nዝንቱ፡ነቅዐ፡ማይ፡ላዕሌሁ፡\nብርሃን፡"",
    ""normalization_policy"": ""none"",
    ""punctuation_markers"": [
      ""፡"",
      ""፨"",
      ""፤""
    ],
    ""removed_artifacts"": [
      ""metadata_header""
    ],
    ""uncertainties"": []
  }
}"
22,segment_010,segment,DONE,C:\Users\sasch\visionexe\stories\template\filmsets\story_022\segment_010\segment.txt,"{
  ""source"": {
    ""witness_id"": ""story_022/segment_010"",
    ""graphematic_string"": ""መ፡ማሁ፡ተፈጥረ፡\nለኃጥን፡ሶ፡ይመውቱ፡\nወይትቀሩ፡ውስተ፡ምድር፡\nወነ፡ኢነ፡ላዕሌሆሙ፡\nሕይወቶሙ፨"",
    ""normalization_policy"": ""none"",
    ""punctuation_markers"": [
      ""፡"",
      ""፨""
    ],
    ""removed_artifacts"": [
      ""metadata_header""
    ],
    ""uncertainties"": []
  }
}"
22,segment_011,segment,DONE,C:\Users\sasch\visionexe\stories\template\filmsets\story_022\segment_011\segment.txt,"{
  ""source"": {
    ""witness_id"": ""story_022/segment_011"",
    ""graphematic_string"": ""ወዝየ፡ይትፈለጥ፡ነፍሳቲሆሙ፡\nዲ፡ዛቲ፡ዐባይ፡ጻዕር፡እስ፡\nመ፡ዐባይ፡ዕለት፡እንተ፡ነ፡\nወመቅሠፍት፡ወጸዕር፡ለእለ፡\nይረግሙ፡እስ፡ለዓለም፡ወቀል፡\nለነፍሶሙ፨ወህየ፡የሥሮሙ፡\nእስ፡ለዓለም፡"",
    ""normalization_policy"": ""none"",
    ""punctuation_markers"": [
      ""፡"",
      ""፨""
    ],
    ""removed_artifacts"": [
      ""metadata_header""
    ],
    ""uncertainties"": []
  }
}"
22,segment_012,segment,DONE,C:\Users\sasch\visionexe\stories\template\filmsets\story_022\segment_012\segment.txt,"{
  ""source"": {
    ""witness_id"": ""story_022/segment_012"",
    ""graphematic_string"": ""ወእመኒ፡ውእቱ፡እምቅድመ፡\nዓለም፨ወመዝ፡ተፈልጠ፡\nለነፍሶሙ፡እለ፡ይሰዩ፡እለ፡\nያርእዩ፡እንተ፡ሕጕለት፡መ፡\nተቀትሉ፡መዋዕለ፡ኃጥን፨"",
    ""normalization_policy"": ""none"",
    ""punctuation_markers"": [
      ""፡"",
      ""፨""
    ],
    ""removed_artifacts"": [
      ""metadata_header""
    ],
    ""uncertainties"": []
  }
}"
22,segment_013,segment,DONE,C:\Users\sasch\visionexe\stories\template\filmsets\story_022\segment_013\segment.txt,"{
  ""source"": {
    ""witness_id"": ""story_022/segment_013"",
    ""graphematic_string"": ""መዝ፡ተፈልጠ፡ለነፍሶሙ፡\nለሰብእ፡እለ፡ኢኑ፡ጻድቃነ፡ላ፡\nኃጥነ፡እለ፡ፍጹማነ፡ሳ፡\nወምስለ፡ባስያን፡ይውኑ፡\nማሆሙ፡ወነፍሶሙሰ፡\nኢትትቀተል፡ዕለተ፡ነ፡\nወኢይትነሥኡ፡እምነ፡ዝየ፨"",
    ""normalization_policy"": ""none"",
    ""punctuation_markers"": [
      ""፡"",
      ""፨""
    ],
    ""removed_artifacts"": [
      ""metadata_header""
    ],
    ""uncertainties"": []
  }
}"
22,segment_014,segment,DONE,C:\Users\sasch\visionexe\stories\template\filmsets\story_022\segment_014\segment.txt,"{
  ""source"": {
    ""witness_id"": ""story_022/segment_014"",
    ""graphematic_string"": ""ውእተ፡ጊዜ፡ባረዎ፡ለእግዚ፡\nስብሐት፡ወእቤ፡ቡሩ፡እግዚእየ፡\nእግዚእ፡ጽድቅ፡ዘይመል፡እስ፡\nለዓለም፨፨"",
    ""normalization_policy"": ""none"",
    ""punctuation_markers"": [
      ""፡"",
      ""፨""
    ],
    ""removed_artifacts"": [
      ""metadata_header""
    ],
    ""uncertainties"": []
  }
}"
23,segment_001,segment,DONE,C:\Users\sasch\visionexe\stories\template\filmsets\story_023\segment_001\segment.txt,"{
  ""source"": {
    ""witness_id"": ""story_023/segment_001"",
    ""graphematic_string"": ""Chapter 23 Segment 1\n\nወእምህየ፡ሖርኩ፡ል፡መነ፡\nመንገለ፡ዐረብ፡እስ፡ጽናፈ፡\nምድር፨"",
    ""normalization_policy"": ""none"",
    ""punctuation_markers"": [
      ""፡"",
      ""፨""
    ],
    ""removed_artifacts"": [],
    ""uncertainties"": []
  }
}"
23,segment_002,segment,DONE,C:\Users\sasch\visionexe\stories\template\filmsets\story_023\segment_002\segment.txt,"{
  ""source"": {
    ""witness_id"": ""story_023/segment_002"",
    ""graphematic_string"": ""Chapter 23 Segment 2\n\nወርኢኩ፡እሳተ፡ዘይነድድ፡\nዘይረውጽ፡እንዘ፡ኢያዐርፍ፡\nወኢይነትግ፡እምሩጸቱ፡መዐልተ፡\nወሌሊተ፨ላ፡ማሁመ ፧"",
    ""normalization_policy"": ""none"",
    ""punctuation_markers"": [
      ""፡"",
      ""፨"",
      ""፧""
    ],
    ""removed_artifacts"": [],
    ""uncertainties"": []
  }
}"
23,segment_003,segment,DONE,C:\Users\sasch\visionexe\stories\template\filmsets\story_023\segment_003\segment.txt,"{
  ""source"": {
    ""witness_id"": ""story_023/segment_003"",
    ""graphematic_string"": ""Chapter 23 Segment 3\n\nወተስእልኩ፡እንዘ፡እብል፡ዝንቱ፡\nምንት፡ውእቱ፡ዘልቦ፡ዕረፍት፨"",
    ""normalization_policy"": ""none"",
    ""punctuation_markers"": [
      ""፡"",
      ""፨""
    ],
    ""removed_artifacts"": [],
    ""uncertainties"": []
  }
}"
23,segment_004,segment,DONE,C:\Users\sasch\visionexe\stories\template\filmsets\story_023\segment_004\segment.txt,"{
  ""source"": {
    ""witness_id"": ""story_023/segment_004"",
    ""graphematic_string"": ""Chapter 23 Segment 4\n\nውእተ፡ጊዜ፡ውሥኒ፡\nራጉኤል፡፩እምነ፡ቅዱሳን፡\nመላእት፡ዘሀሎ፡\nምስሌየ፨ወይቤለኒ፡ዝንቱ፡\nዘርኢ፡ሩጸተ፡ወዝኒ፡መንገለ፡\nዐረብ፡እሳት፡ዘይነድድ፡ውእቱ፡\nሉ፡ብርሃናተ፡ሰማይ፨"",
    ""normalization_policy"": ""none"",
    ""punctuation_markers"": [
      ""፡"",
      ""፨""
    ],
    ""removed_artifacts"": [],
    ""uncertainties"": []
  }
}"
24,segment_001,segment,DONE,C:\Users\sasch\visionexe\stories\template\filmsets\story_024\segment_001\segment.txt,"{
  ""source"": {
    ""witness_id"": ""story_024/segment_001"",
    ""graphematic_string"": ""ወእምህየ፡ሖርኩ፡ል፡መነ፡\nምድር፨ወርየኒ፡ደብረ፡\nእሳት፡ዘይንለብል፡መዐልተ፡\nወሌሊተ፨"",
    ""normalization_policy"": ""none"",
    ""punctuation_markers"": [
      ""፡"",
      ""፨""
    ],
    ""removed_artifacts"": [
      ""Chapter 24 Segment 1""
    ],
    ""uncertainties"": []
  }
}"
24,segment_002,segment,DONE,C:\Users\sasch\visionexe\stories\template\filmsets\story_024\segment_002\segment.txt,"{
  ""source"": {
    ""witness_id"": ""story_024/segment_002"",
    ""graphematic_string"": ""ወሖርኩ፡መንገሌሁ፡ወኒጻርኩ፡\nሰብዐተ፡ድባረ፡ቡራነ፡ወሉ፡\n፩እም፩እንዘ፡ይትዌለጥ፡ወዕባነ፡\nቡራነ፡ወሠናያነ፡ወሉ፡ቡር፡\nወስብሕ፡ራእዮሙ፡ወሠናይ፡\nገጾሙ፡፫መንገለ፡ጽባሕ፡\nወጽኑዓን፡፩ዲ፡፩ወ፫መንገለ፡\nሰሜን፡ወጽኑዓን፡፩ዲ፡\n፩ወቈላተ፡ዕሙቃተ፡ወጠዋያተ፡\nሐቲ፡ለሐቲ፡ኢይትቃረባ፡"",
    ""normalization_policy"": ""none"",
    ""punctuation_markers"": [
      ""፡""
    ],
    ""removed_artifacts"": [
      ""Chapter 24 Segment 2""
    ],
    ""uncertainties"": []
  }
}"
24,segment_003,segment,DONE,C:\Users\sasch\visionexe\stories\template\filmsets\story_024\segment_003\segment.txt,"{
  ""source"": {
    ""witness_id"": ""story_024/segment_003"",
    ""graphematic_string"": ""ወሳብዕ፡ደብር፡ማእሎሙ፡\nለእሎንቱ፡ወኑሙሰ፡\nይትማሰሉ፡ሎሙ፡መ፡\nመንረ፡ትሮንስ፡ወየዐውድዎ፡\nዕፀወ፡መዐዛ፨"",
    ""normalization_policy"": ""none"",
    ""punctuation_markers"": [
      ""፡"",
      ""፨""
    ],
    ""removed_artifacts"": [
      ""Chapter 24 Segment 3""
    ],
    ""uncertainties"": []
  }
}"
24,segment_004,segment,DONE,C:\Users\sasch\visionexe\stories\template\filmsets\story_024\segment_004\segment.txt,"{
  ""source"": {
    ""witness_id"": ""story_024/segment_004"",
    ""graphematic_string"": ""ወሀሎ፡ዘእምውስቴቶሙ፡ዕፅ፡\nልቦ፡ግሙራ፡መ፡ፄነወኒ፡\nወኢሓዱ፡እምውስቴቶሙ፡\nወባዕዳንሂ፡ዘማሁ፡ኢነ፡\nይምዕዝ፡እምሉ፡\nይምዕዝ፨ወቈጽሉ፡ወጽጌሁ፡\nወዕፁ፡ኢይጸመሂ፡ለዓለም፡\nወፍሬሁኒ፡ሠናይ፡ወፍሬሁሰ፡\nመ፡ስለ፡ቀልት፨"",
    ""normalization_policy"": ""none"",
    ""punctuation_markers"": [
      ""፡"",
      ""፨""
    ],
    ""removed_artifacts"": [
      ""Chapter 24 Segment 4""
    ],
    ""uncertainties"": []
  }
}"
24,segment_005,segment,DONE,C:\Users\sasch\visionexe\stories\template\filmsets\story_024\segment_005\segment.txt,"{
  ""source"": {
    ""witness_id"": ""story_024/segment_005"",
    ""graphematic_string"": ""ውእተ፡ጊዜ፡እቤ፡ነዋ፡ዝንቱ፡\nሠናይ፡ዕፅ፡ወሠናይ፡\nለርእይ፨ወዳም፡ቈጽሉ፡\nወፍሬሆኒ፡ሞገስ፡ጥቀ፡ለርእየ፡\nገጽ፨"",
    ""normalization_policy"": ""none"",
    ""punctuation_markers"": [
      ""፡"",
      ""፨""
    ],
    ""removed_artifacts"": [
      ""Chapter 24 Segment 5""
    ],
    ""uncertainties"": []
  }
}"
24,segment_006,segment,DONE,C:\Users\sasch\visionexe\stories\template\filmsets\story_024\segment_006\segment.txt,"{
  ""source"": {
    ""witness_id"": ""story_024/segment_006"",
    ""graphematic_string"": ""ውእተ፡ጊዜ፡ውሥኒ፡\nሚኤል፡፩እምነ፡መላእት፡\nቅዱሳን፡ወቡራን፡እንዘ፡\nምስሌየ፡ሀሎ፡ውእቱ፡\nዘዲቤሆሙ፨"",
    ""normalization_policy"": ""none"",
    ""punctuation_markers"": [
      ""፡"",
      ""፨""
    ],
    ""removed_artifacts"": [
      ""Chapter 24 Segment 6""
    ],
    ""uncertainties"": []
  }
}"
25,segment_001,segment,DONE,C:\Users\sasch\visionexe\stories\template\filmsets\story_025\segment_001\segment.txt,"{
  ""source"": {
    ""witness_id"": ""story_025/segment_001"",
    ""graphematic_string"": ""ወይቤለኒ፡ሄኖ፡ምንተ፡\nትሴለኒ፡እንተ፡መዐዛሁ፡ለዝ፡\nዕፅ፡ወትጤየቅ፡መ፡ታእምር፨"",
    ""normalization_policy"": ""none"",
    ""punctuation_markers"": [
      ""፡"",
      ""፨""
    ],
    ""removed_artifacts"": [
      ""Chapter 25 Segment 1 header"",
      ""newlines""
    ],
    ""uncertainties"": []
  }
}"
25,segment_002,segment,DONE,C:\Users\sasch\visionexe\stories\template\filmsets\story_025\segment_002\segment.txt,"{
  ""source"": {
    ""witness_id"": ""story_025/segment_002"",
    ""graphematic_string"": ""ወውእተ፡ጊዜ፡ውሥእ፡ሄኖ፡\nእንዘ፡ይብል፡እንተ፡ሉ፡\nእፈቅድ፡እምር፡ፈድፋደሰ፡\nእንተዝ፡ዕፅ፨"",
    ""normalization_policy"": ""none"",
    ""punctuation_markers"": [
      ""፡"",
      ""፨""
    ],
    ""removed_artifacts"": [
      ""Chapter 25 Segment 2 header"",
      ""newlines""
    ],
    ""uncertainties"": []
  }
}"
25,segment_003,segment,DONE,C:\Users\sasch\visionexe\stories\template\filmsets\story_025\segment_003\segment.txt,"{
  ""source"": {
    ""witness_id"": ""story_025/segment_003"",
    ""graphematic_string"": ""ወውሥኒ፡እንዘ፡ይብል፡\nዝንቱ፡ደብር፡ዘርኢ፡ነዋኀ፡\nዘርእሱ፡ይመስል፡መንሮ፡\nለእግዚእ፡መንሩ፡ውእቱ፡ኀ፡\nይነብር፡ቅዱስ፡ወዓቢይ፡እግዚ፡\nስብሐት፡ንጉሥ፡ዘለዓለም፡ሶ፡\nይመጽእ፡ወይወርድ፡የሐውጻ፡\nለምድር፡ሠናይ፨"",
    ""normalization_policy"": ""none"",
    ""punctuation_markers"": [
      ""፡"",
      ""፨""
    ],
    ""removed_artifacts"": [
      ""Chapter 25 Segment 3 header"",
      ""newlines""
    ],
    ""uncertainties"": []
  }
}"
25,segment_004,segment,DONE,C:\Users\sasch\visionexe\stories\template\filmsets\story_025\segment_004\segment.txt,"{
  ""source"": {
    ""witness_id"": ""story_025/segment_004"",
    ""graphematic_string"": ""ወዝንቱሂ፡ዕፀ፡መዐዛ፡ሠናይ፡\nወኢ፩፡ዘሥጋ፡ልቦ፡ሳልጣን፡\nመ፡ይግስስ፡እስ፡መ፡ዐቢይ፡\nነ፡መ፡ይትቤቀል፡ሎ፡\nወይፌጸም፡እስ፡ለዓለም፡ዝኩ፡\nለጻድቃን፡ወለትሑታን፡\nይትወሀብ፡"",
    ""normalization_policy"": ""none"",
    ""punctuation_markers"": [
      ""፡""
    ],
    ""removed_artifacts"": [
      ""Chapter 25 Segment 4 header"",
      ""newlines""
    ],
    ""uncertainties"": []
  }
}"
25,segment_005,segment,DONE,C:\Users\sasch\visionexe\stories\template\filmsets\story_025\segment_005\segment.txt,"{
  ""source"": {
    ""witness_id"": ""story_025/segment_005"",
    ""graphematic_string"": ""እምፍሬ፡ዚሁ፡ይትወሀብ፡\nወለሐሩያን፡ሕይወት፡መንገለ፡\nመስዕ፡ይተል፡ዲ፡መን፡\nቅዱስ፡መንገለ፡ቤቱ፡ለእግዚእ፡\nቀዲስ፡ወንጉሥ፡ዘለዓለም፨"",
    ""normalization_policy"": ""none"",
    ""punctuation_markers"": [
      ""፡"",
      ""፨""
    ],
    ""removed_artifacts"": [
      ""Chapter 25 Segment 5 header"",
      ""newlines""
    ],
    ""uncertainties"": []
  }
}"
25,segment_006,segment,DONE,C:\Users\sasch\visionexe\stories\template\filmsets\story_025\segment_006\segment.txt,"{
  ""source"": {
    ""witness_id"": ""story_025/segment_006"",
    ""graphematic_string"": ""ውእተ፡ጊዜ፡ይትፌሥሑ፡\nፍሥሓ፡ወይትኀሠዩ፡ውስተ፡\nቅዱስ፡ቅዲስነ፡ያውኡ፡ሎቱ፡\nመዐዛ፡ዕፅምቲሆሙ፡\nወሕይወተ፡ብዙኃ፡የሐይዉ፡ዲ፡\nምድር፡መ፡ሐይዉ፡\nዊ፨ወመዋዕሊሆሙ፡\nሐዘን፡ወሕማም፡ወጻዕር፡\nወመቅሠፍት፡ኢይገስሶሙ፨"",
    ""normalization_policy"": ""none"",
    ""punctuation_markers"": [
      ""፡"",
      ""፨""
    ],
    ""removed_artifacts"": [
      ""Chapter 25 Segment 6 header"",
      ""newlines""
    ],
    ""uncertainties"": []
  }
}"
25,segment_007,segment,DONE,C:\Users\sasch\visionexe\stories\template\filmsets\story_025\segment_007\segment.txt,"{
  ""source"": {
    ""witness_id"": ""story_025/segment_007"",
    ""graphematic_string"": ""ውእተ፡ጊዜ፡ባረዎ፡ለእምላ፡\nስብሐት፡ንጉሥ፡\nዘለዓለም፨እስመ፡ስተዳለወ፡\nመዝ፡ለሰብእ፡ጻድቃን፡\nወመዝ፡ፈጠረ፡ወይቤ፡\nየሀብዎሙ፡"",
    ""normalization_policy"": ""none"",
    ""punctuation_markers"": [
      ""፡"",
      ""፨""
    ],
    ""removed_artifacts"": [
      ""Chapter 25 Segment 7 header"",
      ""newlines""
    ],
    ""uncertainties"": []
  }
}"
26,segment_001,segment,DONE,C:\Users\sasch\visionexe\stories\template\filmsets\story_026\segment_001\segment.txt,"{
  ""source"": {
    ""witness_id"": ""story_026/segment_001"",
    ""graphematic_string"": ""ወእምህየ፡ሖርኩ፡ማእለ፡\nምድር፡ወርኢኩ፡መነ፡ቡሩ፡\nጥሉለ፡ዘቦቱ፡ዕጹቅ፡ዘይነብር፡\nወይሠርፅ፡እምዕፅ፡ዘተመትረ፨"",
    ""normalization_policy"": ""none"",
    ""punctuation_markers"": [
      ""፡"",
      ""፨""
    ],
    ""removed_artifacts"": [
      ""Chapter 26 Segment 1""
    ],
    ""uncertainties"": []
  }
}"
26,segment_002,segment,DONE,C:\Users\sasch\visionexe\stories\template\filmsets\story_026\segment_002\segment.txt,"{
  ""source"": {
    ""witness_id"": ""story_026/segment_002"",
    ""graphematic_string"": ""ወህየ፡ርኢኩ፡ደብረ፡ቅዱሰ፡\nወመትሕተ፡ደብር፡ማይ፡\nእመንገለ፡ጽባሑ፡ወውኅዘቱ፡\nመንገለ፡ሰሜን፨"",
    ""normalization_policy"": ""none"",
    ""punctuation_markers"": [
      ""፡"",
      ""፨""
    ],
    ""removed_artifacts"": [
      ""Chapter 26 Segment 2""
    ],
    ""uncertainties"": []
  }
}"
26,segment_003,segment,DONE,C:\Users\sasch\visionexe\stories\template\filmsets\story_026\segment_003\segment.txt,"{
  ""source"": {
    ""witness_id"": ""story_026/segment_003"",
    ""graphematic_string"": ""ወርኢኩ፡መንገለ፡ጽባሕ፡ል፡\nደብረ፡ዘይነውኅ፡መዝ፡\nወማእሎሙ፡ቈላተ፡ዕሙቅ፡\nወልቦው፡ርኅ፡ወላቲኒ፡ማይ፡\nዘየሐውር፡መንገለ፡ደብር፡"",
    ""normalization_policy"": ""none"",
    ""punctuation_markers"": [
      ""፡""
    ],
    ""removed_artifacts"": [
      ""Chapter 26 Segment 3""
    ],
    ""uncertainties"": []
  }
}"
26,segment_004,segment,DONE,C:\Users\sasch\visionexe\stories\template\filmsets\story_026\segment_004\segment.txt,"{
  ""source"": {
    ""witness_id"": ""story_026/segment_004"",
    ""graphematic_string"": ""ወመንገለ፡ዐረቡ፡ለዝኩ፡ልእ፡\nደብር፡ወይቴሐቶ ፡ ሎቱ ፨\nወልቦ፡ኑኅ፡ወቈላ፡ታሕቱ ፡\nወማእሎሙ ፨ ወልት፡ቈላ፡\nዕሙቃት፡ወይቡስት፡መንገለ፡\nጽንፈ፡ሠለስቲሆሙ ፨"",
    ""normalization_policy"": ""none"",
    ""punctuation_markers"": [
      ""፡"",
      ""፨""
    ],
    ""removed_artifacts"": [
      ""Chapter 26 Segment 4""
    ],
    ""uncertainties"": []
  }
}"
26,segment_005,segment,DONE,C:\Users\sasch\visionexe\stories\template\filmsets\story_026\segment_005\segment.txt,"{
  ""source"": {
    ""witness_id"": ""story_026/segment_005"",
    ""graphematic_string"": ""ወሉ፡ቈላቱ፡ዕሙቃት፡\nወልቦን፡ራኅብ፡እም—ህ፡\nጽኑዕ ፤ ወዕፅ፡ይተል፡\nላዕሌሆሙ፡"",
    ""normalization_policy"": ""none"",
    ""punctuation_markers"": [
      ""፡"",
      ""፤""
    ],
    ""removed_artifacts"": [
      ""Chapter 26 Segment 5"",
      ""—""
    ],
    ""uncertainties"": [
      ""gap_marker_dash""
    ]
  }
}"
26,segment_006,segment,DONE,C:\Users\sasch\visionexe\stories\template\filmsets\story_026\segment_006\segment.txt,"{
  ""source"": {
    ""witness_id"": ""story_026/segment_006"",
    ""graphematic_string"": ""ወንርኩ፡እንተ፡—ሕ፡\nወንርኩ፡እንተ፡ቈላ፡ወጥቀ፡\nንርኩ፨"",
    ""normalization_policy"": ""none"",
    ""punctuation_markers"": [
      ""፡"",
      ""፨""
    ],
    ""removed_artifacts"": [
      ""Chapter 26 Segment 6"",
      ""—""
    ],
    ""uncertainties"": [
      ""gap_marker_dash""
    ]
  }
}"
27,segment_001,segment,DONE,C:\Users\sasch\visionexe\stories\template\filmsets\story_027\segment_001\segment.txt,"{
  ""source"": {
    ""witness_id"": ""story_027/segment_001"",
    ""graphematic_string"": ""ውእተ፡ጊዜ፡እቤ፡እንተ፡\nምንት፡ዛቲ፡ምድር፡እለ፡\nቡሩት፡ወለንታሃ፡ምልዕት፡\nዕፀወ፡ወዛቈላ፡ርግምት፡\nማእሎሙ፨"",
    ""normalization_policy"": ""none"",
    ""punctuation_markers"": [
      ""፡"",
      ""፨""
    ],
    ""removed_artifacts"": [
      ""\n"",
      ""Chapter 27 Segment 1""
    ],
    ""uncertainties"": []
  }
}"
27,segment_002,segment,DONE,C:\Users\sasch\visionexe\stories\template\filmsets\story_027\segment_002\segment.txt,"{
  ""source"": {
    ""witness_id"": ""story_027/segment_002"",
    ""graphematic_string"": ""ውእተ፡ጊዜ፡ውሥኒ፡\nኡርኤል፡፩እመቅዱሳን፡\nመላእት፡እንዘ፡ሀሎ፡\nምስሌየ፨ወይቤለኒ፡ዛቈላ፡\nርግምት፡ይእቲ፡ለርጉማን፡እስ፡\nለዓለም።ዝየ፡ይትጋብኡ፡\nሎሙ፡እለ፡ይብሉ፡ፉሆሙ፡\nላዕለ፡እግዚብሔር፡ቃለ፡\nዘኢይደሉ፡ወእንተ፡ስብሐተ፡\nዚሁ፡ይትናገሩ፡ዕፁባተ፨ዝየ፡\nያስተጋብእዎሙ፡ወዝየ፡\nምናኖሙ፡"",
    ""normalization_policy"": ""none"",
    ""punctuation_markers"": [
      ""፡"",
      ""፨"",
      ""።""
    ],
    ""removed_artifacts"": [
      ""\n"",
      ""Chapter 27 Segment 2""
    ],
    ""uncertainties"": []
  }
}"
27,segment_003,segment,DONE,C:\Users\sasch\visionexe\stories\template\filmsets\story_027\segment_003\segment.txt,"{
  ""source"": {
    ""witness_id"": ""story_027/segment_003"",
    ""graphematic_string"": ""ደኃሪ፡መዋዕል፡ይውን፡\nላዕሌሆሙ፡ርያ፡ነ፡\nዘጽድቅ፡ቅድመ፡ጻድቃን፡\nለዓለም፡ሎ፡መዋዕለ፡ዝየ፡\nይባርዎ፡መሐርያን፡ለእግዚ፡\nስብሐት፡ንጉሥ፡ዘለዓለም፨"",
    ""normalization_policy"": ""none"",
    ""punctuation_markers"": [
      ""፡"",
      ""፨""
    ],
    ""removed_artifacts"": [
      ""\n"",
      ""Chapter 27 Segment 3""
    ],
    ""uncertainties"": []
  }
}"
27,segment_004,segment,DONE,C:\Users\sasch\visionexe\stories\template\filmsets\story_027\segment_004\segment.txt,"{
  ""source"": {
    ""witness_id"": ""story_027/segment_004"",
    ""graphematic_string"": ""ወመዋዕለ፡ነሆሙ፡ይባርዎ፡\nምሕረት፡መ፡ፈሎሙ፨"",
    ""normalization_policy"": ""none"",
    ""punctuation_markers"": [
      ""፡"",
      ""፨""
    ],
    ""removed_artifacts"": [
      ""\n"",
      ""Chapter 27 Segment 4""
    ],
    ""uncertainties"": []
  }
}"
27,segment_005,segment,DONE,C:\Users\sasch\visionexe\stories\template\filmsets\story_027\segment_005\segment.txt,"{
  ""source"": {
    ""witness_id"": ""story_027/segment_005"",
    ""graphematic_string"": ""ውእተ፡ጊዜ፡ባረዎ፡ለእግዚ፡\nስብሐት፡ወሎቱ፡ነገርኩ፡\nወዘርኩ፡መ፡ይደሉ፡ለዕዩ፨"",
    ""normalization_policy"": ""none"",
    ""punctuation_markers"": [
      ""፡"",
      ""፨""
    ],
    ""removed_artifacts"": [
      ""\n"",
      ""Chapter 27 Segment 5""
    ],
    ""uncertainties"": []
  }
}"
