ChapterID,SegmentLabel,SegmentType,Status,SourcePath,RawContent
1,segment_001,segment,DONE,C:\Users\sasch\visionexe\stories\template\filmsets\story_001\segment_001\segment.txt,"```json
{
  ""actors"": [],
  ""props"": [],
  ""environments"": [
    {
      ""name"": ""ሰማይ"",
      ""visualTraits"": null,
      ""changes"": null,
      ""role"": ""sky""
    },
    {
      ""name"": ""አለም"",
      ""visualTraits"": null,
      ""changes"": null,
      ""role"": ""world""
    }
  ],
  ""scenes"": [],
  ""blocking"": {
    ""anchors"": [],
    ""paths"": []
  }
}
```"
1,segment_002,segment,DONE,C:\Users\sasch\visionexe\stories\template\filmsets\story_001\segment_002\segment.txt,"```json
{
  ""actors"": [
    {
      ""name"": ""እግዚብሔር"",
      ""visualTraits"": null,
      ""changes"": null,
      ""role"": ""deity""
    },
    {
      ""name"": ""መላእት"",
      ""visualTraits"": null,
      ""changes"": null,
      ""role"": ""angel""
    },
    {
      ""name"": ""እምኀቤሆሙ"",
      ""visualTraits"": null,
      ""changes"": null,
      ""role"": ""lord""
    },
    {
      ""name"": ""ኅሩያን"",
      ""visualTraits"": null,
      ""changes"": null,
      ""role"": ""saint""
    }
  ],
  ""props"": [],
  ""environments"": [
    {
      ""name"": ""ሰማያት"",
      ""visualTraits"": null,
      ""changes"": null,
      ""role"": ""setting""
    }
  ],
  ""scenes"": [
    {
      ""title"": ""Verse 1"",
      ""location"": null,
      ""action"": null,
      ""actorsInvolved"": []
    },
    {
      ""title"": ""Verse 2"",
      ""location"": null,
      ""action"": null,
      ""actorsInvolved"": []
    },
    {
      ""title"": ""Verse 3"",
      ""location"": null,
      ""action"": null,
      ""actorsInvolved"": [""እግዚብሔር""]
    },
    {
      ""title"": ""Verse 4"",
      ""location"": null,
      ""action"": null,
      ""actorsInvolved"": []
    },
    {
      ""title"": ""Verse 5"",
      ""location"": null,
      ""action"": null,
      ""actorsInvolved"": []
    },
    {
      ""title"": ""Verse 6"",
      ""location"": null,
      ""action"": null,
      ""actorsInvolved"": [""መላእት""]
    },
    {
      ""title"": ""Verse 7"",
      ""location"": null,
      ""action"": null,
      ""actorsInvolved"": [""እምኀቤሆሙ""]
    },
    {
      ""title"": ""Verse 8"",
      ""location"": null,
      ""action"": null,
      ""actorsInvolved"": []
    },
    {
      ""title"": ""Verse 9"",
      ""location"": null,
      ""action"": null,
      ""actorsInvolved"": []
    },
    {
      ""title"": ""Verse 10"",
      ""location"": null,
      ""action"": null,
      ""actorsInvolved"": []
    },
    {
      ""title"": ""Verse 11"",
      ""location"": null,
      ""action"": null,
      ""actorsInvolved"": [""ኅሩያን""]
    }
  ],
  ""blocking"": {
    ""anchors"": [],
    ""paths"": []
  }
}
```"
1,segment_003,segment,DONE,C:\Users\sasch\visionexe\stories\template\filmsets\story_001\segment_003\segment.txt,"```json
{
  ""actors"": [
    {
      ""name"": ""ኅሩያን"",
      ""visualTraits"": null,
      ""changes"": null,
      ""role"": ""subject""
    },
    {
      ""name"": ""እቤ"",
      ""visualTraits"": null,
      ""changes"": null,
      ""role"": ""subject""
    },
    {
      ""name"": ""ቅዱስ"",
      ""visualTraits"": null,
      ""changes"": null,
      ""role"": ""subject""
    },
    {
      ""name"": ""ወዓቢይ"",
      ""visualTraits"": null,
      ""changes"": null,
      ""role"": ""subject""
    },
    {
      ""name"": ""እማኅደሩ"",
      ""visualTraits"": null,
      ""changes"": null,
      ""role"": ""subject""
    }
  ],
  ""props"": [],
  ""environments"": [],
  ""scenes"": [
    {
      ""title"": ""Chapter 1 Segment 3"",
      ""location"": null,
      ""action"": null,
      ""actorsInvolved"": [
        ""ኅሩያን"",
        ""እቤ"",
        ""ቅዱስ"",
        ""ወዓቢይ"",
        ""እማኅደሩ""
      ]
    }
  ],
  ""blocking"": {
    ""anchors"": [],
    ""paths"": []
  }
}
```"
1,segment_004,segment,DONE,C:\Users\sasch\visionexe\stories\template\filmsets\story_001\segment_004\segment.txt,"```json
{
  ""actors"": [
    {""name"":""ወእምህየ"",""visualTraits"":null,""changes"":null,""role"":""character""},
    {""name"":""ይይድ"",""visualTraits"":null,""changes"":null,""role"":""character""},
    {""name"":""ዲ"",""visualTraits"":null,""changes"":null,""role"":""character""},
    {""name"":""ሲና"",""visualTraits"":null,""changes"":null,""role"":""character""},
    {""name"":""ደብር"",""visualTraits"":null,""changes"":null,""role"":""character""},
    {""name"":""ወያስተርኢ"",""visualTraits"":null,""changes"":null,""role"":""character""},
    {""name"":""ትዕይንቱ"",""visualTraits"":null,""changes"":null,""role"":""character""},
    {""name"":""ጽንዓ"",""visualTraits"":null,""changes"":null,""role"":""character""},
    {""name"":""ኃይሉ"",""visualTraits"":null,""changes"":null,""role"":""character""},
    {""name"":""እምሰማይ"",""visualTraits"":null,""changes"":null,""role"":""character""}
  ],
  ""props"": [],
  ""environments"": [],
  ""scenes"": [
    {
      ""title"":""Chapter 1 Segment 4"",
      ""location"":null,
      ""action"":null,
      ""actorsInvolved"":[
        ""ወእምህየ"",
        ""ይይድ"",
        ""ዲ"",
        ""ሲና"",
        ""ደብር"",
        ""ወያስተርኢ"",
        ""ትዕይንቱ"",
        ""ጽንዓ"",
        ""ኃይሉ"",
        ""እምሰማይ""
      ]
    }
  ],
  ""blocking"": {
    ""anchors"": [],
    ""paths"": []
  }
}
```"
1,segment_005,segment,DONE,C:\Users\sasch\visionexe\stories\template\filmsets\story_001\segment_005\segment.txt,"```json
{
  ""actors"": [],
  ""props"": [],
  ""environments"": [],
  ""scenes"": [],
  ""blocking"": {
    ""anchors"": [],
    ""paths"": []
  }
}
```"
1,segment_006,segment,DONE,C:\Users\sasch\visionexe\stories\template\filmsets\story_001\segment_006\segment.txt,"```json
{
  ""actors"": [
    {
      ""name"": ""እምላህብ"",
      ""visualTraits"": [],
      ""changes"": [],
      ""role"": ""actor""
    }
  ],
  ""props"": [
    {
      ""name"": ""ድባር"",
      ""visualTraits"": [],
      ""changes"": [],
      ""role"": ""prop""
    }
  ],
  ""environments"": [],
  ""scenes"": [],
  ""blocking"": {
    ""anchors"": [],
    ""paths"": []
  }
}
```"
1,segment_007,segment,DONE,C:\Users\sasch\visionexe\stories\template\filmsets\story_001\segment_007\segment.txt,"```json
{
  ""actors"": [],
  ""props"": [],
  ""environments"": [
    {
      ""name"": ""earth"",
      ""role"": ""setting""
    },
    {
      ""name"": ""rain"",
      ""role"": ""setting""
    },
    {
      ""name"": ""water"",
      ""role"": ""setting""
    },
    {
      ""name"": ""day"",
      ""role"": ""setting""
    },
    {
      ""name"": ""light"",
      ""role"": ""setting""
    }
  ],
  ""scenes"": [
    {
      ""title"": ""Natural Cycle"",
      ""location"": ""earth"",
      ""action"": ""rain falls, water flows, day brings justice, light is sacred"",
      ""actorsInvolved"": []
    }
  ],
  ""blocking"": {
    ""anchors"": [
      {
        ""id"": ""earth_anchor"",
        ""description"": ""earth surface""
      }
    ],
    ""paths"": []
  }
}
```"
1,segment_008,segment,DONE,C:\Users\sasch\visionexe\stories\template\filmsets\story_001\segment_008\segment.txt,"```json
{
  ""actors"": [
    {""name"":""ለጻድቃንሰ"",""visualTraits"":null,""changes"":null,""role"":""unknown""},
    {""name"":""ሰላመ"",""visualTraits"":null,""changes"":null,""role"":""unknown""},
    {""name"":""ይገብር"",""visualTraits"":null,""changes"":null,""role"":""unknown""},
    {""name"":""ሎሙ"",""visualTraits"":null,""changes"":null,""role"":""unknown""},
    {""name"":""ወየዐቅቦሙ"",""visualTraits"":null,""changes"":null,""role"":""unknown""},
    {""name"":""ለኅሩያን"",""visualTraits"":null,""changes"":null,""role"":""unknown""},
    {""name"":""ወይውን"",""visualTraits"":null,""changes"":null,""role"":""unknown""},
    {""name"":""ሣህል"",""visualTraits"":null,""changes"":null,""role"":""unknown""},
    {""name"":""ላዕሌሆሙ"",""visualTraits"":null,""changes"":null,""role"":""unknown""},
    {""name"":""ወይውኑ"",""visualTraits"":null,""changes"":null,""role"":""unknown""},
    {""name"":""ዘምላ"",""visualTraits"":null,""changes"":null,""role"":""unknown""},
    {""name"":""ወይሤርሑ"",""visualTraits"":null,""changes"":null,""role"":""unknown""},
    {""name"":""ወይትባረኩ"",""visualTraits"":null,""changes"":null,""role"":""unknown""},
    {""name"":""ወይሀርህ"",""visualTraits"":null,""changes"":null,""role"":""unknown""},
    {""name"":""ብርሃነ"",""visualTraits"":null,""changes"":null,""role"":""unknown""},
    {""name"":""ምላ"",""visualTraits"":null,""changes"":null,""role"":""unknown""}
  ],
  ""props"": [],
  ""environments"": [],
  ""scenes"": [
    {
      ""title"":""Chapter 1 Segment 8"",
      ""location"":null,
      ""action"":""chanting"",
      ""actorsInvolved"":[
        ""ለጻድቃንሰ"",""ሰላመ"",""ይገብር"",""ሎሙ"",
        ""ወየዐቅቦሙ"",""ለኅሩያን"",""ወይውን"",""ሣህል"",
        ""ላዕሌሆሙ"",""ወይውኑ"",""ዘምላ"",""ወይሤርሑ"",
        ""ወይትባረኩ"",""ወይሀርህ"",""ብርሃነ"",""ምላ""
      ]
    }
  ],
  ""blocking"": {
    ""anchors"": [],
    ""paths"": []
  }
}
```"
1,segment_009,segment,DONE,C:\Users\sasch\visionexe\stories\template\filmsets\story_001\segment_009\segment.txt,"```json
{
  ""actors"": [
    {
      ""name"": ""ወናሁ"",
      ""visualTraits"": null,
      ""changes"": null,
      ""role"": ""unknown""
    },
    {
      ""name"": ""ቅዱሳን"",
      ""visualTraits"": null,
      ""changes"": null,
      ""role"": ""unknown""
    },
    {
      ""name"": ""ላዕሌሆሙ"",
      ""visualTraits"": null,
      ""changes"": null,
      ""role"": ""unknown""
    },
    {
      ""name"": ""ለረሲዓን"",
      ""visualTraits"": null,
      ""changes"": null,
      ""role"": ""unknown""
    },
    {
      ""name"": ""ዘሥጋ"",
      ""visualTraits"": null,
      ""changes"": null,
      ""role"": ""unknown""
    },
    {
      ""name"": ""ወረሰዩ"",
      ""visualTraits"": null,
      ""changes"": null,
      ""role"": ""unknown""
    },
    {
      ""name"": ""ወረሲዓን"",
      ""visualTraits"": null,
      ""changes"": null,
      ""role"": ""unknown""
    }
  ],
  ""props"": [],
  ""environments"": [],
  ""scenes"": [
    {
      ""title"": ""Line 1"",
      ""location"": null,
      ""action"": null,
      ""actorsInvolved"": [""ወናሁ"", ""ቅዱሳን"", ""ላዕሌሆሙ"", ""ለረሲዓን"", ""ዘሥጋ"", ""ወረሰዩ"", ""ወረሲዓን""]
    },
    {
      ""title"": ""Line 2"",
      ""location"": null,
      ""action"": null,
      ""actorsInvolved"": [""ወናሁ"", ""ቅዱሳን"", ""ላዕሌሆሙ"", ""ለረሲዓን"", ""ዘሥጋ"", ""ወረሰዩ"", ""ወረሲዓን""]
    },
    {
      ""title"": ""Line 3"",
      ""location"": null,
      ""action"": null,
      ""actorsInvolved"": [""ወናሁ"", ""ቅዱሳን"", ""ላዕሌሆሙ"", ""ለረሲዓን"", ""ዘሥጋ"", ""ወረሰዩ"", ""ወረሲዓን""]
    },
    {
      ""title"": ""Line 4"",
      ""location"": null,
      ""action"": null,
      ""actorsInvolved"": [""ወናሁ"", ""ቅዱሳን"", ""ላዕሌሆሙ"", ""ለረሲዓን"", ""ዘሥጋ"", ""ወረሰዩ"", ""ወረሲዓን""]
    },
    {
      ""title"": ""Line 5"",
      ""location"": null,
      ""action"": null,
      ""actorsInvolved"": [""ወናሁ"", ""ቅዱሳን"", ""ላዕሌሆሙ"", ""ለረሲዓን"", ""ዘሥጋ"", ""ወረሰዩ"", ""ወረሲዓን""]
    },
    {
      ""title"": ""Line 6"",
      ""location"": null,
      ""action"": null,
      ""actorsInvolved"": [""ወናሁ"", ""ቅዱሳን"", ""ላዕሌሆሙ"", ""ለረሲዓን"", ""ዘሥጋ"", ""ወረሰዩ"", ""ወረሲዓን""]
    },
    {
      ""title"": ""Line 7"",
      ""location"": null,
      ""action"": null,
      ""actorsInvolved"": [""ወናሁ"", ""ቅዱሳን"", ""ላዕሌሆሙ"", ""ለረሲዓን"", ""ዘሥጋ"", ""ወረሰዩ"", ""ወረሲዓን""]
    }
  ],
  ""blocking"": {
    ""anchors"": [],
    ""paths"": []
  }
}
```"
2,segment_001,segment,DONE,C:\Users\sasch\visionexe\stories\template\filmsets\story_002\segment_001\segment.txt,"```json
{
  ""actors"": [],
  ""props"": [
    {
      ""name"": ""ብርሃናት"",
      ""visualTraits"": [],
      ""changes"": [],
      ""role"": ""light""
    }
  ],
  ""environments"": [
    {
      ""name"": ""ሰማይ"",
      ""visualTraits"": [],
      ""changes"": [],
      ""role"": ""sky""
    }
  ],
  ""scenes"": [
    {
      ""title"": ""Beat 1"",
      ""location"": ""ሰማይ"",
      ""action"": null,
      ""actorsInvolved"": []
    },
    {
      ""title"": ""Beat 2"",
      ""location"": ""ሰማይ"",
      ""action"": null,
      ""actorsInvolved"": []
    },
    {
      ""title"": ""Beat 3"",
      ""location"": ""ሰማይ"",
      ""action"": null,
      ""actorsInvolved"": []
    },
    {
      ""title"": ""Beat 4"",
      ""location"": ""ሰማይ"",
      ""action"": null,
      ""actorsInvolved"": []
    },
    {
      ""title"": ""Beat 5"",
      ""location"": ""ሰማይ"",
      ""action"": null,
      ""actorsInvolved"": []
    },
    {
      ""title"": ""Beat 6"",
      ""location"": ""ሰማይ"",
      ""action"": null,
      ""actorsInvolved"": []
    },
    {
      ""title"": ""Beat 7"",
      ""location"": ""ሰማይ"",
      ""action"": null,
      ""actorsInvolved"": []
    }
  ],
  ""blocking"": {
    ""anchors"": [
      {
        ""id"": ""anchor1"",
        ""description"": ""sky""
      }
    ],
    ""paths"": []
  }
}
```"
2,segment_002,segment,DONE,C:\Users\sasch\visionexe\stories\template\filmsets\story_002\segment_002\segment.txt,"```json
{
  ""actors"": [],
  ""props"": [],
  ""environments"": [],
  ""scenes"": [],
  ""blocking"": {
    ""anchors"": [],
    ""paths"": []
  }
}
```"
2,segment_003,segment,DONE,C:\Users\sasch\visionexe\stories\template\filmsets\story_002\segment_003\segment.txt,"```json
{
  ""actors"": [],
  ""props"": [],
  ""environments"": [],
  ""scenes"": [],
  ""blocking"": {
    ""anchors"": [],
    ""paths"": []
  }
}
```"
3,segment_001,segment,DONE,C:\Users\sasch\visionexe\stories\template\filmsets\story_003\segment_001\segment.txt,"```json
{
  ""actors"": [],
  ""props"": [],
  ""environments"": [],
  ""scenes"": [],
  ""blocking"": {
    ""anchors"": [],
    ""paths"": []
  }
}
```"
4,segment_001,segment,DONE,C:\Users\sasch\visionexe\stories\template\filmsets\story_004\segment_001\segment.txt,"```json
{
  ""actors"": [
    {""name"":""ወዳግመ"",""visualTraits"":""unknown"",""changes"":null,""role"":""unknown""},
    {""name"":""ጠየቁ"",""visualTraits"":""unknown"",""changes"":null,""role"":""unknown""},
    {""name"":""ሐጋይ"",""visualTraits"":""unknown"",""changes"":null,""role"":""unknown""},
    {""name"":""ምጽላለ"",""visualTraits"":""unknown"",""changes"":null,""role"":""unknown""},
    {""name"":""ወጽላሎተ"",""visualTraits"":""unknown"",""changes"":null,""role"":""unknown""},
    {""name"":""ተኀሥሡ"",""visualTraits"":""unknown"",""changes"":null,""role"":""unknown""},
    {""name"":""ቅድሜሃ"",""visualTraits"":""unknown"",""changes"":null,""role"":""unknown""},
    {""name"":""ወንትሙሰ"",""visualTraits"":""unknown"",""changes"":null,""role"":""unknown""},
    {""name"":""እሙቀተ"",""visualTraits"":""unknown"",""changes"":null,""role"":""unknown""},
    {""name"":""ሐሩር"",""visualTraits"":""unknown"",""changes"":null,""role"":""unknown""},
    {""name"":""ኢትሉ"",""visualTraits"":""unknown"",""changes"":null,""role"":""unknown""},
    {""name"":""ዪዶታ"",""visualTraits"":""unknown"",""changes"":null,""role"":""unknown""},
    {""name"":""ዋዐያ"",""visualTraits"":""unknown"",""changes"":null,""role"":""unknown""}
  ],
  ""props"": [],
  ""environments"": [
    {""name"":""ፀሐይ"",""visualTraits"":""unknown"",""changes"":null,""role"":""environment""},
    {""name"":""ምድር"",""visualTraits"":""unknown"",""changes"":null,""role"":""environment""}
  ],
  ""scenes"": [
    {
      ""title"":""Chapter 4 Segment 1"",
      ""location"":""unknown"",
      ""action"":""unknown"",
      ""actorsInvolved"":[
        ""ወዳግመ"",""ጠየቁ"",""ሐጋይ"",""ምጽላለ"",""ወጽላሎተ"",
        ""ተኀሥሡ"",""ቅድሜሃ"",""ወንትሙሰ"",""እሙቀተ"",""ሐሩር"",
        ""ኢትሉ"",""ዪዶታ"",""ዋዐያ""
      ]
    }
  ],
  ""blocking"": {
    ""anchors"": [],
    ""paths"": []
  }
}
```"
5,segment_001,segment,DONE,C:\Users\sasch\visionexe\stories\template\filmsets\story_005\segment_001\segment.txt,"```json
{
  ""actors"": [],
  ""props"": [],
  ""environments"": [],
  ""scenes"": [
    {
      ""title"": ""Chapter 5 Segment 1"",
      ""location"": null,
      ""action"": ""chanting/recitation"",
      ""actorsInvolved"": null
    }
  ],
  ""blocking"": {
    ""anchors"": [],
    ""paths"": []
  }
}
```"
5,segment_002,segment,DONE,C:\Users\sasch\visionexe\stories\template\filmsets\story_005\segment_002\segment.txt,"```json
{
  ""actors"": [],
  ""props"": [],
  ""environments"": [],
  ""scenes"": [],
  ""blocking"": {
    ""anchors"": [],
    ""paths"": []
  }
}
```"
5,segment_003,segment,DONE,C:\Users\sasch\visionexe\stories\template\filmsets\story_005\segment_003\segment.txt,"{
  ""actors"": [],
  ""props"": [],
  ""environments"": [],
  ""scenes"": [],
  ""blocking"": {
    ""anchors"": [],
    ""paths"": []
  }
}"
5,segment_004,segment,DONE,C:\Users\sasch\visionexe\stories\template\filmsets\story_005\segment_004\segment.txt,"```json
{
  ""actors"": [
    {""name"":""ወንትሙሰ"",""visualTraits"":null,""changes"":null,""role"":""unknown""},
    {""name"":""ኢተዐገሥሙ"",""visualTraits"":null,""changes"":null,""role"":""unknown""},
    {""name"":""ወኢገርሙ"",""visualTraits"":null,""changes"":null,""role"":""unknown""},
    {""name"":""ትእዛዘ"",""visualTraits"":null,""changes"":null,""role"":""unknown""},
    {""name"":""እግዚእ፨እላ"",""visualTraits"":null,""changes"":null,""role"":""unknown""},
    {""name"":""ተዐደውሙ"",""visualTraits"":null,""changes"":null,""role"":""unknown""},
    {""name"":""ወሐመይሙ"",""visualTraits"":null,""changes"":null,""role"":""unknown""},
    {""name"":""ዐቢያተ"",""visualTraits"":null,""changes"":null,""role"":""unknown""},
    {""name"":""ወድሩተ"",""visualTraits"":null,""changes"":null,""role"":""unknown""},
    {""name"":""ቃላተፍ"",""visualTraits"":null,""changes"":null,""role"":""unknown""},
    {""name"":""ርኩስት"",""visualTraits"":null,""changes"":null,""role"":""unknown""},
    {""name"":""ዘዚሙ"",""visualTraits"":null,""changes"":null,""role"":""unknown""},
    {""name"":""ላዕለ"",""visualTraits"":null,""changes"":null,""role"":""unknown""},
    {""name"":""ዕየ"",""visualTraits"":null,""changes"":null,""role"":""unknown""},
    {""name"":""ዚሁ፨ይቡሳነ"",""visualTraits"":null,""changes"":null,""role"":""unknown""},
    {""name"":""ልብ"",""visualTraits"":null,""changes"":null,""role"":""unknown""},
    {""name"":""ኢትውነሙ"",""visualTraits"":null,""changes"":null,""role"":""unknown""},
    {""name"":""ሰላም"",""visualTraits"":null,""changes"":null,""role"":""unknown""}
  ],
  ""props"": [],
  ""environments"": [],
  ""scenes"": [
    {
      ""title"":""Chapter 5 Segment 4"",
      ""location"":null,
      ""action"":""chanting/recitation"",
      ""actorsInvolved"":[
        ""ወንትሙሰ"",""ኢተዐገሥሙ"",""ወኢገርሙ"",""ትእዛዘ"",
        ""እግዚእ፨እላ"",""ተዐደውሙ"",""ወሐመይሙ"",""ዐቢያተ"",
        ""ወድሩተ"",""ቃላተፍ"",""ርኩስት"",""ዘዚሙ"",""ላዕለ"",
        ""ዕየ"",""ዚሁ፨ይቡሳነ"",""ልብ"",""ኢትውነሙ"",""ሰላም""
      ]
    }
  ],
  ""blocking"": {
    ""anchors"": [],
    ""paths"": []
  }
}
```"
5,segment_005,segment,DONE,C:\Users\sasch\visionexe\stories\template\filmsets\story_005\segment_005\segment.txt,"```json
{
  ""actors"": [],
  ""props"": [],
  ""environments"": [],
  ""scenes"": [],
  ""blocking"": {
    ""anchors"": [],
    ""paths"": []
  }
}
```"
5,segment_006,segment,DONE,C:\Users\sasch\visionexe\stories\template\filmsets\story_005\segment_006\segment.txt,"```json
{
  ""actors"": [],
  ""props"": [],
  ""environments"": [],
  ""scenes"": [],
  ""blocking"": {
    ""anchors"": [],
    ""paths"": []
  }
}
```"
5,segment_007,segment,DONE,C:\Users\sasch\visionexe\stories\template\filmsets\story_005\segment_007\segment.txt,"```json
{
  ""actors"": [],
  ""props"": [],
  ""environments"": [],
  ""scenes"": [],
  ""blocking"": {
    ""anchors"": [],
    ""paths"": []
  }
}
```"
5,segment_008,segment,DONE,C:\Users\sasch\visionexe\stories\template\filmsets\story_005\segment_008\segment.txt,"```json
{
  ""actors"": [],
  ""props"": [],
  ""environments"": [],
  ""scenes"": [],
  ""blocking"": {
    ""anchors"": [],
    ""paths"": []
  }
}
```"
5,segment_009,segment,DONE,C:\Users\sasch\visionexe\stories\template\filmsets\story_005\segment_009\segment.txt,"{
  ""actors"": [],
  ""props"": [],
  ""environments"": [],
  ""scenes"": [],
  ""blocking"": {
    ""anchors"": [],
    ""paths"": []
  }
}"
6,segment_001,segment,DONE,C:\Users\sasch\visionexe\stories\template\filmsets\story_006\segment_001\segment.txt,"```json
{
  ""actors"": [
    {""name"":""ወነ"",""visualTraits"":[],""changes"":[],""role"":null},
    {""name"":""እምዘዝ"",""visualTraits"":[],""changes"":[],""role"":null},
    {""name"":""ውሉደ"",""visualTraits"":[],""changes"":[],""role"":null},
    {""name"":""ሰብእ"",""visualTraits"":[],""changes"":[],""role"":null},
    {""name"":""እማንቱ"",""visualTraits"":[],""changes"":[],""role"":null},
    {""name"":""መዋእል"",""visualTraits"":[],""changes"":[],""role"":null},
    {""name"":""ተወልዳ"",""visualTraits"":[],""changes"":[],""role"":null},
    {""name"":""ሎሙ"",""visualTraits"":[],""changes"":[],""role"":null},
    {""name"":""ዋልድ"",""visualTraits"":[],""changes"":[],""role"":null},
    {""name"":""ሠናያት"",""visualTraits"":[],""changes"":[],""role"":null},
    {""name"":""ወላህያት"",""visualTraits"":[],""changes"":[],""role"":null}
  ],
  ""props"": [],
  ""environments"": [],
  ""scenes"": [
    {
      ""title"":""Chapter 6 Segment 1"",
      ""location"":null,
      ""action"":null,
      ""actorsInvolved"":[
        ""ወነ"",""እምዘዝ"",""ውሉደ"",""ሰብእ"",""እማንቱ"",""መዋእል"",
        ""ተወልዳ"",""ሎሙ"",""ዋልድ"",""ሠናያት"",""ወላህያት""
      ]
    }
  ],
  ""blocking"": {
    ""anchors"": [],
    ""paths"": []
  }
}
```"
6,segment_002,segment,DONE,C:\Users\sasch\visionexe\stories\template\filmsets\story_006\segment_002\segment.txt,"```json
{
  ""actors"": [
    {
      ""name"": ""ወርእዩ"",
      ""visualTraits"": ""angelic"",
      ""changes"": null,
      ""role"": ""angel""
    }
  ],
  ""props"": [],
  ""environments"": [
    {
      ""name"": ""ሰማያት"",
      ""visualTraits"": ""vast sky"",
      ""changes"": null,
      ""role"": ""environment""
    },
    {
      ""name"": ""ውሉደ"",
      ""visualTraits"": ""worldly"",
      ""changes"": null,
      ""role"": ""environment""
    }
  ],
  ""scenes"": [],
  ""blocking"": {
    ""anchors"": [],
    ""paths"": []
  }
}
```"
6,segment_003,segment,DONE,C:\Users\sasch\visionexe\stories\template\filmsets\story_006\segment_003\segment.txt,"```json
{
  ""actors"": [
    {
      ""name"": ""ወይቤሎሙ"",
      ""visualTraits"": null,
      ""changes"": null,
      ""role"": ""character""
    },
    {
      ""name"": ""ስምያዛ"",
      ""visualTraits"": null,
      ""changes"": null,
      ""role"": ""character""
    },
    {
      ""name"": ""ዮጊ"",
      ""visualTraits"": null,
      ""changes"": null,
      ""role"": ""character""
    }
  ],
  ""props"": [],
  ""environments"": [
    {
      ""name"": ""ባሕቲትየ"",
      ""visualTraits"": null,
      ""changes"": null,
      ""role"": ""setting""
    },
    {
      ""name"": ""ፈዳዪሃ"",
      ""visualTraits"": null,
      ""changes"": null,
      ""role"": ""setting""
    },
    {
      ""name"": ""ዐባይ"",
      ""visualTraits"": null,
      ""changes"": null,
      ""role"": ""setting""
    }
  ],
  ""scenes"": [
    {
      ""title"": ""Line 1"",
      ""location"": ""unknown"",
      ""action"": ""unknown"",
      ""actorsInvolved"": [""ወይቤሎሙ"", ""ስምያዛ""]
    },
    {
      ""title"": ""Line 2"",
      ""location"": ""unknown"",
      ""action"": ""unknown"",
      ""actorsInvolved"": [""ዮጊ""]
    },
    {
      ""title"": ""Line 3"",
      ""location"": ""unknown"",
      ""action"": ""unknown"",
      ""actorsInvolved"": []
    },
    {
      ""title"": ""Line 4"",
      ""location"": ""unknown"",
      ""action"": ""unknown"",
      ""actorsInvolved"": []
    },
    {
      ""title"": ""Line 5"",
      ""location"": ""unknown"",
      ""action"": ""unknown"",
      ""actorsInvolved"": []
    },
    {
      ""title"": ""Line 6"",
      ""location"": ""unknown"",
      ""action"": ""unknown"",
      ""actorsInvolved"": []
    }
  ],
  ""blocking"": {
    ""anchors"": [],
    ""paths"": []
  }
}
```"
6,segment_004,segment,DONE,C:\Users\sasch\visionexe\stories\template\filmsets\story_006\segment_004\segment.txt,"```json
{
  ""actors"": [],
  ""props"": [],
  ""environments"": [],
  ""scenes"": [],
  ""blocking"": {
    ""anchors"": [],
    ""paths"": []
  }
}
```
"
6,segment_005,segment,DONE,C:\Users\sasch\visionexe\stories\template\filmsets\story_006\segment_005\segment.txt,"```json
{
  ""actors"": [
    {""name"":""ሜሃ"",""visualTraits"":null,""changes"":null,""role"":null},
    {""name"":""መሐሉ"",""visualTraits"":null,""changes"":null,""role"":null},
    {""name"":""ሎሙ"",""visualTraits"":null,""changes"":null,""role"":null},
    {""name"":""ኅቡረ"",""visualTraits"":null,""changes"":null,""role"":null},
    {""name"":""ይናቲሆሙ"",""visualTraits"":null,""changes"":null,""role"":null},
    {""name"":""ቦቱ"",""visualTraits"":null,""changes"":null,""role"":null},
    {""name"":""ወኑ"",""visualTraits"":null,""changes"":null,""role"":null}
  ],
  ""props"": [],
  ""environments"": [],
  ""scenes"": [
    {
      ""title"":""Chapter 6 Segment 5"",
      ""location"":null,
      ""action"":null,
      ""actorsInvolved"":[""ሜሃ"",""መሐሉ"",""ሎሙ"",""ኅቡረ"",""ይናቲሆሙ"",""ቦቱ"",""ወኑ""]
    }
  ],
  ""blocking"": {
    ""anchors"": [],
    ""paths"": []
  }
}
```"
6,segment_006,segment,DONE,C:\Users\sasch\visionexe\stories\template\filmsets\story_006\segment_006\segment.txt,"```json
{
  ""actors"": [
    {
      ""name"": ""ርሞን"",
      ""visualTraits"": null,
      ""changes"": null,
      ""role"": ""unknown""
    },
    {
      ""name"": ""መሐሉ"",
      ""visualTraits"": null,
      ""changes"": null,
      ""role"": ""unknown""
    },
    {
      ""name"": ""ድማሑ"",
      ""visualTraits"": null,
      ""changes"": null,
      ""role"": ""unknown""
    }
  ],
  ""props"": [],
  ""environments"": [
    {
      ""name"": ""ርዲስ"",
      ""visualTraits"": null,
      ""changes"": null,
      ""role"": ""location""
    },
    {
      ""name"": ""ለደብረ"",
      ""visualTraits"": null,
      ""changes"": null,
      ""role"": ""location""
    }
  ],
  ""scenes"": [
    {
      ""title"": ""Inside Ridi"",
      ""location"": ""ርዲስ"",
      ""action"": ""Characters enter or are inside"",
      ""actorsInvolved"": [""ርሞን"", ""መሐሉ"", ""ድማሑ""]
    },
    {
      ""title"": ""Rimon Leaves"",
      ""location"": ""ርዲስ"",
      ""action"": ""Rimon exits the interior"",
      ""actorsInvolved"": [""ርሞን""]
    },
    {
      ""title"": ""Rimon and Mema Halu"",
      ""location"": ""ርዲስ"",
      ""action"": ""Rimon and Mema Halu together"",
      ""actorsInvolved"": [""ርሞን"", ""መሐሉ""]
    },
    {
      ""title"": ""Rimon Goes to House"",
      ""location"": ""ለደብረ"",
      ""action"": ""Rimon moves to the house"",
      ""actorsInvolved"": [""ርሞን""]
    }
  ],
  ""blocking"": {
    ""anchors"": [
      {
        ""id"": ""inside_ridi"",
        ""description"": ""Inside the location ርዲስ""
      },
      {
        ""id"": ""house"",
        ""description"": ""The house ለደብረ""
      }
    ],
    ""paths"": [
      {
        ""actor"": ""ርሞን"",
        ""start_anchor"": ""inside_ridi"",
        ""end_anchor"": ""house"",
        ""motion"": ""walk"",
        ""duration_sec"": null,
        ""notes"": ""Leaves interior to house""
      }
    ]
  }
}
```"
6,segment_007,segment,DONE,C:\Users\sasch\visionexe\stories\template\filmsets\story_006\segment_007\segment.txt,"```json
{
  ""actors"": [
    {""name"":""አርሞን"",""visualTraits"":null,""changes"":null,""role"":null},
    {""name"":""ወዝንቱ"",""visualTraits"":null,""changes"":null,""role"":null},
    {""name"":""ስማቲሆሙ"",""visualTraits"":null,""changes"":null,""role"":null},
    {""name"":""ለመላእቲሆሙ"",""visualTraits"":null,""changes"":null,""role"":null},
    {""name"":""ሴሚያዛ"",""visualTraits"":null,""changes"":null,""role"":null},
    {""name"":""ዘንቱ"",""visualTraits"":null,""changes"":null,""role"":null},
    {""name"":""ውእቱ"",""visualTraits"":null,""changes"":null,""role"":null},
    {""name"":""መልሙ"",""visualTraits"":null,""changes"":null,""role"":null},
    {""name"":""ኡራራሜኤል"",""visualTraits"":null,""changes"":null,""role"":null},
    {""name"":""ኤል"",""visualTraits"":null,""changes"":null,""role"":null},
    {""name"":""ጣሜኤል"",""visualTraits"":null,""changes"":null,""role"":null},
    {""name"":""ራሙኤል"",""visualTraits"":null,""changes"":null,""role"":null},
    {""name"":""ዳንኤል"",""visualTraits"":null,""changes"":null,""role"":null},
    {""name"":""ኤዜቄኤል"",""visualTraits"":null,""changes"":null,""role"":null},
    {""name"":""ራቁያ"",""visualTraits"":null,""changes"":null,""role"":null},
    {""name"":""ሳኤል"",""visualTraits"":null,""changes"":null,""role"":null},
    {""name"":""ርሜሮስ"",""visualTraits"":null,""changes"":null,""role"":null},
    {""name"":""ጠር"",""visualTraits"":null,""changes"":null,""role"":null},
    {""name"":""ናንኤል"",""visualTraits"":null,""changes"":null,""role"":null},
    {""name"":""ዘቄሌ"",""visualTraits"":null,""changes"":null,""role"":null},
    {""name"":""ስምሳ"",""visualTraits"":null,""changes"":null,""role"":null},
    {""name"":""ፒቤኤል"",""visualTraits"":null,""changes"":null,""role"":null},
    {""name"":""ሰትርኤል"",""visualTraits"":null,""changes"":null,""role"":null},
    {""name"":""ጡርኤል"",""visualTraits"":null,""changes"":null,""role"":null},
    {""name"":""ዮምያል"",""visualTraits"":null,""changes"":null,""role"":null},
    {""name"":""ራዝያል"",""visualTraits"":null,""changes"":null,""role"":null}
  ],
  ""props"": [],
  ""environments"": [],
  ""scenes"": [],
  ""blocking"": {
    ""anchors"": [],
    ""paths"": []
  }
}
```"
6,segment_008,segment,DONE,C:\Users\sasch\visionexe\stories\template\filmsets\story_006\segment_008\segment.txt,"```json
{
  ""actors"": [],
  ""props"": [],
  ""environments"": [],
  ""scenes"": [],
  ""blocking"": {
    ""anchors"": [],
    ""paths"": []
  }
}
```"
7,segment_001,segment,DONE,C:\Users\sasch\visionexe\stories\template\filmsets\story_007\segment_001\segment.txt,"```json
{
  ""actors"": [],
  ""props"": [],
  ""environments"": [],
  ""scenes"": [],
  ""blocking"": {
    ""anchors"": [],
    ""paths"": []
  }
}
```"
7,segment_002,segment,DONE,C:\Users\sasch\visionexe\stories\template\filmsets\story_007\segment_002\segment.txt,"```json
{
  ""actors"": [],
  ""props"": [],
  ""environments"": [],
  ""scenes"": [],
  ""blocking"": {
    ""anchors"": [],
    ""paths"": []
  }
}
```"
7,segment_003,segment,DONE,C:\Users\sasch\visionexe\stories\template\filmsets\story_007\segment_003\segment.txt,"```json
{
  ""actors"": [],
  ""props"": [],
  ""environments"": [],
  ""scenes"": [],
  ""blocking"": {
    ""anchors"": [],
    ""paths"": []
  }
}
```"
7,segment_004,segment,DONE,C:\Users\sasch\visionexe\stories\template\filmsets\story_007\segment_004\segment.txt,"```json
{
  ""actors"": [
    {
      ""name"": ""Speaker"",
      ""visualTraits"": null,
      ""changes"": null,
      ""role"": ""speaker""
    }
  ],
  ""props"": [],
  ""environments"": [],
  ""scenes"": [
    {
      ""title"": ""Chapter 7 Segment 4"",
      ""location"": null,
      ""action"": ""ወተመይጡ፡ረዓይት፡ላዕሌሆሙ፡ ይብልዕዎሙ፡ለሰብእ፨"",
      ""actorsInvolved"": [""Speaker""]
    }
  ],
  ""blocking"": {
    ""anchors"": [],
    ""paths"": []
  }
}
```"
7,segment_005,segment,DONE,C:\Users\sasch\visionexe\stories\template\filmsets\story_007\segment_005\segment.txt,"```json
{
  ""actors"": [],
  ""props"": [],
  ""environments"": [],
  ""scenes"": [],
  ""blocking"": {
    ""anchors"": [],
    ""paths"": []
  }
}
```"
7,segment_006,segment,DONE,C:\Users\sasch\visionexe\stories\template\filmsets\story_007\segment_006\segment.txt,"```json
{
  ""actors"": [],
  ""props"": [],
  ""environments"": [],
  ""scenes"": [],
  ""blocking"": {
    ""anchors"": [],
    ""paths"": []
  }
}
```"
8,segment_001,segment,DONE,C:\Users\sasch\visionexe\stories\template\filmsets\story_008\segment_001\segment.txt,"```json
{
  ""actors"": [],
  ""props"": [],
  ""environments"": [],
  ""scenes"": [],
  ""blocking"": {
    ""anchors"": [],
    ""paths"": []
  }
}
```"
8,segment_002,segment,DONE,C:\Users\sasch\visionexe\stories\template\filmsets\story_008\segment_002\segment.txt,"```json
{
  ""actors"": [
    {
      ""name"": ""ወነ፡ርስዓን፡ዐቢይ"",
      ""visualTraits"": null,
      ""changes"": null,
      ""role"": null
    },
    {
      ""name"": ""ወብዙኅ"",
      ""visualTraits"": null,
      ""changes"": null,
      ""role"": null
    },
    {
      ""name"": ""ወዘምዎ"",
      ""visualTraits"": null,
      ""changes"": null,
      ""role"": null
    },
    {
      ""name"": ""ወስሕቱ"",
      ""visualTraits"": null,
      ""changes"": null,
      ""role"": null
    },
    {
      ""name"": ""ወማሰነ"",
      ""visualTraits"": null,
      ""changes"": null,
      ""role"": null
    }
  ],
  ""props"": [],
  ""environments"": [],
  ""scenes"": [],
  ""blocking"": {
    ""anchors"": [],
    ""paths"": []
  }
}
```"
8,segment_003,segment,DONE,C:\Users\sasch\visionexe\stories\template\filmsets\story_008\segment_003\segment.txt,"```json
{
  ""actors"": [
    {""name"": ""ሚዛራስ"", ""visualTraits"": null, ""changes"": [], ""role"": null},
    {""name"": ""መሀረ"", ""visualTraits"": null, ""changes"": [], ""role"": null},
    {""name"": ""ሎ"", ""visualTraits"": null, ""changes"": [], ""role"": null},
    {""name"": ""መሰብዕያነ"", ""visualTraits"": null, ""changes"": [], ""role"": null},
    {""name"": ""ወመታርያነ"", ""visualTraits"": null, ""changes"": [], ""role"": null},
    {""name"": ""ሥራው"", ""visualTraits"": null, ""changes"": [], ""role"": null},
    {""name"": ""ወርማሮስ"", ""visualTraits"": null, ""changes"": [], ""role"": null},
    {""name"": ""ፈትሐ"", ""visualTraits"": null, ""changes"": [], ""role"": null},
    {""name"": ""ስብዐታተ"", ""visualTraits"": null, ""changes"": [], ""role"": null},
    {""name"": ""ወራቅዓል"", ""visualTraits"": null, ""changes"": [], ""role"": null},
    {""name"": ""ራይያነ"", ""visualTraits"": null, ""changes"": [], ""role"": null},
    {""name"": ""ዋብት"", ""visualTraits"": null, ""changes"": [], ""role"": null},
    {""name"": ""ወብኤል"", ""visualTraits"": null, ""changes"": [], ""role"": null},
    {""name"": ""ትእምርታተ"", ""visualTraits"": null, ""changes"": [], ""role"": null},
    {""name"": ""ወጥምኤል"", ""visualTraits"": null, ""changes"": [], ""role"": null},
    {""name"": ""ራእየ"", ""visualTraits"": null, ""changes"": [], ""role"": null},
    {""name"": ""ብ"", ""visualTraits"": null, ""changes"": [], ""role"": null},
    {""name"": ""ወስድርኤል"", ""visualTraits"": null, ""changes"": [], ""role"": null},
    {""name"": ""ሩጸተ"", ""visualTraits"": null, ""changes"": [], ""role"": null},
    {""name"": ""ወርኅ"", ""visualTraits"": null, ""changes"": [], ""role"": null}
  ],
  ""props"": [],
  ""environments"": [],
  ""scenes"": [],
  ""blocking"": {
    ""anchors"": [],
    ""paths"": []
  }
}
```"
8,segment_004,segment,DONE,C:\Users\sasch\visionexe\stories\template\filmsets\story_008\segment_004\segment.txt,"```json
{
  ""actors"": [
    {
      ""name"": ""ወሕጕለተ"",
      ""visualTraits"": null,
      ""changes"": null,
      ""role"": null
    },
    {
      ""name"": ""ሰብእ"",
      ""visualTraits"": null,
      ""changes"": null,
      ""role"": null
    },
    {
      ""name"": ""ጸርሑ"",
      ""visualTraits"": null,
      ""changes"": null,
      ""role"": null
    },
    {
      ""name"": ""ወጽሐ"",
      ""visualTraits"": null,
      ""changes"": null,
      ""role"": null
    },
    {
      ""name"": ""ቃሎሙ"",
      ""visualTraits"": null,
      ""changes"": null,
      ""role"": null
    },
    {
      ""name"": ""ሰማየ"",
      ""visualTraits"": null,
      ""changes"": null,
      ""role"": null
    }
  ],
  ""props"": [],
  ""environments"": [],
  ""scenes"": [
    {
      ""title"": ""Chapter 8 Segment 4"",
      ""location"": null,
      ""action"": null,
      ""actorsInvolved"": [
        ""ወሕጕለተ"",
        ""ሰብእ"",
        ""ጸርሑ"",
        ""ወጽሐ"",
        ""ቃሎሙ"",
        ""ሰማየ""
      ]
    }
  ],
  ""blocking"": {
    ""anchors"": [],
    ""paths"": []
  }
}
```"
9,segment_001,segment,DONE,C:\Users\sasch\visionexe\stories\template\filmsets\story_009\segment_001\segment.txt,"```json
{
  ""actors"": [
    {""name"": ""ወሜሃ"", ""visualTraits"": null, ""changes"": null, ""role"": null},
    {""name"": ""ኅወጹ"", ""visualTraits"": null, ""changes"": null, ""role"": null},
    {""name"": ""ሚኤል"", ""visualTraits"": null, ""changes"": null, ""role"": null},
    {""name"": ""ወኡርኤል"", ""visualTraits"": null, ""changes"": null, ""role"": null},
    {""name"": ""ወገብሩል"", ""visualTraits"": null, ""changes"": null, ""role"": null},
    {""name"": ""እምሰማይ"", ""visualTraits"": null, ""changes"": null, ""role"": null},
    {""name"": ""ወርእዩ"", ""visualTraits"": null, ""changes"": null, ""role"": null},
    {""name"": ""ብዙኅ"", ""visualTraits"": null, ""changes"": null, ""role"": null},
    {""name"": ""ደመ"", ""visualTraits"": null, ""changes"": null, ""role"": null},
    {""name"": ""ዘይትዐው"", ""visualTraits"": null, ""changes"": null, ""role"": null},
    {""name"": ""ዲ"", ""visualTraits"": null, ""changes"": null, ""role"": null},
    {""name"": ""ምድር"", ""visualTraits"": null, ""changes"": null, ""role"": null},
    {""name"": ""ታሕተ"", ""visualTraits"": null, ""changes"": null, ""role"": null},
    {""name"": ""ወሎ"", ""visualTraits"": null, ""changes"": null, ""role"": null},
    {""name"": ""ዘይትገር"", ""visualTraits"": null, ""changes"": null, ""role"": null},
    {""name"": ""ዐመፃ"", ""visualTraits"": null, ""changes"": null, ""role"": null}
  ],
  ""props"": [],
  ""environments"": [],
  ""scenes"": [],
  ""blocking"": {
    ""anchors"": [],
    ""paths"": []
  }
}
```"
9,segment_002,segment,DONE,C:\Users\sasch\visionexe\stories\template\filmsets\story_009\segment_002\segment.txt,"```json
{
  ""actors"": [],
  ""props"": [],
  ""environments"": [],
  ""scenes"": [],
  ""blocking"": {
    ""anchors"": [],
    ""paths"": []
  }
}
```"
9,segment_003,segment,DONE,C:\Users\sasch\visionexe\stories\template\filmsets\story_009\segment_003\segment.txt,"```json
{
  ""actors"": [],
  ""props"": [],
  ""environments"": [],
  ""scenes"": [],
  ""blocking"": {
    ""anchors"": [],
    ""paths"": []
  }
}
```"
9,segment_004,segment,DONE,C:\Users\sasch\visionexe\stories\template\filmsets\story_009\segment_004\segment.txt,"{
  ""actors"": [],
  ""props"": [],
  ""environments"": [],
  ""scenes"": [],
  ""blocking"": {
    ""anchors"": [],
    ""paths"": []
  }
}"
9,segment_005,segment,DONE,C:\Users\sasch\visionexe\stories\template\filmsets\story_009\segment_005\segment.txt,"```json
{
  ""actors"": [],
  ""props"": [],
  ""environments"": [],
  ""scenes"": [],
  ""blocking"": {
    ""anchors"": [],
    ""paths"": []
  }
}
```"
9,segment_006,segment,DONE,C:\Users\sasch\visionexe\stories\template\filmsets\story_009\segment_006\segment.txt,"```json
{
  ""actors"": [
    {
      ""name"": ""Rii"",
      ""visualTraits"": null,
      ""changes"": null,
      ""role"": ""character""
    },
    {
      ""name"": ""Zaziel"",
      ""visualTraits"": null,
      ""changes"": null,
      ""role"": ""character""
    },
    {
      ""name"": ""Ametsa"",
      ""visualTraits"": null,
      ""changes"": null,
      ""role"": ""character""
    },
    {
      ""name"": ""Ile"",
      ""visualTraits"": null,
      ""changes"": null,
      ""role"": ""character""
    }
  ],
  ""props"": [],
  ""environments"": [
    {
      ""name"": ""Mider"",
      ""visualTraits"": null,
      ""changes"": null,
      ""role"": ""setting""
    },
    {
      ""name"": ""Hibu'ate alem"",
      ""visualTraits"": null,
      ""changes"": null,
      ""role"": ""setting""
    },
    {
      ""name"": ""Semayat"",
      ""visualTraits"": null,
      ""changes"": null,
      ""role"": ""setting""
    }
  ],
  ""scenes"": [
    {
      ""title"": ""Chapter 9 Segment 6"",
      ""location"": null,
      ""action"": ""Rii Zegebre Zaziel Zeme; Ametsa lo ametsa di; Mider woghada hibu'ate alem; Ile yitgera semayat."",
      ""actorsInvolved"": [""Rii"", ""Zaziel"", ""Ametsa"", ""Ile""]
    }
  ],
  ""blocking"": {
    ""anchors"": [
      {
        ""id"": ""anchor1"",
        ""description"": ""Mider (earth)""
      },
      {
        ""id"": ""anchor2"",
        ""description"": ""Hibu'ate alem (world)""
      },
      {
        ""id"": ""anchor3"",
        ""description"": ""Semayat (heaven)""
      }
    ],
    ""paths"": [
      {
        ""actor"": ""Ile"",
        ""start_anchor"": ""anchor1"",
        ""end_anchor"": ""anchor3"",
        ""motion"": ""unknown"",
        ""duration_sec"": null,
        ""notes"": ""Ile moves from earth to heaven as implied by \""Ile yitgera semayat\"".""
      }
    ]
  }
}
```"
9,segment_007,segment,DONE,C:\Users\sasch\visionexe\stories\template\filmsets\story_009\segment_007\segment.txt,"```json
{
  ""actors"": [],
  ""props"": [],
  ""environments"": [],
  ""scenes"": [],
  ""blocking"": {
    ""anchors"": [],
    ""paths"": []
  }
}
```"
9,segment_008,segment,DONE,C:\Users\sasch\visionexe\stories\template\filmsets\story_009\segment_008\segment.txt,"```json
{
  ""actors"": [],
  ""props"": [],
  ""environments"": [],
  ""scenes"": [
    {
      ""title"": ""Chapter 9 Segment 8"",
      ""location"": null,
      ""action"": null,
      ""actorsInvolved"": []
    }
  ],
  ""blocking"": {
    ""anchors"": [],
    ""paths"": []
  }
}
```"
9,segment_009,segment,DONE,C:\Users\sasch\visionexe\stories\template\filmsets\story_009\segment_009\segment.txt,"```json
{
  ""actors"": [],
  ""props"": [],
  ""environments"": [],
  ""scenes"": [],
  ""blocking"": {
    ""anchors"": [],
    ""paths"": []
  }
}
```"
9,segment_010,segment,DONE,C:\Users\sasch\visionexe\stories\template\filmsets\story_009\segment_010\segment.txt,"```json
{
  ""actors"": [
    {
      ""name"": ""We"",
      ""visualTraits"": null,
      ""changes"": null,
      ""role"": ""speaker""
    }
  ],
  ""props"": [
    {
      ""name"": ""breaths"",
      ""visualTraits"": null,
      ""changes"": null,
      ""role"": ""concept""
    },
    {
      ""name"": ""gate"",
      ""visualTraits"": null,
      ""changes"": null,
      ""role"": ""location""
    },
    {
      ""name"": ""mountain path"",
      ""visualTraits"": null,
      ""changes"": null,
      ""role"": ""location""
    }
  ],
  ""environments"": [
    {
      ""name"": ""sky"",
      ""visualTraits"": null,
      ""changes"": null,
      ""role"": ""setting""
    },
    {
      ""name"": ""earth"",
      ""visualTraits"": null,
      ""changes"": null,
      ""role"": ""setting""
    }
  ],
  ""scenes"": [
    {
      ""title"": ""Lament of breaths"",
      ""location"": ""earth"",
      ""action"": ""We lament the breaths of death"",
      ""actorsInvolved"": [""We""]
    },
    {
      ""title"": ""Approach to death"",
      ""location"": ""death"",
      ""action"": ""We approach death"",
      ""actorsInvolved"": [""We""]
    },
    {
      ""title"": ""Ascension to sky"",
      ""location"": ""sky"",
      ""action"": ""We ascend to the sky"",
      ""actorsInvolved"": [""We""]
    },
    {
      ""title"": ""Crossing the gate"",
      ""location"": ""gate"",
      ""action"": ""We cross the gate"",
      ""actorsInvolved"": [""We""]
    },
    {
      ""title"": ""Journey along the mountain path"",
      ""location"": ""mountain path"",
      ""action"": ""We travel the mountain path"",
      ""actorsInvolved"": [""We""]
    },
    {
      ""title"": ""Return to earth"",
      ""location"": ""earth"",
      ""action"": ""We return to the earth"",
      ""actorsInvolved"": [""We""]
    }
  ],
  ""blocking"": {
    ""anchors"": [
      {
        ""id"": ""anchor_earth"",
        ""description"": ""earth""
      },
      {
        ""id"": ""anchor_sky"",
        ""description"": ""sky""
      },
      {
        ""id"": ""anchor_gate"",
        ""description"": ""gate""
      },
      {
        ""id"": ""anchor_mountain"",
        ""description"": ""mountain path""
      }
    ],
    ""paths"": [
      {
        ""actor"": ""We"",
        ""start_anchor"": ""anchor_earth"",
        ""end_anchor"": ""anchor_sky"",
        ""motion"": ""unknown"",
        ""duration_sec"": null,
        ""notes"": ""implied ascent""
      },
      {
        ""actor"": ""We"",
        ""start_anchor"": ""anchor_sky"",
        ""end_anchor"": ""anchor_gate"",
        ""motion"": ""unknown"",
        ""duration_sec"": null,
        ""notes"": ""implied crossing""
      },
      {
        ""actor"": ""We"",
        ""start_anchor"": ""anchor_gate"",
        ""end_anchor"": ""anchor_mountain"",
        ""motion"": ""unknown"",
        ""duration_sec"": null,
        ""notes"": ""implied travel""
      },
      {
        ""actor"": ""We"",
        ""start_anchor"": ""anchor_mountain"",
        ""end_anchor"": ""anchor_earth"",
        ""motion"": ""unknown"",
        ""duration_sec"": null,
        ""notes"": ""implied return""
      }
    ]
  }
}
```"
9,segment_011,segment,DONE,C:\Users\sasch\visionexe\stories\template\filmsets\story_009\segment_011\segment.txt,"{
  ""actors"": [],
  ""props"": [],
  ""environments"": [],
  ""scenes"": [],
  ""blocking"": {
    ""anchors"": [],
    ""paths"": []
  }
}"
10,segment_001,segment,DONE,C:\Users\sasch\visionexe\stories\template\filmsets\story_010\segment_001\segment.txt,"```json
{
  ""actors"": [
    {
      ""name"": ""ወሜሃ"",
      ""visualTraits"": null,
      ""changes"": null,
      ""role"": null
    },
    {
      ""name"": ""ልዑል"",
      ""visualTraits"": null,
      ""changes"": null,
      ""role"": null
    },
    {
      ""name"": ""ዓቢይ"",
      ""visualTraits"": null,
      ""changes"": null,
      ""role"": null
    },
    {
      ""name"": ""ወቅዱስ"",
      ""visualTraits"": null,
      ""changes"": null,
      ""role"": null
    },
    {
      ""name"": ""ተናገረ"",
      ""visualTraits"": null,
      ""changes"": null,
      ""role"": null
    },
    {
      ""name"": ""ወፈነዎ"",
      ""visualTraits"": null,
      ""changes"": null,
      ""role"": null
    },
    {
      ""name"": ""ለርስየላልዩር"",
      ""visualTraits"": null,
      ""changes"": null,
      ""role"": null
    },
    {
      ""name"": ""ኀ"",
      ""visualTraits"": null,
      ""changes"": null,
      ""role"": null
    },
    {
      ""name"": ""ወልደ"",
      ""visualTraits"": null,
      ""changes"": null,
      ""role"": null
    },
    {
      ""name"": ""ላሜ"",
      ""visualTraits"": null,
      ""changes"": null,
      ""role"": null
    },
    {
      ""name"": ""ወይቤሎ"",
      ""visualTraits"": null,
      ""changes"": null,
      ""role"": null
    }
  ],
  ""props"": [],
  ""environments"": [],
  ""scenes"": [
    {
      ""title"": ""Chapter 10 Segment 1"",
      ""location"": null,
      ""action"": null,
      ""actorsInvolved"": [
        ""ወሜሃ"",
        ""ልዑል"",
        ""ዓቢይ"",
        ""ወቅዱስ"",
        ""ተናገረ"",
        ""ወፈነዎ"",
        ""ለርስየላልዩር"",
        ""ኀ"",
        ""ወልደ"",
        ""ላሜ"",
        ""ወይቤሎ""
      ]
    }
  ],
  ""blocking"": {
    ""anchors"": [],
    ""paths"": []
  }
}
```"
10,segment_002,segment,DONE,C:\Users\sasch\visionexe\stories\template\filmsets\story_010\segment_002\segment.txt,"```json
{
  ""actors"": [],
  ""props"": [
    {
      ""name"": ""ሀሎ"",
      ""visualTraits"": null,
      ""changes"": null,
      ""role"": ""prop""
    }
  ],
  ""environments"": [
    {
      ""name"": ""ምድር"",
      ""visualTraits"": null,
      ""changes"": null,
      ""role"": ""ground""
    },
    {
      ""name"": ""ወማ"",
      ""visualTraits"": null,
      ""changes"": null,
      ""role"": ""sky""
    },
    {
      ""name"": ""ውስተታ"",
      ""visualTraits"": null,
      ""changes"": null,
      ""role"": ""inside""
    }
  ],
  ""scenes"": [],
  ""blocking"": {
    ""anchors"": [],
    ""paths"": []
  }
}
```"
10,segment_003,segment,DONE,C:\Users\sasch\visionexe\stories\template\filmsets\story_010\segment_003\segment.txt,"{
  ""actors"": [],
  ""props"": [],
  ""environments"": [],
  ""scenes"": [],
  ""blocking"": {
    ""anchors"": [],
    ""paths"": []
  }
}"
10,segment_004,segment,DONE,C:\Users\sasch\visionexe\stories\template\filmsets\story_010\segment_004\segment.txt,"```json
{
  ""actors"": [
    {""name"":""ወይቤ፡ዕ፡"",""visualTraits"":null,""changes"":null,""role"":""unknown""},
    {""name"":""እግዚእ"",""visualTraits"":null,""changes"":null,""role"":""unknown""},
    {""name"":""ለሩፋኤል፡"",""visualTraits"":null,""changes"":null,""role"":""unknown""},
    {""name"":""እስሮ፡"",""visualTraits"":null,""changes"":null,""role"":""unknown""},
    {""name"":""ለዛዜኤል፡"",""visualTraits"":null,""changes"":null,""role"":""unknown""},
    {""name"":""እዴሁ፡"",""visualTraits"":null,""changes"":null,""role"":""unknown""},
    {""name"":""ወእግሩ፡"",""visualTraits"":null,""changes"":null,""role"":""unknown""},
    {""name"":""ወደዮ፡"",""visualTraits"":null,""changes"":null,""role"":""unknown""},
    {""name"":""ውስተ፡"",""visualTraits"":null,""changes"":null,""role"":""unknown""},
    {""name"":""ጽልመት፨"",""visualTraits"":null,""changes"":null,""role"":""unknown""},
    {""name"":""ወብቅዋ፡"",""visualTraits"":null,""changes"":null,""role"":""unknown""},
    {""name"":""ለገዳም፡"",""visualTraits"":null,""changes"":null,""role"":""unknown""},
    {""name"":""እንተ፡"",""visualTraits"":null,""changes"":null,""role"":""unknown""},
    {""name"":""ሀለወት፡"",""visualTraits"":null,""changes"":null,""role"":""unknown""},
    {""name"":""ዱድኤል፡"",""visualTraits"":null,""changes"":null,""role"":""unknown""},
    {""name"":""ህየ፨"",""visualTraits"":null,""changes"":null,""role"":""unknown""}
  ],
  ""props"": [],
  ""environments"": [],
  ""scenes"": [
    {
      ""title"":""Chapter 10 Segment 4"",
      ""location"":""unknown"",
      ""action"":""chant"",
      ""actorsInvolved"":[
        ""ወይቤ፡ዕ፡"",""እግዚእ"",""ለሩፋኤል፡"",""እስሮ፡"",""ለዛዜኤል፡"",""እዴሁ፡"",""ወእግሩ፡"",""ወደዮ፡"",""ውስተ፡"",""ጽልመት፨"",""ወብቅዋ፡"",""ለገዳም፡"",""እንተ፡"",""ሀለወት፡"",""ዱድኤል፡"",""ህየ፨""
      ]
    }
  ],
  ""blocking"": {
    ""anchors"": [],
    ""paths"": []
  }
}
```"
10,segment_005,segment,DONE,C:\Users\sasch\visionexe\stories\template\filmsets\story_010\segment_005\segment.txt,"{""actors"":[],""props"":[],""environments"":[],""scenes"":[],""blocking"":{""anchors"":[],""paths"":[]}}"
10,segment_006,segment,DONE,C:\Users\sasch\visionexe\stories\template\filmsets\story_010\segment_006\segment.txt,"{""actors"":[],""props"":[],""environments"":[],""scenes"":[],""blocking"":{""anchors"":[],""paths"":[]}}"
10,segment_007,segment,DONE,C:\Users\sasch\visionexe\stories\template\filmsets\story_010\segment_007\segment.txt,"```json
{
  ""actors"": [],
  ""props"": [],
  ""environments"": [],
  ""scenes"": [],
  ""blocking"": {
    ""anchors"": [],
    ""paths"": []
  }
}
```"
10,segment_008,segment,DONE,C:\Users\sasch\visionexe\stories\template\filmsets\story_010\segment_008\segment.txt,"```json
{
  ""actors"": [
    {
      ""name"": ""ወማሰነት"",
      ""visualTraits"": null,
      ""changes"": null,
      ""role"": null
    },
    {
      ""name"": ""ለዛዝኤል"",
      ""visualTraits"": null,
      ""changes"": null,
      ""role"": null
    }
  ],
  ""props"": [
    {
      ""name"": ""ጸሐፍ"",
      ""visualTraits"": null,
      ""changes"": null,
      ""role"": null
    }
  ],
  ""environments"": [
    {
      ""name"": ""ላ፡ምድር"",
      ""visualTraits"": null,
      ""changes"": null,
      ""role"": null
    }
  ],
  ""scenes"": [
    {
      ""title"": ""Verse 1"",
      ""location"": ""ላ፡ምድር"",
      ""action"": ""ወማሰነት፡ላ፡ምድር፡"",
      ""actorsInvolved"": [""ወማሰነት""]
    },
    {
      ""title"": ""Verse 2"",
      ""location"": ""ላ፡ምድር"",
      ""action"": ""ትምህርተ፡ግብሩ፡ለዛዝኤል፡"",
      ""actorsInvolved"": [""ለዛዝኤል""]
    },
    {
      ""title"": ""Verse 3"",
      ""location"": ""ላ፡ምድር"",
      ""action"": ""ወላዕሌሁ፡ጸሐፍ፡ሎ፡ኀጢተ"",
      ""actorsInvolved"": [""ወላዕሌሁ"", ""ጸሐፍ""]
    }
  ],
  ""blocking"": {
    ""anchors"": [],
    ""paths"": []
  }
}
```"
10,segment_009,segment,DONE,C:\Users\sasch\visionexe\stories\template\filmsets\story_010\segment_009\segment.txt,"{""actors"":[],""props"":[],""environments"":[],""scenes"":[],""blocking"":{""anchors"":[],""paths"":[]}}"
10,segment_010,segment,DONE,C:\Users\sasch\visionexe\stories\template\filmsets\story_010\segment_010\segment.txt,"```json
{
  ""actors"": [],
  ""props"": [],
  ""environments"": [],
  ""scenes"": [],
  ""blocking"": {
    ""anchors"": [],
    ""paths"": []
  }
}
```"
10,segment_011,segment,DONE,C:\Users\sasch\visionexe\stories\template\filmsets\story_010\segment_011\segment.txt,"```json
{
  ""actors"": [
    {""name"":""ወለሚኤል"",""visualTraits"":null,""changes"":null,""role"":null},
    {""name"":""ይቤሎ"",""visualTraits"":null,""changes"":null,""role"":null},
    {""name"":""እግዚ"",""visualTraits"":null,""changes"":null,""role"":null},
    {""name"":""ሖር"",""visualTraits"":null,""changes"":null,""role"":null},
    {""name"":""ይድዕ"",""visualTraits"":null,""changes"":null,""role"":null},
    {""name"":""ለስምያዛ"",""visualTraits"":null,""changes"":null,""role"":null},
    {""name"":""ወለልን"",""visualTraits"":null,""changes"":null,""role"":null},
    {""name"":""እለ"",""visualTraits"":null,""changes"":null,""role"":null},
    {""name"":""ምስሌሆሙ"",""visualTraits"":null,""changes"":null,""role"":null},
    {""name"":""ኀብሩ"",""visualTraits"":null,""changes"":null,""role"":null},
    {""name"":""ምስለ"",""visualTraits"":null,""changes"":null,""role"":null},
    {""name"":""ንስት"",""visualTraits"":null,""changes"":null,""role"":null},
    {""name"":""መ"",""visualTraits"":null,""changes"":null,""role"":null},
    {""name"":""ይማስኑ"",""visualTraits"":null,""changes"":null,""role"":null},
    {""name"":""ምስሌሆን"",""visualTraits"":null,""changes"":null,""role"":null},
    {""name"":""ሉ"",""visualTraits"":null,""changes"":null,""role"":null},
    {""name"":""ርሰ"",""visualTraits"":null,""changes"":null,""role"":null},
    {""name"":""ዚሆን"",""visualTraits"":null,""changes"":null,""role"":null}
  ],
  ""props"": [],
  ""environments"": [],
  ""scenes"": [
    {
      ""title"":""Chant"",
      ""location"":null,
      ""action"":""ወለሚኤል፡ይቤሎ፡እግዚ፡\nሖር፡ይድዕ፡ለስምያዛ፡\nወለልን፡እለ፡ምስሌሆሙ፡\nእለ፡ኀብሩ፡ምስለ፡ንስት፡መ፡\nይማስኑ፡ምስሌሆን፡ሉ፡\nርሰ፡ዚሆን፨"",
      ""actorsInvolved"":[
        ""ወለሚኤል"",""ይቤሎ"",""እግዚ"",
        ""ሖር"",""ይድዕ"",""ለስምያዛ"",
        ""ወለልን"",""እለ"",""ምስሌሆሙ"",
        ""ኀብሩ"",""ምስለ"",""ንስት"",""መ"",
        ""ይማስኑ"",""ምስሌሆን"",""ሉ"",
        ""ርሰ"",""ዚሆን""
      ]
    }
  ],
  ""blocking"": {
    ""anchors"": [],
    ""paths"": []
  }
}
```"
10,segment_012,segment,DONE,C:\Users\sasch\visionexe\stories\template\filmsets\story_010\segment_012\segment.txt,"```json
{
  ""actors"": [
    {
      ""name"": ""ወሶ"",
      ""visualTraits"": null,
      ""changes"": null,
      ""role"": ""character""
    },
    {
      ""name"": ""ውሉዶሙ"",
      ""visualTraits"": null,
      ""changes"": null,
      ""role"": ""character""
    },
    {
      ""name"": ""ሐጕሎሙ"",
      ""visualTraits"": null,
      ""changes"": null,
      ""role"": ""character""
    },
    {
      ""name"": ""እስሮሙ"",
      ""visualTraits"": null,
      ""changes"": null,
      ""role"": ""character""
    },
    {
      ""name"": ""ነሆሙ"",
      ""visualTraits"": null,
      ""changes"": null,
      ""role"": ""character""
    }
  ],
  ""props"": [],
  ""environments"": [
    {
      ""name"": ""ምድር"",
      ""visualTraits"": null,
      ""changes"": null,
      ""role"": ""setting""
    },
    {
      ""name"": ""ዓለም"",
      ""visualTraits"": null,
      ""changes"": null,
      ""role"": ""setting""
    }
  ],
  ""scenes"": [
    {
      ""title"": ""Chapter 10 Segment 12"",
      ""location"": null,
      ""action"": null,
      ""actorsInvolved"": [
        ""ወሶ"",
        ""ውሉዶሙ"",
        ""ሐጕሎሙ"",
        ""እስሮሙ"",
        ""ነሆሙ""
      ]
    }
  ],
  ""blocking"": {
    ""anchors"": [],
    ""paths"": []
  }
}
```"
10,segment_013,segment,DONE,C:\Users\sasch\visionexe\stories\template\filmsets\story_010\segment_013\segment.txt,"```json
{
  ""actors"": [
    {
      ""name"": ""ፃዕር"",
      ""visualTraits"": null,
      ""changes"": null,
      ""role"": ""actor""
    }
  ],
  ""props"": [
    {
      ""name"": ""እሳት"",
      ""visualTraits"": null,
      ""changes"": null,
      ""role"": ""prop""
    }
  ],
  ""environments"": [
    {
      ""name"": ""ወውእቱ"",
      ""visualTraits"": null,
      ""changes"": null,
      ""role"": ""environment""
    },
    {
      ""name"": ""መዋዕል"",
      ""visualTraits"": null,
      ""changes"": null,
      ""role"": ""environment""
    },
    {
      ""name"": ""መትሕተ"",
      ""visualTraits"": null,
      ""changes"": null,
      ""role"": ""environment""
    },
    {
      ""name"": ""ወቤተ ሞቅሕ"",
      ""visualTraits"": null,
      ""changes"": null,
      ""role"": ""environment""
    },
    {
      ""name"": ""ለዓለመ"",
      ""visualTraits"": null,
      ""changes"": null,
      ""role"": ""environment""
    }
  ],
  ""scenes"": [
    {
      ""title"": ""Line 1"",
      ""location"": [""ወውእቱ"", ""መዋዕል""],
      ""action"": ""Wind and day are present"",
      ""actorsInvolved"": []
    },
    {
      ""title"": ""Line 2"",
      ""location"": [""መትሕተ""],
      ""action"": ""Something is brought inside the house"",
      ""actorsInvolved"": []
    },
    {
      ""title"": ""Line 3"",
      ""location"": [""ወቤተ ሞቅሕ""],
      ""action"": ""Fire and bird are present"",
      ""actorsInvolved"": [""ፃዕር""]
    },
    {
      ""title"": ""Line 4"",
      ""location"": [""ለዓለመ""],
      ""action"": ""Wind blows to the world"",
      ""actorsInvolved"": []
    }
  ],
  ""blocking"": {
    ""anchors"": [
      {
        ""id"": ""inside_house"",
        ""description"": ""inside the house (መትሕተ)""
      },
      {
        ""id"": ""outside_world"",
        ""description"": ""outside world (ለዓለመ)""
      }
    ],
    ""paths"": []
  }
}
```"
10,segment_014,segment,DONE,C:\Users\sasch\visionexe\stories\template\filmsets\story_010\segment_014\segment.txt,"{
  ""actors"": [],
  ""props"": [],
  ""environments"": [],
  ""scenes"": [],
  ""blocking"": {
    ""anchors"": [],
    ""paths"": []
  }
}"
10,segment_015,segment,DONE,C:\Users\sasch\visionexe\stories\template\filmsets\story_010\segment_015\segment.txt,"```json
{
  ""actors"": [],
  ""props"": [],
  ""environments"": [],
  ""scenes"": [],
  ""blocking"": {
    ""anchors"": [],
    ""paths"": []
  }
}
```"
10,segment_016,segment,DONE,C:\Users\sasch\visionexe\stories\template\filmsets\story_010\segment_016\segment.txt,"```json
{
  ""actors"": [],
  ""props"": [],
  ""environments"": [],
  ""scenes"": [],
  ""blocking"": {
    ""anchors"": [],
    ""paths"": []
  }
}
```
"
10,segment_017,segment,DONE,C:\Users\sasch\visionexe\stories\template\filmsets\story_010\segment_017\segment.txt,"```json
{
  ""actors"": [],
  ""props"": [],
  ""environments"": [],
  ""scenes"": [
    {
      ""title"": ""Chant/Invocation"",
      ""location"": ""unknown"",
      ""action"": ""chanting or prayer"",
      ""actorsInvolved"": []
    }
  ],
  ""blocking"": {
    ""anchors"": [],
    ""paths"": []
  }
}
```"
10,segment_018,segment,DONE,C:\Users\sasch\visionexe\stories\template\filmsets\story_010\segment_018\segment.txt,"```json
{
  ""actors"": [],
  ""props"": [],
  ""environments"": [
    {
      ""name"": ""earth"",
      ""visualTraits"": null,
      ""changes"": null,
      ""role"": ""setting""
    },
    {
      ""name"": ""sky"",
      ""visualTraits"": null,
      ""changes"": null,
      ""role"": ""setting""
    },
    {
      ""name"": ""stars"",
      ""visualTraits"": null,
      ""changes"": null,
      ""role"": ""setting""
    }
  ],
  ""scenes"": [
    {
      ""title"": ""Chapter 10 Segment 18"",
      ""location"": ""unknown"",
      ""action"": ""unknown"",
      ""actorsInvolved"": []
    }
  ],
  ""blocking"": {
    ""anchors"": [],
    ""paths"": []
  }
}
```"
10,segment_019,segment,DONE,C:\Users\sasch\visionexe\stories\template\filmsets\story_010\segment_019\segment.txt,"```json
{
  ""actors"": [
    {
      ""name"": ""ወሎ"",
      ""visualTraits"": null,
      ""changes"": null,
      ""role"": ""speaker""
    },
    {
      ""name"": ""ዲቤሃ"",
      ""visualTraits"": null,
      ""changes"": null,
      ""role"": ""deity""
    },
    {
      ""name"": ""እውያነ"",
      ""visualTraits"": null,
      ""changes"": null,
      ""role"": ""speaker""
    },
    {
      ""name"": ""ወሐቲ"",
      ""visualTraits"": null,
      ""changes"": null,
      ""role"": ""speaker""
    },
    {
      ""name"": ""ኤልያስ"",
      ""visualTraits"": null,
      ""changes"": null,
      ""role"": ""speaker""
    }
  ],
  ""props"": [
    {
      ""name"": ""ፍሬ"",
      ""visualTraits"": null,
      ""changes"": null,
      ""role"": ""ritual offering""
    },
    {
      ""name"": ""ለጽጋብ"",
      ""visualTraits"": null,
      ""changes"": null,
      ""role"": ""ritual vessel""
    },
    {
      ""name"": ""ሐቲ"",
      ""visualTraits"": null,
      ""changes"": null,
      ""role"": ""ritual item""
    },
    {
      ""name"": ""መስፈርት"",
      ""visualTraits"": null,
      ""changes"": null,
      ""role"": ""measurement tool""
    },
    {
      ""name"": ""ዘይተል"",
      ""visualTraits"": null,
      ""changes"": null,
      ""role"": ""ritual substance""
    },
    {
      ""name"": ""ዘይዘራእ"",
      ""visualTraits"": null,
      ""changes"": null,
      ""role"": ""ritual substance""
    },
    {
      ""name"": ""ዘይት"",
      ""visualTraits"": null,
      ""changes"": null,
      ""role"": ""ritual substance""
    }
  ],
  ""environments"": [],
  ""scenes"": [
    {
      ""title"": ""Ritual Chant"",
      ""location"": null,
      ""action"": ""chanting and offering"",
      ""actorsInvolved"": [""ወሎ"", ""ዲቤሃ"", ""እውያነ"", ""ወሐቲ"", ""ኤልያስ""]
    }
  ],
  ""blocking"": {
    ""anchors"": [],
    ""paths"": []
  }
}
```"
10,segment_020,segment,DONE,C:\Users\sasch\visionexe\stories\template\filmsets\story_010\segment_020\segment.txt,"```json
{
  ""actors"": [
    {
      ""name"": ""You"",
      ""visualTraits"": [],
      ""changes"": [],
      ""role"": ""unknown""
    }
  ],
  ""props"": [],
  ""environments"": [
    {
      ""name"": ""Earth"",
      ""visualTraits"": [],
      ""changes"": [],
      ""role"": ""unknown""
    }
  ],
  ""scenes"": [],
  ""blocking"": {
    ""anchors"": [],
    ""paths"": []
  }
}
```"
10,segment_021,segment,DONE,C:\Users\sasch\visionexe\stories\template\filmsets\story_010\segment_021\segment.txt,"```json
{
  ""actors"": [],
  ""props"": [],
  ""environments"": [],
  ""scenes"": [],
  ""blocking"": {
    ""anchors"": [],
    ""paths"": []
  }
}
```"
10,segment_022,segment,DONE,C:\Users\sasch\visionexe\stories\template\filmsets\story_010\segment_022\segment.txt,"```json
{
  ""actors"": [],
  ""props"": [
    {
      ""name"": ""Music"",
      ""visualTraits"": null,
      ""changes"": null,
      ""role"": ""sound element""
    }
  ],
  ""environments"": [
    {
      ""name"": ""Earth"",
      ""visualTraits"": null,
      ""changes"": null,
      ""role"": ""setting""
    },
    {
      ""name"": ""Sky"",
      ""visualTraits"": null,
      ""changes"": null,
      ""role"": ""setting""
    },
    {
      ""name"": ""Fire"",
      ""visualTraits"": null,
      ""changes"": null,
      ""role"": ""setting""
    }
  ],
  ""scenes"": [
    {
      ""title"": ""Chant of Earth, Sky, and Fire"",
      ""location"": ""unknown"",
      ""action"": ""chanting about earth, sky, music, fire, echo, generation, and the world"",
      ""actorsInvolved"": []
    }
  ],
  ""blocking"": {
    ""anchors"": [],
    ""paths"": []
  }
}
```"
11,segment_001,segment,DONE,C:\Users\sasch\visionexe\stories\template\filmsets\story_011\segment_001\segment.txt,"```json
{
  ""actors"": [
    {
      ""name"": ""ወእማንቱ"",
      ""visualTraits"": null,
      ""changes"": null,
      ""role"": ""unknown""
    },
    {
      ""name"": ""መዋዕል"",
      ""visualTraits"": null,
      ""changes"": null,
      ""role"": ""unknown""
    },
    {
      ""name"": ""እፈትሕ"",
      ""visualTraits"": null,
      ""changes"": null,
      ""role"": ""unknown""
    },
    {
      ""name"": ""መዛግብተ"",
      ""visualTraits"": null,
      ""changes"": null,
      ""role"": ""unknown""
    },
    {
      ""name"": ""ረት"",
      ""visualTraits"": null,
      ""changes"": null,
      ""role"": ""unknown""
    },
    {
      ""name"": ""እለ፡ሰማይ"",
      ""visualTraits"": null,
      ""changes"": null,
      ""role"": ""unknown""
    },
    {
      ""name"": ""መ፡ውርዶሙ"",
      ""visualTraits"": null,
      ""changes"": null,
      ""role"": ""unknown""
    },
    {
      ""name"": ""ዲ፡ምድር"",
      ""visualTraits"": null,
      ""changes"": null,
      ""role"": ""unknown""
    },
    {
      ""name"": ""ዲ፡ግብሮሙ"",
      ""visualTraits"": null,
      ""changes"": null,
      ""role"": ""unknown""
    },
    {
      ""name"": ""ወዲ፡ጸማሆሙ"",
      ""visualTraits"": null,
      ""changes"": null,
      ""role"": ""unknown""
    },
    {
      ""name"": ""ለውሉደ፡ሰብእ"",
      ""visualTraits"": null,
      ""changes"": null,
      ""role"": ""unknown""
    }
  ],
  ""props"": [],
  ""environments"": [],
  ""scenes"": [
    {
      ""title"": ""Chapter 11 Segment 1"",
      ""location"": null,
      ""action"": null,
      ""actorsInvolved"": [
        ""ወእማንቱ"",
        ""መዋዕል"",
        ""እፈትሕ"",
        ""መዛግብተ"",
        ""ረት"",
        ""እለ፡ሰማይ"",
        ""መ፡ውርዶሙ"",
        ""ዲ፡ምድር"",
        ""ዲ፡ግብሮሙ"",
        ""ወዲ፡ጸማሆሙ"",
        ""ለውሉደ፡ሰብእ""
      ]
    }
  ],
  ""blocking"": {
    ""anchors"": [],
    ""paths"": []
  }
}
```"
11,segment_002,segment,DONE,C:\Users\sasch\visionexe\stories\template\filmsets\story_011\segment_002\segment.txt,"{
  ""actors"": [],
  ""props"": [],
  ""environments"": [],
  ""scenes"": [],
  ""blocking"": {
    ""anchors"": [],
    ""paths"": []
  }
}"
12,segment_001,segment,DONE,C:\Users\sasch\visionexe\stories\template\filmsets\story_012\segment_001\segment.txt,"```json
{
  ""actors"": [],
  ""props"": [],
  ""environments"": [],
  ""scenes"": [],
  ""blocking"": {
    ""anchors"": [],
    ""paths"": []
  }
}
```"
12,segment_002,segment,DONE,C:\Users\sasch\visionexe\stories\template\filmsets\story_012\segment_002\segment.txt,"{
  ""actors"": [],
  ""props"": [],
  ""environments"": [],
  ""scenes"": [],
  ""blocking"": {
    ""anchors"": [],
    ""paths"": []
  }
}"
12,segment_003,segment,DONE,C:\Users\sasch\visionexe\stories\template\filmsets\story_012\segment_003\segment.txt,"```json
{
  ""actors"": [],
  ""props"": [],
  ""environments"": [],
  ""scenes"": [],
  ""blocking"": {
    ""anchors"": [],
    ""paths"": []
  }
}
```"
12,segment_004,segment,DONE,C:\Users\sasch\visionexe\stories\template\filmsets\story_012\segment_004\segment.txt,"```json
{
  ""actors"": [
    {""name"":""ሄኖ"",""visualTraits"":null,""changes"":[],""role"":""character""},
    {""name"":""ጸሓፌ"",""visualTraits"":null,""changes"":[],""role"":""character""},
    {""name"":""ጽድቅ"",""visualTraits"":null,""changes"":[],""role"":""character""},
    {""name"":""ሑር"",""visualTraits"":null,""changes"":[],""role"":""character""},
    {""name"":""ይድዕ"",""visualTraits"":null,""changes"":[],""role"":""character""},
    {""name"":""ለትጉሃነ"",""visualTraits"":null,""changes"":[],""role"":""character""},
    {""name"":""ሰማይ"",""visualTraits"":null,""changes"":[],""role"":""character""},
    {""name"":""እለ"",""visualTraits"":null,""changes"":[],""role"":""character""},
    {""name"":""ኀደጉ"",""visualTraits"":null,""changes"":[],""role"":""character""},
    {""name"":""ሰማየ"",""visualTraits"":null,""changes"":[],""role"":""character""},
    {""name"":""ልዑለ"",""visualTraits"":null,""changes"":[],""role"":""character""},
    {""name"":""ወምቅዋመ"",""visualTraits"":null,""changes"":[],""role"":""character""},
    {""name"":""ቅዱሰ"",""visualTraits"":null,""changes"":[],""role"":""character""},
    {""name"":""ዘለዓለም"",""visualTraits"":null,""changes"":[],""role"":""character""},
    {""name"":""ወምስለ"",""visualTraits"":null,""changes"":[],""role"":""character""},
    {""name"":""ንስት"",""visualTraits"":null,""changes"":[],""role"":""character""},
    {""name"":""ማሰኑ"",""visualTraits"":null,""changes"":[],""role"":""character""},
    {""name"":""ወገብሩ"",""visualTraits"":null,""changes"":[],""role"":""character""},
    {""name"":""ዘመ"",""visualTraits"":null,""changes"":[],""role"":""character""},
    {""name"":""ይገብሩ"",""visualTraits"":null,""changes"":[],""role"":""character""},
    {""name"":""ውሉደ"",""visualTraits"":null,""changes"":[],""role"":""character""},
    {""name"":""ሰብእ"",""visualTraits"":null,""changes"":[],""role"":""character""},
    {""name"":""ወነሥኡ"",""visualTraits"":null,""changes"":[],""role"":""character""},
    {""name"":""ሎሙ"",""visualTraits"":null,""changes"":[],""role"":""character""},
    {""name"":""ንስተ"",""visualTraits"":null,""changes"":[],""role"":""character""},
    {""name"":""ወማሰኑ"",""visualTraits"":null,""changes"":[],""role"":""character""},
    {""name"":""ዐቢየ"",""visualTraits"":null,""changes"":[],""role"":""character""},
    {""name"":""ሙስና"",""visualTraits"":null,""changes"":[],""role"":""character""},
    {""name"":""ዲ"",""visualTraits"":null,""changes"":[],""role"":""character""},
    {""name"":""ምድር"",""visualTraits"":null,""changes"":[],""role"":""character""}
  ],
  ""props"": [],
  ""environments"": [],
  ""scenes"": [],
  ""blocking"": {
    ""anchors"": [],
    ""paths"": []
  }
}
```"
12,segment_005,segment,DONE,C:\Users\sasch\visionexe\stories\template\filmsets\story_012\segment_005\segment.txt,"```json
{
  ""actors"": [],
  ""props"": [],
  ""environments"": [],
  ""scenes"": [],
  ""blocking"": {
    ""anchors"": [],
    ""paths"": []
  }
}
```"
12,segment_006,segment,DONE,C:\Users\sasch\visionexe\stories\template\filmsets\story_012\segment_006\segment.txt,"```json
{
  ""actors"": [],
  ""props"": [],
  ""environments"": [],
  ""scenes"": [],
  ""blocking"": {
    ""anchors"": [],
    ""paths"": []
  }
}
```"
13,segment_001,segment,DONE,C:\Users\sasch\visionexe\stories\template\filmsets\story_013\segment_001\segment.txt,"```json
{
  ""actors"": [
    {""name"": ""ወሄኖ"", ""visualTraits"": null, ""changes"": null, ""role"": ""character""},
    {""name"": ""ኀሊፎ"", ""visualTraits"": null, ""changes"": null, ""role"": ""character""},
    {""name"": ""ይቤሎ"", ""visualTraits"": null, ""changes"": null, ""role"": ""character""},
    {""name"": ""ለዛዝኤል"", ""visualTraits"": null, ""changes"": null, ""role"": ""character""},
    {""name"": ""ኢይውነ"", ""visualTraits"": null, ""changes"": null, ""role"": ""character""},
    {""name"": ""ሰላም"", ""visualTraits"": null, ""changes"": null, ""role"": ""character""},
    {""name"": ""ዓቢይ"", ""visualTraits"": null, ""changes"": null, ""role"": ""character""},
    {""name"": ""ነ፡ወፅ"", ""visualTraits"": null, ""changes"": null, ""role"": ""character""},
    {""name"": ""ላዕሌ"", ""visualTraits"": null, ""changes"": null, ""role"": ""character""},
    {""name"": ""ይእሥር"", ""visualTraits"": null, ""changes"": null, ""role"": ""character""}
  ],
  ""props"": [],
  ""environments"": [],
  ""scenes"": [
    {
      ""title"": ""Chapter 13 Segment 1"",
      ""location"": null,
      ""action"": null,
      ""actorsInvolved"": [
        ""ወሄኖ"",
        ""ኀሊፎ"",
        ""ይቤሎ"",
        ""ለዛዝኤል"",
        ""ኢይውነ"",
        ""ሰላም"",
        ""ዓቢይ"",
        ""ነ፡ወፅ"",
        ""ላዕሌ"",
        ""ይእሥር""
      ]
    }
  ],
  ""blocking"": {
    ""anchors"": [],
    ""paths"": []
  }
}
```"
13,segment_002,segment,DONE,C:\Users\sasch\visionexe\stories\template\filmsets\story_013\segment_002\segment.txt,"```json
{
  ""actors"": [],
  ""props"": [],
  ""environments"": [
    {
      ""name"": ""earth"",
      ""visualTraits"": null,
      ""changes"": null,
      ""role"": ""setting""
    }
  ],
  ""scenes"": [],
  ""blocking"": {
    ""anchors"": [],
    ""paths"": []
  }
}
```"
13,segment_003,segment,DONE,C:\Users\sasch\visionexe\stories\template\filmsets\story_013\segment_003\segment.txt,"{
  ""actors"": [],
  ""props"": [],
  ""environments"": [],
  ""scenes"": [],
  ""blocking"": {
    ""anchors"": [],
    ""paths"": []
  }
}"
13,segment_004,segment,DONE,C:\Users\sasch\visionexe\stories\template\filmsets\story_013\segment_004\segment.txt,"```json
{
  ""actors"": [
    {
      ""name"": ""ወተስእሉኒ"",
      ""visualTraits"": null,
      ""changes"": null,
      ""role"": ""subject""
    },
    {
      ""name"": ""ሎሙ"",
      ""visualTraits"": null,
      ""changes"": null,
      ""role"": ""subject""
    },
    {
      ""name"": ""ይኩኖሙ"",
      ""visualTraits"": null,
      ""changes"": null,
      ""role"": ""subject""
    },
    {
      ""name"": ""ዓርግ"",
      ""visualTraits"": null,
      ""changes"": null,
      ""role"": ""subject""
    },
    {
      ""name"": ""እግዚ"",
      ""visualTraits"": null,
      ""changes"": null,
      ""role"": ""subject""
    }
  ],
  ""props"": [
    {
      ""name"": ""እጽሐፍ"",
      ""visualTraits"": null,
      ""changes"": null,
      ""role"": ""object""
    },
    {
      ""name"": ""ስእለት"",
      ""visualTraits"": null,
      ""changes"": null,
      ""role"": ""object""
    },
    {
      ""name"": ""ኅድገተ"",
      ""visualTraits"": null,
      ""changes"": null,
      ""role"": ""object""
    },
    {
      ""name"": ""ስእለቶሙ"",
      ""visualTraits"": null,
      ""changes"": null,
      ""role"": ""object""
    }
  ],
  ""environments"": [
    {
      ""name"": ""ሰማይ"",
      ""visualTraits"": null,
      ""changes"": null,
      ""role"": ""setting""
    }
  ],
  ""scenes"": [
    {
      ""title"": ""Scene 1"",
      ""location"": ""unknown"",
      ""action"": ""unknown"",
      ""actorsInvolved"": [""ወተስእሉኒ""]
    },
    {
      ""title"": ""Scene 2"",
      ""location"": ""unknown"",
      ""action"": ""unknown"",
      ""actorsInvolved"": [""ሎሙ""]
    },
    {
      ""title"": ""Scene 3"",
      ""location"": ""unknown"",
      ""action"": ""unknown"",
      ""actorsInvolved"": [""ይኩኖሙ""]
    },
    {
      ""title"": ""Scene 4"",
      ""location"": ""unknown"",
      ""action"": ""unknown"",
      ""actorsInvolved"": [""ዓርግ""]
    },
    {
      ""title"": ""Scene 5"",
      ""location"": ""unknown"",
      ""action"": ""unknown"",
      ""actorsInvolved"": [""እግዚ""]
    }
  ],
  ""blocking"": {
    ""anchors"": [],
    ""paths"": []
  }
}
```"
13,segment_005,segment,DONE,C:\Users\sasch\visionexe\stories\template\filmsets\story_013\segment_005\segment.txt,"```json
{
  ""actors"": [],
  ""props"": [],
  ""environments"": [
    {
      ""name"": ""sky"",
      ""visualTraits"": ""unknown"",
      ""changes"": null,
      ""role"": ""setting""
    }
  ],
  ""scenes"": [],
  ""blocking"": {
    ""anchors"": [],
    ""paths"": []
  }
}
```"
13,segment_006,segment,DONE,C:\Users\sasch\visionexe\stories\template\filmsets\story_013\segment_006\segment.txt,"```json
{
  ""actors"": [],
  ""props"": [],
  ""environments"": [],
  ""scenes"": [],
  ""blocking"": {
    ""anchors"": [],
    ""paths"": []
  }
}
```"
13,segment_007,segment,DONE,C:\Users\sasch\visionexe\stories\template\filmsets\story_013\segment_007\segment.txt,"{
  ""actors"": [],
  ""props"": [],
  ""environments"": [],
  ""scenes"": [],
  ""blocking"": {
    ""anchors"": [],
    ""paths"": []
  }
}"
13,segment_008,segment,DONE,C:\Users\sasch\visionexe\stories\template\filmsets\story_013\segment_008\segment.txt,"{
  ""actors"": [],
  ""props"": [],
  ""environments"": [],
  ""scenes"": [],
  ""blocking"": {
    ""anchors"": [],
    ""paths"": []
  }
}"
13,segment_009,segment,DONE,C:\Users\sasch\visionexe\stories\template\filmsets\story_013\segment_009\segment.txt,"```json
{
  ""actors"": [
    {""name"":""ወነቂሕየ"",""visualTraits"":null,""changes"":null,""role"":null},
    {""name"":""መጻእኩ"",""visualTraits"":null,""changes"":null,""role"":null},
    {""name"":""ኀቤሆሙ"",""visualTraits"":null,""changes"":null,""role"":null},
    {""name"":""ወሎሙ"",""visualTraits"":null,""changes"":null,""role"":null},
    {""name"":""ጉቡነ"",""visualTraits"":null,""changes"":null,""role"":null},
    {""name"":""ይነብሩ"",""visualTraits"":null,""changes"":null,""role"":null},
    {""name"":""እንዘ"",""visualTraits"":null,""changes"":null,""role"":null},
    {""name"":""ይላሕዉ"",""visualTraits"":null,""changes"":null,""role"":null},
    {""name"":""ኡብልሲያኤል"",""visualTraits"":null,""changes"":null,""role"":null},
    {""name"":""ዘሀለወት"",""visualTraits"":null,""changes"":null,""role"":null},
    {""name"":""ማእለ"",""visualTraits"":null,""changes"":null,""role"":null},
    {""name"":""ሊባኖስ"",""visualTraits"":null,""changes"":null,""role"":null},
    {""name"":""ወሴሴር"",""visualTraits"":null,""changes"":null,""role"":null},
    {""name"":""ግልቡባ"",""visualTraits"":null,""changes"":null,""role"":null},
    {""name"":""ገጾሙ"",""visualTraits"":null,""changes"":null,""role"":null}
  ],
  ""props"": [],
  ""environments"": [],
  ""scenes"": [],
  ""blocking"": {
    ""anchors"": [],
    ""paths"": []
  }
}
```"
13,segment_010,segment,DONE,C:\Users\sasch\visionexe\stories\template\filmsets\story_013\segment_010\segment.txt,"```json
{
  ""actors"": [],
  ""props"": [],
  ""environments"": [],
  ""scenes"": [
    {
      ""title"": ""Chapter 13 Segment 10"",
      ""location"": null,
      ""action"": ""speaking"",
      ""actorsInvolved"": []
    }
  ],
  ""blocking"": {
    ""anchors"": [],
    ""paths"": []
  }
}
```"
14,segment_001,segment,DONE,C:\Users\sasch\visionexe\stories\template\filmsets\story_014\segment_001\segment.txt,"{""actors"":[],""props"":[],""environments"":[],""scenes"":[],""blocking"":{""anchors"":[],""paths"":[]}}"
14,segment_002,segment,DONE,C:\Users\sasch\visionexe\stories\template\filmsets\story_014\segment_002\segment.txt,"```json
{
  ""actors"": [
    {
      ""name"": ""Creation"",
      ""visualTraits"": null,
      ""changes"": null,
      ""role"": ""subject""
    },
    {
      ""name"": ""Water"",
      ""visualTraits"": null,
      ""changes"": null,
      ""role"": ""subject""
    },
    {
      ""name"": ""People"",
      ""visualTraits"": null,
      ""changes"": null,
      ""role"": ""object""
    },
    {
      ""name"": ""Mind"",
      ""visualTraits"": null,
      ""changes"": null,
      ""role"": ""subject""
    },
    {
      ""name"": ""Earth"",
      ""visualTraits"": null,
      ""changes"": null,
      ""role"": ""object""
    }
  ],
  ""props"": [
    {
      ""name"": ""Rain"",
      ""visualTraits"": null,
      ""changes"": null,
      ""role"": ""prop""
    }
  ],
  ""environments"": [
    {
      ""name"": ""Sky"",
      ""visualTraits"": null,
      ""changes"": null,
      ""role"": ""setting""
    }
  ],
  ""scenes"": [
    {
      ""title"": ""Creation speaks to People about Water"",
      ""location"": null,
      ""action"": ""Creation addresses People, mentioning Water."",
      ""actorsInvolved"": [""Creation"", ""People"", ""Water""]
    },
    {
      ""title"": ""Mind creates Water"",
      ""location"": null,
      ""action"": ""Mind (the mind) creates Water."",
      ""actorsInvolved"": [""Mind"", ""Water""]
    },
    {
      ""title"": ""Water's Voice for Earth"",
      ""location"": null,
      ""action"": ""Water's voice is likened to a song for Earth."",
      ""actorsInvolved"": [""Water"", ""Earth""]
    },
    {
      ""title"": ""Rain from Sky"",
      ""location"": ""Sky"",
      ""action"": ""Rain falls from the Sky."",
      ""actorsInvolved"": [""Rain"", ""Sky""]
    }
  ],
  ""blocking"": {
    ""anchors"": [],
    ""paths"": []
  }
}
```"
14,segment_003,segment,DONE,C:\Users\sasch\visionexe\stories\template\filmsets\story_014\segment_003\segment.txt,"```json
{
  ""actors"": [],
  ""props"": [
    {
      ""name"": ""ስእለት"",
      ""visualTraits"": null,
      ""changes"": null,
      ""role"": ""prop""
    },
    {
      ""name"": ""ጸሐፍ"",
      ""visualTraits"": null,
      ""changes"": null,
      ""role"": ""prop""
    },
    {
      ""name"": ""ፍጽምት"",
      ""visualTraits"": null,
      ""changes"": null,
      ""role"": ""prop""
    }
  ],
  ""environments"": [
    {
      ""name"": ""ዓለም"",
      ""visualTraits"": null,
      ""changes"": null,
      ""role"": ""environment""
    }
  ],
  ""scenes"": [
    {
      ""title"": ""Chapter 14 Segment 3"",
      ""location"": null,
      ""action"": null,
      ""actorsInvolved"": []
    }
  ],
  ""blocking"": {
    ""anchors"": [],
    ""paths"": []
  }
}
```"
14,segment_004,segment,DONE,C:\Users\sasch\visionexe\stories\template\filmsets\story_014\segment_004\segment.txt,"```json
{
  ""actors"": [],
  ""props"": [],
  ""environments"": [
    {
      ""name"": ""ሰማይ"",
      ""visualTraits"": null,
      ""changes"": null,
      ""role"": ""environment""
    },
    {
      ""name"": ""ዓለም"",
      ""visualTraits"": null,
      ""changes"": null,
      ""role"": ""environment""
    },
    {
      ""name"": ""ምድር"",
      ""visualTraits"": null,
      ""changes"": null,
      ""role"": ""environment""
    }
  ],
  ""scenes"": [
    {
      ""title"": ""Chapter 14 Segment 4"",
      ""location"": null,
      ""action"": ""ወእምይእዜ፡ኢተዐርጉ፡ውስተ፡"",
      ""actorsInvolved"": []
    }
  ],
  ""blocking"": {
    ""anchors"": [],
    ""paths"": []
  }
}
```"
14,segment_005,segment,DONE,C:\Users\sasch\visionexe\stories\template\filmsets\story_014\segment_005\segment.txt,"```json
{
  ""actors"": [],
  ""props"": [
    {
      ""name"": ""ወእምቅድመ"",
      ""visualTraits"": ""unknown"",
      ""changes"": ""unknown"",
      ""role"": ""unknown""
    },
    {
      ""name"": ""ወልብሙ"",
      ""visualTraits"": ""unknown"",
      ""changes"": ""unknown"",
      ""role"": ""unknown""
    },
    {
      ""name"": ""ቅድሜሙ"",
      ""visualTraits"": ""unknown"",
      ""changes"": ""unknown"",
      ""role"": ""unknown""
    },
    {
      ""name"": ""ሰይፍ"",
      ""visualTraits"": ""unknown"",
      ""changes"": ""unknown"",
      ""role"": ""unknown""
    }
  ],
  ""environments"": [
    {
      ""name"": ""ዝንቱ"",
      ""visualTraits"": ""unknown"",
      ""changes"": ""unknown"",
      ""role"": ""environment""
    },
    {
      ""name"": ""ርኢሙ"",
      ""visualTraits"": ""unknown"",
      ""changes"": ""unknown"",
      ""role"": ""environment""
    },
    {
      ""name"": ""ሐጕለ"",
      ""visualTraits"": ""unknown"",
      ""changes"": ""unknown"",
      ""role"": ""environment""
    },
    {
      ""name"": ""ውሉድሙ"",
      ""visualTraits"": ""unknown"",
      ""changes"": ""unknown"",
      ""role"": ""environment""
    },
    {
      ""name"": ""ፍቁራኑ"",
      ""visualTraits"": ""unknown"",
      ""changes"": ""unknown"",
      ""role"": ""environment""
    },
    {
      ""name"": ""ጥርያኒሆሙ"",
      ""visualTraits"": ""unknown"",
      ""changes"": ""unknown"",
      ""role"": ""environment""
    }
  ],
  ""scenes"": [
    {
      ""title"": ""Chapter 14 Segment 5"",
      ""location"": ""unknown"",
      ""action"": ""unknown"",
      ""actorsInvolved"": []
    }
  ],
  ""blocking"": {
    ""anchors"": [],
    ""paths"": []
  }
}
```"
14,segment_006,segment,DONE,C:\Users\sasch\visionexe\stories\template\filmsets\story_014\segment_006\segment.txt,"```json
{
  ""actors"": [
    {
      ""name"": ""ወስእለትሙ"",
      ""visualTraits"": null,
      ""changes"": null,
      ""role"": null
    },
    {
      ""name"": ""ኢይውን"",
      ""visualTraits"": null,
      ""changes"": null,
      ""role"": null
    }
  ],
  ""props"": [
    {
      ""name"": ""መጽሐፍ"",
      ""visualTraits"": null,
      ""changes"": null,
      ""role"": ""written text""
    }
  ],
  ""environments"": [],
  ""scenes"": [
    {
      ""title"": ""Chapter 14 Segment 6"",
      ""location"": null,
      ""action"": null,
      ""actorsInvolved"": [""ወስእለትሙ"", ""ኢይውን""]
    }
  ],
  ""blocking"": {
    ""anchors"": [],
    ""paths"": []
  }
}
```"
14,segment_007,segment,DONE,C:\Users\sasch\visionexe\stories\template\filmsets\story_014\segment_007\segment.txt,"```json
{
  ""actors"": [],
  ""props"": [],
  ""environments"": [],
  ""scenes"": [],
  ""blocking"": {
    ""anchors"": [],
    ""paths"": []
  }
}
```"
14,segment_008,segment,DONE,C:\Users\sasch\visionexe\stories\template\filmsets\story_014\segment_008\segment.txt,"```json
{
  ""actors"": [],
  ""props"": [
    {
      ""name"": ""እሳት"",
      ""visualTraits"": ""unknown"",
      ""changes"": null,
      ""role"": ""prop""
    }
  ],
  ""environments"": [
    {
      ""name"": ""ሰማይ"",
      ""visualTraits"": ""unknown"",
      ""changes"": null,
      ""role"": ""environment""
    }
  ],
  ""scenes"": [
    {
      ""title"": ""Chapter 14 Segment 8"",
      ""location"": ""unknown"",
      ""action"": ""unknown"",
      ""actorsInvolved"": []
    }
  ],
  ""blocking"": {
    ""anchors"": [],
    ""paths"": []
  }
}
```"
14,segment_009,segment,DONE,C:\Users\sasch\visionexe\stories\template\filmsets\story_014\segment_009\segment.txt,"```json
{
  ""actors"": [],
  ""props"": [
    {
      ""name"": ""fire"",
      ""visualTraits"": {},
      ""changes"": [],
      ""role"": ""prop""
    },
    {
      ""name"": ""house"",
      ""visualTraits"": {},
      ""changes"": [],
      ""role"": ""prop""
    },
    {
      ""name"": ""red"",
      ""visualTraits"": {},
      ""changes"": [],
      ""role"": ""prop""
    }
  ],
  ""environments"": [
    {
      ""name"": ""inside Lisan"",
      ""visualTraits"": {},
      ""changes"": [],
      ""role"": ""environment""
    }
  ],
  ""scenes"": [
    {
      ""title"": ""Scene 1"",
      ""location"": ""inside Lisan"",
      ""action"": ""ወቦእኩ፡ውስተ፡ልሳነ፡"",
      ""actorsInvolved"": []
    },
    {
      ""title"": ""Scene 2"",
      ""location"": ""house"",
      ""action"": ""እሳት፨ወቀረብኩ፡ኀ፡ቤት፡"",
      ""actorsInvolved"": []
    },
    {
      ""title"": ""Scene 3"",
      ""location"": ""red"",
      ""action"": ""ዐቢይ፡ዘሕኑጽ፡ዕባነ፡ረድ ፤"",
      ""actorsInvolved"": []
    },
    {
      ""title"": ""Scene 4"",
      ""location"": ""unknown"",
      ""action"": ""ወረፍቱ፡ውእቱ፡መ፡ጸፍጸፈ፡"",
      ""actorsInvolved"": []
    },
    {
      ""title"": ""Scene 5"",
      ""location"": ""unknown"",
      ""action"": ""ሰሌዳ፡ዕባን፡ዘእምረድ፡"",
      ""actorsInvolved"": []
    },
    {
      ""title"": ""Scene 6"",
      ""location"": ""red"",
      ""action"": ""ወምድሩ፡ረድ፡"",
      ""actorsInvolved"": []
    }
  ],
  ""blocking"": {
    ""anchors"": [
      {
        ""id"": ""anchor1"",
        ""description"": ""inside Lisan""
      },
      {
        ""id"": ""anchor2"",
        ""description"": ""house""
      },
      {
        ""id"": ""anchor3"",
        ""description"": ""red area""
      }
    ],
    ""paths"": []
  }
}
```"
14,segment_010,segment,DONE,C:\Users\sasch\visionexe\stories\template\filmsets\story_014\segment_010\segment.txt,"{
  ""actors"": [],
  ""props"": [],
  ""environments"": [],
  ""scenes"": [
    {
      ""title"": ""ጠፈሩ፡መ፡ሩፀተ፡ዋብት፡"",
      ""location"": ""unknown"",
      ""action"": ""unknown"",
      ""actorsInvolved"": ""unknown""
    },
    {
      ""title"": ""ወመባርቅት፡ወማእሎሙ፡"",
      ""location"": ""unknown"",
      ""action"": ""unknown"",
      ""actorsInvolved"": ""unknown""
    },
    {
      ""title"": ""ሩቤል፡ዘእሳት፡ወሰማዮሙ፡"",
      ""location"": ""unknown"",
      ""action"": ""unknown"",
      ""actorsInvolved"": ""unknown""
    },
    {
      ""title"": ""ማይ፡"",
      ""location"": ""unknown"",
      ""action"": ""unknown"",
      ""actorsInvolved"": ""unknown""
    }
  ],
  ""blocking"": {
    ""anchors"": [],
    ""paths"": []
  }
}"
14,segment_011,segment,DONE,C:\Users\sasch\visionexe\stories\template\filmsets\story_014\segment_011\segment.txt,"{
  ""actors"": [],
  ""props"": [],
  ""environments"": [],
  ""scenes"": [],
  ""blocking"": {
    ""anchors"": [],
    ""paths"": []
  }
}"
14,segment_012,segment,DONE,C:\Users\sasch\visionexe\stories\template\filmsets\story_014\segment_012\segment.txt,"```json
{
  ""actors"": [],
  ""props"": [
    {
      ""name"": ""fire"",
      ""visualTraits"": ""burning"",
      ""changes"": null,
      ""role"": ""source of heat""
    }
  ],
  ""environments"": [
    {
      ""name"": ""house"",
      ""visualTraits"": ""domestic"",
      ""changes"": null,
      ""role"": ""setting""
    }
  ],
  ""scenes"": [
    {
      ""title"": ""Line 1"",
      ""location"": ""house"",
      ""action"": ""unknown"",
      ""actorsInvolved"": []
    },
    {
      ""title"": ""Line 2"",
      ""location"": ""house"",
      ""action"": ""unknown"",
      ""actorsInvolved"": []
    },
    {
      ""title"": ""Line 3"",
      ""location"": ""house"",
      ""action"": ""unknown"",
      ""actorsInvolved"": []
    },
    {
      ""title"": ""Line 4"",
      ""location"": ""house"",
      ""action"": ""unknown"",
      ""actorsInvolved"": []
    },
    {
      ""title"": ""Line 5"",
      ""location"": ""house"",
      ""action"": ""unknown"",
      ""actorsInvolved"": []
    },
    {
      ""title"": ""Line 6"",
      ""location"": ""house"",
      ""action"": ""unknown"",
      ""actorsInvolved"": []
    }
  ],
  ""blocking"": {
    ""anchors"": [],
    ""paths"": []
  }
}
```"
14,segment_013,segment,DONE,C:\Users\sasch\visionexe\stories\template\filmsets\story_014\segment_013\segment.txt,"{
  ""actors"": [],
  ""props"": [],
  ""environments"": [],
  ""scenes"": [],
  ""blocking"": {
    ""anchors"": [],
    ""paths"": []
  }
}"
14,segment_014,segment,DONE,C:\Users\sasch\visionexe\stories\template\filmsets\story_014\segment_014\segment.txt,"```json
{
  ""actors"": [
    {
      ""name"": ""ወናሁ"",
      ""visualTraits"": null,
      ""changes"": [],
      ""role"": ""unknown""
    },
    {
      ""name"": ""ልእ"",
      ""visualTraits"": null,
      ""changes"": [],
      ""role"": ""unknown""
    },
    {
      ""name"": ""ዘየዐቢ"",
      ""visualTraits"": null,
      ""changes"": [],
      ""role"": ""unknown""
    },
    {
      ""name"": ""እምዝንቱ"",
      ""visualTraits"": null,
      ""changes"": [],
      ""role"": ""unknown""
    },
    {
      ""name"": ""ወሉ"",
      ""visualTraits"": null,
      ""changes"": [],
      ""role"": ""unknown""
    },
    {
      ""name"": ""ኅቱ"",
      ""visualTraits"": null,
      ""changes"": [],
      ""role"": ""unknown""
    },
    {
      ""name"": ""ርት"",
      ""visualTraits"": null,
      ""changes"": [],
      ""role"": ""unknown""
    },
    {
      ""name"": ""ቅድሜየ"",
      ""visualTraits"": null,
      ""changes"": [],
      ""role"": ""unknown""
    },
    {
      ""name"": ""ሕኑጽ"",
      ""visualTraits"": null,
      ""changes"": [],
      ""role"": ""unknown""
    },
    {
      ""name"": ""ልሳናተ"",
      ""visualTraits"": null,
      ""changes"": [],
      ""role"": ""unknown""
    }
  ],
  ""props"": [
    {
      ""name"": ""እሳት"",
      ""visualTraits"": null,
      ""changes"": [],
      ""role"": ""object""
    }
  ],
  ""environments"": [
    {
      ""name"": ""ቤት"",
      ""visualTraits"": null,
      ""changes"": [],
      ""role"": ""setting""
    }
  ],
  ""scenes"": [
    {
      ""title"": ""Scene 1"",
      ""location"": ""ቤት"",
      ""action"": null,
      ""actorsInvolved"": [""ወናሁ"", ""ልእ"", ""ዘየዐቢ""]
    },
    {
      ""title"": ""Scene 2"",
      ""location"": ""ቤት"",
      ""action"": null,
      ""actorsInvolved"": [""እምዝንቱ"", ""ወሉ"", ""ኅቱ""]
    },
    {
      ""title"": ""Scene 3"",
      ""location"": ""ቤት"",
      ""action"": null,
      ""actorsInvolved"": [""ርት"", ""ቅድሜየ"", ""ሕኑጽ""]
    },
    {
      ""title"": ""Scene 4"",
      ""location"": ""ቤት"",
      ""action"": null,
      ""actorsInvolved"": [""ልሳናተ""]
    }
  ],
  ""blocking"": {
    ""anchors"": [
      {
        ""id"": ""center"",
        ""description"": ""central stage area""
      }
    ],
    ""paths"": []
  }
}
```"
14,segment_015,segment,DONE,C:\Users\sasch\visionexe\stories\template\filmsets\story_014\segment_015\segment.txt,"```json
{
  ""actors"": [],
  ""props"": [],
  ""environments"": [],
  ""scenes"": [],
  ""blocking"": {
    ""anchors"": [],
    ""paths"": []
  }
}
```"
14,segment_016,segment,DONE,C:\Users\sasch\visionexe\stories\template\filmsets\story_014\segment_016\segment.txt,"```json
{
  ""actors"": [
    {
      ""name"": ""Wemdures"",
      ""visualTraits"": null,
      ""changes"": null,
      ""role"": ""unknown""
    },
    {
      ""name"": ""Zeyets"",
      ""visualTraits"": null,
      ""changes"": null,
      ""role"": ""unknown""
    },
    {
      ""name"": ""Wamel'letihu"",
      ""visualTraits"": null,
      ""changes"": null,
      ""role"": ""unknown""
    },
    {
      ""name"": ""Mebrikt"",
      ""visualTraits"": null,
      ""changes"": null,
      ""role"": ""unknown""
    },
    {
      ""name"": ""Wemirwats"",
      ""visualTraits"": null,
      ""changes"": null,
      ""role"": ""unknown""
    },
    {
      ""name"": ""Wabti"",
      ""visualTraits"": null,
      ""changes"": null,
      ""role"": ""unknown""
    },
    {
      ""name"": ""Wateferuni"",
      ""visualTraits"": null,
      ""changes"": null,
      ""role"": ""unknown""
    },
    {
      ""name"": ""Esat"",
      ""visualTraits"": null,
      ""changes"": null,
      ""role"": ""element""
    },
    {
      ""name"": ""Zeynedde"",
      ""visualTraits"": null,
      ""changes"": null,
      ""role"": ""unknown""
    }
  ],
  ""props"": [
    {
      ""name"": ""Fire"",
      ""visualTraits"": null,
      ""changes"": null,
      ""role"": ""element""
    }
  ],
  ""environments"": [],
  ""scenes"": [
    {
      ""title"": ""Chapter 14 Segment 16"",
      ""location"": null,
      ""action"": null,
      ""actorsInvolved"": [
        ""Wemdures"",
        ""Zeyets"",
        ""Wamel'letihu"",
        ""Mebrikt"",
        ""Wemirwats"",
        ""Wabti"",
        ""Wateferuni"",
        ""Esat"",
        ""Zeynedde""
      ]
    }
  ],
  ""blocking"": {
    ""anchors"": [],
    ""paths"": []
  }
}
```"
14,segment_017,segment,DONE,C:\Users\sasch\visionexe\stories\template\filmsets\story_014\segment_017\segment.txt,"```json
{
  ""actors"": [
    {
      ""name"": ""ወነጸርኩ"",
      ""visualTraits"": null,
      ""changes"": null,
      ""role"": null
    },
    {
      ""name"": ""ወርኢኩ"",
      ""visualTraits"": null,
      ""changes"": null,
      ""role"": null
    },
    {
      ""name"": ""ውስቴቱ"",
      ""visualTraits"": null,
      ""changes"": null,
      ""role"": null
    },
    {
      ""name"": ""መንረ፡ልዑለ"",
      ""visualTraits"": null,
      ""changes"": null,
      ""role"": null
    },
    {
      ""name"": ""ወራእዩ"",
      ""visualTraits"": null,
      ""changes"": null,
      ""role"": null
    },
    {
      ""name"": ""መ፡"",
      ""visualTraits"": null,
      ""changes"": null,
      ""role"": null
    },
    {
      ""name"": ""ስሐትያ"",
      ""visualTraits"": null,
      ""changes"": null,
      ""role"": null
    },
    {
      ""name"": ""ወቡ"",
      ""visualTraits"": null,
      ""changes"": null,
      ""role"": null
    },
    {
      ""name"": ""መፀሐይ"",
      ""visualTraits"": null,
      ""changes"": null,
      ""role"": null
    },
    {
      ""name"": ""ዘያርህ"",
      ""visualTraits"": null,
      ""changes"": null,
      ""role"": null
    },
    {
      ""name"": ""ወቃለ"",
      ""visualTraits"": null,
      ""changes"": null,
      ""role"": null
    },
    {
      ""name"": ""ሩቤን"",
      ""visualTraits"": null,
      ""changes"": null,
      ""role"": null
    }
  ],
  ""props"": [],
  ""environments"": [],
  ""scenes"": [
    {
      ""title"": ""Beat 1"",
      ""location"": null,
      ""action"": null,
      ""actorsInvolved"": [""ወነጸርኩ"", ""ወርኢኩ"", ""ውስቴቱ""]
    },
    {
      ""title"": ""Beat 2"",
      ""location"": null,
      ""action"": null,
      ""actorsInvolved"": [""መንረ፡ልዑለ"", ""ወራእዩ"", ""መ፡""]
    },
    {
      ""title"": ""Beat 3"",
      ""location"": null,
      ""action"": null,
      ""actorsInvolved"": [""ስሐትያ"", ""ወቡ"", ""መፀሐይ""]
    },
    {
      ""title"": ""Beat 4"",
      ""location"": null,
      ""action"": null,
      ""actorsInvolved"": [""ዘያርህ"", ""ወቃለ"", ""ሩቤን""]
    }
  ],
  ""blocking"": {
    ""anchors"": [],
    ""paths"": []
  }
}
```"
14,segment_018,segment,DONE,C:\Users\sasch\visionexe\stories\template\filmsets\story_014\segment_018\segment.txt,"```json
{
  ""actors"": [],
  ""props"": [
    {
      ""name"": ""fire"",
      ""visualTraits"": null,
      ""changes"": null,
      ""role"": ""source of light""
    }
  ],
  ""environments"": [],
  ""scenes"": [],
  ""blocking"": {
    ""anchors"": [],
    ""paths"": []
  }
}
```"
14,segment_019,segment,DONE,C:\Users\sasch\visionexe\stories\template\filmsets\story_014\segment_019\segment.txt,"```json
{
  ""actors"": [],
  ""props"": [],
  ""environments"": [],
  ""scenes"": [],
  ""blocking"": {
    ""anchors"": [],
    ""paths"": []
  }
}
```"
14,segment_020,segment,DONE,C:\Users\sasch\visionexe\stories\template\filmsets\story_014\segment_020\segment.txt,"```json
{
  ""actors"": [
    {""name"": ""ወኢይል"", ""visualTraits"": null, ""changes"": [], ""role"": ""unknown""},
    {""name"": ""ወኢመኑሂ"", ""visualTraits"": null, ""changes"": [], ""role"": ""unknown""},
    {""name"": ""እመላእት"", ""visualTraits"": null, ""changes"": [], ""role"": ""unknown""},
    {""name"": ""ዊ፨ወርእየ"", ""visualTraits"": null, ""changes"": [], ""role"": ""unknown""},
    {""name"": ""ገጹ"", ""visualTraits"": null, ""changes"": [], ""role"": ""unknown""},
    {""name"": ""ለቡር"", ""visualTraits"": null, ""changes"": [], ""role"": ""unknown""},
    {""name"": ""ወስቡሕ"", ""visualTraits"": null, ""changes"": [], ""role"": ""unknown""},
    {""name"": ""ዘሥጋ"", ""visualTraits"": null, ""changes"": [], ""role"": ""unknown""},
    {""name"": ""ይረይ"", ""visualTraits"": null, ""changes"": [], ""role"": ""unknown""},
    {""name"": ""ያሁ"", ""visualTraits"": null, ""changes"": [], ""role"": ""unknown""}
  ],
  ""props"": [],
  ""environments"": [],
  ""scenes"": [
    {
      ""title"": ""Chapter 14 Segment 20"",
      ""location"": null,
      ""action"": null,
      ""actorsInvolved"": [
        ""ወኢይል"",
        ""ወኢመኑሂ"",
        ""እመላእት"",
        ""ዊ፨ወርእየ"",
        ""ገጹ"",
        ""ለቡር"",
        ""ወስቡሕ"",
        ""ዘሥጋ"",
        ""ይረይ"",
        ""ያሁ""
      ]
    }
  ],
  ""blocking"": {
    ""anchors"": [],
    ""paths"": []
  }
}
```"
14,segment_021,segment,DONE,C:\Users\sasch\visionexe\stories\template\filmsets\story_014\segment_021\segment.txt,"```json
{
  ""actors"": [],
  ""props"": [],
  ""environments"": [],
  ""scenes"": [
    {
      ""title"": ""Chapter 14 Segment 21"",
      ""location"": null,
      ""action"": null,
      ""actorsInvolved"": []
    }
  ],
  ""blocking"": {
    ""anchors"": [],
    ""paths"": []
  }
}
```"
14,segment_022,segment,DONE,C:\Users\sasch\visionexe\stories\template\filmsets\story_014\segment_022\segment.txt,"```json
{
  ""actors"": [],
  ""props"": [],
  ""environments"": [],
  ""scenes"": [],
  ""blocking"": {
    ""anchors"": [],
    ""paths"": []
  }
}
```"
14,segment_023,segment,DONE,C:\Users\sasch\visionexe\stories\template\filmsets\story_014\segment_023\segment.txt,"```json
{
  ""actors"": [],
  ""props"": [],
  ""environments"": [],
  ""scenes"": [],
  ""blocking"": {
    ""anchors"": [],
    ""paths"": []
  }
}
```"
14,segment_024,segment,DONE,C:\Users\sasch\visionexe\stories\template\filmsets\story_014\segment_024\segment.txt,"```json
{
  ""actors"": [],
  ""props"": [],
  ""environments"": [],
  ""scenes"": [],
  ""blocking"": {
    ""anchors"": [],
    ""paths"": []
  }
}
```"
15,segment_001,segment,DONE,C:\Users\sasch\visionexe\stories\template\filmsets\story_015\segment_001\segment.txt,"```json
{
  ""actors"": [],
  ""props"": [],
  ""environments"": [],
  ""scenes"": [],
  ""blocking"": {
    ""anchors"": [],
    ""paths"": []
  }
}
```"
15,segment_002,segment,DONE,C:\Users\sasch\visionexe\stories\template\filmsets\story_015\segment_002\segment.txt,"```json
{
  ""actors"": [],
  ""props"": [],
  ""environments"": [],
  ""scenes"": [],
  ""blocking"": {
    ""anchors"": [],
    ""paths"": []
  }
}
```"
15,segment_003,segment,DONE,C:\Users\sasch\visionexe\stories\template\filmsets\story_015\segment_003\segment.txt,"```json
{
  ""actors"": [],
  ""props"": [],
  ""environments"": [],
  ""scenes"": [
    {
      ""title"": ""Chapter 15 Segment 3"",
      ""location"": null,
      ""action"": null,
      ""actorsInvolved"": []
    }
  ],
  ""blocking"": {
    ""anchors"": [],
    ""paths"": []
  }
}
```"
15,segment_004,segment,DONE,C:\Users\sasch\visionexe\stories\template\filmsets\story_015\segment_004\segment.txt,"```json
{
  ""actors"": [],
  ""props"": [],
  ""environments"": [],
  ""scenes"": [
    {
      ""title"": ""Chapter 15 Segment 4"",
      ""location"": null,
      ""action"": null,
      ""actorsInvolved"": []
    }
  ],
  ""blocking"": {
    ""anchors"": [],
    ""paths"": []
  }
}
```"
15,segment_005,segment,DONE,C:\Users\sasch\visionexe\stories\template\filmsets\story_015\segment_005\segment.txt,"```json
{
  ""actors"": [],
  ""props"": [],
  ""environments"": [
    {
      ""name"": ""earth"",
      ""visualTraits"": ""unknown"",
      ""changes"": ""unknown"",
      ""role"": ""natural setting""
    },
    {
      ""name"": ""field"",
      ""visualTraits"": ""unknown"",
      ""changes"": ""unknown"",
      ""role"": ""natural setting""
    },
    {
      ""name"": ""wind"",
      ""visualTraits"": ""unknown"",
      ""changes"": ""unknown"",
      ""role"": ""natural element""
    },
    {
      ""name"": ""water"",
      ""visualTraits"": ""unknown"",
      ""changes"": ""unknown"",
      ""role"": ""natural element""
    },
    {
      ""name"": ""star"",
      ""visualTraits"": ""unknown"",
      ""changes"": ""unknown"",
      ""role"": ""natural element""
    }
  ],
  ""scenes"": [],
  ""blocking"": {
    ""anchors"": [],
    ""paths"": []
  }
}
```"
15,segment_006,segment,DONE,C:\Users\sasch\visionexe\stories\template\filmsets\story_015\segment_006\segment.txt,"{""actors"":[],""props"":[],""environments"":[],""scenes"":[],""blocking"":{""anchors"":[],""paths"":[]}}"
15,segment_007,segment,DONE,C:\Users\sasch\visionexe\stories\template\filmsets\story_015\segment_007\segment.txt,"{""actors"":[],""props"":[],""environments"":[],""scenes"":[],""blocking"":{""anchors"":[],""paths"":[]}}"
15,segment_008,segment,DONE,C:\Users\sasch\visionexe\stories\template\filmsets\story_015\segment_008\segment.txt,"```json
{
  ""actors"": [],
  ""props"": [
    {
      ""name"": ""መኃድሪሆሙ"",
      ""visualTraits"": [],
      ""changes"": [],
      ""role"": ""prop""
    }
  ],
  ""environments"": [
    {
      ""name"": ""ምድር"",
      ""visualTraits"": [],
      ""changes"": [],
      ""role"": ""environment""
    }
  ],
  ""scenes"": [
    {
      ""title"": """",
      ""location"": ""ምድር"",
      ""action"": """",
      ""actorsInvolved"": []
    }
  ],
  ""blocking"": {
    ""anchors"": [],
    ""paths"": []
  }
}
```"
15,segment_009,segment,DONE,C:\Users\sasch\visionexe\stories\template\filmsets\story_015\segment_009\segment.txt,"{
  ""actors"": [
    {
      ""name"": ""እምሥጋሆሙ"",
      ""visualTraits"": [],
      ""changes"": [],
      ""role"": ""Creator""
    },
    {
      ""name"": ""እምቅዱሳን"",
      ""visualTraits"": [],
      ""changes"": [],
      ""role"": ""Holy""
    }
  ],
  ""props"": [],
  ""environments"": [
    {
      ""name"": ""ምድር"",
      ""visualTraits"": [],
      ""changes"": [],
      ""role"": ""Earth""
    },
    {
      ""name"": ""ወነፍሳት"",
      ""visualTraits"": [],
      ""changes"": [],
      ""role"": ""Wind""
    }
  ],
  ""scenes"": [
    {
      ""title"": ""Chapter 15 Segment 9"",
      ""location"": ""unknown"",
      ""action"": ""Invocation/Prayer"",
      ""actorsInvolved"": [
        ""እምሥጋሆሙ"",
        ""እምቅዱሳን""
      ]
    }
  ],
  ""blocking"": {
    ""anchors"": [],
    ""paths"": []
  }
}"
15,segment_010,segment,DONE,C:\Users\sasch\visionexe\stories\template\filmsets\story_015\segment_010\segment.txt,"```json
{
  ""actors"": [
    {
      ""name"": ""Spirit of the Sky"",
      ""visualTraits"": [""intangible"", ""luminous""],
      ""changes"": [],
      ""role"": ""primary""
    }
  ],
  ""props"": [],
  ""environments"": [
    {
      ""name"": ""Sky"",
      ""visualTraits"": [],
      ""changes"": [],
      ""role"": ""ambient""
    },
    {
      ""name"": ""Earth"",
      ""visualTraits"": [],
      ""changes"": [],
      ""role"": ""ambient""
    },
    {
      ""name"": ""Mähedirihomu"",
      ""visualTraits"": [],
      ""changes"": [],
      ""role"": ""gate/threshold""
    }
  ],
  ""scenes"": [
    {
      ""title"": ""Entry of the Spirit"",
      ""location"": ""Mähedirihomu"",
      ""action"": ""Spirit of the Sky moves from the sky through the gate into the earth"",
      ""actorsInvolved"": [""Spirit of the Sky""]
    }
  ],
  ""blocking"": {
    ""anchors"": [
      {
        ""id"": ""sky"",
        ""description"": ""the upper celestial realm""
      },
      {
        ""id"": ""gate"",
        ""description"": ""Mähedirihomu, the threshold between sky and earth""
      },
      {
        ""id"": ""earth"",
        ""description"": ""the terrestrial realm""
      }
    ],
    ""paths"": [
      {
        ""actor"": ""Spirit of the Sky"",
        ""start_anchor"": ""sky"",
        ""end_anchor"": ""gate"",
        ""motion"": ""unknown"",
        ""duration_sec"": null,
        ""notes"": ""movement implied by text""
      },
      {
        ""actor"": ""Spirit of the Sky"",
        ""start_anchor"": ""gate"",
        ""end_anchor"": ""earth"",
        ""motion"": ""unknown"",
        ""duration_sec"": null,
        ""notes"": ""movement implied by text""
      }
    ]
  }
}
```"
15,segment_011,segment,DONE,C:\Users\sasch\visionexe\stories\template\filmsets\story_015\segment_011\segment.txt,"```json
{
  ""actors"": [],
  ""props"": [],
  ""environments"": [],
  ""scenes"": [
    {
      ""title"": ""Chapter 15 Segment 11"",
      ""location"": null,
      ""action"": null,
      ""actorsInvolved"": []
    }
  ],
  ""blocking"": {
    ""anchors"": [],
    ""paths"": []
  }
}
```"
15,segment_012,segment,DONE,C:\Users\sasch\visionexe\stories\template\filmsets\story_015\segment_012\segment.txt,"```json
{
  ""actors"": [],
  ""props"": [],
  ""environments"": [],
  ""scenes"": [],
  ""blocking"": {
    ""anchors"": [],
    ""paths"": []
  }
}
```"
16,segment_001,segment,DONE,C:\Users\sasch\visionexe\stories\template\filmsets\story_016\segment_001\segment.txt,"```json
{
  ""actors"": [],
  ""props"": [],
  ""environments"": [
    {
      ""name"": ""ዐባይ"",
      ""visualTraits"": null,
      ""changes"": null,
      ""role"": ""sky""
    },
    {
      ""name"": ""ዐቢይ"",
      ""visualTraits"": null,
      ""changes"": null,
      ""role"": ""earth""
    }
  ],
  ""scenes"": [
    {
      ""title"": ""Creation Verse"",
      ""location"": ""unknown"",
      ""action"": ""poetic description of creation"",
      ""actorsInvolved"": []
    }
  ],
  ""blocking"": {
    ""anchors"": [],
    ""paths"": []
  }
}
```"
16,segment_002,segment,DONE,C:\Users\sasch\visionexe\stories\template\filmsets\story_016\segment_002\segment.txt,"{""actors"":[],""props"":[],""environments"":[],""scenes"":[],""blocking"":{""anchors"":[],""paths"":[]}}"
16,segment_003,segment,DONE,C:\Users\sasch\visionexe\stories\template\filmsets\story_016\segment_003\segment.txt,"```json
{
  ""actors"": [],
  ""props"": [],
  ""environments"": [
    {
      ""name"": ""ሰማይ"",
      ""visualTraits"": ""expansive, blue"",
      ""changes"": null,
      ""role"": ""setting""
    },
    {
      ""name"": ""ምድር"",
      ""visualTraits"": ""solid, ground"",
      ""changes"": null,
      ""role"": ""setting""
    }
  ],
  ""scenes"": [
    {
      ""title"": ""Chapter 16 Segment 3"",
      ""location"": ""sky and earth"",
      ""action"": ""unknown"",
      ""actorsInvolved"": []
    }
  ],
  ""blocking"": {
    ""anchors"": [],
    ""paths"": []
  }
}
```"
16,segment_004,segment,DONE,C:\Users\sasch\visionexe\stories\template\filmsets\story_016\segment_004\segment.txt,"```json
{
  ""actors"": [],
  ""props"": [],
  ""environments"": [],
  ""scenes"": [],
  ""blocking"": {
    ""anchors"": [],
    ""paths"": []
  }
}
```"
17,segment_001,segment,DONE,C:\Users\sasch\visionexe\stories\template\filmsets\story_017\segment_001\segment.txt,"```json
{
  ""actors"": [],
  ""props"": [],
  ""environments"": [],
  ""scenes"": [],
  ""blocking"": {
    ""anchors"": [],
    ""paths"": []
  }
}
```"
17,segment_002,segment,DONE,C:\Users\sasch\visionexe\stories\template\filmsets\story_017\segment_002\segment.txt,"```json
{
  ""actors"": [],
  ""props"": [],
  ""environments"": [
    {
      ""name"": ""መን"",
      ""visualTraits"": null,
      ""changes"": null,
      ""role"": ""setting""
    },
    {
      ""name"": ""ደብር"",
      ""visualTraits"": null,
      ""changes"": null,
      ""role"": ""setting""
    },
    {
      ""name"": ""ሰማይ"",
      ""visualTraits"": null,
      ""changes"": null,
      ""role"": ""setting""
    }
  ],
  ""scenes"": [
    {
      ""title"": ""Chapter 17 Segment 2"",
      ""location"": null,
      ""action"": null,
      ""actorsInvolved"": []
    }
  ],
  ""blocking"": {
    ""anchors"": [
      {
        ""id"": ""a1"",
        ""description"": ""inside world""
      },
      {
        ""id"": ""a2"",
        ""description"": ""inside stone""
      },
      {
        ""id"": ""a3"",
        ""description"": ""inside sky""
      }
    ],
    ""paths"": []
  }
}
```"
17,segment_003,segment,DONE,C:\Users\sasch\visionexe\stories\template\filmsets\story_017\segment_003\segment.txt,"```json
{
  ""actors"": [],
  ""props"": [
    {
      ""name"": ""fire"",
      ""visualTraits"": [],
      ""changes"": [],
      ""role"": ""source of heat""
    }
  ],
  ""environments"": [],
  ""scenes"": [
    {
      ""title"": ""Line 1"",
      ""location"": ""unknown"",
      ""action"": ""fire present"",
      ""actorsInvolved"": []
    },
    {
      ""title"": ""Line 2"",
      ""location"": ""unknown"",
      ""action"": ""fire present"",
      ""actorsInvolved"": []
    },
    {
      ""title"": ""Line 3"",
      ""location"": ""unknown"",
      ""action"": ""fire present"",
      ""actorsInvolved"": []
    },
    {
      ""title"": ""Line 4"",
      ""location"": ""unknown"",
      ""action"": ""fire present"",
      ""actorsInvolved"": []
    },
    {
      ""title"": ""Line 5"",
      ""location"": ""unknown"",
      ""action"": ""fire present"",
      ""actorsInvolved"": []
    }
  ],
  ""blocking"": {
    ""anchors"": [],
    ""paths"": []
  }
}
```"
17,segment_004,segment,DONE,C:\Users\sasch\visionexe\stories\template\filmsets\story_017\segment_004\segment.txt,"```json
{
  ""actors"": [
    {
      ""name"": ""ወነሥኡኒ"",
      ""visualTraits"": ""unknown"",
      ""changes"": null,
      ""role"": ""unknown""
    }
  ],
  ""props"": [
    {
      ""name"": ""እሳተ"",
      ""visualTraits"": ""fire"",
      ""changes"": null,
      ""role"": ""environmental element""
    },
    {
      ""name"": ""ፀሐይ"",
      ""visualTraits"": ""sun"",
      ""changes"": null,
      ""role"": ""environmental element""
    }
  ],
  ""environments"": [
    {
      ""name"": ""ዐረብ"",
      ""visualTraits"": ""desert"",
      ""changes"": null,
      ""role"": ""setting""
    }
  ],
  ""scenes"": [
    {
      ""title"": ""Chapter 17 Segment 4"",
      ""location"": ""ዐረብ"",
      ""action"": ""fire of the desert and the sun"",
      ""actorsInvolved"": [""ወነሥኡኒ""]
    }
  ],
  ""blocking"": {
    ""anchors"": [],
    ""paths"": []
  }
}
```"
17,segment_005,segment,DONE,C:\Users\sasch\visionexe\stories\template\filmsets\story_017\segment_005\segment.txt,"```json
{
  ""actors"": [
    {
      ""name"": ""ወመጻእኩ"",
      ""visualTraits"": null,
      ""changes"": null,
      ""role"": ""unknown""
    },
    {
      ""name"": ""እስ፡ፈለገ"",
      ""visualTraits"": null,
      ""changes"": null,
      ""role"": ""unknown""
    },
    {
      ""name"": ""ዘይውኅዝ"",
      ""visualTraits"": null,
      ""changes"": null,
      ""role"": ""unknown""
    },
    {
      ""name"": ""ወይትዐው"",
      ""visualTraits"": null,
      ""changes"": null,
      ""role"": ""unknown""
    },
    {
      ""name"": ""ዐቢይ"",
      ""visualTraits"": null,
      ""changes"": null,
      ""role"": ""unknown""
    },
    {
      ""name"": ""መንገለ"",
      ""visualTraits"": null,
      ""changes"": null,
      ""role"": ""unknown""
    },
    {
      ""name"": ""ዐረብ"",
      ""visualTraits"": null,
      ""changes"": null,
      ""role"": ""unknown""
    }
  ],
  ""props"": [
    {
      ""name"": ""እሳት"",
      ""visualTraits"": ""fire"",
      ""changes"": null,
      ""role"": ""prop""
    },
    {
      ""name"": ""እሳቱ"",
      ""visualTraits"": ""fire"",
      ""changes"": null,
      ""role"": ""prop""
    },
    {
      ""name"": ""መ፡ማይ"",
      ""visualTraits"": ""water"",
      ""changes"": null,
      ""role"": ""prop""
    }
  ],
  ""environments"": [
    {
      ""name"": ""ባሕር"",
      ""visualTraits"": ""sea"",
      ""changes"": null,
      ""role"": ""environment""
    }
  ],
  ""scenes"": [
    {
      ""title"": ""Chapter 17 Segment 5"",
      ""location"": ""unknown"",
      ""action"": ""Observational description of fire and sea"",
      ""actorsInvolved"": [
        ""ወመጻእኩ"",
        ""እስ፡ፈለገ"",
        ""ዘይውኅዝ"",
        ""ወይትዐው"",
        ""ዐቢይ"",
        ""መንገለ"",
        ""ዐረብ""
      ]
    }
  ],
  ""blocking"": {
    ""anchors"": [
      {
        ""id"": ""anchor1"",
        ""description"": ""center of stage""
      }
    ],
    ""paths"": []
  }
}
```"
17,segment_006,segment,DONE,C:\Users\sasch\visionexe\stories\template\filmsets\story_017\segment_006\segment.txt,"{""actors"":[],""props"":[],""environments"":[],""scenes"":[],""blocking"":{""anchors"":[],""paths"":[]}}"
17,segment_007,segment,DONE,C:\Users\sasch\visionexe\stories\template\filmsets\story_017\segment_007\segment.txt,"```json
{
  ""actors"": [],
  ""props"": [],
  ""environments"": [],
  ""scenes"": [],
  ""blocking"": {
    ""anchors"": [],
    ""paths"": []
  }
}
```"
17,segment_008,segment,DONE,C:\Users\sasch\visionexe\stories\template\filmsets\story_017\segment_008\segment.txt,"{
  ""actors"": [],
  ""props"": [],
  ""environments"": [],
  ""scenes"": [],
  ""blocking"": {
    ""anchors"": [],
    ""paths"": []
  }
}"
18,segment_001,segment,DONE,C:\Users\sasch\visionexe\stories\template\filmsets\story_018\segment_001\segment.txt,"```json
{
  ""actors"": [
    {
      ""name"": ""ወርኢኩ"",
      ""visualTraits"": ""unknown"",
      ""changes"": null,
      ""role"": ""unknown""
    },
    {
      ""name"": ""ሰርገወ"",
      ""visualTraits"": ""unknown"",
      ""changes"": null,
      ""role"": ""unknown""
    }
  ],
  ""props"": [
    {
      ""name"": ""ፍጥረተ"",
      ""visualTraits"": ""unknown"",
      ""changes"": null,
      ""role"": ""unknown""
    }
  ],
  ""environments"": [
    {
      ""name"": ""ነፋሳት"",
      ""visualTraits"": ""wind"",
      ""changes"": null,
      ""role"": ""environment""
    },
    {
      ""name"": ""ለምድር"",
      ""visualTraits"": ""earth"",
      ""changes"": null,
      ""role"": ""environment""
    }
  ],
  ""scenes"": [
    {
      ""title"": ""Line 1"",
      ""location"": ""unknown"",
      ""action"": ""ወርኢኩ፡መዛግብተ፡"",
      ""actorsInvolved"": [""ወርኢኩ""]
    },
    {
      ""title"": ""Line 2"",
      ""location"": ""unknown"",
      ""action"": ""ነፋሳት፨ወርኢኩ፡መ፡ቦሙ፡"",
      ""actorsInvolved"": [""ወርኢኩ""]
    },
    {
      ""title"": ""Line 3"",
      ""location"": ""unknown"",
      ""action"": ""ሰርገወ፡ሎ፡ፍጥረተ፡"",
      ""actorsInvolved"": [""ሰርገወ""]
    },
    {
      ""title"": ""Line 4"",
      ""location"": ""unknown"",
      ""action"": ""ወመሰረታቲሃ፡ለምድር፨"",
      ""actorsInvolved"": []
    }
  ],
  ""blocking"": {
    ""anchors"": [],
    ""paths"": []
  }
}
```"
18,segment_002,segment,DONE,C:\Users\sasch\visionexe\stories\template\filmsets\story_018\segment_002\segment.txt,"```json
{
  ""actors"": [
    {
      ""name"": ""ነፋሳተ"",
      ""visualTraits"": null,
      ""changes"": null,
      ""role"": ""wind""
    },
    {
      ""name"": ""ወርኢኩ"",
      ""visualTraits"": null,
      ""changes"": null,
      ""role"": ""unknown""
    },
    {
      ""name"": ""እብነ"",
      ""visualTraits"": null,
      ""changes"": null,
      ""role"": ""unknown""
    },
    {
      ""name"": ""ርባዕተ"",
      ""visualTraits"": null,
      ""changes"": null,
      ""role"": ""unknown""
    },
    {
      ""name"": ""ወለጽንዐ"",
      ""visualTraits"": null,
      ""changes"": null,
      ""role"": ""unknown""
    }
  ],
  ""props"": [],
  ""environments"": [
    {
      ""name"": ""ምድር"",
      ""visualTraits"": null,
      ""changes"": null,
      ""role"": ""earth""
    },
    {
      ""name"": ""ሰማይ"",
      ""visualTraits"": null,
      ""changes"": null,
      ""role"": ""sky""
    }
  ],
  ""scenes"": [
    {
      ""title"": ""Wind's Journey"",
      ""location"": ""from ምድር to ሰማይ"",
      ""action"": ""ነፋሳተ moves from the earth to the sky"",
      ""actorsInvolved"": [""ነፋሳተ""]
    }
  ],
  ""blocking"": {
    ""anchors"": [
      {
        ""id"": ""anchor1"",
        ""description"": ""ምድር (earth)""
      },
      {
        ""id"": ""anchor2"",
        ""description"": ""ሰማይ (sky)""
      }
    ],
    ""paths"": [
      {
        ""actor"": ""ነፋሳተ"",
        ""start_anchor"": ""anchor1"",
        ""end_anchor"": ""anchor2"",
        ""motion"": ""unknown"",
        ""duration_sec"": null,
        ""notes"": null
      }
    ]
  }
}
```"
18,segment_003,segment,DONE,C:\Users\sasch\visionexe\stories\template\filmsets\story_018\segment_003\segment.txt,"```json
{
  ""actors"": [
    {
      ""name"": ""wind"",
      ""visualTraits"": ""invisible, moving air"",
      ""changes"": null,
      ""role"": ""environmental element""
    },
    {
      ""name"": ""breath"",
      ""visualTraits"": ""invisible, subtle"",
      ""changes"": null,
      ""role"": ""environmental element""
    }
  ],
  ""props"": [],
  ""environments"": [
    {
      ""name"": ""sky"",
      ""visualTraits"": ""vast, blue"",
      ""changes"": null,
      ""role"": ""setting""
    },
    {
      ""name"": ""earth"",
      ""visualTraits"": ""ground, terrestrial"",
      ""changes"": null,
      ""role"": ""setting""
    }
  ],
  ""scenes"": [
    {
      ""title"": ""Chant of Sky and Wind"",
      ""location"": ""sky/earth"",
      ""action"": ""chanting"",
      ""actorsInvolved"": [""wind"", ""breath""]
    }
  ],
  ""blocking"": {
    ""anchors"": [
      {
        ""id"": ""anchor_sky"",
        ""description"": ""sky""
      },
      {
        ""id"": ""anchor_earth"",
        ""description"": ""earth""
      }
    ],
    ""paths"": []
  }
}
```"
18,segment_004,segment,DONE,C:\Users\sasch\visionexe\stories\template\filmsets\story_018\segment_004\segment.txt,"```json
{
  ""actors"": [],
  ""props"": [],
  ""environments"": [
    {
      ""name"": ""wind"",
      ""visualTraits"": null,
      ""changes"": null,
      ""role"": ""environment""
    },
    {
      ""name"": ""sky"",
      ""visualTraits"": null,
      ""changes"": null,
      ""role"": ""environment""
    },
    {
      ""name"": ""sun"",
      ""visualTraits"": null,
      ""changes"": null,
      ""role"": ""environment""
    }
  ],
  ""scenes"": [
    {
      ""title"": ""Chant to Wind, Sky, and Sun"",
      ""location"": null,
      ""action"": ""chanting"",
      ""actorsInvolved"": []
    }
  ],
  ""blocking"": {
    ""anchors"": [],
    ""paths"": []
  }
}
```"
18,segment_005,segment,DONE,C:\Users\sasch\visionexe\stories\template\filmsets\story_018\segment_005\segment.txt,"```json
{
  ""actors"": [
    {
      ""name"": ""ወርኢኩ"",
      ""visualTraits"": null,
      ""changes"": null,
      ""role"": ""character""
    },
    {
      ""name"": ""ዘዲ"",
      ""visualTraits"": null,
      ""changes"": null,
      ""role"": ""character""
    },
    {
      ""name"": ""ፍናወ"",
      ""visualTraits"": null,
      ""changes"": null,
      ""role"": ""character""
    },
    {
      ""name"": ""መላእት"",
      ""visualTraits"": null,
      ""changes"": null,
      ""role"": ""angel""
    },
    {
      ""name"": ""ርኢኩ"",
      ""visualTraits"": null,
      ""changes"": null,
      ""role"": ""character""
    },
    {
      ""name"": ""ወኅለፍኩ"",
      ""visualTraits"": null,
      ""changes"": null,
      ""role"": ""character""
    },
    {
      ""name"": ""ዜብ"",
      ""visualTraits"": null,
      ""changes"": null,
      ""role"": ""character""
    },
    {
      ""name"": ""ወሌሊተ"",
      ""visualTraits"": null,
      ""changes"": null,
      ""role"": ""character""
    },
    {
      ""name"": ""ቡር"",
      ""visualTraits"": null,
      ""changes"": null,
      ""role"": ""character""
    },
    {
      ""name"": ""ጽባሕ"",
      ""visualTraits"": null,
      ""changes"": null,
      ""role"": ""character""
    }
  ],
  ""props"": [],
  ""environments"": [],
  ""scenes"": [
    {
      ""title"": ""Verse 1"",
      ""location"": null,
      ""action"": null,
      ""actorsInvolved"": [""ወርኢኩ"", ""ዘዲ""]
    },
    {
      ""title"": ""Verse 2"",
      ""location"": null,
      ""action"": null,
      ""actorsInvolved"": [""ወርኢኩ""]
    },
    {
      ""title"": ""Verse 3"",
      ""location"": null,
      ""action"": null,
      ""actorsInvolved"": [""ፍናወ"", ""መላእት"", ""ርኢኩ""]
    },
    {
      ""title"": ""Verse 4"",
      ""location"": null,
      ""action"": null,
      ""actorsInvolved"": []
    },
    {
      ""title"": ""Verse 5"",
      ""location"": null,
      ""action"": null,
      ""actorsInvolved"": [""ወኅለፍኩ""]
    },
    {
      ""title"": ""Verse 6"",
      ""location"": null,
      ""action"": null,
      ""actorsInvolved"": [""ዜብ""]
    },
    {
      ""title"": ""Verse 7"",
      ""location"": null,
      ""action"": null,
      ""actorsInvolved"": [""ወሌሊተ""]
    },
    {
      ""title"": ""Verse 8"",
      ""location"": null,
      ""action"": null,
      ""actorsInvolved"": [""ቡር""]
    },
    {
      ""title"": ""Verse 9"",
      ""location"": null,
      ""action"": null,
      ""actorsInvolved"": [""ጽባሕ""]
    },
    {
      ""title"": ""Verse 10"",
      ""location"": null,
      ""action"": null,
      ""actorsInvolved"": [""ዜብ""]
    }
  ],
  ""blocking"": {
    ""anchors"": [],
    ""paths"": []
  }
}
```"
18,segment_006,segment,DONE,C:\Users\sasch\visionexe\stories\template\filmsets\story_018\segment_006\segment.txt,"```json
{
  ""actors"": [
    {""name"": ""ወመንገለ"", ""visualTraits"": [], ""changes"": [], ""role"": ""unknown""},
    {""name"": ""ጽባሕሰ"", ""visualTraits"": [], ""changes"": [], ""role"": ""unknown""},
    {""name"": ""ዘእምእብነ"", ""visualTraits"": [], ""changes"": [], ""role"": ""unknown""},
    {""name"": ""ኅብር"", ""visualTraits"": [], ""changes"": [], ""role"": ""unknown""},
    {""name"": ""ወ፩ሰ"", ""visualTraits"": [], ""changes"": [], ""role"": ""unknown""},
    {""name"": ""ባሕርይ"", ""visualTraits"": [], ""changes"": [], ""role"": ""unknown""},
    {""name"": ""ወ፩ኒ"", ""visualTraits"": [], ""changes"": [], ""role"": ""unknown""},
    {""name"": ""እምእብነ"", ""visualTraits"": [], ""changes"": [], ""role"": ""unknown""},
    {""name"": ""ፈውስ"", ""visualTraits"": [], ""changes"": [], ""role"": ""unknown""},
    {""name"": ""ወዘመንገለ"", ""visualTraits"": [], ""changes"": [], ""role"": ""unknown""},
    {""name"": ""ዜብ"", ""visualTraits"": [], ""changes"": [], ""role"": ""unknown""},
    {""name"": ""እምእብን"", ""visualTraits"": [], ""changes"": [], ""role"": ""unknown""},
    {""name"": ""ቀይሕ"", ""visualTraits"": [], ""changes"": [], ""role"": ""unknown""}
  ],
  ""props"": [],
  ""environments"": [],
  ""scenes"": [
    {
      ""title"": ""Verse 1"",
      ""location"": ""unknown"",
      ""action"": ""unknown"",
      ""actorsInvolved"": [""ወመንገለ"", ""ጽባሕሰ"", ""ዘእምእብነ""]
    },
    {
      ""title"": ""Verse 2"",
      ""location"": ""unknown"",
      ""action"": ""unknown"",
      ""actorsInvolved"": [""ኅብር"", ""ወ፩ሰ"", ""ዘእምእብነ""]
    },
    {
      ""title"": ""Verse 3"",
      ""location"": ""unknown"",
      ""action"": ""unknown"",
      ""actorsInvolved"": [""ባሕርይ"", ""ወ፩ኒ"", ""እምእብነ"", ""ፈውስ""]
    },
    {
      ""title"": ""Verse 4"",
      ""location"": ""unknown"",
      ""action"": ""unknown"",
      ""actorsInvolved"": [""ወዘመንገለ"", ""ዜብ"", ""እምእብን""]
    },
    {
      ""title"": ""Verse 5"",
      ""location"": ""unknown"",
      ""action"": ""unknown"",
      ""actorsInvolved"": [""ቀይሕ""]
    }
  ],
  ""blocking"": {
    ""anchors"": [],
    ""paths"": []
  }
}
```"
18,segment_007,segment,DONE,C:\Users\sasch\visionexe\stories\template\filmsets\story_018\segment_007\segment.txt,"```json
{
  ""actors"": [
    {
      ""name"": ""እግዚብ"",
      ""visualTraits"": null,
      ""changes"": null,
      ""role"": ""deity""
    },
    {
      ""name"": ""ሰንፔር"",
      ""visualTraits"": null,
      ""changes"": null,
      ""role"": ""spirit""
    }
  ],
  ""props"": [],
  ""environments"": [
    {
      ""name"": ""ሰማይ"",
      ""visualTraits"": null,
      ""changes"": null,
      ""role"": ""sky""
    },
    {
      ""name"": ""ወድማሑ"",
      ""visualTraits"": null,
      ""changes"": null,
      ""role"": ""gate""
    }
  ],
  ""scenes"": [
    {
      ""title"": ""Chant Segment 7"",
      ""location"": ""unknown"",
      ""action"": ""Praise to God"",
      ""actorsInvolved"": [""እግዚብ"", ""ሰንፔር""]
    }
  ],
  ""blocking"": {
    ""anchors"": [
      {
        ""id"": ""A1"",
        ""description"": ""sky""
      },
      {
        ""id"": ""A2"",
        ""description"": ""gate""
      }
    ],
    ""paths"": []
  }
}
```"
18,segment_008,segment,DONE,C:\Users\sasch\visionexe\stories\template\filmsets\story_018\segment_008\segment.txt,"```json
{
  ""actors"": [],
  ""props"": [],
  ""environments"": [],
  ""scenes"": [],
  ""blocking"": {
    ""anchors"": [],
    ""paths"": []
  }
}
```"
18,segment_009,segment,DONE,C:\Users\sasch\visionexe\stories\template\filmsets\story_018\segment_009\segment.txt,"```json
{
  ""actors"": [
    {
      ""name"": ""ወርኢኩ"",
      ""visualTraits"": null,
      ""changes"": null,
      ""role"": ""unknown""
    },
    {
      ""name"": ""ህየ"",
      ""visualTraits"": null,
      ""changes"": null,
      ""role"": ""unknown""
    },
    {
      ""name"": ""መነ"",
      ""visualTraits"": null,
      ""changes"": null,
      ""role"": ""unknown""
    },
    {
      ""name"": ""ማዕዶቱ"",
      ""visualTraits"": null,
      ""changes"": null,
      ""role"": ""unknown""
    },
    {
      ""name"": ""ለውእቱ"",
      ""visualTraits"": null,
      ""changes"": null,
      ""role"": ""unknown""
    },
    {
      ""name"": ""ዐቢይ"",
      ""visualTraits"": null,
      ""changes"": null,
      ""role"": ""unknown""
    },
    {
      ""name"": ""ምድር"",
      ""visualTraits"": null,
      ""changes"": null,
      ""role"": ""unknown""
    },
    {
      ""name"": ""ይትጋብኡ"",
      ""visualTraits"": null,
      ""changes"": null,
      ""role"": ""unknown""
    },
    {
      ""name"": ""ማያት"",
      ""visualTraits"": null,
      ""changes"": null,
      ""role"": ""unknown""
    }
  ],
  ""props"": [],
  ""environments"": [
    {
      ""name"": ""ማዕዶቱ"",
      ""visualTraits"": null,
      ""changes"": null,
      ""role"": ""environment""
    },
    {
      ""name"": ""ለውእቱ"",
      ""visualTraits"": null,
      ""changes"": null,
      ""role"": ""environment""
    },
    {
      ""name"": ""ምድር"",
      ""visualTraits"": null,
      ""changes"": null,
      ""role"": ""environment""
    }
  ],
  ""scenes"": [
    {
      ""title"": ""Chapter 18 Segment 9"",
      ""location"": null,
      ""action"": ""Verse: ወርኢኩ፡ህየ፡መነ፡ማዕዶቱ፡ ለውእቱ፡ዐቢይ፡ምድር፡ህየ፡ ይትጋብኡ፡ማያት"",
      ""actorsInvolved"": [
        ""ወርኢኩ"",
        ""ህየ"",
        ""መነ"",
        ""ማዕዶቱ"",
        ""ለውእቱ"",
        ""ዐቢይ"",
        ""ምድር"",
        ""ይትጋብኡ"",
        ""ማያት""
      ]
    }
  ],
  ""blocking"": {
    ""anchors"": [
      {
        ""id"": ""gate"",
        ""description"": ""ለውእቱ (gate)""
      },
      {
        ""id"": ""mountain"",
        ""description"": ""ማዕዶቱ (mountain)""
      },
      {
        ""id"": ""earth"",
        ""description"": ""ምድር (earth)""
      }
    ],
    ""paths"": []
  }
}
```"
18,segment_010,segment,DONE,C:\Users\sasch\visionexe\stories\template\filmsets\story_018\segment_010\segment.txt,"```json
{
  ""actors"": [
    {
      ""name"": ""Moon"",
      ""visualTraits"": null,
      ""changes"": null,
      ""role"": ""natural element""
    },
    {
      ""name"": ""Fire"",
      ""visualTraits"": null,
      ""changes"": null,
      ""role"": ""natural element""
    },
    {
      ""name"": ""Wind"",
      ""visualTraits"": null,
      ""changes"": null,
      ""role"": ""natural element""
    },
    {
      ""name"": ""Sun"",
      ""visualTraits"": null,
      ""changes"": null,
      ""role"": ""natural element""
    }
  ],
  ""props"": [
    {
      ""name"": ""Path"",
      ""visualTraits"": null,
      ""changes"": null,
      ""role"": ""abstract""
    },
    {
      ""name"": ""Message"",
      ""visualTraits"": null,
      ""changes"": null,
      ""role"": ""abstract""
    }
  ],
  ""environments"": [
    {
      ""name"": ""Earth"",
      ""visualTraits"": null,
      ""changes"": null,
      ""role"": ""location""
    },
    {
      ""name"": ""Sky"",
      ""visualTraits"": null,
      ""changes"": null,
      ""role"": ""location""
    },
    {
      ""name"": ""Temple Interior"",
      ""visualTraits"": null,
      ""changes"": null,
      ""role"": ""location""
    }
  ],
  ""scenes"": [
    {
      ""title"": ""Moon at Night of Earth"",
      ""location"": ""Earth"",
      ""action"": ""Moon is present at night"",
      ""actorsInvolved"": [""Moon""]
    },
    {
      ""title"": ""I am for the Fire"",
      ""location"": ""Fire"",
      ""action"": ""Moon is for the fire"",
      ""actorsInvolved"": [""Fire""]
    },
    {
      ""title"": ""Moon inside the Temple"",
      ""location"": ""Temple Interior"",
      ""action"": ""Moon is inside the temple"",
      ""actorsInvolved"": [""Moon""]
    },
    {
      ""title"": ""Sky with Fire"",
      ""location"": ""Sky"",
      ""action"": ""Fire present in the sky"",
      ""actorsInvolved"": [""Fire""]
    },
    {
      ""title"": ""Wind"",
      ""location"": ""Wind"",
      ""action"": ""Wind present"",
      ""actorsInvolved"": [""Wind""]
    },
    {
      ""title"": ""Path, Message"",
      ""location"": ""Path"",
      ""action"": ""Message present on the path"",
      ""actorsInvolved"": [""Path"", ""Message""]
    },
    {
      ""title"": ""Path, Sun"",
      ""location"": ""Path"",
      ""action"": ""Sun present on the path"",
      ""actorsInvolved"": [""Path"", ""Sun""]
    }
  ],
  ""blocking"": {
    ""anchors"": [
      {
        ""id"": ""Earth"",
        ""description"": ""Earth surface""
      },
      {
        ""id"": ""Sky"",
        ""description"": ""Sky above""
      },
      {
        ""id"": ""TempleInterior"",
        ""description"": ""Inside the temple""
      }
    ],
    ""paths"": []
  }
}
```"
18,segment_011,segment,DONE,C:\Users\sasch\visionexe\stories\template\filmsets\story_018\segment_011\segment.txt,"```json
{
  ""actors"": [],
  ""props"": [],
  ""environments"": [
    {
      ""name"": ""ሰማይ"",
      ""visualTraits"": null,
      ""changes"": null,
      ""role"": ""natural element""
    },
    {
      ""name"": ""ምድር"",
      ""visualTraits"": null,
      ""changes"": null,
      ""role"": ""natural element""
    },
    {
      ""name"": ""ውእቱ"",
      ""visualTraits"": null,
      ""changes"": null,
      ""role"": ""natural element""
    }
  ],
  ""scenes"": [
    {
      ""title"": ""Chapter 18 Segment 11"",
      ""location"": ""sky and earth"",
      ""action"": ""unknown"",
      ""actorsInvolved"": []
    }
  ],
  ""blocking"": {
    ""anchors"": [],
    ""paths"": []
  }
}
```"
18,segment_012,segment,DONE,C:\Users\sasch\visionexe\stories\template\filmsets\story_018\segment_012\segment.txt,"{
  ""actors"": [],
  ""props"": [],
  ""environments"": [],
  ""scenes"": [],
  ""blocking"": {
    ""anchors"": [],
    ""paths"": []
  }
}"
18,segment_013,segment,DONE,C:\Users\sasch\visionexe\stories\template\filmsets\story_018\segment_013\segment.txt,"```json
{
  ""actors"": [],
  ""props"": [],
  ""environments"": [
    {
      ""name"": ""heavens"",
      ""visualTraits"": null,
      ""changes"": null,
      ""role"": ""ambient""
    },
    {
      ""name"": ""earth"",
      ""visualTraits"": null,
      ""changes"": null,
      ""role"": ""ambient""
    },
    {
      ""name"": ""house of death"",
      ""visualTraits"": null,
      ""changes"": null,
      ""role"": ""ambient""
    }
  ],
  ""scenes"": [
    {
      ""title"": ""Chapter 18 Segment 13"",
      ""location"": ""heavens and earth"",
      ""action"": [
        ""ይቤ፡መል፡ዝውእቱ፡መነ፡"",
        ""ተፍጻሜቱ፡ለሰማይ፡"",
        ""ወለምድር፨ቤተ፡ሞቅሕ፡"",
        ""ኖሙ፡ዝንቱ፡ለዋብት፡"",
        ""ወለኀይለ፡ሰማይ፨""
      ],
      ""actorsInvolved"": []
    }
  ],
  ""blocking"": {
    ""anchors"": [
      {
        ""id"": ""A1"",
        ""description"": ""heavens""
      },
      {
        ""id"": ""A2"",
        ""description"": ""earth""
      },
      {
        ""id"": ""A3"",
        ""description"": ""house of death""
      }
    ],
    ""paths"": []
  }
}
```"
18,segment_014,segment,DONE,C:\Users\sasch\visionexe\stories\template\filmsets\story_018\segment_014\segment.txt,"```json
{
  ""actors"": [
    {
      ""name"": ""ወዋብት"",
      ""visualTraits"": null,
      ""changes"": null,
      ""role"": ""unknown""
    },
    {
      ""name"": ""ዲ"",
      ""visualTraits"": null,
      ""changes"": null,
      ""role"": ""unknown""
    },
    {
      ""name"": ""ወእሉ"",
      ""visualTraits"": null,
      ""changes"": null,
      ""role"": ""unknown""
    },
    {
      ""name"": ""ውእቶሙ"",
      ""visualTraits"": null,
      ""changes"": null,
      ""role"": ""unknown""
    },
    {
      ""name"": ""እግዚብሔር"",
      ""visualTraits"": null,
      ""changes"": null,
      ""role"": ""deity""
    },
    {
      ""name"": ""ጽባሖሙ"",
      ""visualTraits"": null,
      ""changes"": null,
      ""role"": ""unknown""
    },
    {
      ""name"": ""ጊዜሆሙ"",
      ""visualTraits"": null,
      ""changes"": null,
      ""role"": ""unknown""
    }
  ],
  ""props"": [
    {
      ""name"": ""እሳት"",
      ""visualTraits"": ""flaming"",
      ""changes"": null,
      ""role"": ""environmental element""
    }
  ],
  ""environments"": [],
  ""scenes"": [
    {
      ""title"": ""Verse 1"",
      ""location"": ""unknown"",
      ""action"": ""unknown"",
      ""actorsInvolved"": [""ወዋብት""]
    },
    {
      ""title"": ""Verse 2"",
      ""location"": ""unknown"",
      ""action"": ""unknown"",
      ""actorsInvolved"": [""ዲ"", ""ወእሉ"", ""ውእቶሙ""]
    },
    {
      ""title"": ""Verse 3"",
      ""location"": ""unknown"",
      ""action"": ""unknown"",
      ""actorsInvolved"": []
    },
    {
      ""title"": ""Verse 4"",
      ""location"": ""unknown"",
      ""action"": ""unknown"",
      ""actorsInvolved"": [""እግዚብሔር""]
    },
    {
      ""title"": ""Verse 5"",
      ""location"": ""unknown"",
      ""action"": ""unknown"",
      ""actorsInvolved"": [""ጽባሖሙ""]
    },
    {
      ""title"": ""Verse 6"",
      ""location"": ""unknown"",
      ""action"": ""unknown"",
      ""actorsInvolved"": [""ጊዜሆሙ""]
    }
  ],
  ""blocking"": {
    ""anchors"": [],
    ""paths"": []
  }
}
```"
18,segment_015,segment,DONE,C:\Users\sasch\visionexe\stories\template\filmsets\story_018\segment_015\segment.txt,"```json
{
  ""actors"": [],
  ""props"": [],
  ""environments"": [],
  ""scenes"": [],
  ""blocking"": {
    ""anchors"": [],
    ""paths"": []
  }
}
```"
19,segment_001,segment,DONE,C:\Users\sasch\visionexe\stories\template\filmsets\story_019\segment_001\segment.txt,"```json
{
  ""actors"": [],
  ""props"": [],
  ""environments"": [],
  ""scenes"": [],
  ""blocking"": {
    ""anchors"": [],
    ""paths"": []
  }
}
```"
19,segment_002,segment,DONE,C:\Users\sasch\visionexe\stories\template\filmsets\story_019\segment_002\segment.txt,"```json
{
  ""actors"": [],
  ""props"": [],
  ""environments"": [],
  ""scenes"": [],
  ""blocking"": {
    ""anchors"": [],
    ""paths"": []
  }
}
```"
19,segment_003,segment,DONE,C:\Users\sasch\visionexe\stories\template\filmsets\story_019\segment_003\segment.txt,"```json
{
  ""actors"": [],
  ""props"": [],
  ""environments"": [],
  ""scenes"": [],
  ""blocking"": {
    ""anchors"": [],
    ""paths"": []
  }
}
```"
20,segment_001,segment,DONE,C:\Users\sasch\visionexe\stories\template\filmsets\story_020\segment_001\segment.txt,"```json
{
  ""actors"": [],
  ""props"": [],
  ""environments"": [],
  ""scenes"": [],
  ""blocking"": {
    ""anchors"": [],
    ""paths"": []
  }
}
```"
20,segment_002,segment,DONE,C:\Users\sasch\visionexe\stories\template\filmsets\story_020\segment_002\segment.txt,"```json
{
  ""actors"": [
    {
      ""name"": ""Uriel"",
      ""visualTraits"": null,
      ""changes"": null,
      ""role"": ""angel""
    },
    {
      ""name"": ""Emine Mel'ait"",
      ""visualTraits"": null,
      ""changes"": null,
      ""role"": ""unknown""
    },
    {
      ""name"": ""Qudusan"",
      ""visualTraits"": null,
      ""changes"": null,
      ""role"": ""unknown""
    },
    {
      ""name"": ""Isme"",
      ""visualTraits"": null,
      ""changes"": null,
      ""role"": ""unknown""
    },
    {
      ""name"": ""Zerem"",
      ""visualTraits"": null,
      ""changes"": null,
      ""role"": ""unknown""
    },
    {
      ""name"": ""Wezerad"",
      ""visualTraits"": null,
      ""changes"": null,
      ""role"": ""unknown""
    }
  ],
  ""props"": [],
  ""environments"": [],
  ""scenes"": [
    {
      ""title"": ""Verse 1"",
      ""location"": null,
      ""action"": null,
      ""actorsInvolved"": []
    },
    {
      ""title"": ""Verse 2"",
      ""location"": null,
      ""action"": null,
      ""actorsInvolved"": []
    },
    {
      ""title"": ""Verse 3"",
      ""location"": null,
      ""action"": null,
      ""actorsInvolved"": []
    }
  ],
  ""blocking"": {
    ""anchors"": [],
    ""paths"": []
  }
}
```"
20,segment_003,segment,DONE,C:\Users\sasch\visionexe\stories\template\filmsets\story_020\segment_003\segment.txt,"```json
{
  ""actors"": [
    {
      ""name"": ""ሩፋኤል"",
      ""visualTraits"": null,
      ""changes"": null,
      ""role"": ""unknown""
    },
    {
      ""name"": ""መላእት"",
      ""visualTraits"": null,
      ""changes"": null,
      ""role"": ""unknown""
    }
  ],
  ""props"": [],
  ""environments"": [],
  ""scenes"": [],
  ""blocking"": {
    ""anchors"": [],
    ""paths"": []
  }
}
```"
20,segment_004,segment,DONE,C:\Users\sasch\visionexe\stories\template\filmsets\story_020\segment_004\segment.txt,"```json
{
  ""actors"": [
    {
      ""name"": ""ራጉኤል"",
      ""visualTraits"": null,
      ""changes"": null,
      ""role"": null
    },
    {
      ""name"": ""እምነ"",
      ""visualTraits"": null,
      ""changes"": null,
      ""role"": null
    },
    {
      ""name"": ""መላእት"",
      ""visualTraits"": null,
      ""changes"": null,
      ""role"": null
    },
    {
      ""name"": ""ቅዱሳን"",
      ""visualTraits"": null,
      ""changes"": null,
      ""role"": null
    },
    {
      ""name"": ""ዘይትቤቀሎ"",
      ""visualTraits"": null,
      ""changes"": null,
      ""role"": null
    },
    {
      ""name"": ""ለዓለም"",
      ""visualTraits"": null,
      ""changes"": null,
      ""role"": null
    },
    {
      ""name"": ""ወለብርሃናት"",
      ""visualTraits"": null,
      ""changes"": null,
      ""role"": null
    }
  ],
  ""props"": [],
  ""environments"": [],
  ""scenes"": [],
  ""blocking"": {
    ""anchors"": [],
    ""paths"": []
  }
}
```"
20,segment_005,segment,DONE,C:\Users\sasch\visionexe\stories\template\filmsets\story_020\segment_005\segment.txt,"```json
{
  ""actors"": [
    {
      ""name"": ""Michael"",
      ""visualTraits"": [],
      ""changes"": [],
      ""role"": ""angel""
    },
    {
      ""name"": ""Sena"",
      ""visualTraits"": [],
      ""changes"": [],
      ""role"": ""unknown""
    },
    {
      ""name"": ""People"",
      ""visualTraits"": [],
      ""changes"": [],
      ""role"": ""audience""
    }
  ],
  ""props"": [],
  ""environments"": [],
  ""scenes"": [
    {
      ""title"": ""Chapter 20 Segment 5"",
      ""location"": null,
      ""action"": ""recitation of verses"",
      ""actorsInvolved"": [""Michael"", ""Sena"", ""People""]
    }
  ],
  ""blocking"": {
    ""anchors"": [],
    ""paths"": []
  }
}
```"
20,segment_006,segment,DONE,C:\Users\sasch\visionexe\stories\template\filmsets\story_020\segment_006\segment.txt,"```json
{
  ""actors"": [
    {
      ""name"": ""ሰረቃኤል"",
      ""visualTraits"": [],
      ""changes"": [],
      ""role"": ""unknown""
    },
    {
      ""name"": ""እምነ"",
      ""visualTraits"": [],
      ""changes"": [],
      ""role"": ""unknown""
    },
    {
      ""name"": ""መላእት"",
      ""visualTraits"": [],
      ""changes"": [],
      ""role"": ""unknown""
    },
    {
      ""name"": ""ቅዱሳን"",
      ""visualTraits"": [],
      ""changes"": [],
      ""role"": ""unknown""
    },
    {
      ""name"": ""ዘዲ"",
      ""visualTraits"": [],
      ""changes"": [],
      ""role"": ""unknown""
    },
    {
      ""name"": ""መናፍስተ"",
      ""visualTraits"": [],
      ""changes"": [],
      ""role"": ""unknown""
    },
    {
      ""name"": ""እጓለ"",
      ""visualTraits"": [],
      ""changes"": [],
      ""role"": ""unknown""
    },
    {
      ""name"": ""እመሕዯው"",
      ""visualTraits"": [],
      ""changes"": [],
      ""role"": ""unknown""
    },
    {
      ""name"": ""ዘመናፍስተ"",
      ""visualTraits"": [],
      ""changes"": [],
      ""role"": ""unknown""
    },
    {
      ""name"": ""ያኅጥኡ"",
      ""visualTraits"": [],
      ""changes"": [],
      ""role"": ""unknown""
    }
  ],
  ""props"": [],
  ""environments"": [],
  ""scenes"": [
    {
      ""title"": ""Chapter 20 Segment 6"",
      ""location"": null,
      ""action"": ""recitation of verse"",
      ""actorsInvolved"": [
        ""ሰረቃኤል"",
        ""እምነ"",
        ""መላእት"",
        ""ቅዱሳን"",
        ""ዘዲ"",
        ""መናፍስተ"",
        ""እጓለ"",
        ""እመሕዯው"",
        ""ዘመናፍስተ"",
        ""ያኅጥኡ""
      ]
    }
  ],
  ""blocking"": {
    ""anchors"": [],
    ""paths"": []
  }
}
```"
20,segment_007,segment,DONE,C:\Users\sasch\visionexe\stories\template\filmsets\story_020\segment_007\segment.txt,"```json
{
  ""actors"": [
    {
      ""name"": ""ገብርኤል"",
      ""visualTraits"": null,
      ""changes"": null,
      ""role"": null
    },
    {
      ""name"": ""እምነ"",
      ""visualTraits"": null,
      ""changes"": null,
      ""role"": null
    },
    {
      ""name"": ""መላእት"",
      ""visualTraits"": null,
      ""changes"": null,
      ""role"": null
    },
    {
      ""name"": ""ቅዱሳን"",
      ""visualTraits"": null,
      ""changes"": null,
      ""role"": null
    },
    {
      ""name"": ""ዘዲ"",
      ""visualTraits"": null,
      ""changes"": null,
      ""role"": null
    },
    {
      ""name"": ""ገነት"",
      ""visualTraits"": null,
      ""changes"": null,
      ""role"": null
    },
    {
      ""name"": ""ወዘይስት"",
      ""visualTraits"": null,
      ""changes"": null,
      ""role"": null
    },
    {
      ""name"": ""ወሩቤል"",
      ""visualTraits"": null,
      ""changes"": null,
      ""role"": null
    }
  ],
  ""props"": [],
  ""environments"": [],
  ""scenes"": [],
  ""blocking"": {
    ""anchors"": [],
    ""paths"": []
  }
}
```"
21,segment_001,segment,DONE,C:\Users\sasch\visionexe\stories\template\filmsets\story_021\segment_001\segment.txt,"{
  ""actors"": [],
  ""props"": [],
  ""environments"": [],
  ""scenes"": [],
  ""blocking"": {
    ""anchors"": [],
    ""paths"": []
  }
}"
21,segment_002,segment,DONE,C:\Users\sasch\visionexe\stories\template\filmsets\story_021\segment_002\segment.txt,"```json
{
  ""actors"": [],
  ""props"": [],
  ""environments"": [],
  ""scenes"": [],
  ""blocking"": {
    ""anchors"": [],
    ""paths"": []
  }
}
```"
21,segment_003,segment,DONE,C:\Users\sasch\visionexe\stories\template\filmsets\story_021\segment_003\segment.txt,"```json
{
  ""actors"": [],
  ""props"": [],
  ""environments"": [
    {
      ""name"": ""ሰማይ"",
      ""visualTraits"": [],
      ""changes"": [],
      ""role"": ""background""
    },
    {
      ""name"": ""እሱራን"",
      ""visualTraits"": [],
      ""changes"": [],
      ""role"": ""background""
    },
    {
      ""name"": ""ላዕሌሁ"",
      ""visualTraits"": [],
      ""changes"": [],
      ""role"": ""background""
    },
    {
      ""name"": ""ወዘእሳት"",
      ""visualTraits"": [],
      ""changes"": [],
      ""role"": ""background""
    }
  ],
  ""scenes"": [
    {
      ""title"": ""Chapter 21 Segment 3"",
      ""location"": null,
      ""action"": null,
      ""actorsInvolved"": []
    }
  ],
  ""blocking"": {
    ""anchors"": [],
    ""paths"": []
  }
}
```"
21,segment_004,segment,DONE,C:\Users\sasch\visionexe\stories\template\filmsets\story_021\segment_004\segment.txt,"```json
{
  ""actors"": [],
  ""props"": [],
  ""environments"": [],
  ""scenes"": [],
  ""blocking"": {
    ""anchors"": [],
    ""paths"": []
  }
}
```"
21,segment_005,segment,DONE,C:\Users\sasch\visionexe\stories\template\filmsets\story_021\segment_005\segment.txt,"```json
{
  ""actors"": [
    {
      ""name"": ""Uriel"",
      ""visualTraits"": [""angel"", ""holy""],
      ""changes"": [],
      ""role"": ""angel""
    },
    {
      ""name"": ""Weibeleni"",
      ""visualTraits"": [],
      ""changes"": [],
      ""role"": ""unknown""
    },
    {
      ""name"": ""Zemselye"",
      ""visualTraits"": [],
      ""changes"": [],
      ""role"": ""unknown""
    },
    {
      ""name"": ""Heno"",
      ""visualTraits"": [],
      ""changes"": [],
      ""role"": ""unknown""
    }
  ],
  ""props"": [],
  ""environments"": [],
  ""scenes"": [
    {
      ""title"": ""Verse 1"",
      ""location"": null,
      ""action"": ""ወይቤለኒ፡ኡርኤል፡፩እምነ፡"",
      ""actorsInvolved"": [""Weibeleni"", ""Uriel""]
    },
    {
      ""title"": ""Verse 2"",
      ""location"": null,
      ""action"": ""ቅዱሳን፡መላእት፡ዘምስሌየ፡"",
      ""actorsInvolved"": [""Zemselye""]
    },
    {
      ""title"": ""Verse 3"",
      ""location"": null,
      ""action"": ""ውእቱ፡ይመርሐኒ፡ወይቤ፡ሄኖ፡"",
      ""actorsInvolved"": [""Weibeleni"", ""Heno""]
    },
    {
      ""title"": ""Verse 4"",
      ""location"": null,
      ""action"": ""እንተ፡መኑ፡ትሴል፡ወእንተ፡"",
      ""actorsInvolved"": []
    },
    {
      ""title"": ""Verse 5"",
      ""location"": null,
      ""action"": ""መኑ፡ትሴል፡ወእንተ፡መኑ፡"",
      ""actorsInvolved"": []
    },
    {
      ""title"": ""Verse 6"",
      ""location"": null,
      ""action"": ""ትጤይቅ፡ወትስእል፡ወትጽህቅ ።"",
      ""actorsInvolved"": []
    }
  ],
  ""blocking"": {
    ""anchors"": [],
    ""paths"": []
  }
}
```"
21,segment_006,segment,DONE,C:\Users\sasch\visionexe\stories\template\filmsets\story_021\segment_006\segment.txt,"```json
{
  ""actors"": [
    {
      ""name"": ""እግዚብሔር"",
      ""visualTraits"": null,
      ""changes"": null,
      ""role"": ""deity/commanding""
    },
    {
      ""name"": ""እሉ"",
      ""visualTraits"": null,
      ""changes"": null,
      ""role"": ""speaker/subject""
    }
  ],
  ""props"": [],
  ""environments"": [
    {
      ""name"": ""ሰማይ"",
      ""visualTraits"": null,
      ""changes"": null,
      ""role"": ""sky""
    }
  ],
  ""scenes"": [
    {
      ""title"": ""Chapter 21 Segment 6"",
      ""location"": null,
      ""action"": ""እሉ ውእቶሙ እምነ፡ ዋብት ሰማይ እለ ኀለፉ፡ ትእዛዘ እግዚብሔር ወተስሩ፡ ዝየ እስ ሶ ይትፌጸም፡ ትእልፊተ ዓለም ኈልቈ፡ መዋዕለ ኃጢቶሙ፨"",
      ""actorsInvolved"": [""እግዚብሔር"", ""እሉ""]
    }
  ],
  ""blocking"": {
    ""anchors"": [],
    ""paths"": []
  }
}
```"
21,segment_007,segment,DONE,C:\Users\sasch\visionexe\stories\template\filmsets\story_021\segment_007\segment.txt,"{
  ""actors"": [],
  ""props"": [],
  ""environments"": [],
  ""scenes"": [],
  ""blocking"": {
    ""anchors"": [],
    ""paths"": []
  }
}"
21,segment_008,segment,DONE,C:\Users\sasch\visionexe\stories\template\filmsets\story_021\segment_008\segment.txt,"```json
{
  ""actors"": [],
  ""props"": [],
  ""environments"": [],
  ""scenes"": [],
  ""blocking"": {
    ""anchors"": [],
    ""paths"": []
  }
}
```"
21,segment_009,segment,DONE,C:\Users\sasch\visionexe\stories\template\filmsets\story_021\segment_009\segment.txt,"```json
{
  ""actors"": [
    {
      ""name"": ""Uriel"",
      ""visualTraits"": null,
      ""changes"": null,
      ""role"": ""angelic figure""
    }
  ],
  ""props"": [],
  ""environments"": [],
  ""scenes"": [
    {
      ""title"": ""Chapter 21 Segment 9"",
      ""location"": null,
      ""action"": null,
      ""actorsInvolved"": [""Uriel""]
    }
  ],
  ""blocking"": {
    ""anchors"": [],
    ""paths"": []
  }
}
```"
21,segment_010,segment,DONE,C:\Users\sasch\visionexe\stories\template\filmsets\story_021\segment_010\segment.txt,"```json
{
  ""actors"": [
    {
      ""name"": ""ወይቤለኒ"",
      ""visualTraits"": [],
      ""changes"": [],
      ""role"": ""character""
    },
    {
      ""name"": ""ዝመን"",
      ""visualTraits"": [],
      ""changes"": [],
      ""role"": ""character""
    },
    {
      ""name"": ""ሞቅሖሙ"",
      ""visualTraits"": [],
      ""changes"": [],
      ""role"": ""character""
    },
    {
      ""name"": ""ወህየ"",
      ""visualTraits"": [],
      ""changes"": [],
      ""role"": ""character""
    },
    {
      ""name"": ""መላእት"",
      ""visualTraits"": [],
      ""changes"": [],
      ""role"": ""character""
    }
  ],
  ""props"": [],
  ""environments"": [
    {
      ""name"": ""ቤተሞቅሖሙ"",
      ""visualTraits"": [],
      ""changes"": [],
      ""role"": ""location""
    }
  ],
  ""scenes"": [
    {
      ""title"": ""Chapter 21 Segment 10"",
      ""location"": ""ቤተሞቅሖሙ"",
      ""action"": ""They cry until the world"",
      ""actorsInvolved"": [
        ""ወይቤለኒ"",
        ""ዝመን"",
        ""ሞቅሖሙ"",
        ""ወህየ"",
        ""መላእት""
      ]
    }
  ],
  ""blocking"": {
    ""anchors"": [],
    ""paths"": []
  }
}
```"
22,segment_001,segment,DONE,C:\Users\sasch\visionexe\stories\template\filmsets\story_022\segment_001\segment.txt,"```json
{
  ""actors"": [],
  ""props"": [],
  ""environments"": [],
  ""scenes"": [],
  ""blocking"": {
    ""anchors"": [],
    ""paths"": []
  }
}
```"
22,segment_002,segment,DONE,C:\Users\sasch\visionexe\stories\template\filmsets\story_022\segment_002\segment.txt,"{
  ""actors"": [],
  ""props"": [],
  ""environments"": [],
  ""scenes"": [],
  ""blocking"": {
    ""anchors"": [],
    ""paths"": []
  }
}"
22,segment_003,segment,DONE,C:\Users\sasch\visionexe\stories\template\filmsets\story_022\segment_003\segment.txt,"```json
{
  ""actors"": [
    {
      ""name"": ""ሩፋኤል"",
      ""visualTraits"": null,
      ""changes"": null,
      ""role"": null
    },
    {
      ""name"": ""እመቅዱሳን"",
      ""visualTraits"": null,
      ""changes"": null,
      ""role"": null
    },
    {
      ""name"": ""መላእት"",
      ""visualTraits"": null,
      ""changes"": null,
      ""role"": ""angel""
    },
    {
      ""name"": ""ምስሌየ"",
      ""visualTraits"": null,
      ""changes"": null,
      ""role"": null
    },
    {
      ""name"": ""ወይቤለኒ"",
      ""visualTraits"": null,
      ""changes"": null,
      ""role"": null
    },
    {
      ""name"": ""ዝመናት"",
      ""visualTraits"": null,
      ""changes"": null,
      ""role"": null
    },
    {
      ""name"": ""ሠናያት"",
      ""visualTraits"": null,
      ""changes"": null,
      ""role"": null
    },
    {
      ""name"": ""ዲቤሁ"",
      ""visualTraits"": null,
      ""changes"": null,
      ""role"": null
    },
    {
      ""name"": ""ለነፍሶሙ"",
      ""visualTraits"": null,
      ""changes"": null,
      ""role"": null
    },
    {
      ""name"": ""ለምዉታን"",
      ""visualTraits"": null,
      ""changes"": null,
      ""role"": null
    },
    {
      ""name"": ""ዝንቱ"",
      ""visualTraits"": null,
      ""changes"": null,
      ""role"": null
    },
    {
      ""name"": ""ዝየ"",
      ""visualTraits"": null,
      ""changes"": null,
      ""role"": null
    },
    {
      ""name"": ""ነፍሰ"",
      ""visualTraits"": null,
      ""changes"": null,
      ""role"": null
    },
    {
      ""name"": ""ውሉደ"",
      ""visualTraits"": null,
      ""changes"": null,
      ""role"": null
    },
    {
      ""name"": ""ሰብእ"",
      ""visualTraits"": null,
      ""changes"": null,
      ""role"": null
    }
  ],
  ""props"": [],
  ""environments"": [],
  ""scenes"": [],
  ""blocking"": {
    ""anchors"": [],
    ""paths"": []
  }
}
```"
22,segment_004,segment,DONE,C:\Users\sasch\visionexe\stories\template\filmsets\story_022\segment_004\segment.txt,"{""actors"":[],""props"":[],""environments"":[],""scenes"":[],""blocking"":{""anchors"":[],""paths"":[]}}"
22,segment_005,segment,DONE,C:\Users\sasch\visionexe\stories\template\filmsets\story_022\segment_005\segment.txt,"```json
{
  ""actors"": [],
  ""props"": [],
  ""environments"": [],
  ""scenes"": [],
  ""blocking"": {
    ""anchors"": [],
    ""paths"": []
  }
}
```"
22,segment_006,segment,DONE,C:\Users\sasch\visionexe\stories\template\filmsets\story_022\segment_006\segment.txt,"{
  ""actors"": [
    {
      ""name"": ""Rufael"",
      ""visualTraits"": null,
      ""changes"": null,
      ""role"": ""recipient""
    }
  ],
  ""props"": [],
  ""environments"": [],
  ""scenes"": [],
  ""blocking"": {
    ""anchors"": [],
    ""paths"": []
  }
}"
22,segment_007,segment,DONE,C:\Users\sasch\visionexe\stories\template\filmsets\story_022\segment_007\segment.txt,"```json
{
  ""actors"": [],
  ""props"": [],
  ""environments"": [],
  ""scenes"": [],
  ""blocking"": {
    ""anchors"": [],
    ""paths"": []
  }
}
```"
22,segment_008,segment,DONE,C:\Users\sasch\visionexe\stories\template\filmsets\story_022\segment_008\segment.txt,"```json
{
  ""actors"": [],
  ""props"": [],
  ""environments"": [],
  ""scenes"": [],
  ""blocking"": {
    ""anchors"": [],
    ""paths"": []
  }
}
```"
22,segment_009,segment,DONE,C:\Users\sasch\visionexe\stories\template\filmsets\story_022\segment_009\segment.txt,"```json
{
  ""actors"": [],
  ""props"": [],
  ""environments"": [],
  ""scenes"": [],
  ""blocking"": {
    ""anchors"": [],
    ""paths"": []
  }
}
```"
22,segment_010,segment,DONE,C:\Users\sasch\visionexe\stories\template\filmsets\story_022\segment_010\segment.txt,"```json
{
  ""actors"": [],
  ""props"": [],
  ""environments"": [],
  ""scenes"": [
    {
      ""title"": ""Chapter 22 Segment 10"",
      ""location"": null,
      ""action"": null,
      ""actorsInvolved"": []
    }
  ],
  ""blocking"": {
    ""anchors"": [],
    ""paths"": []
  }
}
```"
22,segment_011,segment,DONE,C:\Users\sasch\visionexe\stories\template\filmsets\story_022\segment_011\segment.txt,"{
  ""actors"": [],
  ""props"": [],
  ""environments"": [],
  ""scenes"": [],
  ""blocking"": {
    ""anchors"": [],
    ""paths"": []
  }
}"
22,segment_012,segment,DONE,C:\Users\sasch\visionexe\stories\template\filmsets\story_022\segment_012\segment.txt,"```json
{
  ""actors"": [],
  ""props"": [],
  ""environments"": [],
  ""scenes"": [],
  ""blocking"": {
    ""anchors"": [],
    ""paths"": []
  }
}
```"
22,segment_013,segment,DONE,C:\Users\sasch\visionexe\stories\template\filmsets\story_022\segment_013\segment.txt,"```json
{
  ""actors"": [],
  ""props"": [],
  ""environments"": [],
  ""scenes"": [],
  ""blocking"": {
    ""anchors"": [],
    ""paths"": []
  }
}
```"
22,segment_014,segment,DONE,C:\Users\sasch\visionexe\stories\template\filmsets\story_022\segment_014\segment.txt,"```json
{
  ""actors"": [
    {
      ""name"": ""God"",
      ""visualTraits"": null,
      ""changes"": null,
      ""role"": ""deity""
    }
  ],
  ""props"": [],
  ""environments"": [],
  ""scenes"": [
    {
      ""title"": ""Prayer to God"",
      ""location"": null,
      ""action"": ""Worship, request justice, dedication to the world"",
      ""actorsInvolved"": [""God""]
    }
  ],
  ""blocking"": {
    ""anchors"": [],
    ""paths"": []
  }
}
```"
23,segment_001,segment,DONE,C:\Users\sasch\visionexe\stories\template\filmsets\story_023\segment_001\segment.txt,"```json
{
  ""actors"": [],
  ""props"": [],
  ""environments"": [],
  ""scenes"": [],
  ""blocking"": {
    ""anchors"": [],
    ""paths"": []
  }
}
```"
23,segment_002,segment,DONE,C:\Users\sasch\visionexe\stories\template\filmsets\story_023\segment_002\segment.txt,"```json
{
  ""actors"": [],
  ""props"": [],
  ""environments"": [],
  ""scenes"": [],
  ""blocking"": {
    ""anchors"": [],
    ""paths"": []
  }
}
```"
23,segment_003,segment,DONE,C:\Users\sasch\visionexe\stories\template\filmsets\story_023\segment_003\segment.txt,"```json
{
  ""actors"": [],
  ""props"": [],
  ""environments"": [],
  ""scenes"": [],
  ""blocking"": {
    ""anchors"": [],
    ""paths"": []
  }
}
```"
23,segment_004,segment,DONE,C:\Users\sasch\visionexe\stories\template\filmsets\story_023\segment_004\segment.txt,"```json
{
  ""actors"": [
    {
      ""name"": ""ራጉኤል"",
      ""visualTraits"": null,
      ""changes"": [],
      ""role"": ""angelic""
    },
    {
      ""name"": ""መላእት"",
      ""visualTraits"": null,
      ""changes"": [],
      ""role"": ""angelic""
    },
    {
      ""name"": ""ዐረብ"",
      ""visualTraits"": null,
      ""changes"": [],
      ""role"": ""human""
    },
    {
      ""name"": ""ሉ"",
      ""visualTraits"": null,
      ""changes"": [],
      ""role"": ""human""
    },
    {
      ""name"": ""ውእተ"",
      ""visualTraits"": null,
      ""changes"": [],
      ""role"": ""human""
    },
    {
      ""name"": ""ወዝኒ"",
      ""visualTraits"": null,
      ""changes"": [],
      ""role"": ""human""
    }
  ],
  ""props"": [
    {
      ""name"": ""ብርሃናተ"",
      ""visualTraits"": ""luminous"",
      ""changes"": [],
      ""role"": ""illumination""
    }
  ],
  ""environments"": [
    {
      ""name"": ""ሰማይ"",
      ""visualTraits"": ""blue, cloudless"",
      ""changes"": [],
      ""role"": ""backdrop""
    }
  ],
  ""scenes"": [
    {
      ""title"": ""Chapter 23 Segment 4"",
      ""location"": ""ሰማይ"",
      ""action"": ""Raguel, the angel, Arab, Lu, ውእተ, and ወዝኒ are present in the sky, with light illuminating them."",
      ""actorsInvolved"": [
        ""ራጉኤል"",
        ""መላእት"",
        ""ዐረብ"",
        ""ሉ"",
        ""ውእተ"",
        ""ወዝኒ""
      ]
    }
  ],
  ""blocking"": {
    ""anchors"": [],
    ""paths"": []
  }
}
```"
24,segment_001,segment,DONE,C:\Users\sasch\visionexe\stories\template\filmsets\story_024\segment_001\segment.txt,"```json
{
  ""actors"": [],
  ""props"": [],
  ""environments"": [
    {
      ""name"": ""ምድር"",
      ""visualTraits"": ""earth"",
      ""changes"": null,
      ""role"": ""setting""
    },
    {
      ""name"": ""እሳት"",
      ""visualTraits"": ""fire"",
      ""changes"": null,
      ""role"": ""setting""
    },
    {
      ""name"": ""ወሌሊተ"",
      ""visualTraits"": ""night"",
      ""changes"": null,
      ""role"": ""setting""
    }
  ],
  ""scenes"": [
    {
      ""title"": ""Chapter 24 Segment 1"",
      ""location"": ""unknown"",
      ""action"": ""unknown"",
      ""actorsInvolved"": []
    }
  ],
  ""blocking"": {
    ""anchors"": [],
    ""paths"": []
  }
}
```"
24,segment_002,segment,DONE,C:\Users\sasch\visionexe\stories\template\filmsets\story_024\segment_002\segment.txt,"```json
{
  ""actors"": [],
  ""props"": [],
  ""environments"": [],
  ""scenes"": [
    {
      ""title"": ""Chapter 24 Segment 2"",
      ""location"": null,
      ""action"": null,
      ""actorsInvolved"": null
    }
  ],
  ""blocking"": {
    ""anchors"": [],
    ""paths"": []
  }
}
```"
24,segment_003,segment,DONE,C:\Users\sasch\visionexe\stories\template\filmsets\story_024\segment_003\segment.txt,"```json
{
  ""actors"": [],
  ""props"": [],
  ""environments"": [],
  ""scenes"": [],
  ""blocking"": {
    ""anchors"": [],
    ""paths"": []
  }
}
```"
24,segment_004,segment,DONE,C:\Users\sasch\visionexe\stories\template\filmsets\story_024\segment_004\segment.txt,"```json
{
  ""actors"": [],
  ""props"": [],
  ""environments"": [],
  ""scenes"": [],
  ""blocking"": {
    ""anchors"": [],
    ""paths"": []
  }
}
```"
24,segment_005,segment,DONE,C:\Users\sasch\visionexe\stories\template\filmsets\story_024\segment_005\segment.txt,"{""actors"":[],""props"":[],""environments"":[],""scenes"":[],""blocking"":{""anchors"":[],""paths"":[]}}"
24,segment_006,segment,DONE,C:\Users\sasch\visionexe\stories\template\filmsets\story_024\segment_006\segment.txt,"```json
{
  ""actors"": [
    {
      ""name"": ""ሚኤል"",
      ""visualTraits"": ""unknown"",
      ""changes"": null,
      ""role"": ""unknown""
    },
    {
      ""name"": ""እምነ"",
      ""visualTraits"": ""unknown"",
      ""changes"": null,
      ""role"": ""unknown""
    },
    {
      ""name"": ""መላእት"",
      ""visualTraits"": ""unknown"",
      ""changes"": null,
      ""role"": ""unknown""
    },
    {
      ""name"": ""ቅዱሳን"",
      ""visualTraits"": ""unknown"",
      ""changes"": null,
      ""role"": ""unknown""
    },
    {
      ""name"": ""ወቡራን"",
      ""visualTraits"": ""unknown"",
      ""changes"": null,
      ""role"": ""unknown""
    },
    {
      ""name"": ""ምስሌየ"",
      ""visualTraits"": ""unknown"",
      ""changes"": null,
      ""role"": ""unknown""
    },
    {
      ""name"": ""ሀሎ"",
      ""visualTraits"": ""unknown"",
      ""changes"": null,
      ""role"": ""unknown""
    },
    {
      ""name"": ""ዘዲቤሆሙ"",
      ""visualTraits"": ""unknown"",
      ""changes"": null,
      ""role"": ""unknown""
    }
  ],
  ""props"": [],
  ""environments"": [],
  ""scenes"": [
    {
      ""title"": ""Chapter 24 Segment 6"",
      ""location"": ""unknown"",
      ""action"": ""unknown"",
      ""actorsInvolved"": [
        ""ሚኤል"",
        ""እምነ"",
        ""መላእት"",
        ""ቅዱሳን"",
        ""ወቡራን"",
        ""ምስሌየ"",
        ""ሀሎ"",
        ""ዘዲቤሆሙ""
      ]
    }
  ],
  ""blocking"": {
    ""anchors"": [],
    ""paths"": []
  }
}
```"
25,segment_001,segment,DONE,C:\Users\sasch\visionexe\stories\template\filmsets\story_025\segment_001\segment.txt,"```json
{
  ""actors"": [],
  ""props"": [],
  ""environments"": [],
  ""scenes"": [],
  ""blocking"": {
    ""anchors"": [],
    ""paths"": []
  }
}
```"
25,segment_002,segment,DONE,C:\Users\sasch\visionexe\stories\template\filmsets\story_025\segment_002\segment.txt,"{
  ""actors"": [],
  ""props"": [],
  ""environments"": [],
  ""scenes"": [],
  ""blocking"": {
    ""anchors"": [],
    ""paths"": []
  }
}"
25,segment_003,segment,DONE,C:\Users\sasch\visionexe\stories\template\filmsets\story_025\segment_003\segment.txt,"```json
{
  ""actors"": [
    {
      ""name"": ""እግዚእ"",
      ""visualTraits"": null,
      ""changes"": null,
      ""role"": ""divine entity""
    },
    {
      ""name"": ""ንጉሥ"",
      ""visualTraits"": null,
      ""changes"": null,
      ""role"": ""ruler""
    },
    {
      ""name"": ""ስብሐት"",
      ""visualTraits"": null,
      ""changes"": null,
      ""role"": ""congregation""
    }
  ],
  ""props"": [],
  ""environments"": [],
  ""scenes"": [
    {
      ""title"": ""Chant of Praise"",
      ""location"": ""unknown"",
      ""action"": ""praise of God, king, and assembly"",
      ""actorsInvolved"": [""እግዚእ"", ""ንጉሥ"", ""ስብሐት""]
    }
  ],
  ""blocking"": {
    ""anchors"": [],
    ""paths"": []
  }
}
```"
25,segment_004,segment,DONE,C:\Users\sasch\visionexe\stories\template\filmsets\story_025\segment_004\segment.txt,"```json
{
  ""actors"": [],
  ""props"": [],
  ""environments"": [],
  ""scenes"": [],
  ""blocking"": {
    ""anchors"": [],
    ""paths"": []
  }
}
```"
25,segment_005,segment,DONE,C:\Users\sasch\visionexe\stories\template\filmsets\story_025\segment_005\segment.txt,"```json
{
  ""actors"": [
    {
      ""name"": ""Holy King"",
      ""visualTraits"": null,
      ""changes"": null,
      ""role"": ""divine ruler""
    }
  ],
  ""props"": [
    {
      ""name"": ""fruit"",
      ""visualTraits"": null,
      ""changes"": null,
      ""role"": ""offering""
    }
  ],
  ""environments"": [
    {
      ""name"": ""house of God"",
      ""visualTraits"": null,
      ""changes"": null,
      ""role"": ""setting""
    },
    {
      ""name"": ""path"",
      ""visualTraits"": null,
      ""changes"": null,
      ""role"": ""setting""
    }
  ],
  ""scenes"": [
    {
      ""title"": ""Chant of the Holy King"",
      ""location"": ""house of God"",
      ""action"": ""chanting"",
      ""actorsInvolved"": [""Holy King""]
    }
  ],
  ""blocking"": {
    ""anchors"": [],
    ""paths"": []
  }
}
```"
25,segment_006,segment,DONE,C:\Users\sasch\visionexe\stories\template\filmsets\story_025\segment_006\segment.txt,"```json
{
  ""actors"": [],
  ""props"": [],
  ""environments"": [],
  ""scenes"": [],
  ""blocking"": {
    ""anchors"": [],
    ""paths"": []
  }
}
```
"
25,segment_007,segment,DONE,C:\Users\sasch\visionexe\stories\template\filmsets\story_025\segment_007\segment.txt,"```json
{
  ""actors"": [
    {
      ""name"": ""ንጉሥ"",
      ""visualTraits"": null,
      ""changes"": null,
      ""role"": ""king""
    }
  ],
  ""props"": [],
  ""environments"": [
    {
      ""name"": ""ስብሐት"",
      ""visualTraits"": null,
      ""changes"": null,
      ""role"": ""assembly""
    }
  ],
  ""scenes"": [
    {
      ""title"": ""Chapter 25 Segment 7"",
      ""location"": ""ስብሐት"",
      ""action"": null,
      ""actorsInvolved"": [""ንጉሥ""]
    }
  ],
  ""blocking"": {
    ""anchors"": [],
    ""paths"": []
  }
}
```"
26,segment_001,segment,DONE,C:\Users\sasch\visionexe\stories\template\filmsets\story_026\segment_001\segment.txt,"```json
{
  ""actors"": [],
  ""props"": [],
  ""environments"": [],
  ""scenes"": [],
  ""blocking"": {
    ""anchors"": [],
    ""paths"": []
  }
}
```"
26,segment_002,segment,DONE,C:\Users\sasch\visionexe\stories\template\filmsets\story_026\segment_002\segment.txt,"```json
{
  ""actors"": [],
  ""props"": [],
  ""environments"": [
    {""name"":""ወህየ"",""visualTraits"":null,""changes"":null,""role"":""environment""},
    {""name"":""ርኢኩ"",""visualTraits"":null,""changes"":null,""role"":""environment""},
    {""name"":""ደብረ"",""visualTraits"":null,""changes"":null,""role"":""environment""},
    {""name"":""ቅዱሰ"",""visualTraits"":null,""changes"":null,""role"":""environment""},
    {""name"":""ወመትሕተ"",""visualTraits"":null,""changes"":null,""role"":""environment""},
    {""name"":""ደብር"",""visualTraits"":null,""changes"":null,""role"":""environment""},
    {""name"":""ማይ"",""visualTraits"":null,""changes"":null,""role"":""environment""},
    {""name"":""እመንገለ"",""visualTraits"":null,""changes"":null,""role"":""environment""},
    {""name"":""ጽባሑ"",""visualTraits"":null,""changes"":null,""role"":""environment""},
    {""name"":""ወውንዘቱ"",""visualTraits"":null,""changes"":null,""role"":""environment""},
    {""name"":""መንገለ"",""visualTraits"":null,""changes"":null,""role"":""environment""},
    {""name"":""ሰሜን"",""visualTraits"":null,""changes"":null,""role"":""environment""}
  ],
  ""scenes"": [
    {
      ""title"":""ወህየ፡ርኢኩ፡ደብረ፡ቅዱሰ፡"",
      ""location"":null,
      ""action"":null,
      ""actorsInvolved"":null
    },
    {
      ""title"":""ወመትሕተ፡ደብር፡ማይ፡"",
      ""location"":null,
      ""action"":null,
      ""actorsInvolved"":null
    },
    {
      ""title"":""እመንገለ፡ጽባሑ፡ወውንዘቱ፡"",
      ""location"":null,
      ""action"":null,
      ""actorsInvolved"":null
    },
    {
      ""title"":""መንገለ፡ሰሜን፨"",
      ""location"":null,
      ""action"":null,
      ""actorsInvolved"":null
    }
  ],
  ""blocking"": {
    ""anchors"": [],
    ""paths"": []
  }
}
```"
26,segment_003,segment,DONE,C:\Users\sasch\visionexe\stories\template\filmsets\story_026\segment_003\segment.txt,"```json
{
  ""actors"": [
    {
      ""name"": ""ወርኢኩ"",
      ""visualTraits"": null,
      ""changes"": [],
      ""role"": ""character""
    },
    {
      ""name"": ""ዘይነውኅ"",
      ""visualTraits"": null,
      ""changes"": [],
      ""role"": ""character""
    },
    {
      ""name"": ""ወማእሎሙ"",
      ""visualTraits"": null,
      ""changes"": [],
      ""role"": ""character""
    },
    {
      ""name"": ""ወልቦው"",
      ""visualTraits"": null,
      ""changes"": [],
      ""role"": ""character""
    },
    {
      ""name"": ""ወላቲኒ"",
      ""visualTraits"": null,
      ""changes"": [],
      ""role"": ""character""
    },
    {
      ""name"": ""ዘየሐውር"",
      ""visualTraits"": null,
      ""changes"": [],
      ""role"": ""character""
    }
  ],
  ""props"": [
    {
      ""name"": ""ጽባሕ"",
      ""visualTraits"": null,
      ""changes"": [],
      ""role"": ""musical""
    },
    {
      ""name"": ""መዝ"",
      ""visualTraits"": null,
      ""changes"": [],
      ""role"": ""musical""
    },
    {
      ""name"": ""ዕሙቅ"",
      ""visualTraits"": null,
      ""changes"": [],
      ""role"": ""musical""
    }
  ],
  ""environments"": [
    {
      ""name"": ""ደብረ"",
      ""visualTraits"": null,
      ""changes"": [],
      ""role"": ""location""
    },
    {
      ""name"": ""ደብር"",
      ""visualTraits"": null,
      ""changes"": [],
      ""role"": ""location""
    },
    {
      ""name"": ""ማይ"",
      ""visualTraits"": null,
      ""changes"": [],
      ""role"": ""location""
    }
  ],
  ""scenes"": [
    {
      ""title"": ""Beat 1"",
      ""location"": null,
      ""action"": null,
      ""actorsInvolved"": [""ወርኢኩ""]
    },
    {
      ""title"": ""Beat 2"",
      ""location"": null,
      ""action"": null,
      ""actorsInvolved"": [""ዘይነውኅ""]
    },
    {
      ""title"": ""Beat 3"",
      ""location"": null,
      ""action"": null,
      ""actorsInvolved"": [""ወማእሎሙ""]
    },
    {
      ""title"": ""Beat 4"",
      ""location"": null,
      ""action"": null,
      ""actorsInvolved"": [""ወልቦው"", ""ወላቲኒ""]
    },
    {
      ""title"": ""Beat 5"",
      ""location"": null,
      ""action"": null,
      ""actorsInvolved"": [""ዘየሐውር""]
    }
  ],
  ""blocking"": {
    ""anchors"": [],
    ""paths"": []
  }
}
```"
26,segment_004,segment,DONE,C:\Users\sasch\visionexe\stories\template\filmsets\story_026\segment_004\segment.txt,"```json
{
  ""actors"": [],
  ""props"": [],
  ""environments"": [],
  ""scenes"": [],
  ""blocking"": {
    ""anchors"": [],
    ""paths"": []
  }
}
```"
26,segment_005,segment,DONE,C:\Users\sasch\visionexe\stories\template\filmsets\story_026\segment_005\segment.txt,"```json
{
  ""actors"": [
    {""name"": ""ወሉ"", ""visualTraits"": ""unknown"", ""changes"": [], ""role"": ""unknown""},
    {""name"": ""ቈላቱ"", ""visualTraits"": ""unknown"", ""changes"": [], ""role"": ""unknown""},
    {""name"": ""ዕሙቃት"", ""visualTraits"": ""unknown"", ""changes"": [], ""role"": ""unknown""},
    {""name"": ""ወልቦን"", ""visualTraits"": ""unknown"", ""changes"": [], ""role"": ""unknown""},
    {""name"": ""ራኅብ"", ""visualTraits"": ""unknown"", ""changes"": [], ""role"": ""unknown""},
    {""name"": ""እም—ህ"", ""visualTraits"": ""unknown"", ""changes"": [], ""role"": ""unknown""},
    {""name"": ""ጽኑዕ"", ""visualTraits"": ""unknown"", ""changes"": [], ""role"": ""unknown""},
    {""name"": ""ወዕፅ"", ""visualTraits"": ""unknown"", ""changes"": [], ""role"": ""unknown""},
    {""name"": ""ይተል"", ""visualTraits"": ""unknown"", ""changes"": [], ""role"": ""unknown""},
    {""name"": ""ላዕሌሆሙ"", ""visualTraits"": ""unknown"", ""changes"": [], ""role"": ""unknown""}
  ],
  ""props"": [],
  ""environments"": [],
  ""scenes"": [],
  ""blocking"": {
    ""anchors"": [],
    ""paths"": []
  }
}
```"
26,segment_006,segment,DONE,C:\Users\sasch\visionexe\stories\template\filmsets\story_026\segment_006\segment.txt,"```json
{
  ""actors"": [
    {
      ""name"": ""ወንርኩ"",
      ""visualTraits"": null,
      ""changes"": null,
      ""role"": null
    },
    {
      ""name"": ""ንርኩ"",
      ""visualTraits"": null,
      ""changes"": null,
      ""role"": null
    }
  ],
  ""props"": [],
  ""environments"": [],
  ""scenes"": [
    {
      ""title"": ""Chapter 26 Segment 6"",
      ""location"": null,
      ""action"": ""Dialogue between ወንርኩ and ንርኩ"",
      ""actorsInvolved"": [""ወንርኩ"", ""ንርኩ""]
    }
  ],
  ""blocking"": {
    ""anchors"": [],
    ""paths"": []
  }
}
```"
27,segment_001,segment,DONE,C:\Users\sasch\visionexe\stories\template\filmsets\story_027\segment_001\segment.txt,"{""actors"":[],""props"":[],""environments"":[],""scenes"":[],""blocking"":{""anchors"":[],""paths"":[]}}"
27,segment_002,segment,DONE,C:\Users\sasch\visionexe\stories\template\filmsets\story_027\segment_002\segment.txt,"```json
{
  ""actors"": [
    {
      ""name"": ""ኡርኤል"",
      ""visualTraits"": [],
      ""changes"": [],
      ""role"": ""angelic figure""
    },
    {
      ""name"": ""እመቅዱሳን"",
      ""visualTraits"": [],
      ""changes"": [],
      ""role"": ""Messianic figure""
    },
    {
      ""name"": ""መላእት"",
      ""visualTraits"": [],
      ""changes"": [],
      ""role"": ""angel""
    },
    {
      ""name"": ""እግዚብሔር"",
      ""visualTraits"": [],
      ""changes"": [],
      ""role"": ""God""
    }
  ],
  ""props"": [],
  ""environments"": [
    {
      ""name"": ""ዓለም"",
      ""visualTraits"": [],
      ""changes"": [],
      ""role"": ""world""
    }
  ],
  ""scenes"": [
    {
      ""title"": ""Chapter 27 Segment 2"",
      ""location"": ""ዓለም"",
      ""action"": ""unknown"",
      ""actorsInvolved"": [""ኡርኤል"", ""እመቅዱሳን"", ""መላእት"", ""እግዚብሔር""]
    }
  ],
  ""blocking"": {
    ""anchors"": [],
    ""paths"": []
  }
}
```"
27,segment_003,segment,DONE,C:\Users\sasch\visionexe\stories\template\filmsets\story_027\segment_003\segment.txt,"```json
{
  ""actors"": [
    {""name"": ""ደኃሪ"", ""visualTraits"": null, ""changes"": null, ""role"": null},
    {""name"": ""መዋዕል"", ""visualTraits"": null, ""changes"": null, ""role"": null},
    {""name"": ""ይውን"", ""visualTraits"": null, ""changes"": null, ""role"": null},
    {""name"": ""ላዕሌሆሙ"", ""visualTraits"": null, ""changes"": null, ""role"": null},
    {""name"": ""ርያ"", ""visualTraits"": null, ""changes"": null, ""role"": null},
    {""name"": ""ነ፡"", ""visualTraits"": null, ""changes"": null, ""role"": null},
    {""name"": ""ዘጽድቅ"", ""visualTraits"": null, ""changes"": null, ""role"": null},
    {""name"": ""ቅድመ"", ""visualTraits"": null, ""changes"": null, ""role"": null},
    {""name"": ""ጻድቃን"", ""visualTraits"": null, ""changes"": null, ""role"": null},
    {""name"": ""ለዓለም"", ""visualTraits"": null, ""changes"": null, ""role"": null},
    {""name"": ""ሎ"", ""visualTraits"": null, ""changes"": null, ""role"": null},
    {""name"": ""መዋዕለ"", ""visualTraits"": null, ""changes"": null, ""role"": null},
    {""name"": ""ዝየ"", ""visualTraits"": null, ""changes"": null, ""role"": null},
    {""name"": ""ይባርዎ"", ""visualTraits"": null, ""changes"": null, ""role"": null},
    {""name"": ""መሐርያን"", ""visualTraits"": null, ""changes"": null, ""role"": null},
    {""name"": ""ለእግዚ"", ""visualTraits"": null, ""changes"": null, ""role"": null},
    {""name"": ""ስብሐት"", ""visualTraits"": null, ""changes"": null, ""role"": null},
    {""name"": ""ንጉሥ"", ""visualTraits"": null, ""changes"": null, ""role"": null},
    {""name"": ""ዘለዓለም"", ""visualTraits"": null, ""changes"": null, ""role"": null}
  ],
  ""props"": [],
  ""environments"": [],
  ""scenes"": [
    {
      ""title"": ""Chapter 27 Segment 3"",
      ""location"": null,
      ""action"": null,
      ""actorsInvolved"": [
        ""ደኃሪ"",
        ""መዋዕል"",
        ""ይውን"",
        ""ላዕሌሆሙ"",
        ""ርያ"",
        ""ነ፡"",
        ""ዘጽድቅ"",
        ""ቅድመ"",
        ""ጻድቃን"",
        ""ለዓለም"",
        ""ሎ"",
        ""መዋዕለ"",
        ""ዝየ"",
        ""ይባርዎ"",
        ""መሐርያን"",
        ""ለእግዚ"",
        ""ስብሐት"",
        ""ንጉሥ"",
        ""ዘለዓለም""
      ]
    }
  ],
  ""blocking"": {
    ""anchors"": [],
    ""paths"": []
  }
}
```"
27,segment_004,segment,DONE,C:\Users\sasch\visionexe\stories\template\filmsets\story_027\segment_004\segment.txt,"{""actors"":[],""props"":[],""environments"":[],""scenes"":[],""blocking"":{""anchors"":[],""paths"":[]}}"
27,segment_005,segment,DONE,C:\Users\sasch\visionexe\stories\template\filmsets\story_027\segment_005\segment.txt,"```json
{
  ""actors"": [],
  ""props"": [],
  ""environments"": [],
  ""scenes"": [],
  ""blocking"": {
    ""anchors"": [],
    ""paths"": []
  }
}
```"
28,segment_001,segment,DONE,C:\Users\sasch\visionexe\stories\template\filmsets\story_028\segment_001\segment.txt,"```json
{
  ""actors"": [
    {
      ""name"": ""Lord"",
      ""visualTraits"": null,
      ""changes"": null,
      ""role"": ""deity""
    }
  ],
  ""props"": [],
  ""environments"": [],
  ""scenes"": [],
  ""blocking"": {
    ""anchors"": [],
    ""paths"": []
  }
}
```"
28,segment_003,segment,DONE,C:\Users\sasch\visionexe\stories\template\filmsets\story_028\segment_003\segment.txt,"```json
{
  ""actors"": [],
  ""props"": [],
  ""environments"": [],
  ""scenes"": [],
  ""blocking"": {
    ""anchors"": [],
    ""paths"": []
  }
}
```"
29,segment_001,segment,DONE,C:\Users\sasch\visionexe\stories\template\filmsets\story_029\segment_001\segment.txt,"```json
{
  ""actors"": [],
  ""props"": [],
  ""environments"": [],
  ""scenes"": [],
  ""blocking"": {
    ""anchors"": [],
    ""paths"": []
  }
}
```"
29,segment_002,segment,DONE,C:\Users\sasch\visionexe\stories\template\filmsets\story_029\segment_002\segment.txt,"```json
{
  ""actors"": [],
  ""props"": [],
  ""environments"": [],
  ""scenes"": [],
  ""blocking"": {
    ""anchors"": [],
    ""paths"": []
  }
}
```"
30,segment_001,segment,DONE,C:\Users\sasch\visionexe\stories\template\filmsets\story_030\segment_001\segment.txt,"```json
{
  ""actors"": [],
  ""props"": [],
  ""environments"": [],
  ""scenes"": [],
  ""blocking"": {
    ""anchors"": [],
    ""paths"": []
  }
}
```"
30,segment_002,segment,DONE,C:\Users\sasch\visionexe\stories\template\filmsets\story_030\segment_002\segment.txt,"{
  ""actors"": [],
  ""props"": [],
  ""environments"": [],
  ""scenes"": [],
  ""blocking"": {
    ""anchors"": [],
    ""paths"": []
  }
}"
31,segment_001,segment,DONE,C:\Users\sasch\visionexe\stories\template\filmsets\story_031\segment_001\segment.txt,"{
  ""actors"": [],
  ""props"": [],
  ""environments"": [],
  ""scenes"": [],
  ""blocking"": {
    ""anchors"": [],
    ""paths"": []
  }
}"
31,segment_002,segment,DONE,C:\Users\sasch\visionexe\stories\template\filmsets\story_031\segment_002\segment.txt,"```json
{
  ""actors"": [],
  ""props"": [
    {
      ""name"": ""ደብር"",
      ""visualTraits"": null,
      ""changes"": null,
      ""role"": ""rock""
    },
    {
      ""name"": ""ዕፀው"",
      ""visualTraits"": null,
      ""changes"": null,
      ""role"": ""eye""
    },
    {
      ""name"": ""ወውስቴቱ"",
      ""visualTraits"": null,
      ""changes"": null,
      ""role"": ""inside""
    }
  ],
  ""environments"": [],
  ""scenes"": [
    {
      ""title"": ""Line 1"",
      ""location"": null,
      ""action"": null,
      ""actorsInvolved"": []
    },
    {
      ""title"": ""Line 2"",
      ""location"": null,
      ""action"": null,
      ""actorsInvolved"": []
    },
    {
      ""title"": ""Line 3"",
      ""location"": null,
      ""action"": null,
      ""actorsInvolved"": []
    },
    {
      ""title"": ""Line 4"",
      ""location"": null,
      ""action"": null,
      ""actorsInvolved"": []
    }
  ],
  ""blocking"": {
    ""anchors"": [],
    ""paths"": []
  }
}
```"
31,segment_003,segment,DONE,C:\Users\sasch\visionexe\stories\template\filmsets\story_031\segment_003\segment.txt,"{
  ""actors"": [],
  ""props"": [],
  ""environments"": [],
  ""scenes"": [],
  ""blocking"": {
    ""anchors"": [],
    ""paths"": []
  }
}"
32,segment_001,segment,DONE,C:\Users\sasch\visionexe\stories\template\filmsets\story_032\segment_001\segment.txt,"```json
{
  ""actors"": [],
  ""props"": [],
  ""environments"": [],
  ""scenes"": [],
  ""blocking"": {
    ""anchors"": [],
    ""paths"": []
  }
}
```
"
32,segment_002,segment,DONE,C:\Users\sasch\visionexe\stories\template\filmsets\story_032\segment_002\segment.txt,"{
  ""actors"": [],
  ""props"": [],
  ""environments"": [],
  ""scenes"": [],
  ""blocking"": {
    ""anchors"": [],
    ""paths"": []
  }
}"
32,segment_003,segment,DONE,C:\Users\sasch\visionexe\stories\template\filmsets\story_032\segment_003\segment.txt,"```json
{
  ""actors"": [],
  ""props"": [],
  ""environments"": [],
  ""scenes"": [],
  ""blocking"": {
    ""anchors"": [],
    ""paths"": []
  }
}
```"
32,segment_004,segment,DONE,C:\Users\sasch\visionexe\stories\template\filmsets\story_032\segment_004\segment.txt,"```json
{
  ""actors"": [],
  ""props"": [],
  ""environments"": [],
  ""scenes"": [
    {
      ""title"": ""Chapter 32 Segment 4"",
      ""location"": null,
      ""action"": null,
      ""actorsInvolved"": []
    }
  ],
  ""blocking"": {
    ""anchors"": [],
    ""paths"": []
  }
}
```"
32,segment_005,segment,DONE,C:\Users\sasch\visionexe\stories\template\filmsets\story_032\segment_005\segment.txt,"{
  ""actors"": [],
  ""props"": [],
  ""environments"": [],
  ""scenes"": [],
  ""blocking"": {
    ""anchors"": [],
    ""paths"": []
  }
}"
32,segment_006,segment,DONE,C:\Users\sasch\visionexe\stories\template\filmsets\story_032\segment_006\segment.txt,"```json
{
  ""actors"": [
    {""name"":""ወውሥኒ"",""visualTraits"":null,""changes"":null,""role"":null},
    {""name"":""መል"",""visualTraits"":null,""changes"":null,""role"":null},
    {""name"":""ቅዱስ"",""visualTraits"":null,""changes"":null,""role"":null},
    {""name"":""ሩፋኤል"",""visualTraits"":null,""changes"":null,""role"":null},
    {""name"":""ዘምስሌየ"",""visualTraits"":null,""changes"":null,""role"":null},
    {""name"":""ወይቤለኒ"",""visualTraits"":null,""changes"":null,""role"":null},
    {""name"":""ዝውእቱ"",""visualTraits"":null,""changes"":null,""role"":null},
    {""name"":""ዕፀ"",""visualTraits"":null,""changes"":null,""role"":null},
    {""name"":""ጥብ"",""visualTraits"":null,""changes"":null,""role"":null},
    {""name"":""ዘእምሁ"",""visualTraits"":null,""changes"":null,""role"":null},
    {""name"":""ልዑ"",""visualTraits"":null,""changes"":null,""role"":null},
    {""name"":""ቡ"",""visualTraits"":null,""changes"":null,""role"":null},
    {""name"":""ረጋዊ"",""visualTraits"":null,""changes"":null,""role"":null},
    {""name"":""ወእም"",""visualTraits"":null,""changes"":null,""role"":null},
    {""name"":""እቤራዊት"",""visualTraits"":null,""changes"":null,""role"":null},
    {""name"":""እለ"",""visualTraits"":null,""changes"":null,""role"":null},
    {""name"":""ቀደሙ"",""visualTraits"":null,""changes"":null,""role"":null},
    {""name"":""ወእመርዋ"",""visualTraits"":null,""changes"":null,""role"":null},
    {""name"":""ለጥብ"",""visualTraits"":null,""changes"":null,""role"":null},
    {""name"":""ወተፈትሐ"",""visualTraits"":null,""changes"":null,""role"":null},
    {""name"":""ዕይንቲሆሙ"",""visualTraits"":null,""changes"":null,""role"":null},
    {""name"":""ወእመሩ"",""visualTraits"":null,""changes"":null,""role"":null},
    {""name"":""መ"",""visualTraits"":null,""changes"":null,""role"":null},
    {""name"":""ዕራቂቸሆሙ"",""visualTraits"":null,""changes"":null,""role"":null},
    {""name"":""ሀለዉ"",""visualTraits"":null,""changes"":null,""role"":null},
    {""name"":""ወተሰዱ"",""visualTraits"":null,""changes"":null,""role"":null},
    {""name"":""እምገነት"",""visualTraits"":null,""changes"":null,""role"":null}
  ],
  ""props"": [],
  ""environments"": [],
  ""scenes"": [],
  ""blocking"": {
    ""anchors"": [],
    ""paths"": []
  }
}
```"
33,segment_001,segment,DONE,C:\Users\sasch\visionexe\stories\template\filmsets\story_033\segment_001\segment.txt,"```json
{
  ""actors"": [],
  ""props"": [],
  ""environments"": [],
  ""scenes"": [],
  ""blocking"": {
    ""anchors"": [],
    ""paths"": []
  }
}
```"
33,segment_002,segment,DONE,C:\Users\sasch\visionexe\stories\template\filmsets\story_033\segment_002\segment.txt,"```json
{
  ""actors"": [
    {
      ""name"": ""ወጽባሆሙ"",
      ""visualTraits"": null,
      ""changes"": null,
      ""role"": ""character""
    },
    {
      ""name"": ""ለእሉ"",
      ""visualTraits"": null,
      ""changes"": null,
      ""role"": ""character""
    },
    {
      ""name"": ""ራዊት"",
      ""visualTraits"": null,
      ""changes"": null,
      ""role"": ""character""
    },
    {
      ""name"": ""ርኢኩ"",
      ""visualTraits"": null,
      ""changes"": null,
      ""role"": ""character""
    }
  ],
  ""props"": [],
  ""environments"": [
    {
      ""name"": ""ምድር"",
      ""visualTraits"": null,
      ""changes"": null,
      ""role"": ""setting""
    },
    {
      ""name"": ""ሰማይ"",
      ""visualTraits"": null,
      ""changes"": null,
      ""role"": ""setting""
    }
  ],
  ""scenes"": [
    {
      ""title"": ""Chapter 33 Segment 2"",
      ""location"": null,
      ""action"": null,
      ""actorsInvolved"": [""ወጽባሆሙ"", ""ለእሉ"", ""ራዊት"", ""ርኢኩ""]
    }
  ],
  ""blocking"": {
    ""anchors"": [
      {
        ""id"": ""anchor1"",
        ""description"": ""earth (ምድር)""
      },
      {
        ""id"": ""anchor2"",
        ""description"": ""sky (ሰማይ)""
      }
    ],
    ""paths"": []
  }
}
```"
33,segment_003,segment,DONE,C:\Users\sasch\visionexe\stories\template\filmsets\story_033\segment_003\segment.txt,"```json
{
  ""actors"": [
    {""name"":""ወርኢኩ"",""visualTraits"":null,""changes"":null,""role"":""invocation""},
    {""name"":""እፎ"",""visualTraits"":null,""changes"":null,""role"":""invocation""},
    {""name"":""ይወፅኡ"",""visualTraits"":null,""changes"":null,""role"":""invocation""},
    {""name"":""ዋብተ"",""visualTraits"":null,""changes"":null,""role"":""invocation""},
    {""name"":""ሰማይ"",""visualTraits"":null,""changes"":null,""role"":""invocation""},
    {""name"":""ወለቁ"",""visualTraits"":null,""changes"":null,""role"":""invocation""},
    {""name"":""እምነ"",""visualTraits"":null,""changes"":null,""role"":""invocation""},
    {""name"":""ይወፅኡ"",""visualTraits"":null,""changes"":null,""role"":""invocation""},
    {""name"":""ኀዋኅወ"",""visualTraits"":null,""changes"":null,""role"":""invocation""},
    {""name"":""ወጸሐፍኩ"",""visualTraits"":null,""changes"":null,""role"":""invocation""},
    {""name"":""ሎ"",""visualTraits"":null,""changes"":null,""role"":""invocation""},
    {""name"":""ምሙጸኢሁ"",""visualTraits"":null,""changes"":null,""role"":""invocation""},
    {""name"":""ለለ"",""visualTraits"":null,""changes"":null,""role"":""invocation""},
    {""name"":""፩፩"",""visualTraits"":null,""changes"":null,""role"":""invocation""},
    {""name"":""ልቆሙ"",""visualTraits"":null,""changes"":null,""role"":""invocation""},
    {""name"":""ወስማቲሆሙ"",""visualTraits"":null,""changes"":null,""role"":""invocation""},
    {""name"":""ደርጎሙ"",""visualTraits"":null,""changes"":null,""role"":""invocation""},
    {""name"":""ወምንባረሆሙ"",""visualTraits"":null,""changes"":null,""role"":""invocation""},
    {""name"":""ወጊዜሆሙ"",""visualTraits"":null,""changes"":null,""role"":""invocation""},
    {""name"":""ወውራኂሆሙ"",""visualTraits"":null,""changes"":null,""role"":""invocation""},
    {""name"":""መ፡ርየኒ"",""visualTraits"":null,""changes"":null,""role"":""invocation""},
    {""name"":""ኡርኤል"",""visualTraits"":null,""changes"":null,""role"":""invocation""},
    {""name"":""መል፡ዘምስሌየ"",""visualTraits"":null,""changes"":null,""role"":""invocation""},
    {""name"":""ቅዱስ"",""visualTraits"":null,""changes"":null,""role"":""invocation""}
  ],
  ""props"": [],
  ""environments"": [],
  ""scenes"": [
    {
      ""title"":""Chapter 33 Segment 3"",
      ""location"":null,
      ""action"":""Invocation of divine entities"",
      ""actorsInvolved"":[
        ""ወርኢኩ"",""እፎ"",""ይወፅኡ"",""ዋብተ"",""ሰማይ"",""ወለቁ"",""እምነ"",""ይወፅኡ"",""ኀዋኅወ"",""ወጸሐፍኩ"",""ሎ"",""ምሙጸኢሁ"",""ለለ"",""፩፩"",""ልቆሙ"",""ወስማቲሆሙ"",""ደርጎሙ"",""ወምንባረሆሙ"",""ወጊዜሆሙ"",""ወውራኂሆሙ"",""መ፡ርየኒ"",""ኡርኤል"",""መል፡ዘምስሌየ"",""ቅዱስ""
      ]
    }
  ],
  ""blocking"": {
    ""anchors"": [],
    ""paths"": []
  }
}
```"
33,segment_004,segment,DONE,C:\Users\sasch\visionexe\stories\template\filmsets\story_033\segment_004\segment.txt,"{""actors"":[],""props"":[],""environments"":[],""scenes"":[],""blocking"":{""anchors"":[],""paths"":[]}}"
34,segment_001,segment,DONE,C:\Users\sasch\visionexe\stories\template\filmsets\story_034\segment_001\segment.txt,"```json
{
  ""actors"": [],
  ""props"": [],
  ""environments"": [],
  ""scenes"": [
    {
      ""title"": ""Verse 1"",
      ""location"": ""unknown"",
      ""action"": ""unknown"",
      ""actorsInvolved"": []
    },
    {
      ""title"": ""Verse 2"",
      ""location"": ""unknown"",
      ""action"": ""unknown"",
      ""actorsInvolved"": []
    },
    {
      ""title"": ""Verse 3"",
      ""location"": ""unknown"",
      ""action"": ""unknown"",
      ""actorsInvolved"": []
    },
    {
      ""title"": ""Verse 4"",
      ""location"": ""unknown"",
      ""action"": ""unknown"",
      ""actorsInvolved"": []
    }
  ],
  ""blocking"": {
    ""anchors"": [],
    ""paths"": []
  }
}
```"
34,segment_002,segment,DONE,C:\Users\sasch\visionexe\stories\template\filmsets\story_034\segment_002\segment.txt,"```json
{
  ""actors"": [],
  ""props"": [
    {
      ""name"": ""ወስሐትያ"",
      ""visualTraits"": null,
      ""changes"": null,
      ""role"": ""prop""
    },
    {
      ""name"": ""ወሐመዳ"",
      ""visualTraits"": null,
      ""changes"": null,
      ""role"": ""prop""
    },
    {
      ""name"": ""ወጠል"",
      ""visualTraits"": null,
      ""changes"": null,
      ""role"": ""prop""
    }
  ],
  ""environments"": [
    {
      ""name"": ""ሰማይ"",
      ""visualTraits"": null,
      ""changes"": null,
      ""role"": ""environment""
    },
    {
      ""name"": ""ነፋሳት"",
      ""visualTraits"": null,
      ""changes"": null,
      ""role"": ""environment""
    }
  ],
  ""scenes"": [
    {
      ""title"": ""Chapter 34 Segment 2"",
      ""location"": ""unknown"",
      ""action"": ""unknown"",
      ""actorsInvolved"": []
    }
  ],
  ""blocking"": {
    ""anchors"": [],
    ""paths"": []
  }
}
```"
34,segment_003,segment,DONE,C:\Users\sasch\visionexe\stories\template\filmsets\story_034\segment_003\segment.txt,"```json
{
  ""actors"": [],
  ""props"": [],
  ""environments"": [
    {
      ""name"": ""ወእምሐቲ"",
      ""visualTraits"": null,
      ""changes"": null,
      ""role"": ""environment""
    },
    {
      ""name"": ""ምድር"",
      ""visualTraits"": null,
      ""changes"": null,
      ""role"": ""environment""
    }
  ],
  ""scenes"": [
    {
      ""title"": ""Verse 1"",
      ""location"": ""ወእምሐቲ"",
      ""action"": ""unknown"",
      ""actorsInvolved"": []
    },
    {
      ""title"": ""Verse 2"",
      ""location"": ""unknown"",
      ""action"": ""unknown"",
      ""actorsInvolved"": []
    },
    {
      ""title"": ""Verse 3"",
      ""location"": ""unknown"",
      ""action"": ""unknown"",
      ""actorsInvolved"": []
    },
    {
      ""title"": ""Verse 4"",
      ""location"": ""ምድር"",
      ""action"": ""unknown"",
      ""actorsInvolved"": []
    },
    {
      ""title"": ""Verse 5"",
      ""location"": ""unknown"",
      ""action"": ""unknown"",
      ""actorsInvolved"": []
    }
  ],
  ""blocking"": {
    ""anchors"": [],
    ""paths"": []
  }
}
```"
35,segment_001,segment,DONE,C:\Users\sasch\visionexe\stories\template\filmsets\story_035\segment_001\segment.txt,"```json
{
  ""actors"": [],
  ""props"": [],
  ""environments"": [],
  ""scenes"": [],
  ""blocking"": {
    ""anchors"": [],
    ""paths"": []
  }
}
```"
36,segment_001,segment,DONE,C:\Users\sasch\visionexe\stories\template\filmsets\story_036\segment_001\segment.txt,"```json
{
  ""actors"": [],
  ""props"": [],
  ""environments"": [],
  ""scenes"": [],
  ""blocking"": {
    ""anchors"": [],
    ""paths"": []
  }
}
```"
36,segment_002,segment,DONE,C:\Users\sasch\visionexe\stories\template\filmsets\story_036\segment_002\segment.txt,"```json
{
  ""actors"": [
    {
      ""name"": ""ወእምህየ፡ሖርኩ፡መንገለ፡ጽባሕ፡"",
      ""visualTraits"": null,
      ""changes"": null,
      ""role"": null
    },
    {
      ""name"": ""ጽናፈ፡ሰማይ፨ወህየ፡ርኢኩ"",
      ""visualTraits"": null,
      ""changes"": null,
      ""role"": null
    },
    {
      ""name"": ""ሠለስተ፡ኀዋኅው፡ሰማይ፡"",
      ""visualTraits"": null,
      ""changes"": null,
      ""role"": null
    },
    {
      ""name"": ""ርኅዋት፡መንገለ፡ጽባሕ፡"",
      ""visualTraits"": null,
      ""changes"": null,
      ""role"": null
    },
    {
      ""name"": ""ወላዕሌሆሙ፡ኀዋኅው፡ንኡሳን፡"",
      ""visualTraits"": null,
      ""changes"": null,
      ""role"": null
    }
  ],
  ""props"": [],
  ""environments"": [],
  ""scenes"": [
    {
      ""title"": ""Chapter 36 Segment 2"",
      ""location"": null,
      ""action"": null,
      ""actorsInvolved"": [
        ""ወእምህየ፡ሖርኩ፡መንገለ፡ጽባሕ፡"",
        ""ጽናፈ፡ሰማይ፨ወህየ፡ርኢኩ"",
        ""ሠለስተ፡ኀዋኅው፡ሰማይ፡"",
        ""ርኅዋት፡መንገለ፡ጽባሕ፡"",
        ""ወላዕሌሆሙ፡ኀዋኅው፡ንኡሳን፡""
      ]
    }
  ],
  ""blocking"": {
    ""anchors"": [],
    ""paths"": []
  }
}
```"
36,segment_003,segment,DONE,C:\Users\sasch\visionexe\stories\template\filmsets\story_036\segment_003\segment.txt,"```json
{
  ""actors"": [],
  ""props"": [],
  ""environments"": [
    {
      ""name"": ""sky"",
      ""visualTraits"": ""unknown"",
      ""changes"": null,
      ""role"": ""background""
    }
  ],
  ""scenes"": [],
  ""blocking"": {
    ""anchors"": [],
    ""paths"": []
  }
}
```"
36,segment_004,segment,DONE,C:\Users\sasch\visionexe\stories\template\filmsets\story_036\segment_004\segment.txt,"```json
{
  ""actors"": [],
  ""props"": [],
  ""environments"": [],
  ""scenes"": [
    {
      ""title"": ""Line 1"",
      ""location"": null,
      ""action"": null,
      ""actorsInvolved"": []
    },
    {
      ""title"": ""Line 2"",
      ""location"": null,
      ""action"": null,
      ""actorsInvolved"": []
    },
    {
      ""title"": ""Line 3"",
      ""location"": null,
      ""action"": null,
      ""actorsInvolved"": []
    },
    {
      ""title"": ""Line 4"",
      ""location"": null,
      ""action"": null,
      ""actorsInvolved"": []
    },
    {
      ""title"": ""Line 5"",
      ""location"": null,
      ""action"": null,
      ""actorsInvolved"": []
    },
    {
      ""title"": ""Line 6"",
      ""location"": null,
      ""action"": null,
      ""actorsInvolved"": []
    },
    {
      ""title"": ""Line 7"",
      ""location"": null,
      ""action"": null,
      ""actorsInvolved"": []
    },
    {
      ""title"": ""Line 8"",
      ""location"": null,
      ""action"": null,
      ""actorsInvolved"": []
    },
    {
      ""title"": ""Line 9"",
      ""location"": null,
      ""action"": null,
      ""actorsInvolved"": []
    },
    {
      ""title"": ""Line 10"",
      ""location"": null,
      ""action"": null,
      ""actorsInvolved"": []
    },
    {
      ""title"": ""Line 11"",
      ""location"": null,
      ""action"": null,
      ""actorsInvolved"": []
    }
  ],
  ""blocking"": {
    ""anchors"": [],
    ""paths"": []
  }
}
```"
37,segment_001,segment,DONE,C:\Users\sasch\visionexe\stories\template\filmsets\story_037\segment_001\segment.txt,"```json
{
  ""actors"": [
    {""name"":""ራእይ"",""visualTraits"":null,""changes"":null,""role"":null},
    {""name"":""ዘርእየ"",""visualTraits"":null,""changes"":null,""role"":null},
    {""name"":""ል"",""visualTraits"":null,""changes"":null,""role"":null},
    {""name"":""ራእየ"",""visualTraits"":null,""changes"":null,""role"":null},
    {""name"":""ጥብ"",""visualTraits"":null,""changes"":null,""role"":null},
    {""name"":""ሄኖ"",""visualTraits"":null,""changes"":null,""role"":null},
    {""name"":""ያሬድ"",""visualTraits"":null,""changes"":null,""role"":null},
    {""name"":""መላልኤል"",""visualTraits"":null,""changes"":null,""role"":null},
    {""name"":""ቃይናን"",""visualTraits"":null,""changes"":null,""role"":null},
    {""name"":""ኢኖስ"",""visualTraits"":null,""changes"":null,""role"":null},
    {""name"":""ሴት"",""visualTraits"":null,""changes"":null,""role"":null},
    {""name"":""ዳም"",""visualTraits"":null,""changes"":null,""role"":null}
  ],
  ""props"": [],
  ""environments"": [],
  ""scenes"": [],
  ""blocking"": {
    ""anchors"": [],
    ""paths"": []
  }
}
```"
37,segment_002,segment,DONE,C:\Users\sasch\visionexe\stories\template\filmsets\story_037\segment_002\segment.txt,"```json
{
  ""actors"": [
    {
      ""name"": ""God"",
      ""visualTraits"": null,
      ""changes"": null,
      ""role"": ""speaker""
    }
  ],
  ""props"": [],
  ""environments"": [
    {
      ""name"": ""wind"",
      ""visualTraits"": null,
      ""changes"": null,
      ""role"": ""environment""
    }
  ],
  ""scenes"": [
    {
      ""title"": ""Chapter 37 Segment 2"",
      ""location"": null,
      ""action"": null,
      ""actorsInvolved"": [""God""]
    }
  ],
  ""blocking"": {
    ""anchors"": [],
    ""paths"": []
  }
}
```"
37,segment_003,segment,DONE,C:\Users\sasch\visionexe\stories\template\filmsets\story_037\segment_003\segment.txt,"```json
{
  ""actors"": [],
  ""props"": [],
  ""environments"": [],
  ""scenes"": [],
  ""blocking"": {
    ""anchors"": [],
    ""paths"": []
  }
}
```"
37,segment_004,segment,DONE,C:\Users\sasch\visionexe\stories\template\filmsets\story_037\segment_004\segment.txt,"```json
{
  ""actors"": [
    {
      ""name"": ""እግዚ"",
      ""visualTraits"": null,
      ""changes"": null,
      ""role"": ""deity""
    }
  ],
  ""props"": [],
  ""environments"": [],
  ""scenes"": [
    {
      ""title"": ""Chapter 37 Segment 4"",
      ""location"": null,
      ""action"": ""chanting prayer"",
      ""actorsInvolved"": [""እግዚ""]
    }
  ],
  ""blocking"": {
    ""anchors"": [],
    ""paths"": []
  }
}
```"
37,segment_005,segment,DONE,C:\Users\sasch\visionexe\stories\template\filmsets\story_037\segment_005\segment.txt,"```json
{
  ""actors"": [],
  ""props"": [],
  ""environments"": [],
  ""scenes"": [],
  ""blocking"": {
    ""anchors"": [],
    ""paths"": []
  }
}
```"
38,segment_001,segment,DONE,C:\Users\sasch\visionexe\stories\template\filmsets\story_038\segment_001\segment.txt,"{
  ""actors"": [],
  ""props"": [],
  ""environments"": [],
  ""scenes"": [],
  ""blocking"": {
    ""anchors"": [],
    ""paths"": []
  }
}"
38,segment_002,segment,DONE,C:\Users\sasch\visionexe\stories\template\filmsets\story_038\segment_002\segment.txt,"```json
{
  ""actors"": [
    {
      ""name"": ""Sost Yasteri"",
      ""visualTraits"": ""unknown"",
      ""changes"": [],
      ""role"": ""speaker""
    },
    {
      ""name"": ""Judge"",
      ""visualTraits"": ""unknown"",
      ""changes"": [],
      ""role"": ""recipient""
    },
    {
      ""name"": ""Priests"",
      ""visualTraits"": ""unknown"",
      ""changes"": [],
      ""role"": ""recipient""
    },
    {
      ""name"": ""God"",
      ""visualTraits"": ""unknown"",
      ""changes"": [],
      ""role"": ""recipient""
    }
  ],
  ""props"": [
    {
      ""name"": ""justice"",
      ""visualTraits"": ""abstract"",
      ""changes"": [],
      ""role"": ""concept""
    },
    {
      ""name"": ""pages"",
      ""visualTraits"": ""paper"",
      ""changes"": [],
      ""role"": ""object""
    },
    {
      ""name"": ""breath"",
      ""visualTraits"": ""abstract"",
      ""changes"": [],
      ""role"": ""concept""
    },
    {
      ""name"": ""light"",
      ""visualTraits"": ""abstract"",
      ""changes"": [],
      ""role"": ""concept""
    },
    {
      ""name"": ""heart"",
      ""visualTraits"": ""abstract"",
      ""changes"": [],
      ""role"": ""concept""
    }
  ],
  ""environments"": [],
  ""scenes"": [
    {
      ""title"": ""Litany to God"",
      ""location"": ""unknown"",
      ""action"": ""chanting prayer"",
      ""actorsInvolved"": [
        ""Sost Yasteri"",
        ""Judge"",
        ""Priests"",
        ""God""
      ]
    }
  ],
  ""blocking"": {
    ""anchors"": [],
    ""paths"": []
  }
}
```"
38,segment_003,segment,DONE,C:\Users\sasch\visionexe\stories\template\filmsets\story_038\segment_003\segment.txt,"```json
{
  ""actors"": [
    {""name"":""ሶ፡ይትሠታ"",""visualTraits"":null,""changes"":null,""role"":null},
    {""name"":""ኅቡቲሁ"",""visualTraits"":null,""changes"":null,""role"":null},
    {""name"":""ለጻድቃን"",""visualTraits"":null,""changes"":null,""role"":null},
    {""name"":""ይትነኑ"",""visualTraits"":null,""changes"":null,""role"":null},
    {""name"":""ኃጥን"",""visualTraits"":null,""changes"":null,""role"":null},
    {""name"":""ወይትሀወኩ"",""visualTraits"":null,""changes"":null,""role"":null},
    {""name"":""ረሲን"",""visualTraits"":null,""changes"":null,""role"":null},
    {""name"":""እምገጸ"",""visualTraits"":null,""changes"":null,""role"":null},
    {""name"":""ጻድቃን"",""visualTraits"":null,""changes"":null,""role"":null},
    {""name"":""ወኅሩያን"",""visualTraits"":null,""changes"":null,""role"":null}
  ],
  ""props"": [],
  ""environments"": [],
  ""scenes"": [
    {
      ""title"":""Chapter 38 Segment 3"",
      ""location"":null,
      ""action"":null,
      ""actorsInvolved"":[
        ""ሶ፡ይትሠታ"",
        ""ኅቡቲሁ"",
        ""ለጻድቃን"",
        ""ይትነኑ"",
        ""ኃጥን"",
        ""ወይትሀወኩ"",
        ""ረሲን"",
        ""እምገጸ"",
        ""ጻድቃን"",
        ""ወኅሩያን""
      ]
    }
  ],
  ""blocking"": {
    ""anchors"": [],
    ""paths"": []
  }
}
```"
38,segment_004,segment,DONE,C:\Users\sasch\visionexe\stories\template\filmsets\story_038\segment_004\segment.txt,"```json
{
  ""actors"": [],
  ""props"": [],
  ""environments"": [],
  ""scenes"": [
    {
      ""title"": ""Chapter 38 Segment 4"",
      ""location"": null,
      ""action"": ""Recitation of a liturgical verse"",
      ""actorsInvolved"": []
    }
  ],
  ""blocking"": {
    ""anchors"": [],
    ""paths"": []
  }
}
```"
38,segment_005,segment,DONE,C:\Users\sasch\visionexe\stories\template\filmsets\story_038\segment_005\segment.txt,"```json
{
  ""actors"": [],
  ""props"": [],
  ""environments"": [],
  ""scenes"": [],
  ""blocking"": {
    ""anchors"": [],
    ""paths"": []
  }
}
```"
38,segment_006,segment,DONE,C:\Users\sasch\visionexe\stories\template\filmsets\story_038\segment_006\segment.txt,"```json
{
  ""actors"": [],
  ""props"": [],
  ""environments"": [],
  ""scenes"": [],
  ""blocking"": {
    ""anchors"": [],
    ""paths"": []
  }
}
```"
39,segment_001,segment,DONE,C:\Users\sasch\visionexe\stories\template\filmsets\story_039\segment_001\segment.txt,"{""actors"":[],""props"":[],""environments"":[],""scenes"":[],""blocking"":{""anchors"":[],""paths"":[]}}"
39,segment_002,segment,DONE,C:\Users\sasch\visionexe\stories\template\filmsets\story_039\segment_002\segment.txt,"{""actors"":[],""props"":[],""environments"":[],""scenes"":[],""blocking"":{""anchors"":[],""paths"":[]}}"
39,segment_003,segment,DONE,C:\Users\sasch\visionexe\stories\template\filmsets\story_039\segment_003\segment.txt,"```json
{
  ""actors"": [],
  ""props"": [],
  ""environments"": [],
  ""scenes"": [],
  ""blocking"": {
    ""anchors"": [],
    ""paths"": []
  }
}
```"
39,segment_004,segment,DONE,C:\Users\sasch\visionexe\stories\template\filmsets\story_039\segment_004\segment.txt,"```json
{
  ""actors"": [],
  ""props"": [],
  ""environments"": [
    {
      ""name"": ""altar"",
      ""visualTraits"": [],
      ""changes"": [],
      ""role"": ""place of worship""
    }
  ],
  ""scenes"": [
    {
      ""title"": ""Invocation"",
      ""location"": ""altar"",
      ""action"": ""chanting"",
      ""actorsInvolved"": []
    }
  ],
  ""blocking"": {
    ""anchors"": [
      {
        ""id"": ""altar"",
        ""description"": ""altar""
      }
    ],
    ""paths"": []
  }
}
```"
39,segment_005,segment,DONE,C:\Users\sasch\visionexe\stories\template\filmsets\story_039\segment_005\segment.txt,"```json
{
  ""actors"": [
    {
      ""name"": ""መላእት"",
      ""visualTraits"": null,
      ""changes"": null,
      ""role"": ""angel""
    }
  ],
  ""props"": [],
  ""environments"": [
    {
      ""name"": ""ምድር"",
      ""visualTraits"": null,
      ""changes"": null,
      ""role"": ""earth""
    },
    {
      ""name"": ""ዓለም"",
      ""visualTraits"": null,
      ""changes"": null,
      ""role"": ""world""
    }
  ],
  ""scenes"": [],
  ""blocking"": {
    ""anchors"": [],
    ""movements"": []
  }
}
```"
39,segment_006,segment,DONE,C:\Users\sasch\visionexe\stories\template\filmsets\story_039\segment_006\segment.txt,"```json
{
  ""actors"": [
    {""name"": ""ወውእቱ"", ""visualTraits"": null, ""changes"": null, ""role"": null},
    {""name"": ""መን፡ርእያ"", ""visualTraits"": null, ""changes"": null, ""role"": null},
    {""name"": ""ዕይንቲየ"", ""visualTraits"": null, ""changes"": null, ""role"": null},
    {""name"": ""ኅሩየ"", ""visualTraits"": null, ""changes"": null, ""role"": null},
    {""name"": ""ለጽድቅ"", ""visualTraits"": null, ""changes"": null, ""role"": null},
    {""name"": ""ወዘሀይማኖቱ"", ""visualTraits"": null, ""changes"": null, ""role"": null},
    {""name"": ""ወጽድቅ"", ""visualTraits"": null, ""changes"": null, ""role"": null},
    {""name"": ""ይውን"", ""visualTraits"": null, ""changes"": null, ""role"": null},
    {""name"": ""መዋዕሊሁ"", ""visualTraits"": null, ""changes"": null, ""role"": null},
    {""name"": ""ወጻድቃን"", ""visualTraits"": null, ""changes"": null, ""role"": null},
    {""name"": ""ወኅሩያን"", ""visualTraits"": null, ""changes"": null, ""role"": null},
    {""name"": ""ልቈ"", ""visualTraits"": null, ""changes"": null, ""role"": null},
    {""name"": ""ልቦሙ"", ""visualTraits"": null, ""changes"": null, ""role"": null},
    {""name"": ""ቅድሜሁ"", ""visualTraits"": null, ""changes"": null, ""role"": null},
    {""name"": ""ለዓለመ፨"", ""visualTraits"": null, ""changes"": null, ""role"": null}
  ],
  ""props"": [],
  ""environments"": [],
  ""scenes"": [
    {
      ""title"": ""Scene 1"",
      ""location"": null,
      ""action"": null,
      ""actorsInvolved"": []
    },
    {
      ""title"": ""Scene 2"",
      ""location"": null,
      ""action"": null,
      ""actorsInvolved"": []
    },
    {
      ""title"": ""Scene 3"",
      ""location"": null,
      ""action"": null,
      ""actorsInvolved"": []
    },
    {
      ""title"": ""Scene 4"",
      ""location"": null,
      ""action"": null,
      ""actorsInvolved"": []
    },
    {
      ""title"": ""Scene 5"",
      ""location"": null,
      ""action"": null,
      ""actorsInvolved"": []
    },
    {
      ""title"": ""Scene 6"",
      ""location"": null,
      ""action"": null,
      ""actorsInvolved"": []
    }
  ],
  ""blocking"": {
    ""anchors"": [],
    ""paths"": []
  }
}
```"
39,segment_007,segment,DONE,C:\Users\sasch\visionexe\stories\template\filmsets\story_039\segment_007\segment.txt,"```json
{
  ""actors"": [
    {
      ""name"": ""I"",
      ""visualTraits"": null,
      ""changes"": null,
      ""role"": ""speaker""
    },
    {
      ""name"": ""God"",
      ""visualTraits"": null,
      ""changes"": null,
      ""role"": ""deity""
    }
  ],
  ""props"": [
    {
      ""name"": ""spirit"",
      ""visualTraits"": null,
      ""changes"": null,
      ""role"": ""spiritual element""
    },
    {
      ""name"": ""light"",
      ""visualTraits"": null,
      ""changes"": null,
      ""role"": ""light source""
    },
    {
      ""name"": ""fire"",
      ""visualTraits"": null,
      ""changes"": null,
      ""role"": ""fire element""
    },
    {
      ""name"": ""flame"",
      ""visualTraits"": null,
      ""changes"": null,
      ""role"": ""flame element""
    }
  ],
  ""environments"": [
    {
      ""name"": ""world"",
      ""visualTraits"": null,
      ""changes"": null,
      ""role"": ""global environment""
    },
    {
      ""name"": ""sanctuary"",
      ""visualTraits"": null,
      ""changes"": null,
      ""role"": ""sanctuary""
    },
    {
      ""name"": ""temple"",
      ""visualTraits"": null,
      ""changes"": null,
      ""role"": ""temple""
    },
    {
      ""name"": ""gate"",
      ""visualTraits"": null,
      ""changes"": null,
      ""role"": ""gate""
    }
  ],
  ""scenes"": [
    {
      ""title"": ""Prayer to God"",
      ""location"": ""sanctuary/temple"",
      ""action"": ""Speaker addresses God, invokes spirit, light, and fire, praises God."",
      ""actorsInvolved"": [""I"", ""God""]
    }
  ],
  ""blocking"": {
    ""anchors"": [],
    ""paths"": []
  }
}
```"
39,segment_008,segment,DONE,C:\Users\sasch\visionexe\stories\template\filmsets\story_039\segment_008\segment.txt,"```json
{
  ""actors"": [],
  ""props"": [],
  ""environments"": [],
  ""scenes"": [],
  ""blocking"": {
    ""anchors"": [],
    ""paths"": []
  }
}
```
"
39,segment_009,segment,DONE,C:\Users\sasch\visionexe\stories\template\filmsets\story_039\segment_009\segment.txt,"```json
{
  ""actors"": [
    {
      ""name"": ""God"",
      ""visualTraits"": null,
      ""changes"": null,
      ""role"": ""deity""
    }
  ],
  ""props"": [],
  ""environments"": [],
  ""scenes"": [
    {
      ""title"": ""Prayer to God"",
      ""location"": null,
      ""action"": ""prayer"",
      ""actorsInvolved"": [""God""]
    }
  ],
  ""blocking"": {
    ""anchors"": [],
    ""paths"": []
  }
}
```"
39,segment_010,segment,DONE,C:\Users\sasch\visionexe\stories\template\filmsets\story_039\segment_010\segment.txt,"```json
{
  ""actors"": [],
  ""props"": [],
  ""environments"": [],
  ""scenes"": [],
  ""blocking"": {
    ""anchors"": [],
    ""paths"": []
  }
}
```"
39,segment_011,segment,DONE,C:\Users\sasch\visionexe\stories\template\filmsets\story_039\segment_011\segment.txt,"```json
{
  ""actors"": [],
  ""props"": [],
  ""environments"": [],
  ""scenes"": [],
  ""blocking"": {
    ""anchors"": [],
    ""paths"": []
  }
}
```"
39,segment_012,segment,DONE,C:\Users\sasch\visionexe\stories\template\filmsets\story_039\segment_012\segment.txt,"{
  ""actors"": [],
  ""props"": [],
  ""environments"": [],
  ""scenes"": [],
  ""blocking"": {
    ""anchors"": [],
    ""paths"": []
  }
}"
39,segment_013,segment,DONE,C:\Users\sasch\visionexe\stories\template\filmsets\story_039\segment_013\segment.txt,"```json
{
  ""actors"": [],
  ""props"": [],
  ""environments"": [],
  ""scenes"": [],
  ""blocking"": {
    ""anchors"": [],
    ""paths"": []
  }
}
```"
39,segment_014,segment,DONE,C:\Users\sasch\visionexe\stories\template\filmsets\story_039\segment_014\segment.txt,"{
  ""actors"": [],
  ""props"": [],
  ""environments"": [],
  ""scenes"": [],
  ""blocking"": {
    ""anchors"": [],
    ""paths"": []
  }
}"
40,segment_001,segment,DONE,C:\Users\sasch\visionexe\stories\template\filmsets\story_040\segment_001\segment.txt,"```json
{
  ""actors"": [],
  ""props"": [],
  ""environments"": [],
  ""scenes"": [],
  ""blocking"": {
    ""anchors"": [],
    ""paths"": []
  }
}
```
"
40,segment_002,segment,DONE,C:\Users\sasch\visionexe\stories\template\filmsets\story_040\segment_002\segment.txt,"{""actors"":[],""props"":[],""environments"":[],""scenes"":[],""blocking"":{""anchors"":[],""paths"":[]}}"
40,segment_003,segment,DONE,C:\Users\sasch\visionexe\stories\template\filmsets\story_040\segment_003\segment.txt,"```json
{
  ""actors"": [],
  ""props"": [],
  ""environments"": [],
  ""scenes"": [],
  ""blocking"": {
    ""anchors"": [],
    ""paths"": []
  }
}
```"
40,segment_004,segment,DONE,C:\Users\sasch\visionexe\stories\template\filmsets\story_040\segment_004\segment.txt,"```json
{
  ""actors"": [],
  ""props"": [],
  ""environments"": [],
  ""scenes"": [],
  ""blocking"": {
    ""anchors"": [],
    ""paths"": []
  }
}
```"
40,segment_005,segment,DONE,C:\Users\sasch\visionexe\stories\template\filmsets\story_040\segment_005\segment.txt,"```json
{
  ""actors"": [],
  ""props"": [],
  ""environments"": [],
  ""scenes"": [
    {
      ""title"": ""Chapter 40 Segment 5"",
      ""location"": null,
      ""action"": ""chanting a prayer"",
      ""actorsInvolved"": null
    }
  ],
  ""blocking"": {
    ""anchors"": [],
    ""paths"": []
  }
}
```"
40,segment_006,segment,DONE,C:\Users\sasch\visionexe\stories\template\filmsets\story_040\segment_006\segment.txt,"```json
{
  ""actors"": [
    {
      ""name"": ""I"",
      ""visualTraits"": null,
      ""changes"": null,
      ""role"": ""speaker""
    }
  ],
  ""props"": [],
  ""environments"": [],
  ""scenes"": [
    {
      ""title"": ""Verse 1"",
      ""location"": ""unknown"",
      ""action"": ""Reciting prayer"",
      ""actorsInvolved"": [""I""]
    },
    {
      ""title"": ""Verse 2"",
      ""location"": ""unknown"",
      ""action"": ""Reciting prayer"",
      ""actorsInvolved"": [""I""]
    },
    {
      ""title"": ""Verse 3"",
      ""location"": ""unknown"",
      ""action"": ""Reciting prayer"",
      ""actorsInvolved"": [""I""]
    },
    {
      ""title"": ""Verse 4"",
      ""location"": ""unknown"",
      ""action"": ""Reciting prayer"",
      ""actorsInvolved"": [""I""]
    },
    {
      ""title"": ""Verse 5"",
      ""location"": ""unknown"",
      ""action"": ""Reciting prayer"",
      ""actorsInvolved"": [""I""]
    }
  ],
  ""blocking"": {
    ""anchors"": [],
    ""paths"": []
  }
}
```"
40,segment_007,segment,DONE,C:\Users\sasch\visionexe\stories\template\filmsets\story_040\segment_007\segment.txt,"```json
{
  ""actors"": [
    {
      ""name"": ""ወቃለ"",
      ""visualTraits"": null,
      ""changes"": null,
      ""role"": null
    },
    {
      ""name"": ""ራብዐ"",
      ""visualTraits"": null,
      ""changes"": null,
      ""role"": null
    },
    {
      ""name"": ""ሰማዕኩ"",
      ""visualTraits"": null,
      ""changes"": null,
      ""role"": null
    },
    {
      ""name"": ""ሰይጣናት"",
      ""visualTraits"": null,
      ""changes"": null,
      ""role"": null
    },
    {
      ""name"": ""ወኢየኀድጎሙ"",
      ""visualTraits"": null,
      ""changes"": null,
      ""role"": null
    },
    {
      ""name"": ""እግዚ"",
      ""visualTraits"": null,
      ""changes"": null,
      ""role"": ""deity""
    },
    {
      ""name"": ""መንፈሳት"",
      ""visualTraits"": null,
      ""changes"": null,
      ""role"": ""spirit""
    },
    {
      ""name"": ""የኀድሩ"",
      ""visualTraits"": null,
      ""changes"": null,
      ""role"": null
    },
    {
      ""name"": ""የብስ"",
      ""visualTraits"": null,
      ""changes"": null,
      ""role"": null
    }
  ],
  ""props"": [],
  ""environments"": [],
  ""scenes"": [
    {
      ""title"": ""Chapter 40 Segment 7"",
      ""location"": null,
      ""action"": null,
      ""actorsInvolved"": [
        ""ወቃለ"",
        ""ራብዐ"",
        ""ሰማዕኩ"",
        ""ሰይጣናት"",
        ""ወኢየኀድጎሙ"",
        ""እግዚ"",
        ""መንፈሳት"",
        ""የኀድሩ"",
        ""የብስ""
      ]
    }
  ],
  ""blocking"": {
    ""anchors"": [],
    ""paths"": []
  }
}
```"
40,segment_008,segment,DONE,C:\Users\sasch\visionexe\stories\template\filmsets\story_040\segment_008\segment.txt,"```json
{
  ""actors"": [],
  ""props"": [],
  ""environments"": [],
  ""scenes"": [],
  ""blocking"": {
    ""anchors"": [],
    ""paths"": []
  }
}
```"
40,segment_009,segment,DONE,C:\Users\sasch\visionexe\stories\template\filmsets\story_040\segment_009\segment.txt,"```json
{
  ""actors"": [
    {""name"": ""ወይቤለኒ"", ""visualTraits"": null, ""changes"": null, ""role"": null},
    {""name"": ""ዝውእቱ"", ""visualTraits"": null, ""changes"": null, ""role"": null},
    {""name"": ""ቀዳማዊ"", ""visualTraits"": null, ""changes"": null, ""role"": null},
    {""name"": ""መሐሪ"", ""visualTraits"": null, ""changes"": null, ""role"": null},
    {""name"": ""ወርሑቀ"", ""visualTraits"": null, ""changes"": null, ""role"": null},
    {""name"": ""መዓት"", ""visualTraits"": null, ""changes"": null, ""role"": null},
    {""name"": ""ሚኤል"", ""visualTraits"": null, ""changes"": null, ""role"": null},
    {""name"": ""ልእ"", ""visualTraits"": null, ""changes"": null, ""role"": null},
    {""name"": ""ዘዲ"", ""visualTraits"": null, ""changes"": null, ""role"": null},
    {""name"": ""ሉ"", ""visualTraits"": null, ""changes"": null, ""role"": null},
    {""name"": ""ሕማም"", ""visualTraits"": null, ""changes"": null, ""role"": null},
    {""name"": ""ወዲ"", ""visualTraits"": null, ""changes"": null, ""role"": null},
    {""name"": ""ቍስለ"", ""visualTraits"": null, ""changes"": null, ""role"": null},
    {""name"": ""ውሉደ"", ""visualTraits"": null, ""changes"": null, ""role"": null},
    {""name"": ""ሰብእ"", ""visualTraits"": null, ""changes"": null, ""role"": null},
    {""name"": ""ውእቱ"", ""visualTraits"": null, ""changes"": null, ""role"": null},
    {""name"": ""ሩፋኤል"", ""visualTraits"": null, ""changes"": null, ""role"": null},
    {""name"": ""ወሣልስ"", ""visualTraits"": null, ""changes"": null, ""role"": null},
    {""name"": ""ኀይል"", ""visualTraits"": null, ""changes"": null, ""role"": null},
    {""name"": ""ገብርኤል"", ""visualTraits"": null, ""changes"": null, ""role"": null},
    {""name"": ""ወራብዕ"", ""visualTraits"": null, ""changes"": null, ""role"": null},
    {""name"": ""ንስሓ"", ""visualTraits"": null, ""changes"": null, ""role"": null},
    {""name"": ""ለተስፋ"", ""visualTraits"": null, ""changes"": null, ""role"": null},
    {""name"": ""እለ"", ""visualTraits"": null, ""changes"": null, ""role"": null},
    {""name"": ""ይወርሱ"", ""visualTraits"": null, ""changes"": null, ""role"": null},
    {""name"": ""ሕይወተ"", ""visualTraits"": null, ""changes"": null, ""role"": null},
    {""name"": ""ዘለዓለም"", ""visualTraits"": null, ""changes"": null, ""role"": null},
    {""name"": ""ዝስሙ"", ""visualTraits"": null, ""changes"": null, ""role"": null},
    {""name"": ""ፋኑኤል"", ""visualTraits"": null, ""changes"": null, ""role"": null}
  ],
  ""props"": [],
  ""environments"": [],
  ""scenes"": [],
  ""blocking"": {
    ""anchors"": [],
    ""paths"": []
  }
}
```"
40,segment_010,segment,DONE,C:\Users\sasch\visionexe\stories\template\filmsets\story_040\segment_010\segment.txt,"```json
{
  ""actors"": [
    {
      ""name"": ""ወእሉ"",
      ""visualTraits"": null,
      ""changes"": null,
      ""role"": ""unknown""
    },
    {
      ""name"": ""ርባዕቱ"",
      ""visualTraits"": null,
      ""changes"": null,
      ""role"": ""unknown""
    },
    {
      ""name"": ""መላእቲሁ"",
      ""visualTraits"": null,
      ""changes"": null,
      ""role"": ""unknown""
    },
    {
      ""name"": ""እግዚ"",
      ""visualTraits"": null,
      ""changes"": null,
      ""role"": ""unknown""
    },
    {
      ""name"": ""ቃለ"",
      ""visualTraits"": null,
      ""changes"": null,
      ""role"": ""unknown""
    },
    {
      ""name"": ""ሰማዕኩ"",
      ""visualTraits"": null,
      ""changes"": null,
      ""role"": ""unknown""
    },
    {
      ""name"": ""ውእቶን"",
      ""visualTraits"": null,
      ""changes"": null,
      ""role"": ""unknown""
    },
    {
      ""name"": ""መዋዕል"",
      ""visualTraits"": null,
      ""changes"": null,
      ""role"": ""unknown""
    }
  ],
  ""props"": [],
  ""environments"": [],
  ""scenes"": [
    {
      ""title"": ""Chapter 40 Segment 10"",
      ""location"": null,
      ""action"": null,
      ""actorsInvolved"": [
        ""ወእሉ"",
        ""ርባዕቱ"",
        ""መላእቲሁ"",
        ""እግዚ"",
        ""ቃለ"",
        ""ሰማዕኩ"",
        ""ውእቶን"",
        ""መዋዕል""
      ]
    }
  ],
  ""blocking"": {
    ""anchors"": [],
    ""paths"": []
  }
}
```"
41,segment_001,segment,DONE,C:\Users\sasch\visionexe\stories\template\filmsets\story_041\segment_001\segment.txt,"```json
{
  ""actors"": [],
  ""props"": [],
  ""environments"": [],
  ""scenes"": [],
  ""blocking"": {
    ""anchors"": [],
    ""paths"": []
  }
}
```"
41,segment_002,segment,DONE,C:\Users\sasch\visionexe\stories\template\filmsets\story_041\segment_002\segment.txt,"```json
{
  ""actors"": [
    {
      ""name"": ""Speaker"",
      ""visualTraits"": null,
      ""changes"": null,
      ""role"": ""prayer speaker""
    },
    {
      ""name"": ""God"",
      ""visualTraits"": null,
      ""changes"": null,
      ""role"": ""deity""
    }
  ],
  ""props"": [],
  ""environments"": [
    {
      ""name"": ""unknown"",
      ""visualTraits"": null,
      ""changes"": null,
      ""role"": ""setting""
    }
  ],
  ""scenes"": [
    {
      ""title"": ""Prayer to God"",
      ""location"": ""unknown"",
      ""action"": ""prayer"",
      ""actorsInvolved"": [""Speaker"", ""God""]
    }
  ],
  ""blocking"": {
    ""anchors"": [],
    ""paths"": []
  }
}
```"
41,segment_003,segment,DONE,C:\Users\sasch\visionexe\stories\template\filmsets\story_041\segment_003\segment.txt,"```json
{
  ""actors"": [],
  ""props"": [],
  ""environments"": [
    {
      ""name"": ""ምድር"",
      ""visualTraits"": null,
      ""changes"": null,
      ""role"": ""ground""
    }
  ],
  ""scenes"": [
    {
      ""title"": ""Chapter 41 Segment 3"",
      ""location"": null,
      ""action"": null,
      ""actorsInvolved"": []
    }
  ],
  ""blocking"": {
    ""anchors"": [],
    ""paths"": []
  }
}
```"
41,segment_004,segment,DONE,C:\Users\sasch\visionexe\stories\template\filmsets\story_041\segment_004\segment.txt,"```json
{
  ""actors"": [],
  ""props"": [],
  ""environments"": [],
  ""scenes"": [],
  ""blocking"": {
    ""anchors"": [],
    ""paths"": []
  }
}
```"
41,segment_005,segment,DONE,C:\Users\sasch\visionexe\stories\template\filmsets\story_041\segment_005\segment.txt,"```json
{
  ""actors"": [],
  ""props"": [],
  ""environments"": [],
  ""scenes"": [],
  ""blocking"": {
    ""anchors"": [],
    ""paths"": []
  }
}
```"
41,segment_006,segment,DONE,C:\Users\sasch\visionexe\stories\template\filmsets\story_041\segment_006\segment.txt,"```json
{
  ""actors"": [
    {
      ""name"": ""እግዚ"",
      ""visualTraits"": [],
      ""changes"": [],
      ""role"": ""deity""
    }
  ],
  ""props"": [],
  ""environments"": [
    {
      ""name"": ""ቅድመፀሐይ"",
      ""visualTraits"": [],
      ""changes"": [],
      ""role"": ""time of day""
    }
  ],
  ""scenes"": [
    {
      ""title"": ""Chapter 41 Segment 6"",
      ""location"": ""before the sun"",
      ""action"": ""unknown"",
      ""actorsInvolved"": [""እግዚ""]
    }
  ],
  ""blocking"": {
    ""anchors"": [
      {
        ""id"": ""gate"",
        ""description"": ""gate""
      }
    ],
    ""paths"": []
  }
}
```"
41,segment_007,segment,DONE,C:\Users\sasch\visionexe\stories\template\filmsets\story_041\segment_007\segment.txt,"```json
{
  ""actors"": [
    {
      ""name"": ""ተቶሙ"",
      ""visualTraits"": null,
      ""changes"": null,
      ""role"": null
    },
    {
      ""name"": ""ዕረፍት"",
      ""visualTraits"": null,
      ""changes"": null,
      ""role"": null
    },
    {
      ""name"": ""ወኢያዐርፉ"",
      ""visualTraits"": null,
      ""changes"": null,
      ""role"": null
    },
    {
      ""name"": ""ወይሴብሑ"",
      ""visualTraits"": null,
      ""changes"": null,
      ""role"": null
    },
    {
      ""name"": ""ሎሙ"",
      ""visualTraits"": null,
      ""changes"": null,
      ""role"": null
    }
  ],
  ""props"": [],
  ""environments"": [],
  ""scenes"": [
    {
      ""title"": ""Chapter 41 Segment 7"",
      ""location"": null,
      ""action"": null,
      ""actorsInvolved"": null
    }
  ],
  ""blocking"": {
    ""anchors"": [],
    ""paths"": []
  }
}
```"
41,segment_008,segment,DONE,C:\Users\sasch\visionexe\stories\template\filmsets\story_041\segment_008\segment.txt,"```json
{
  ""actors"": [
    {
      ""name"": ""እግዚእ"",
      ""visualTraits"": [],
      ""changes"": [],
      ""role"": ""deity""
    },
    {
      ""name"": ""ሰብእ"",
      ""visualTraits"": [],
      ""changes"": [],
      ""role"": ""human""
    },
    {
      ""name"": ""ጻድቃን"",
      ""visualTraits"": [],
      ""changes"": [],
      ""role"": ""judge""
    }
  ],
  ""props"": [
    {
      ""name"": ""ፀሐይ"",
      ""visualTraits"": [],
      ""changes"": [],
      ""role"": ""celestial body""
    },
    {
      ""name"": ""ብርሃን"",
      ""visualTraits"": [],
      ""changes"": [],
      ""role"": ""light source""
    },
    {
      ""name"": ""ወማእለ"",
      ""visualTraits"": [],
      ""changes"": [],
      ""role"": ""moon""
    },
    {
      ""name"": ""ጽልመት"",
      ""visualTraits"": [],
      ""changes"": [],
      ""role"": ""soul""
    },
    {
      ""name"": ""መንፈሶሙ"",
      ""visualTraits"": [],
      ""changes"": [],
      ""role"": ""spirit""
    }
  ],
  ""environments"": [
    {
      ""name"": ""ለረት"",
      ""visualTraits"": [],
      ""changes"": [],
      ""role"": ""forest""
    }
  ],
  ""scenes"": [
    {
      ""title"": ""Beat 1"",
      ""location"": ""sun"",
      ""action"": ""እስመ፡ፀሐይ፡ብዙኅ፡ምያጤ፡"",
      ""actorsInvolved"": []
    },
    {
      ""title"": ""Beat 2"",
      ""location"": ""forest"",
      ""action"": ""ቦቱ፡ለረት፡"",
      ""actorsInvolved"": []
    },
    {
      ""title"": ""Beat 3"",
      ""location"": ""unknown"",
      ""action"": ""ወለመርገም፨ወምርዋጸ፡ፍኖቱ፡"",
      ""actorsInvolved"": []
    },
    {
      ""title"": ""Beat 4"",
      ""location"": ""unknown"",
      ""action"": ""ለወርኅ፡ለጻድቃን፡ብርሃን፡"",
      ""actorsInvolved"": [""ጻድቃን""]
    },
    {
      ""title"": ""Beat 5"",
      ""location"": ""unknown"",
      ""action"": ""ወለኃጥን፡ጽልመት፡ስሙ፡"",
      ""actorsInvolved"": []
    },
    {
      ""title"": ""Beat 6"",
      ""location"": ""unknown"",
      ""action"": ""ለእግዚእ፡ዘፈጠረ፡ማእለ፡"",
      ""actorsInvolved"": [""እግዚእ""]
    },
    {
      ""title"": ""Beat 7"",
      ""location"": ""unknown"",
      ""action"": ""ብርሃን፡ወማእለ፡"",
      ""actorsInvolved"": []
    },
    {
      ""title"": ""Beat 8"",
      ""location"": ""unknown"",
      ""action"": ""ጽልመት፨ወፈለ፡መንፈሶሙ፡"",
      ""actorsInvolved"": []
    },
    {
      ""title"": ""Beat 9"",
      ""location"": ""unknown"",
      ""action"": ""ለሰብእ፡ወጽንዐ፡መንፈሶሙ፡"",
      ""actorsInvolved"": [""ሰብእ""]
    },
    {
      ""title"": ""Beat 10"",
      ""location"": ""unknown"",
      ""action"": ""ለጻድቃን፡ስመ፡ጽድቀ፡ዚሁ፨"",
      ""actorsInvolved"": [""ጻድቃን""]
    }
  ],
  ""blocking"": {
    ""anchors"": [
      { ""id"": ""anchor1"", ""description"": ""sun"" },
      { ""id"": ""anchor2"", ""description"": ""forest"" },
      { ""id"": ""anchor3"", ""description"": ""moon"" },
      { ""id"": ""anchor4"", ""description"": ""light"" },
      { ""id"": ""anchor5"", ""description"": ""soul"" },
      { ""id"": ""anchor6"", ""description"": ""spirit"" },
      { ""id"": ""anchor7"", ""description"": ""human"" },
      { ""id"": ""anchor8"", ""description"": ""judge"" },
      { ""id"": ""anchor9"", ""description"": ""God"" }
    ],
    ""paths"": []
  }
}
```"
41,segment_009,segment,DONE,C:\Users\sasch\visionexe\stories\template\filmsets\story_041\segment_009\segment.txt,"{""actors"":[],""props"":[],""environments"":[],""scenes"":[],""blocking"":{""anchors"":[],""paths"":[]}}"
42,segment_001,segment,DONE,C:\Users\sasch\visionexe\stories\template\filmsets\story_042\segment_001\segment.txt,"```json
{
  ""actors"": [],
  ""props"": [],
  ""environments"": [],
  ""scenes"": [],
  ""blocking"": {
    ""anchors"": [],
    ""paths"": []
  }
}
```"
42,segment_002,segment,DONE,C:\Users\sasch\visionexe\stories\template\filmsets\story_042\segment_002\segment.txt,"{""actors"":[],""props"":[],""environments"":[],""scenes"":[],""blocking"":{""anchors"":[],""paths"":[]}}"
42,segment_003,segment,DONE,C:\Users\sasch\visionexe\stories\template\filmsets\story_042\segment_003\segment.txt,"```json
{
  ""actors"": [],
  ""props"": [],
  ""environments"": [],
  ""scenes"": [],
  ""blocking"": {
    ""anchors"": [],
    ""paths"": []
  }
}
```"
43,segment_001,segment,DONE,C:\Users\sasch\visionexe\stories\template\filmsets\story_043\segment_001\segment.txt,"```json
{
  ""actors"": [
    {
      ""name"": ""ወርኢኩ"",
      ""visualTraits"": null,
      ""changes"": null,
      ""role"": ""unknown""
    },
    {
      ""name"": ""ለሎሙ"",
      ""visualTraits"": null,
      ""changes"": null,
      ""role"": ""unknown""
    },
    {
      ""name"": ""ስማቲሆሙ"",
      ""visualTraits"": null,
      ""changes"": null,
      ""role"": ""unknown""
    },
    {
      ""name"": ""ወይሰምዕዎ"",
      ""visualTraits"": null,
      ""changes"": null,
      ""role"": ""unknown""
    }
  ],
  ""props"": [],
  ""environments"": [
    {
      ""name"": ""ሰማይ"",
      ""visualTraits"": null,
      ""changes"": null,
      ""role"": ""environment""
    }
  ],
  ""scenes"": [
    {
      ""title"": ""Chapter 43 Segment 1"",
      ""location"": ""unknown"",
      ""action"": ""unknown"",
      ""actorsInvolved"": [
        ""ወርኢኩ"",
        ""ለሎሙ"",
        ""ስማቲሆሙ"",
        ""ወይሰምዕዎ""
      ]
    }
  ],
  ""blocking"": {
    ""anchors"": [],
    ""paths"": []
  }
}
```"
43,segment_002,segment,DONE,C:\Users\sasch\visionexe\stories\template\filmsets\story_043\segment_002\segment.txt,"```json
{
  ""actors"": [
    {
      ""name"": ""ወርኢዋ"",
      ""visualTraits"": null,
      ""changes"": null,
      ""role"": ""deity""
    },
    {
      ""name"": ""መላእት"",
      ""visualTraits"": null,
      ""changes"": null,
      ""role"": ""messenger""
    }
  ],
  ""props"": [],
  ""environments"": [],
  ""scenes"": [
    {
      ""title"": ""Praising Weriwa"",
      ""location"": ""unknown"",
      ""action"": ""chant"",
      ""actorsInvolved"": [""ወርኢዋ"", ""መላእት""]
    }
  ],
  ""blocking"": {
    ""anchors"": [],
    ""paths"": []
  }
}
```"
43,segment_003,segment,DONE,C:\Users\sasch\visionexe\stories\template\filmsets\story_043\segment_003\segment.txt,"{
  ""actors"": [],
  ""props"": [],
  ""environments"": [],
  ""scenes"": [],
  ""blocking"": {
    ""anchors"": [],
    ""paths"": []
  }
}"
43,segment_004,segment,DONE,C:\Users\sasch\visionexe\stories\template\filmsets\story_043\segment_004\segment.txt,"```json
{
  ""actors"": [
    {
      ""name"": ""እግዚ"",
      ""visualTraits"": null,
      ""changes"": null,
      ""role"": ""deity""
    },
    {
      ""name"": ""ስማቲሆሙ"",
      ""visualTraits"": null,
      ""changes"": null,
      ""role"": ""unknown""
    }
  ],
  ""props"": [],
  ""environments"": [],
  ""scenes"": [
    {
      ""title"": ""Chapter 43 Segment 4"",
      ""location"": null,
      ""action"": ""chant"",
      ""actorsInvolved"": [""እግዚ"", ""ስማቲሆሙ""]
    }
  ],
  ""blocking"": {
    ""anchors"": [],
    ""paths"": []
  }
}
```"
44,segment_001,segment,DONE,C:\Users\sasch\visionexe\stories\template\filmsets\story_044\segment_001\segment.txt,"{
  ""actors"": [],
  ""props"": [],
  ""environments"": [],
  ""scenes"": [
    {
      ""title"": ""Line 1"",
      ""location"": null,
      ""action"": null,
      ""actorsInvolved"": []
    },
    {
      ""title"": ""Line 2"",
      ""location"": null,
      ""action"": null,
      ""actorsInvolved"": []
    },
    {
      ""title"": ""Line 3"",
      ""location"": null,
      ""action"": null,
      ""actorsInvolved"": []
    },
    {
      ""title"": ""Line 4"",
      ""location"": null,
      ""action"": null,
      ""actorsInvolved"": []
    },
    {
      ""title"": ""Line 5"",
      ""location"": null,
      ""action"": null,
      ""actorsInvolved"": []
    }
  ],
  ""blocking"": {
    ""anchors"": [],
    ""paths"": []
  }
}"
45,segment_001,segment,DONE,C:\Users\sasch\visionexe\stories\template\filmsets\story_045\segment_001\segment.txt,"```json
{
  ""actors"": [],
  ""props"": [],
  ""environments"": [],
  ""scenes"": [
    {
      ""title"": ""Chapter 45 Segment 1"",
      ""location"": null,
      ""action"": null,
      ""actorsInvolved"": null
    }
  ],
  ""blocking"": {
    ""anchors"": [],
    ""paths"": []
  }
}
```"
45,segment_002,segment,DONE,C:\Users\sasch\visionexe\stories\template\filmsets\story_045\segment_002\segment.txt,"{
  ""actors"": [
    {
      ""name"": ""እግዚ"",
      ""visualTraits"": null,
      ""changes"": null,
      ""role"": ""recipient of prayer""
    }
  ],
  ""props"": [],
  ""environments"": [],
  ""scenes"": [],
  ""blocking"": {
    ""anchors"": [],
    ""paths"": []
  }
}"
45,segment_003,segment,DONE,C:\Users\sasch\visionexe\stories\template\filmsets\story_045\segment_003\segment.txt,"```json
{
  ""actors"": [],
  ""props"": [],
  ""environments"": [],
  ""scenes"": [],
  ""blocking"": {
    ""anchors"": [],
    ""paths"": []
  }
}
```
"
45,segment_004,segment,DONE,C:\Users\sasch\visionexe\stories\template\filmsets\story_045\segment_004\segment.txt,"```json
{
  ""actors"": [],
  ""props"": [],
  ""environments"": [],
  ""scenes"": [],
  ""blocking"": {
    ""anchors"": [],
    ""paths"": []
  }
}
```"
45,segment_005,segment,DONE,C:\Users\sasch\visionexe\stories\template\filmsets\story_045\segment_005\segment.txt,"```json
{
  ""actors"": [],
  ""props"": [],
  ""environments"": [],
  ""scenes"": [],
  ""blocking"": {
    ""anchors"": [],
    ""paths"": []
  }
}
```"
45,segment_006,segment,DONE,C:\Users\sasch\visionexe\stories\template\filmsets\story_045\segment_006\segment.txt,"```json
{
  ""actors"": [
    {
      ""name"": ""warrior"",
      ""visualTraits"": null,
      ""changes"": null,
      ""role"": ""protagonist""
    }
  ],
  ""props"": [],
  ""environments"": [
    {
      ""name"": ""earth"",
      ""visualTraits"": null,
      ""changes"": null,
      ""role"": ""setting""
    }
  ],
  ""scenes"": [
    {
      ""title"": ""Chapter 45 Segment 6"",
      ""location"": ""earth"",
      ""action"": null,
      ""actorsInvolved"": [""warrior""]
    }
  ],
  ""blocking"": {
    ""anchors"": [],
    ""paths"": []
  }
}
```"
46,segment_001,segment,DONE,C:\Users\sasch\visionexe\stories\template\filmsets\story_046\segment_001\segment.txt,"```json
{
  ""actors"": [],
  ""props"": [],
  ""environments"": [],
  ""scenes"": [],
  ""blocking"": {
    ""anchors"": [],
    ""paths"": []
  }
}
```"
46,segment_002,segment,DONE,C:\Users\sasch\visionexe\stories\template\filmsets\story_046\segment_002\segment.txt,"```json
{
  ""actors"": [],
  ""props"": [],
  ""environments"": [],
  ""scenes"": [
    {
      ""title"": ""Chapter 46 Segment 2"",
      ""location"": null,
      ""action"": null,
      ""actorsInvolved"": []
    }
  ],
  ""blocking"": {
    ""anchors"": [],
    ""paths"": []
  }
}
```"
46,segment_003,segment,DONE,C:\Users\sasch\visionexe\stories\template\filmsets\story_046\segment_003\segment.txt,"```json
{
  ""actors"": [
    {
      ""name"": ""እግዚ"",
      ""visualTraits"": null,
      ""changes"": null,
      ""role"": ""divine""
    }
  ],
  ""props"": [],
  ""environments"": [],
  ""scenes"": [],
  ""blocking"": {
    ""anchors"": [],
    ""paths"": []
  }
}
```"
46,segment_004,segment,DONE,C:\Users\sasch\visionexe\stories\template\filmsets\story_046\segment_004\segment.txt,"```json
{
  ""actors"": [],
  ""props"": [],
  ""environments"": [],
  ""scenes"": [],
  ""blocking"": {
    ""anchors"": [],
    ""paths"": []
  }
}
```"
46,segment_005,segment,DONE,C:\Users\sasch\visionexe\stories\template\filmsets\story_046\segment_005\segment.txt,"```json
{
  ""actors"": [
    {""name"":""ወይገፈትኦሙ"",""visualTraits"":null,""changes"":null,""role"":""character""},
    {""name"":""ለነገሥት"",""visualTraits"":null,""changes"":null,""role"":""character""},
    {""name"":""እመናብርቲሆሙ"",""visualTraits"":null,""changes"":null,""role"":""character""},
    {""name"":""ዲ"",""visualTraits"":null,""changes"":null,""role"":""character""},
    {""name"":""ምንባራቲሆሙ"",""visualTraits"":null,""changes"":null,""role"":""character""},
    {""name"":""ወእመንግሥቶሙ"",""visualTraits"":null,""changes"":null,""role"":""character""},
    {""name"":""እስመ"",""visualTraits"":null,""changes"":null,""role"":""character""},
    {""name"":""እያሌዕልዎ"",""visualTraits"":null,""changes"":null,""role"":""character""},
    {""name"":""ወኢይሴብሕዎ"",""visualTraits"":null,""changes"":null,""role"":""character""},
    {""name"":""ወኢይገንዩ"",""visualTraits"":null,""changes"":null,""role"":""character""},
    {""name"":""እምይቴ"",""visualTraits"":null,""changes"":null,""role"":""character""},
    {""name"":""ተውህት"",""visualTraits"":null,""changes"":null,""role"":""character""},
    {""name"":""ሎሙ"",""visualTraits"":null,""changes"":null,""role"":""character""},
    {""name"":""መንግሥት"",""visualTraits"":null,""changes"":null,""role"":""character""}
  ],
  ""props"": [],
  ""environments"": [],
  ""scenes"": [],
  ""blocking"": {
    ""anchors"": [],
    ""paths"": []
  }
}
```"
46,segment_006,segment,DONE,C:\Users\sasch\visionexe\stories\template\filmsets\story_046\segment_006\segment.txt,"```json
{
  ""actors"": [
    {
      ""name"": ""ኢያሌዕሉ"",
      ""visualTraits"": null,
      ""changes"": null,
      ""role"": ""speaker""
    }
  ],
  ""props"": [
    {
      ""name"": ""ወገጸ"",
      ""visualTraits"": null,
      ""changes"": null,
      ""role"": ""gate""
    }
  ],
  ""environments"": [
    {
      ""name"": ""ኀፍረት"",
      ""visualTraits"": null,
      ""changes"": null,
      ""role"": ""location""
    },
    {
      ""name"": ""ወዕፀያት"",
      ""visualTraits"": null,
      ""changes"": null,
      ""role"": ""location""
    },
    {
      ""name"": ""ምስቦሙ"",
      ""visualTraits"": null,
      ""changes"": null,
      ""role"": ""location""
    },
    {
      ""name"": ""ወኢይሴፈዉ"",
      ""visualTraits"": null,
      ""changes"": null,
      ""role"": ""location""
    },
    {
      ""name"": ""እምስባቲሆሙ"",
      ""visualTraits"": null,
      ""changes"": null,
      ""role"": ""location""
    },
    {
      ""name"": ""ስሞ"",
      ""visualTraits"": null,
      ""changes"": null,
      ""role"": ""location""
    },
    {
      ""name"": ""ለእግዚ"",
      ""visualTraits"": null,
      ""changes"": null,
      ""role"": ""location""
    },
    {
      ""name"": ""መናፍስት"",
      ""visualTraits"": null,
      ""changes"": null,
      ""role"": ""location""
    }
  ],
  ""scenes"": [
    {
      ""title"": ""Chapter 46 Segment 6"",
      ""location"": null,
      ""action"": ""ወገጸ፡ጽኑዓን፡ይገፈትእ፡ ወይመልኦሙ፡ኀፍረት፡ ወጽልመት፡ይውኖሙ፡ መኃድሪሆሙ፡ወዕፀያት፡ ይውኖሙ፡ምስቦሙ፡ ወኢይሴፈዉ፡መ፡ይትነሥኡ፡ እምስባቲሆሙ፡እስመ፡ ኢያሌዕሉ፡ስሞ፡ለእግዚ፡ መናፍስት፨"",
      ""actorsInvolved"": [""ኢያሌዕሉ""]
    }
  ],
  ""blocking"": {
    ""anchors"": [
      {
        ""id"": ""anchor_gate"",
        ""description"": ""gate""
      }
    ],
    ""paths"": []
  }
}
```"
46,segment_007,segment,DONE,C:\Users\sasch\visionexe\stories\template\filmsets\story_046\segment_007\segment.txt,"```json
{
  ""actors"": [],
  ""props"": [],
  ""environments"": [],
  ""scenes"": [],
  ""blocking"": {
    ""anchors"": [],
    ""paths"": []
  }
}
```"
46,segment_008,segment,DONE,C:\Users\sasch\visionexe\stories\template\filmsets\story_046\segment_008\segment.txt,"```json
{
  ""actors"": [
    {
      ""name"": ""ብያተ"",
      ""visualTraits"": null,
      ""changes"": null,
      ""role"": null
    },
    {
      ""name"": ""ምስትጉቡ"",
      ""visualTraits"": null,
      ""changes"": null,
      ""role"": null
    },
    {
      ""name"": ""ዚሁ"",
      ""visualTraits"": null,
      ""changes"": null,
      ""role"": null
    },
    {
      ""name"": ""ወለመሃይምናን"",
      ""visualTraits"": null,
      ""changes"": null,
      ""role"": null
    },
    {
      ""name"": ""ስቁላን"",
      ""visualTraits"": null,
      ""changes"": null,
      ""role"": null
    },
    {
      ""name"": ""መናፍስት"",
      ""visualTraits"": null,
      ""changes"": null,
      ""role"": null
    }
  ],
  ""props"": [],
  ""environments"": [],
  ""scenes"": [
    {
      ""title"": ""Chapter 46 Segment 8"",
      ""location"": null,
      ""action"": null,
      ""actorsInvolved"": [
        ""ብያተ"",
        ""ምስትጉቡ"",
        ""ዚሁ"",
        ""ወለመሃይምናን"",
        ""ስቁላን"",
        ""መናፍስት""
      ]
    }
  ],
  ""blocking"": {
    ""anchors"": [],
    ""paths"": []
  }
}
```"
47,segment_001,segment,DONE,C:\Users\sasch\visionexe\stories\template\filmsets\story_047\segment_001\segment.txt,"{
  ""actors"": [
    {
      ""name"": ""God"",
      ""visualTraits"": null,
      ""changes"": null,
      ""role"": ""deity""
    }
  ],
  ""props"": [],
  ""environments"": [
    {
      ""name"": ""Earth"",
      ""visualTraits"": null,
      ""changes"": null,
      ""role"": ""setting""
    }
  ],
  ""scenes"": [
    {
      ""title"": ""Chant"",
      ""location"": ""Unknown"",
      ""action"": ""Recitation of chant"",
      ""actorsInvolved"": [""God""]
    }
  ],
  ""blocking"": {
    ""anchors"": [],
    ""paths"": []
  }
}"
47,segment_002,segment,DONE,C:\Users\sasch\visionexe\stories\template\filmsets\story_047\segment_002\segment.txt,"```json
{
  ""actors"": [],
  ""props"": [],
  ""environments"": [],
  ""scenes"": [],
  ""blocking"": {
    ""anchors"": [],
    ""paths"": []
  }
}
```"
47,segment_003,segment,DONE,C:\Users\sasch\visionexe\stories\template\filmsets\story_047\segment_003\segment.txt,"```json
{
  ""actors"": [],
  ""props"": [],
  ""environments"": [],
  ""scenes"": [],
  ""blocking"": {
    ""anchors"": [],
    ""paths"": []
  }
}
```"
47,segment_004,segment,DONE,C:\Users\sasch\visionexe\stories\template\filmsets\story_047\segment_004\segment.txt,"{
  ""actors"": [],
  ""props"": [],
  ""environments"": [],
  ""scenes"": [],
  ""blocking"": {
    ""anchors"": [],
    ""paths"": []
  }
}"
48,segment_001,segment,DONE,C:\Users\sasch\visionexe\stories\template\filmsets\story_048\segment_001\segment.txt,"{""actors"":[],""props"":[],""environments"":[],""scenes"":[],""blocking"":{""anchors"":[],""paths"":[]}}"
48,segment_002,segment,DONE,C:\Users\sasch\visionexe\stories\template\filmsets\story_048\segment_002\segment.txt,"```json
{
  ""actors"": [
    {
      ""name"": ""እግዚ"",
      ""visualTraits"": null,
      ""changes"": null,
      ""role"": ""deity""
    }
  ],
  ""props"": [],
  ""environments"": [
    {
      ""name"": ""ሰዓት"",
      ""visualTraits"": null,
      ""changes"": null,
      ""role"": ""time""
    }
  ],
  ""scenes"": [
    {
      ""title"": ""Chapter 48 Segment 2"",
      ""location"": null,
      ""action"": null,
      ""actorsInvolved"": [""እግዚ""]
    }
  ],
  ""blocking"": {
    ""anchors"": [],
    ""paths"": []
  }
}
```"
48,segment_003,segment,DONE,C:\Users\sasch\visionexe\stories\template\filmsets\story_048\segment_003\segment.txt,"```json
{
  ""actors"": [
    {
      ""name"": ""እግዚ"",
      ""visualTraits"": null,
      ""changes"": null,
      ""role"": ""divine""
    }
  ],
  ""props"": [
    {
      ""name"": ""መናፍስት"",
      ""visualTraits"": null,
      ""changes"": null,
      ""role"": ""concept""
    }
  ],
  ""environments"": [
    {
      ""name"": ""ፀሐይ"",
      ""visualTraits"": null,
      ""changes"": null,
      ""role"": ""environment""
    },
    {
      ""name"": ""ሰማይ"",
      ""visualTraits"": null,
      ""changes"": null,
      ""role"": ""environment""
    }
  ],
  ""scenes"": [
    {
      ""title"": ""Invocation of Sun and Heavens before God"",
      ""location"": ""unknown"",
      ""action"": ""The speaker calls upon the sun and the heavens, invoking them before God."",
      ""actorsInvolved"": [""እግዚ"", ""ፀሐይ"", ""ሰማይ""]
    }
  ],
  ""blocking"": {
    ""anchors"": [],
    ""paths"": []
  }
}
```"
48,segment_004,segment,DONE,C:\Users\sasch\visionexe\stories\template\filmsets\story_048\segment_004\segment.txt,"```json
{
  ""actors"": [
    {
      ""name"": ""Voice"",
      ""visualTraits"": null,
      ""changes"": [],
      ""role"": null
    },
    {
      ""name"": ""Judge"",
      ""visualTraits"": null,
      ""changes"": [],
      ""role"": null
    },
    {
      ""name"": ""People"",
      ""visualTraits"": null,
      ""changes"": [],
      ""role"": null
    }
  ],
  ""props"": [
    {
      ""name"": ""Light"",
      ""visualTraits"": null,
      ""changes"": [],
      ""role"": null
    },
    {
      ""name"": ""Heart"",
      ""visualTraits"": null,
      ""changes"": [],
      ""role"": null
    }
  ],
  ""environments"": [
    {
      ""name"": ""World"",
      ""visualTraits"": null,
      ""changes"": [],
      ""role"": null
    }
  ],
  ""scenes"": [],
  ""blocking"": {
    ""anchors"": [],
    ""paths"": []
  }
}
```"
48,segment_005,segment,DONE,C:\Users\sasch\visionexe\stories\template\filmsets\story_048\segment_005\segment.txt,"```json
{
  ""actors"": [
    {
      ""name"": ""እግዚ"",
      ""visualTraits"": null,
      ""changes"": null,
      ""role"": ""deity""
    }
  ],
  ""props"": [],
  ""environments"": [],
  ""scenes"": [
    {
      ""title"": ""Verse 1"",
      ""location"": null,
      ""action"": ""ይወድቁ፡ወይሰግዱ፡ቅድሜሁ፡"",
      ""actorsInvolved"": []
    },
    {
      ""title"": ""Verse 2"",
      ""location"": null,
      ""action"": ""ሎሙ፡እለ፡የኀድሩ፡ውስተ፡"",
      ""actorsInvolved"": []
    },
    {
      ""title"": ""Verse 3"",
      ""location"": null,
      ""action"": ""የብስ፨ወይሴብሕዎ፡ወይባርዎ፡"",
      ""actorsInvolved"": []
    },
    {
      ""title"": ""Verse 4"",
      ""location"": null,
      ""action"": ""ወይዜምሩ፡ለስመ፡እግዚ፡"",
      ""actorsInvolved"": [""እግዚ""]
    },
    {
      ""title"": ""Verse 5"",
      ""location"": null,
      ""action"": ""መናፍስት፨"",
      ""actorsInvolved"": []
    }
  ],
  ""blocking"": {
    ""anchors"": [],
    ""paths"": []
  }
}
```"
48,segment_006,segment,DONE,C:\Users\sasch\visionexe\stories\template\filmsets\story_048\segment_006\segment.txt,"```json
{
  ""actors"": [],
  ""props"": [],
  ""environments"": [],
  ""scenes"": [
    {
      ""title"": ""Chapter 48 Segment 6"",
      ""location"": null,
      ""action"": null,
      ""actorsInvolved"": null
    }
  ],
  ""blocking"": {
    ""anchors"": [],
    ""paths"": []
  }
}
```"
48,segment_007,segment,DONE,C:\Users\sasch\visionexe\stories\template\filmsets\story_048\segment_007\segment.txt,"```json
{
  ""actors"": [
    {
      ""name"": ""እግዚ"",
      ""visualTraits"": ""unknown"",
      ""changes"": [],
      ""role"": ""deity""
    },
    {
      ""name"": ""መንፍስት"",
      ""visualTraits"": ""unknown"",
      ""changes"": [],
      ""role"": ""spirit""
    }
  ],
  ""props"": [],
  ""environments"": [],
  ""scenes"": [],
  ""blocking"": {
    ""anchors"": [],
    ""paths"": []
  }
}
```"
48,segment_008,segment,DONE,C:\Users\sasch\visionexe\stories\template\filmsets\story_048\segment_008\segment.txt,"```json
{
  ""actors"": [],
  ""props"": [],
  ""environments"": [
    {
      ""name"": ""earth"",
      ""visualTraits"": null,
      ""changes"": null,
      ""role"": ""ground""
    }
  ],
  ""scenes"": [],
  ""blocking"": {
    ""anchors"": [],
    ""paths"": []
  }
}
```
"
48,segment_009,segment,DONE,C:\Users\sasch\visionexe\stories\template\filmsets\story_048\segment_009\segment.txt,"```json
{
  ""actors"": [
    {
      ""name"": ""እወድዮሙ"",
      ""visualTraits"": null,
      ""changes"": [],
      ""role"": ""character""
    },
    {
      ""name"": ""ቅዱሳን"",
      ""visualTraits"": null,
      ""changes"": [],
      ""role"": ""character""
    },
    {
      ""name"": ""ጻድቃን"",
      ""visualTraits"": null,
      ""changes"": [],
      ""role"": ""character""
    },
    {
      ""name"": ""ሎሙ"",
      ""visualTraits"": null,
      ""changes"": [],
      ""role"": ""character""
    },
    {
      ""name"": ""ሰር"",
      ""visualTraits"": null,
      ""changes"": [],
      ""role"": ""character""
    }
  ],
  ""props"": [
    {
      ""name"": ""ገጸ"",
      ""visualTraits"": null,
      ""changes"": [],
      ""role"": ""gate""
    }
  ],
  ""environments"": [
    {
      ""name"": ""እሳት"",
      ""visualTraits"": null,
      ""changes"": [],
      ""role"": ""environment""
    },
    {
      ""name"": ""ማይ"",
      ""visualTraits"": null,
      ""changes"": [],
      ""role"": ""environment""
    },
    {
      ""name"": ""ዐረር"",
      ""visualTraits"": null,
      ""changes"": [],
      ""role"": ""environment""
    },
    {
      ""name"": ""ወመ"",
      ""visualTraits"": null,
      ""changes"": [],
      ""role"": ""environment""
    },
    {
      ""name"": ""ዚየ"",
      ""visualTraits"": null,
      ""changes"": [],
      ""role"": ""environment""
    },
    {
      ""name"": ""ወውስተ"",
      ""visualTraits"": null,
      ""changes"": [],
      ""role"": ""environment""
    },
    {
      ""name"": ""እደዊሆሙ"",
      ""visualTraits"": null,
      ""changes"": [],
      ""role"": ""environment""
    }
  ],
  ""scenes"": [
    {
      ""title"": ""Scene 1"",
      ""location"": ""ወውስተ, እደዊሆሙ"",
      ""action"": ""unknown"",
      ""actorsInvolved"": []
    },
    {
      ""title"": ""Scene 2"",
      ""location"": ""ዚየ"",
      ""action"": ""unknown"",
      ""actorsInvolved"": [""እወድዮሙ""]
    },
    {
      ""title"": ""Scene 3"",
      ""location"": ""ውስተ, እሳት, ወመ, ዐረር"",
      ""action"": ""unknown"",
      ""actorsInvolved"": []
    },
    {
      ""title"": ""Scene 4"",
      ""location"": ""ውስተ, ማይ"",
      ""action"": ""unknown"",
      ""actorsInvolved"": []
    },
    {
      ""title"": ""Scene 5"",
      ""location"": """",
      ""action"": ""unknown"",
      ""actorsInvolved"": []
    },
    {
      ""title"": ""Scene 6"",
      ""location"": """",
      ""action"": ""unknown"",
      ""actorsInvolved"": [""ቅዱሳን""]
    },
    {
      ""title"": ""Scene 7"",
      ""location"": """",
      ""action"": ""unknown"",
      ""actorsInvolved"": [""ጻድቃን""]
    },
    {
      ""title"": ""Scene 8"",
      ""location"": ""ወኢይትረብ"",
      ""action"": ""unknown"",
      ""actorsInvolved"": [""ሎሙ"", ""ሰር""]
    }
  ],
  ""blocking"": {
    ""anchors"": [],
    ""paths"": []
  }
}
```"
48,segment_010,segment,DONE,C:\Users\sasch\visionexe\stories\template\filmsets\story_048\segment_010\segment.txt,"```json
{
  ""actors"": [
    {
      ""name"": ""እግዚ"",
      ""visualTraits"": null,
      ""changes"": null,
      ""role"": ""deity""
    }
  ],
  ""props"": [],
  ""environments"": [
    {
      ""name"": ""ዕረፍት"",
      ""visualTraits"": null,
      ""changes"": null,
      ""role"": ""sky""
    },
    {
      ""name"": ""ምድር"",
      ""visualTraits"": null,
      ""changes"": null,
      ""role"": ""earth""
    },
    {
      ""name"": ""ትውን"",
      ""visualTraits"": null,
      ""changes"": null,
      ""role"": ""wind""
    }
  ],
  ""scenes"": [
    {
      ""title"": ""Chapter 48 Segment 10"",
      ""location"": null,
      ""action"": ""Praising God"",
      ""actorsInvolved"": [""እግዚ""]
    }
  ],
  ""blocking"": {
    ""anchors"": [],
    ""paths"": []
  }
}
```"
49,segment_001,segment,DONE,C:\Users\sasch\visionexe\stories\template\filmsets\story_049\segment_001\segment.txt,"{""actors"":[],""props"":[],""environments"":[],""scenes"":[],""blocking"":{""anchors"":[],""paths"":[]}}"
49,segment_002,segment,DONE,C:\Users\sasch\visionexe\stories\template\filmsets\story_049\segment_002\segment.txt,"```json
{
  ""actors"": [],
  ""props"": [],
  ""environments"": [],
  ""scenes"": [
    {
      ""title"": ""Chapter 49 Segment 2"",
      ""location"": null,
      ""action"": null,
      ""actorsInvolved"": null
    }
  ],
  ""blocking"": {
    ""anchors"": [],
    ""paths"": []
  }
}
```"
49,segment_003,segment,DONE,C:\Users\sasch\visionexe\stories\template\filmsets\story_049\segment_003\segment.txt,"```json
{
  ""actors"": [],
  ""props"": [],
  ""environments"": [],
  ""scenes"": [],
  ""blocking"": {
    ""anchors"": [],
    ""paths"": []
  }
}
```"
49,segment_004,segment,DONE,C:\Users\sasch\visionexe\stories\template\filmsets\story_049\segment_004\segment.txt,"```json
{
  ""actors"": [
    {
      ""name"": ""ወውእቱ"",
      ""visualTraits"": null,
      ""changes"": [],
      ""role"": ""Speaker/Chanting""
    },
    {
      ""name"": ""ኅሩይ"",
      ""visualTraits"": null,
      ""changes"": [],
      ""role"": ""Deity/Name""
    },
    {
      ""name"": ""እግዚ"",
      ""visualTraits"": null,
      ""changes"": [],
      ""role"": ""Deity""
    }
  ],
  ""props"": [],
  ""environments"": [],
  ""scenes"": [
    {
      ""title"": ""Chapter 49 Segment 4"",
      ""location"": null,
      ""action"": ""Recitation of prayer"",
      ""actorsInvolved"": [""ወውእቱ"", ""ኅሩይ"", ""እግዚ""]
    }
  ],
  ""blocking"": {
    ""anchors"": [],
    ""paths"": []
  }
}
```"
50,segment_001,segment,DONE,C:\Users\sasch\visionexe\stories\template\filmsets\story_050\segment_001\segment.txt,"{
  ""actors"": [],
  ""props"": [],
  ""environments"": [],
  ""scenes"": [],
  ""blocking"": {
    ""anchors"": [],
    ""paths"": []
  }
}"
50,segment_002,segment,DONE,C:\Users\sasch\visionexe\stories\template\filmsets\story_050\segment_002\segment.txt,"```json
{
  ""actors"": [
    {
      ""name"": ""ጻሕብ"",
      ""visualTraits"": null,
      ""changes"": null,
      ""role"": ""priest""
    },
    {
      ""name"": ""እግዚ"",
      ""visualTraits"": null,
      ""changes"": null,
      ""role"": ""deity""
    }
  ],
  ""props"": [],
  ""environments"": [],
  ""scenes"": [
    {
      ""title"": ""Chapter 50 Segment 2"",
      ""location"": null,
      ""action"": null,
      ""actorsInvolved"": [""ጻሕብ"", ""እግዚ""]
    }
  ],
  ""blocking"": {
    ""anchors"": [],
    ""paths"": []
  }
}
```"
50,segment_003,segment,DONE,C:\Users\sasch\visionexe\stories\template\filmsets\story_050\segment_003\segment.txt,"```json
{
  ""actors"": [
    {
      ""name"": ""እግዚ"",
      ""visualTraits"": null,
      ""changes"": null,
      ""role"": ""deity""
    }
  ],
  ""props"": [],
  ""environments"": [],
  ""scenes"": [
    {
      ""title"": ""Prayer Chant"",
      ""location"": ""unknown"",
      ""action"": ""chanting a prayer"",
      ""actorsInvolved"": [""እግዚ""]
    }
  ],
  ""blocking"": {
    ""anchors"": [],
    ""paths"": []
  }
}
```"
50,segment_004,segment,DONE,C:\Users\sasch\visionexe\stories\template\filmsets\story_050\segment_004\segment.txt,"```json
{
  ""actors"": [
    {
      ""name"": ""Speaker"",
      ""visualTraits"": null,
      ""changes"": null,
      ""role"": ""Speaker""
    }
  ],
  ""props"": [],
  ""environments"": [],
  ""scenes"": [
    {
      ""title"": ""Chapter 50 Segment 4"",
      ""location"": null,
      ""action"": ""Speaker says: ወጻድቅ፡ውእቱ፡ወነሁ፡ ወቅድመ፡ስብሐቲ፡ ዚሁ፨ወዐመፃ፡ኢትቀውም፡ ነሁ፡ዘኢይትሳሕ፡ ይትኀጐል፡"",
      ""actorsInvolved"": [""Speaker""]
    }
  ],
  ""blocking"": {
    ""anchors"": [],
    ""paths"": []
  }
}
```"
50,segment_005,segment,DONE,C:\Users\sasch\visionexe\stories\template\filmsets\story_050\segment_005\segment.txt,"```json
{
  ""actors"": [],
  ""props"": [],
  ""environments"": [],
  ""scenes"": [],
  ""blocking"": {
    ""anchors"": [],
    ""paths"": []
  }
}
```"
51,segment_001,segment,DONE,C:\Users\sasch\visionexe\stories\template\filmsets\story_051\segment_001\segment.txt,"```json
{
  ""actors"": [
    {
      ""name"": ""ወእማንቱ"",
      ""visualTraits"": null,
      ""changes"": null,
      ""role"": ""unknown""
    },
    {
      ""name"": ""መዋዕል"",
      ""visualTraits"": null,
      ""changes"": null,
      ""role"": ""unknown""
    },
    {
      ""name"": ""ታገብእ"",
      ""visualTraits"": null,
      ""changes"": null,
      ""role"": ""unknown""
    },
    {
      ""name"": ""ሲኦል"",
      ""visualTraits"": null,
      ""changes"": null,
      ""role"": ""unknown""
    },
    {
      ""name"": ""ማኅፀንታ"",
      ""visualTraits"": null,
      ""changes"": null,
      ""role"": ""unknown""
    },
    {
      ""name"": ""ዘተመጠወት"",
      ""visualTraits"": null,
      ""changes"": null,
      ""role"": ""unknown""
    },
    {
      ""name"": ""ወኀጕል"",
      ""visualTraits"": null,
      ""changes"": null,
      ""role"": ""unknown""
    },
    {
      ""name"": ""ያገብእ"",
      ""visualTraits"": null,
      ""changes"": null,
      ""role"": ""unknown""
    },
    {
      ""name"": ""ዘይፈዲ"",
      ""visualTraits"": null,
      ""changes"": null,
      ""role"": ""unknown""
    }
  ],
  ""props"": [],
  ""environments"": [],
  ""scenes"": [
    {
      ""title"": ""Chapter 51 Segment 1"",
      ""location"": ""unknown"",
      ""action"": ""unknown"",
      ""actorsInvolved"": ""unknown""
    }
  ],
  ""blocking"": {
    ""anchors"": [],
    ""paths"": []
  }
}
```"
51,segment_002,segment,DONE,C:\Users\sasch\visionexe\stories\template\filmsets\story_051\segment_002\segment.txt,"```json
{
  ""actors"": [],
  ""props"": [],
  ""environments"": [],
  ""scenes"": [],
  ""blocking"": {
    ""anchors"": [],
    ""paths"": []
  }
}
```"
51,segment_003,segment,DONE,C:\Users\sasch\visionexe\stories\template\filmsets\story_051\segment_003\segment.txt,"```json
{
  ""actors"": [
    {
      ""name"": ""እግዚ"",
      ""visualTraits"": null,
      ""changes"": null,
      ""role"": ""deity""
    }
  ],
  ""props"": [],
  ""environments"": [],
  ""scenes"": [
    {
      ""title"": ""Line 1"",
      ""location"": null,
      ""action"": null,
      ""actorsInvolved"": null
    },
    {
      ""title"": ""Line 2"",
      ""location"": null,
      ""action"": null,
      ""actorsInvolved"": null
    },
    {
      ""title"": ""Line 3"",
      ""location"": null,
      ""action"": null,
      ""actorsInvolved"": null
    },
    {
      ""title"": ""Line 4"",
      ""location"": null,
      ""action"": null,
      ""actorsInvolved"": [""እግዚ""]
    },
    {
      ""title"": ""Line 5"",
      ""location"": null,
      ""action"": null,
      ""actorsInvolved"": null
    }
  ],
  ""blocking"": {
    ""anchors"": [],
    ""paths"": []
  }
}
```"
51,segment_004,segment,DONE,C:\Users\sasch\visionexe\stories\template\filmsets\story_051\segment_004\segment.txt,"```json
{
  ""actors"": [
    {
      ""name"": ""እማንቱ"",
      ""visualTraits"": null,
      ""changes"": null,
      ""role"": null
    },
    {
      ""name"": ""ሐራጊት"",
      ""visualTraits"": null,
      ""changes"": null,
      ""role"": null
    },
    {
      ""name"": ""ሎ"",
      ""visualTraits"": null,
      ""changes"": null,
      ""role"": null
    },
    {
      ""name"": ""ወገጾሙ"",
      ""visualTraits"": null,
      ""changes"": null,
      ""role"": null
    }
  ],
  ""props"": [
    {
      ""name"": ""ድባር"",
      ""visualTraits"": null,
      ""changes"": null,
      ""role"": null
    }
  ],
  ""environments"": [
    {
      ""name"": ""ሰማይ"",
      ""visualTraits"": null,
      ""changes"": null,
      ""role"": null
    }
  ],
  ""scenes"": [
    {
      ""title"": ""Chapter 51 Segment 4"",
      ""location"": null,
      ""action"": null,
      ""actorsInvolved"": [
        ""እማንቱ"",
        ""ሐራጊት"",
        ""ሎ"",
        ""ወገጾሙ""
      ]
    }
  ],
  ""blocking"": {
    ""anchors"": [],
    ""paths"": []
  }
}
```"
51,segment_005,segment,DONE,C:\Users\sasch\visionexe\stories\template\filmsets\story_051\segment_005\segment.txt,"```json
{
  ""actors"": [
    {""name"": ""እስመ"", ""visualTraits"": null, ""changes"": null, ""role"": null},
    {""name"": ""እማንቱ"", ""visualTraits"": null, ""changes"": null, ""role"": null},
    {""name"": ""መዋዕል"", ""visualTraits"": null, ""changes"": null, ""role"": null},
    {""name"": ""ኅሩይ"", ""visualTraits"": null, ""changes"": null, ""role"": null},
    {""name"": ""ተንሥ"", ""visualTraits"": null, ""changes"": null, ""role"": null},
    {""name"": ""ወምድር"", ""visualTraits"": null, ""changes"": null, ""role"": null},
    {""name"": ""ትትፌሣሕ"", ""visualTraits"": null, ""changes"": null, ""role"": null},
    {""name"": ""ወጻድቃን"", ""visualTraits"": null, ""changes"": null, ""role"": null},
    {""name"": ""ዲቤሃ"", ""visualTraits"": null, ""changes"": null, ""role"": null},
    {""name"": ""የኀድሩ"", ""visualTraits"": null, ""changes"": null, ""role"": null},
    {""name"": ""ወኅሩያን"", ""visualTraits"": null, ""changes"": null, ""role"": null},
    {""name"": ""የሐውሩ"", ""visualTraits"": null, ""changes"": null, ""role"": null}
  ],
  ""props"": [],
  ""environments"": [],
  ""scenes"": [
    {
      ""title"": ""Chapter 51 Segment 5"",
      ""location"": null,
      ""action"": null,
      ""actorsInvolved"": [
        ""እስመ"",
        ""እማንቱ"",
        ""መዋዕል"",
        ""ኅሩይ"",
        ""ተንሥ"",
        ""ወምድር"",
        ""ትትፌሣሕ"",
        ""ወጻድቃን"",
        ""ዲቤሃ"",
        ""የኀድሩ"",
        ""ወኅሩያን"",
        ""የሐውሩ""
      ]
    }
  ],
  ""blocking"": {
    ""anchors"": [],
    ""paths"": []
  }
}
```"
52,segment_001,segment,DONE,C:\Users\sasch\visionexe\stories\template\filmsets\story_052\segment_001\segment.txt,"```json
{
  ""actors"": [],
  ""props"": [],
  ""environments"": [
    {
      ""name"": ""ውስተ ዐረብ"",
      ""visualTraits"": null,
      ""changes"": null,
      ""role"": ""setting""
    }
  ],
  ""scenes"": [],
  ""blocking"": {
    ""anchors"": [
      {
        ""id"": ""1"",
        ""description"": ""ውስተ ዐረብ""
      }
    ],
    ""paths"": []
  }
}
```"
52,segment_002,segment,DONE,C:\Users\sasch\visionexe\stories\template\filmsets\story_052\segment_002\segment.txt,"{
  ""actors"": [
    {
      ""name"": ""ህየ"",
      ""visualTraits"": null,
      ""changes"": null,
      ""role"": ""unknown""
    },
    {
      ""name"": ""ርእዩ"",
      ""visualTraits"": null,
      ""changes"": null,
      ""role"": ""unknown""
    },
    {
      ""name"": ""ዕይንትየ"",
      ""visualTraits"": null,
      ""changes"": null,
      ""role"": ""unknown""
    },
    {
      ""name"": ""ሎ"",
      ""visualTraits"": null,
      ""changes"": null,
      ""role"": ""unknown""
    },
    {
      ""name"": ""ኅቡተ"",
      ""visualTraits"": null,
      ""changes"": null,
      ""role"": ""unknown""
    },
    {
      ""name"": ""ሰማይ"",
      ""visualTraits"": null,
      ""changes"": null,
      ""role"": ""unknown""
    },
    {
      ""name"": ""ወዘይኩን"",
      ""visualTraits"": null,
      ""changes"": null,
      ""role"": ""unknown""
    },
    {
      ""name"": ""ሀሎ"",
      ""visualTraits"": null,
      ""changes"": null,
      ""role"": ""unknown""
    },
    {
      ""name"": ""ደብረ"",
      ""visualTraits"": null,
      ""changes"": null,
      ""role"": ""unknown""
    },
    {
      ""name"": ""ኃጺን"",
      ""visualTraits"": null,
      ""changes"": null,
      ""role"": ""unknown""
    },
    {
      ""name"": ""ወደብረ"",
      ""visualTraits"": null,
      ""changes"": null,
      ""role"": ""unknown""
    },
    {
      ""name"": ""ጸሪቅ"",
      ""visualTraits"": null,
      ""changes"": null,
      ""role"": ""unknown""
    },
    {
      ""name"": ""ብሩር"",
      ""visualTraits"": null,
      ""changes"": null,
      ""role"": ""unknown""
    },
    {
      ""name"": ""ወርቅ"",
      ""visualTraits"": null,
      ""changes"": null,
      ""role"": ""unknown""
    },
    {
      ""name"": ""ነጠብጣብ"",
      ""visualTraits"": null,
      ""changes"": null,
      ""role"": ""unknown""
    },
    {
      ""name"": ""ዐረር"",
      ""visualTraits"": null,
      ""changes"": null,
      ""role"": ""unknown""
    }
  ],
  ""props"": [],
  ""environments"": [],
  ""scenes"": [
    {
      ""title"": ""ህየ፡ርእዩ፡ዕይንትየ፡ሎ፡"",
      ""location"": null,
      ""action"": null,
      ""actorsInvolved"": [
        ""ህየ"",
        ""ርእዩ"",
        ""ዕይንትየ"",
        ""ሎ""
      ]
    },
    {
      ""title"": ""ኅቡተ፡ሰማይ፡ወዘይኩን፡"",
      ""location"": null,
      ""action"": null,
      ""actorsInvolved"": [
        ""ኅቡተ"",
        ""ሰማይ"",
        ""ወዘይኩን""
      ]
    },
    {
      ""title"": ""ሀሎ፨ደብረ፡ኃጺን፨ወደብረ፡"",
      ""location"": null,
      ""action"": null,
      ""actorsInvolved"": [
        ""ሀሎ"",
        ""ደብረ"",
        ""ኃጺን"",
        ""ወደብረ""
      ]
    },
    {
      ""title"": ""ጸሪቅ፨ደብረ፡ብሩር፨ወደብረ፡"",
      ""location"": null,
      ""action"": null,
      ""actorsInvolved"": [
        ""ጸሪቅ"",
        ""ደብረ"",
        ""ብሩር"",
        ""ወደብረ""
      ]
    },
    {
      ""title"": ""ወርቅ፨ወደብረ፡"",
      ""location"": null,
      ""action"": null,
      ""actorsInvolved"": [
        ""ወርቅ"",
        ""ወደብረ""
      ]
    },
    {
      ""title"": ""ነጠብጣብ፨ወደብረ፡ዐረር፨"",
      ""location"": null,
      ""action"": null,
      ""actorsInvolved"": [
        ""ነጠብጣብ"",
        ""ወደብረ"",
        ""ዐረር""
      ]
    }
  ],
  ""blocking"": {
    ""anchors"": [],
    ""paths"": []
  }
}"
52,segment_003,segment,DONE,C:\Users\sasch\visionexe\stories\template\filmsets\story_052\segment_003\segment.txt,"{
  ""actors"": [],
  ""props"": [],
  ""environments"": [],
  ""scenes"": [],
  ""blocking"": {
    ""anchors"": [],
    ""paths"": []
  }
}"
52,segment_004,segment,DONE,C:\Users\sasch\visionexe\stories\template\filmsets\story_052\segment_004\segment.txt,"{
  ""actors"": [],
  ""props"": [],
  ""environments"": [],
  ""scenes"": [
    {
      ""title"": ""Chapter 52 Segment 4"",
      ""location"": null,
      ""action"": null,
      ""actorsInvolved"": []
    }
  ],
  ""blocking"": {
    ""anchors"": [],
    ""paths"": []
  }
}"
52,segment_005,segment,DONE,C:\Users\sasch\visionexe\stories\template\filmsets\story_052\segment_005\segment.txt,"```json
{
  ""actors"": [],
  ""props"": [],
  ""environments"": [],
  ""scenes"": [],
  ""blocking"": {
    ""anchors"": [],
    ""paths"": []
  }
}
```"
52,segment_006,segment,DONE,C:\Users\sasch\visionexe\stories\template\filmsets\story_052\segment_006\segment.txt,"```json
{
  ""actors"": [],
  ""props"": [],
  ""environments"": [],
  ""scenes"": [],
  ""blocking"": {
    ""anchors"": [],
    ""paths"": []
  }
}
```"
52,segment_007,segment,DONE,C:\Users\sasch\visionexe\stories\template\filmsets\story_052\segment_007\segment.txt,"{
  ""actors"": [],
  ""props"": [],
  ""environments"": [],
  ""scenes"": [],
  ""blocking"": {
    ""anchors"": [],
    ""paths"": []
  }
}"
52,segment_008,segment,DONE,C:\Users\sasch\visionexe\stories\template\filmsets\story_052\segment_008\segment.txt,"```json
{
  ""actors"": [],
  ""props"": [],
  ""environments"": [],
  ""scenes"": [],
  ""blocking"": {
    ""anchors"": [],
    ""paths"": []
  }
}
```"
52,segment_009,segment,DONE,C:\Users\sasch\visionexe\stories\template\filmsets\story_052\segment_009\segment.txt,"```json
{
  ""actors"": [],
  ""props"": [
    {
      ""name"": ""Page"",
      ""visualTraits"": null,
      ""changes"": null,
      ""role"": ""text""
    }
  ],
  ""environments"": [
    {
      ""name"": ""Earth"",
      ""visualTraits"": ""solid ground"",
      ""changes"": null,
      ""role"": ""setting""
    },
    {
      ""name"": ""Fire"",
      ""visualTraits"": ""flames"",
      ""changes"": null,
      ""role"": ""setting""
    }
  ],
  ""scenes"": [
    {
      ""title"": ""Chapter 52 Segment 9"",
      ""location"": null,
      ""action"": null,
      ""actorsInvolved"": []
    }
  ],
  ""blocking"": {
    ""anchors"": [],
    ""paths"": []
  }
}
```"
53,segment_001,segment,DONE,C:\Users\sasch\visionexe\stories\template\filmsets\story_053\segment_001\segment.txt,"```json
{
  ""actors"": [],
  ""props"": [],
  ""environments"": [],
  ""scenes"": [],
  ""blocking"": {
    ""anchors"": [],
    ""paths"": []
  }
}
```
"
53,segment_002,segment,DONE,C:\Users\sasch\visionexe\stories\template\filmsets\story_053\segment_002\segment.txt,"```json
{
  ""actors"": [
    {""name"":""ወጌጋየ"",""visualTraits"":null,""changes"":null,""role"":""entity""},
    {""name"":""እደዊሆሙ"",""visualTraits"":null,""changes"":null,""role"":""entity""},
    {""name"":""ወሎሙ"",""visualTraits"":null,""changes"":null,""role"":""entity""},
    {""name"":""ጌጋይ"",""visualTraits"":null,""changes"":null,""role"":""entity""},
    {""name"":""ኃጥን"",""visualTraits"":null,""changes"":null,""role"":""entity""},
    {""name"":""ወእምገጹ"",""visualTraits"":null,""changes"":null,""role"":""entity""},
    {""name"":""እግዚ"",""visualTraits"":null,""changes"":null,""role"":""entity""},
    {""name"":""መንፈሳት"",""visualTraits"":null,""changes"":null,""role"":""entity""},
    {""name"":""ምድር"",""visualTraits"":null,""changes"":null,""role"":""entity""},
    {""name"":""ዚሁ"",""visualTraits"":null,""changes"":null,""role"":""entity""},
    {""name"":""ወኢየኀልቁ"",""visualTraits"":null,""changes"":null,""role"":""entity""},
    {""name"":""ዓለም"",""visualTraits"":null,""changes"":null,""role"":""entity""},
    {""name"":""ለዓለመ"",""visualTraits"":null,""changes"":null,""role"":""entity""}
  ],
  ""props"": [],
  ""environments"": [
    {""name"":""ምድር"",""visualTraits"":null,""changes"":null,""role"":""place""},
    {""name"":""ዓለም"",""visualTraits"":null,""changes"":null,""role"":""place""}
  ],
  ""scenes"": [
    {
      ""title"":""Line 1"",
      ""location"":null,
      ""action"":""ይገብሩ"",
      ""actorsInvolved"":[""ወጌጋየ"",""እደዊሆሙ""]
    },
    {
      ""title"":""Line 2"",
      ""location"":null,
      ""action"":""ይጻምዉ"",
      ""actorsInvolved"":[""ወሎሙ"",""ጌጋይ""]
    },
    {
      ""title"":""Line 3"",
      ""location"":null,
      ""action"":""ይልዑ"",
      ""actorsInvolved"":[""ኃጥን"",""ወእምገጹ""]
    },
    {
      ""title"":""Line 4"",
      ""location"":null,
      ""action"":""ይትሐጐሉ"",
      ""actorsInvolved"":[""እግዚ"",""መንፈሳት""]
    },
    {
      ""title"":""Line 5"",
      ""location"":null,
      ""action"":""ወእምገጻ"",
      ""actorsInvolved"":[""ኃጥን"",""ምድር""]
    },
    {
      ""title"":""Line 6"",
      ""location"":null,
      ""action"":""ይቀወሙ"",
      ""actorsInvolved"":[""ዚሁ"",""ወኢየኀልቁ""]
    },
    {
      ""title"":""Line 7"",
      ""location"":null,
      ""action"":null,
      ""actorsInvolved"":[""ለዓለመ"",""ዓለም""]
    }
  ],
  ""blocking"": {
    ""anchors"": [],
    ""paths"": []
  }
}
```"
53,segment_003,segment,DONE,C:\Users\sasch\visionexe\stories\template\filmsets\story_053\segment_003\segment.txt,"```json
{
  ""actors"": [
    {
      ""name"": ""angel"",
      ""visualTraits"": [],
      ""changes"": [],
      ""role"": ""messenger""
    },
    {
      ""name"": ""Lord"",
      ""visualTraits"": [],
      ""changes"": [],
      ""role"": ""deity""
    }
  ],
  ""props"": [],
  ""environments"": [],
  ""scenes"": [
    {
      ""title"": ""Invocation"",
      ""location"": ""unknown"",
      ""action"": ""Invocation of the Lord by the angel"",
      ""actorsInvolved"": [""angel"", ""Lord""]
    }
  ],
  ""blocking"": {
    ""anchors"": [],
    ""paths"": []
  }
}
```"
53,segment_004,segment,DONE,C:\Users\sasch\visionexe\stories\template\filmsets\story_053\segment_004\segment.txt,"```json
{
  ""actors"": [],
  ""props"": [],
  ""environments"": [],
  ""scenes"": [],
  ""blocking"": {
    ""anchors"": [],
    ""paths"": []
  }
}
```"
53,segment_005,segment,DONE,C:\Users\sasch\visionexe\stories\template\filmsets\story_053\segment_005\segment.txt,"```json
{
  ""actors"": [
    {
      ""name"": ""ወይቤለኒ"",
      ""visualTraits"": ""unknown"",
      ""changes"": null,
      ""role"": ""unknown""
    },
    {
      ""name"": ""ነገሥት"",
      ""visualTraits"": ""unknown"",
      ""changes"": null,
      ""role"": ""king""
    },
    {
      ""name"": ""ወለኀያላን"",
      ""visualTraits"": ""unknown"",
      ""changes"": null,
      ""role"": ""unknown""
    },
    {
      ""name"": ""ዝንቱ"",
      ""visualTraits"": ""unknown"",
      ""changes"": null,
      ""role"": ""unknown""
    }
  ],
  ""props"": [],
  ""environments"": [
    {
      ""name"": ""ምድር"",
      ""visualTraits"": ""earth"",
      ""changes"": null,
      ""role"": ""environment""
    },
    {
      ""name"": ""ቦቱ"",
      ""visualTraits"": ""unknown"",
      ""changes"": null,
      ""role"": ""environment""
    }
  ],
  ""scenes"": [
    {
      ""title"": ""Chapter 53 Segment 5"",
      ""location"": ""unknown"",
      ""action"": ""unknown"",
      ""actorsInvolved"": [
        ""ወይቤለኒ"",
        ""ነገሥት"",
        ""ወለኀያላን"",
        ""ዝንቱ""
      ]
    }
  ],
  ""blocking"": {
    ""anchors"": [],
    ""paths"": []
  }
}
```"
53,segment_006,segment,DONE,C:\Users\sasch\visionexe\stories\template\filmsets\story_053\segment_006\segment.txt,"```json
{
  ""actors"": [
    {""name"": ""ወእምድኅረ"", ""visualTraits"": null, ""changes"": null, ""role"": null},
    {""name"": ""ዝንቱ"", ""visualTraits"": null, ""changes"": null, ""role"": null},
    {""name"": ""ያስተርኢ"", ""visualTraits"": null, ""changes"": null, ""role"": null},
    {""name"": ""ጻድቅ"", ""visualTraits"": null, ""changes"": null, ""role"": null},
    {""name"": ""ወኅሩይ"", ""visualTraits"": null, ""changes"": null, ""role"": null},
    {""name"": ""ቤተ"", ""visualTraits"": null, ""changes"": null, ""role"": null},
    {""name"": ""ምስትጉቡ"", ""visualTraits"": null, ""changes"": null, ""role"": null},
    {""name"": ""ዚሁ"", ""visualTraits"": null, ""changes"": null, ""role"": null},
    {""name"": ""እምይእዜ"", ""visualTraits"": null, ""changes"": null, ""role"": null},
    {""name"": ""ይትልኡ"", ""visualTraits"": null, ""changes"": null, ""role"": null},
    {""name"": ""ስሙ"", ""visualTraits"": null, ""changes"": null, ""role"": null},
    {""name"": ""ለእግዚ"", ""visualTraits"": null, ""changes"": null, ""role"": null},
    {""name"": ""መናፍስት"", ""visualTraits"": null, ""changes"": null, ""role"": null}
  ],
  ""props"": [],
  ""environments"": [],
  ""scenes"": [
    {
      ""title"": ""Chapter 53 Segment 6"",
      ""location"": null,
      ""action"": null,
      ""actorsInvolved"": [
        ""ወእምድኅረ"",
        ""ዝንቱ"",
        ""ያስተርኢ"",
        ""ጻድቅ"",
        ""ወኅሩይ"",
        ""ቤተ"",
        ""ምስትጉቡ"",
        ""ዚሁ"",
        ""እምይእዜ"",
        ""ይትልኡ"",
        ""ስሙ"",
        ""ለእግዚ"",
        ""መናፍስት""
      ]
    }
  ],
  ""blocking"": {
    ""anchors"": [],
    ""paths"": []
  }
}
```"
53,segment_007,segment,DONE,C:\Users\sasch\visionexe\stories\template\filmsets\story_053\segment_007\segment.txt,"```json
{
  ""actors"": [],
  ""props"": [
    {
      ""name"": ""drum"",
      ""visualTraits"": null,
      ""changes"": null,
      ""role"": ""instrument""
    }
  ],
  ""environments"": [
    {
      ""name"": ""earth"",
      ""visualTraits"": null,
      ""changes"": null,
      ""role"": ""natural surface""
    },
    {
      ""name"": ""water"",
      ""visualTraits"": null,
      ""changes"": null,
      ""role"": ""natural body""
    },
    {
      ""name"": ""outside"",
      ""visualTraits"": null,
      ""changes"": null,
      ""role"": ""open area""
    }
  ],
  ""scenes"": [
    {
      ""title"": ""Drum Chant"",
      ""location"": ""earth and water"",
      ""action"": ""chanting about drum"",
      ""actorsInvolved"": []
    }
  ],
  ""blocking"": {
    ""anchors"": [
      {
        ""id"": ""anchor1"",
        ""description"": ""earth""
      },
      {
        ""id"": ""anchor2"",
        ""description"": ""water""
      }
    ],
    ""paths"": []
  }
}
```"
54,segment_001,segment,DONE,C:\Users\sasch\visionexe\stories\template\filmsets\story_054\segment_001\segment.txt,"```json
{
  ""actors"": [],
  ""props"": [
    {
      ""name"": ""fire"",
      ""visualTraits"": [],
      ""changes"": [],
      ""role"": ""element""
    }
  ],
  ""environments"": [
    {
      ""name"": ""earth"",
      ""visualTraits"": [],
      ""changes"": [],
      ""role"": ""ground""
    }
  ],
  ""scenes"": [],
  ""blocking"": {
    ""anchors"": [],
    ""paths"": []
  }
}
```"
54,segment_002,segment,DONE,C:\Users\sasch\visionexe\stories\template\filmsets\story_054\segment_002\segment.txt,"```json
{
  ""actors"": [],
  ""props"": [],
  ""environments"": [],
  ""scenes"": [],
  ""blocking"": {
    ""anchors"": [],
    ""paths"": []
  }
}
```"
54,segment_003,segment,DONE,C:\Users\sasch\visionexe\stories\template\filmsets\story_054\segment_003\segment.txt,"```json
{
  ""actors"": [],
  ""props"": [],
  ""environments"": [],
  ""scenes"": [],
  ""blocking"": {
    ""anchors"": [],
    ""paths"": []
  }
}
```"
54,segment_004,segment,DONE,C:\Users\sasch\visionexe\stories\template\filmsets\story_054\segment_004\segment.txt,"```json
{
  ""actors"": [],
  ""props"": [],
  ""environments"": [],
  ""scenes"": [],
  ""blocking"": {
    ""anchors"": [],
    ""paths"": []
  }
}
```"
54,segment_005,segment,DONE,C:\Users\sasch\visionexe\stories\template\filmsets\story_054\segment_005\segment.txt,"{""actors"":[],""props"":[],""environments"":[],""scenes"":[],""blocking"":{""anchors"":[],""paths"":[]}}"
54,segment_006,segment,DONE,C:\Users\sasch\visionexe\stories\template\filmsets\story_054\segment_006\segment.txt,"```json
{
  ""actors"": [
    {""name"":""ወሚኤል"",""visualTraits"":null,""changes"":null,""role"":""unknown""},
    {""name"":""ወሩፋኤል"",""visualTraits"":null,""changes"":null,""role"":""unknown""},
    {""name"":""ወገብርኤል"",""visualTraits"":null,""changes"":null,""role"":""unknown""},
    {""name"":""ወፋኑኤል"",""visualTraits"":null,""changes"":null,""role"":""unknown""},
    {""name"":""ውእቶ"",""visualTraits"":null,""changes"":null,""role"":""unknown""},
    {""name"":""ሙ"",""visualTraits"":null,""changes"":null,""role"":""unknown""},
    {""name"":""ያጸንዕዎሙ"",""visualTraits"":null,""changes"":null,""role"":""unknown""},
    {""name"":""ይእቲ"",""visualTraits"":null,""changes"":null,""role"":""unknown""},
    {""name"":""ዕለት"",""visualTraits"":null,""changes"":null,""role"":""unknown""},
    {""name"":""ዐባይ"",""visualTraits"":null,""changes"":null,""role"":""unknown""},
    {""name"":""ወውስተ"",""visualTraits"":null,""changes"":null,""role"":""unknown""},
    {""name"":""እቶነ"",""visualTraits"":null,""changes"":null,""role"":""unknown""},
    {""name"":""ዘይነድድ"",""visualTraits"":null,""changes"":null,""role"":""unknown""},
    {""name"":""ይወድይዎሙ"",""visualTraits"":null,""changes"":null,""role"":""unknown""},
    {""name"":""ውእተ"",""visualTraits"":null,""changes"":null,""role"":""unknown""},
    {""name"":""ዕለተ"",""visualTraits"":null,""changes"":null,""role"":""unknown""},
    {""name"":""መ"",""visualTraits"":null,""changes"":null,""role"":""unknown""},
    {""name"":""ይትቤቀል"",""visualTraits"":null,""changes"":null,""role"":""unknown""},
    {""name"":""እምሆሙ"",""visualTraits"":null,""changes"":null,""role"":""unknown""},
    {""name"":""እግዚ"",""visualTraits"":null,""changes"":null,""role"":""unknown""},
    {""name"":""መናፍስት"",""visualTraits"":null,""changes"":null,""role"":""unknown""},
    {""name"":""ዓመፃሆሙ"",""visualTraits"":null,""changes"":null,""role"":""unknown""},
    {""name"":""እንተ"",""visualTraits"":null,""changes"":null,""role"":""unknown""},
    {""name"":""ዘኑ"",""visualTraits"":null,""changes"":null,""role"":""unknown""},
    {""name"":""ላእ"",""visualTraits"":null,""changes"":null,""role"":""unknown""},
    {""name"":""ለሰይጣን"",""visualTraits"":null,""changes"":null,""role"":""unknown""},
    {""name"":""ወስሐትዎሙ"",""visualTraits"":null,""changes"":null,""role"":""unknown""},
    {""name"":""ለእለ"",""visualTraits"":null,""changes"":null,""role"":""unknown""},
    {""name"":""የኀድሩ"",""visualTraits"":null,""changes"":null,""role"":""unknown""},
    {""name"":""ዲ"",""visualTraits"":null,""changes"":null,""role"":""unknown""},
    {""name"":""የብስ"",""visualTraits"":null,""changes"":null,""role"":""unknown""}
  ],
  ""props"": [],
  ""environments"": [],
  ""scenes"": [
    {
      ""title"":""Chapter 54 Segment 6"",
      ""location"":null,
      ""action"":null,
      ""actorsInvolved"":[
        ""ወሚኤል"",""ወሩፋኤል"",""ወገብርኤል"",""ወፋኑኤል"",""ውእቶ"",""ሙ"",""ያጸንዕዎሙ"",""ይእቲ"",""ዕለት"",""ዐባይ"",""ወውስተ"",""እቶነ"",""ዘይነድድ"",""ይወድይዎሙ"",""ውእተ"",""ዕለተ"",""መ"",""ይትቤቀል"",""እምሆሙ"",""እግዚ"",""መናፍስት"",""ዓመፃሆሙ"",""እንተ"",""ዘኑ"",""ላእ"",""ለሰይጣን"",""ወስሐትዎሙ"",""ለእለ"",""የኀድሩ"",""ዲ"",""የብስ""
      ]
    }
  ],
  ""blocking"": {
    ""anchors"": [],
    ""paths"": []
  }
}
```"
54,segment_007,segment,DONE,C:\Users\sasch\visionexe\stories\template\filmsets\story_054\segment_007\segment.txt,"```json
{
  ""actors"": [
    {
      ""name"": ""ወውእቱ"",
      ""visualTraits"": null,
      ""changes"": null,
      ""role"": ""actor""
    },
    {
      ""name"": ""መዋዕል"",
      ""visualTraits"": null,
      ""changes"": null,
      ""role"": ""actor""
    },
    {
      ""name"": ""ለእግዚ"",
      ""visualTraits"": null,
      ""changes"": null,
      ""role"": ""actor""
    },
    {
      ""name"": ""ወይትረኀዉ"",
      ""visualTraits"": null,
      ""changes"": null,
      ""role"": ""actor""
    },
    {
      ""name"": ""ማያት"",
      ""visualTraits"": null,
      ""changes"": null,
      ""role"": ""actor""
    },
    {
      ""name"": ""ንቅዕት"",
      ""visualTraits"": null,
      ""changes"": null,
      ""role"": ""actor""
    },
    {
      ""name"": ""መልዕልተ"",
      ""visualTraits"": null,
      ""changes"": null,
      ""role"": ""actor""
    },
    {
      ""name"": ""ወእለ"",
      ""visualTraits"": null,
      ""changes"": null,
      ""role"": ""actor""
    }
  ],
  ""props"": [],
  ""environments"": [
    {
      ""name"": ""ዘመልዕልተ"",
      ""visualTraits"": null,
      ""changes"": null,
      ""role"": ""environment""
    },
    {
      ""name"": ""ሰማያት"",
      ""visualTraits"": null,
      ""changes"": null,
      ""role"": ""environment""
    },
    {
      ""name"": ""መትሕተ"",
      ""visualTraits"": null,
      ""changes"": null,
      ""role"": ""environment""
    },
    {
      ""name"": ""ምድር"",
      ""visualTraits"": null,
      ""changes"": null,
      ""role"": ""environment""
    }
  ],
  ""scenes"": [
    {
      ""title"": ""Verse 1"",
      ""location"": null,
      ""action"": ""wind and sun rise"",
      ""actorsInvolved"": [""ወውእቱ"", ""መዋዕል""]
    },
    {
      ""title"": ""Verse 2"",
      ""location"": null,
      ""action"": ""sunrise to God, breath"",
      ""actorsInvolved"": [""መዋዕል"", ""ለእግዚ""]
    },
    {
      ""title"": ""Verse 3"",
      ""location"": null,
      ""action"": ""water gathers"",
      ""actorsInvolved"": [""ወይትረኀዉ""]
    },
    {
      ""title"": ""Verse 4"",
      ""location"": null,
      ""action"": ""eye, world, heavens"",
      ""actorsInvolved"": [""ማያት"", ""ዘመልዕልተ"", ""ሰማያት""]
    },
    {
      ""title"": ""Verse 5"",
      ""location"": null,
      ""action"": ""morning to message"",
      ""actorsInvolved"": [""ንቅዕት"", ""መልዕልተ""]
    },
    {
      ""title"": ""Verse 6"",
      ""location"": null,
      ""action"": ""heavens, earth, heavens"",
      ""actorsInvolved"": [""ሰማያት"", ""መትሕተ""]
    },
    {
      ""title"": ""Verse 7"",
      ""location"": null,
      ""action"": ""I, morning, earth"",
      ""actorsInvolved"": [""ወእለ"", ""ንቅዕት"", ""መትሕተ""]
    },
    {
      ""title"": ""Verse 8"",
      ""location"": null,
      ""action"": ""earth"",
      ""actorsInvolved"": [""መትሕተ""]
    }
  ],
  ""blocking"": {
    ""anchors"": [],
    ""paths"": []
  }
}
```"
54,segment_008,segment,DONE,C:\Users\sasch\visionexe\stories\template\filmsets\story_054\segment_008\segment.txt,"```json
{
  ""actors"": [],
  ""props"": [],
  ""environments"": [
    {
      ""name"": ""ሰማይ"",
      ""visualTraits"": null,
      ""changes"": null,
      ""role"": ""setting""
    },
    {
      ""name"": ""ምድር"",
      ""visualTraits"": null,
      ""changes"": null,
      ""role"": ""setting""
    },
    {
      ""name"": ""ማይ"",
      ""visualTraits"": null,
      ""changes"": null,
      ""role"": ""setting""
    }
  ],
  ""scenes"": [],
  ""blocking"": {
    ""anchors"": [],
    ""paths"": []
  }
}
```"
54,segment_009,segment,DONE,C:\Users\sasch\visionexe\stories\template\filmsets\story_054\segment_009\segment.txt,"```json
{
  ""actors"": [],
  ""props"": [],
  ""environments"": [],
  ""scenes"": [],
  ""blocking"": {
    ""anchors"": [],
    ""paths"": []
  }
}
```"
54,segment_010,segment,DONE,C:\Users\sasch\visionexe\stories\template\filmsets\story_054\segment_010\segment.txt,"{
  ""actors"": [],
  ""props"": [],
  ""environments"": [
    {
      ""name"": ""ምድር"",
      ""visualTraits"": null,
      ""changes"": null,
      ""role"": ""setting""
    }
  ],
  ""scenes"": [],
  ""blocking"": {
    ""anchors"": [],
    ""paths"": []
  }
}"
55,segment_001,segment,DONE,C:\Users\sasch\visionexe\stories\template\filmsets\story_055\segment_001\segment.txt,"```json
{
  ""actors"": [],
  ""props"": [],
  ""environments"": [],
  ""scenes"": [],
  ""blocking"": {
    ""anchors"": [],
    ""paths"": []
  }
}
```"
55,segment_002,segment,DONE,C:\Users\sasch\visionexe\stories\template\filmsets\story_055\segment_002\segment.txt,"```json
{
  ""actors"": [
    {
      ""name"": ""Wemahala (Abiy)"",
      ""visualTraits"": null,
      ""changes"": null,
      ""role"": ""protagonist""
    }
  ],
  ""props"": [],
  ""environments"": [
    {
      ""name"": ""Sky"",
      ""visualTraits"": null,
      ""changes"": null,
      ""role"": ""environment""
    },
    {
      ""name"": ""Earth"",
      ""visualTraits"": null,
      ""changes"": null,
      ""role"": ""environment""
    },
    {
      ""name"": ""World"",
      ""visualTraits"": null,
      ""changes"": null,
      ""role"": ""environment""
    },
    {
      ""name"": ""Heaven"",
      ""visualTraits"": null,
      ""changes"": null,
      ""role"": ""environment""
    }
  ],
  ""scenes"": [
    {
      ""title"": ""Chapter 55 Segment 2"",
      ""location"": null,
      ""action"": null,
      ""actorsInvolved"": [""Wemahala (Abiy)""]
    }
  ],
  ""blocking"": {
    ""anchors"": [],
    ""paths"": []
  }
}
```"
55,segment_003,segment,DONE,C:\Users\sasch\visionexe\stories\template\filmsets\story_055\segment_003\segment.txt,"```json
{
  ""actors"": [
    {
      ""name"": ""እግዚብሔር"",
      ""visualTraits"": ""divine"",
      ""changes"": null,
      ""role"": ""deity""
    },
    {
      ""name"": ""መላእት"",
      ""visualTraits"": ""angelic"",
      ""changes"": null,
      ""role"": ""messenger""
    }
  ],
  ""props"": [
    {
      ""name"": ""ትእዛዝ"",
      ""visualTraits"": ""spoken"",
      ""changes"": null,
      ""role"": ""instruction""
    },
    {
      ""name"": ""ወሕማም"",
      ""visualTraits"": ""air"",
      ""changes"": null,
      ""role"": ""environmental element""
    }
  ],
  ""environments"": [],
  ""scenes"": [
    {
      ""title"": ""Beat 1"",
      ""location"": null,
      ""action"": ""ወእምዝ፡ትእዛዝየ፡ውእቱ፡ሶ፡"",
      ""actorsInvolved"": []
    },
    {
      ""title"": ""Beat 2"",
      ""location"": null,
      ""action"": ""ፈቀድኩ፡መ፡ጽንዖሙ፡እደ፡"",
      ""actorsInvolved"": []
    },
    {
      ""title"": ""Beat 3"",
      ""location"": null,
      ""action"": ""መላእት፡ዕለተ፡ምንዳቤ፡"",
      ""actorsInvolved"": [""መላእት""]
    },
    {
      ""title"": ""Beat 4"",
      ""location"": null,
      ""action"": ""ወሕማም፡ቅድመዝ፡መቅስፍትየ፡"",
      ""actorsInvolved"": []
    },
    {
      ""title"": ""Beat 5"",
      ""location"": null,
      ""action"": ""ወመዓትየ፡ኀድር፡ላዕሌሆሙ፡"",
      ""actorsInvolved"": []
    },
    {
      ""title"": ""Beat 6"",
      ""location"": null,
      ""action"": ""መቅሠፍትየ፡ወመዓትየ፡ይቤ፡"",
      ""actorsInvolved"": []
    },
    {
      ""title"": ""Beat 7"",
      ""location"": null,
      ""action"": ""እግዚብሔር፡እግዚ፡"",
      ""actorsInvolved"": [""እግዚብሔር""]
    },
    {
      ""title"": ""Beat 8"",
      ""location"": null,
      ""action"": ""መናፍስት፨"",
      ""actorsInvolved"": []
    }
  ],
  ""blocking"": {
    ""anchors"": [],
    ""paths"": []
  }
}
```"
55,segment_004,segment,DONE,C:\Users\sasch\visionexe\stories\template\filmsets\story_055\segment_004\segment.txt,"```json
{
  ""actors"": [
    {
      ""name"": ""ነገሥት"",
      ""visualTraits"": null,
      ""changes"": null,
      ""role"": ""subject""
    },
    {
      ""name"": ""እግዚ"",
      ""visualTraits"": null,
      ""changes"": null,
      ""role"": ""recipient""
    }
  ],
  ""props"": [],
  ""environments"": [],
  ""scenes"": [
    {
      ""title"": ""Verse 1"",
      ""location"": null,
      ""action"": null,
      ""actorsInvolved"": null
    },
    {
      ""title"": ""Verse 2"",
      ""location"": null,
      ""action"": null,
      ""actorsInvolved"": null
    },
    {
      ""title"": ""Verse 3"",
      ""location"": null,
      ""action"": null,
      ""actorsInvolved"": null
    },
    {
      ""title"": ""Verse 4"",
      ""location"": null,
      ""action"": null,
      ""actorsInvolved"": null
    },
    {
      ""title"": ""Verse 5"",
      ""location"": null,
      ""action"": null,
      ""actorsInvolved"": null
    },
    {
      ""title"": ""Verse 6"",
      ""location"": null,
      ""action"": null,
      ""actorsInvolved"": null
    },
    {
      ""title"": ""Verse 7"",
      ""location"": null,
      ""action"": null,
      ""actorsInvolved"": null
    },
    {
      ""title"": ""Verse 8"",
      ""location"": null,
      ""action"": null,
      ""actorsInvolved"": null
    }
  ],
  ""blocking"": {
    ""anchors"": [],
    ""paths"": []
  }
}
```"
56,segment_001,segment,DONE,C:\Users\sasch\visionexe\stories\template\filmsets\story_056\segment_001\segment.txt,"```json
{
  ""actors"": [],
  ""props"": [],
  ""environments"": [],
  ""scenes"": [],
  ""blocking"": {
    ""anchors"": [],
    ""paths"": []
  }
}
```"
56,segment_002,segment,DONE,C:\Users\sasch\visionexe\stories\template\filmsets\story_056\segment_002\segment.txt,"```json
{
  ""actors"": [],
  ""props"": [],
  ""environments"": [],
  ""scenes"": [],
  ""blocking"": {
    ""anchors"": [],
    ""paths"": []
  }
}
```"
56,segment_003,segment,DONE,C:\Users\sasch\visionexe\stories\template\filmsets\story_056\segment_003\segment.txt,"```json
{
  ""actors"": [],
  ""props"": [],
  ""environments"": [],
  ""scenes"": [
    {
      ""title"": ""Line 1"",
      ""location"": ""unknown"",
      ""action"": ""unknown"",
      ""actorsInvolved"": []
    },
    {
      ""title"": ""Line 2"",
      ""location"": ""unknown"",
      ""action"": ""unknown"",
      ""actorsInvolved"": []
    },
    {
      ""title"": ""Line 3"",
      ""location"": ""unknown"",
      ""action"": ""unknown"",
      ""actorsInvolved"": []
    }
  ],
  ""blocking"": {
    ""anchors"": [],
    ""paths"": []
  }
}
```"
56,segment_004,segment,DONE,C:\Users\sasch\visionexe\stories\template\filmsets\story_056\segment_004\segment.txt,"```json
{
  ""actors"": [],
  ""props"": [],
  ""environments"": [],
  ""scenes"": [
    {
      ""title"": ""Chapter 56 Segment 4"",
      ""location"": null,
      ""action"": ""Poetic verse"",
      ""actorsInvolved"": null
    }
  ],
  ""blocking"": {
    ""anchors"": [],
    ""paths"": []
  }
}
```"
56,segment_005,segment,DONE,C:\Users\sasch\visionexe\stories\template\filmsets\story_056\segment_005\segment.txt,"```json
{
  ""actors"": [],
  ""props"": [],
  ""environments"": [],
  ""scenes"": [],
  ""blocking"": {
    ""anchors"": [],
    ""paths"": []
  }
}
```"
56,segment_006,segment,DONE,C:\Users\sasch\visionexe\stories\template\filmsets\story_056\segment_006\segment.txt,"{
  ""actors"": [],
  ""props"": [],
  ""environments"": [],
  ""scenes"": [],
  ""blocking"": {
    ""anchors"": [],
    ""paths"": []
  }
}"
56,segment_007,segment,DONE,C:\Users\sasch\visionexe\stories\template\filmsets\story_056\segment_007\segment.txt,"```json
{
  ""actors"": [],
  ""props"": [],
  ""environments"": [],
  ""scenes"": [],
  ""blocking"": {
    ""anchors"": [],
    ""paths"": []
  }
}
```"
56,segment_008,segment,DONE,C:\Users\sasch\visionexe\stories\template\filmsets\story_056\segment_008\segment.txt,"```json
{
  ""actors"": [
    {
      ""name"": ""እማንቱ"",
      ""visualTraits"": null,
      ""changes"": null,
      ""role"": null
    },
    {
      ""name"": ""መዋዕል"",
      ""visualTraits"": null,
      ""changes"": null,
      ""role"": null
    },
    {
      ""name"": ""ትፈትሕ"",
      ""visualTraits"": null,
      ""changes"": null,
      ""role"": null
    },
    {
      ""name"": ""ሲኦል"",
      ""visualTraits"": null,
      ""changes"": null,
      ""role"": null
    },
    {
      ""name"": ""ፉሃ"",
      ""visualTraits"": null,
      ""changes"": null,
      ""role"": null
    },
    {
      ""name"": ""ወይሰጠሙ"",
      ""visualTraits"": null,
      ""changes"": null,
      ""role"": null
    },
    {
      ""name"": ""ውስቴታ"",
      ""visualTraits"": null,
      ""changes"": null,
      ""role"": null
    },
    {
      ""name"": ""ወሐጕሎሙ"",
      ""visualTraits"": null,
      ""changes"": null,
      ""role"": null
    },
    {
      ""name"": ""ተኀድገ"",
      ""visualTraits"": null,
      ""changes"": null,
      ""role"": null
    },
    {
      ""name"": ""ይውኅጦሙ"",
      ""visualTraits"": null,
      ""changes"": null,
      ""role"": null
    },
    {
      ""name"": ""ለኃጥን"",
      ""visualTraits"": null,
      ""changes"": null,
      ""role"": null
    },
    {
      ""name"": ""እምቅድመ"",
      ""visualTraits"": null,
      ""changes"": null,
      ""role"": null
    },
    {
      ""name"": ""ገጸ"",
      ""visualTraits"": null,
      ""changes"": null,
      ""role"": null
    },
    {
      ""name"": ""ኅሩያን"",
      ""visualTraits"": null,
      ""changes"": null,
      ""role"": null
    }
  ],
  ""props"": [],
  ""environments"": [],
  ""scenes"": [
    {
      ""title"": ""Scene 1"",
      ""location"": null,
      ""action"": ""እማንቱ፡መዋዕል፡ትፈትሕ፡"",
      ""actorsInvolved"": [""እማንቱ"", ""መዋዕል"", ""ትፈትሕ""]
    },
    {
      ""title"": ""Scene 2"",
      ""location"": null,
      ""action"": ""ሲኦል፡ፉሃ፡ወይሰጠሙ፡"",
      ""actorsInvolved"": [""ሲኦል"", ""ፉሃ"", ""ወይሰጠሙ""]
    },
    {
      ""title"": ""Scene 3"",
      ""location"": null,
      ""action"": ""ውስቴታ፡ወሐጕሎሙ፡ተኀድገ፡"",
      ""actorsInvolved"": [""ውስቴታ"", ""ወሐጕሎሙ"", ""ተኀድገ""]
    },
    {
      ""title"": ""Scene 4"",
      ""location"": null,
      ""action"": ""ሲኦል፡ይውኅጦሙ፡ለኃጥን፡"",
      ""actorsInvolved"": [""ሲኦል"", ""ይውኅጦሙ"", ""ለኃጥን""]
    },
    {
      ""title"": ""Scene 5"",
      ""location"": null,
      ""action"": ""እምቅድመ፡ገጸ፡ኅሩያን፨"",
      ""actorsInvolved"": [""እምቅድመ"", ""ገጸ"", ""ኅሩያን""]
    }
  ],
  ""blocking"": {
    ""anchors"": [],
    ""paths"": []
  }
}
```"
57,segment_001,segment,DONE,C:\Users\sasch\visionexe\stories\template\filmsets\story_057\segment_001\segment.txt,"```json
{
  ""actors"": [],
  ""props"": [],
  ""environments"": [],
  ""scenes"": [
    {
      ""title"": ""Chapter 57 Segment 1"",
      ""location"": null,
      ""action"": null,
      ""actorsInvolved"": []
    }
  ],
  ""blocking"": {
    ""anchors"": [],
    ""paths"": []
  }
}
```"
57,segment_002,segment,DONE,C:\Users\sasch\visionexe\stories\template\filmsets\story_057\segment_002\segment.txt,"```json
{
  ""actors"": [
    {
      ""name"": ""You"",
      ""visualTraits"": ""audience"",
      ""changes"": null,
      ""role"": ""listener""
    },
    {
      ""name"": ""Holy One"",
      ""visualTraits"": ""unknown"",
      ""changes"": null,
      ""role"": ""spiritual presence""
    }
  ],
  ""props"": [
    {
      ""name"": ""Word"",
      ""visualTraits"": ""spoken"",
      ""changes"": null,
      ""role"": ""prop""
    },
    {
      ""name"": ""Voice"",
      ""visualTraits"": ""audible"",
      ""changes"": null,
      ""role"": ""prop""
    }
  ],
  ""environments"": [
    {
      ""name"": ""Earth"",
      ""visualTraits"": ""ground"",
      ""changes"": null,
      ""role"": ""environment""
    },
    {
      ""name"": ""Sky"",
      ""visualTraits"": ""celestial"",
      ""changes"": null,
      ""role"": ""environment""
    }
  ],
  ""scenes"": [
    {
      ""title"": ""Prayer Chant"",
      ""location"": ""unknown"",
      ""action"": ""recitation of words and voices"",
      ""actorsInvolved"": [""You"", ""Holy One""]
    }
  ],
  ""blocking"": {
    ""anchors"": [],
    ""paths"": []
  }
}
```"
57,segment_003,segment,DONE,C:\Users\sasch\visionexe\stories\template\filmsets\story_057\segment_003\segment.txt,"{
  ""actors"": [],
  ""props"": [],
  ""environments"": [],
  ""scenes"": [],
  ""blocking"": {
    ""anchors"": [],
    ""paths"": []
  }
}"
58,segment_001,segment,DONE,C:\Users\sasch\visionexe\stories\template\filmsets\story_058\segment_001\segment.txt,"```json
{
  ""actors"": [],
  ""props"": [],
  ""environments"": [],
  ""scenes"": [],
  ""blocking"": {
    ""anchors"": [],
    ""paths"": []
  }
}
```"
58,segment_002,segment,DONE,C:\Users\sasch\visionexe\stories\template\filmsets\story_058\segment_002\segment.txt,"{
  ""actors"": [],
  ""props"": [],
  ""environments"": [],
  ""scenes"": [],
  ""blocking"": {
    ""anchors"": [],
    ""paths"": []
  }
}"
58,segment_003,segment,DONE,C:\Users\sasch\visionexe\stories\template\filmsets\story_058\segment_003\segment.txt,"{""actors"":[],""props"":[],""environments"":[],""scenes"":[],""blocking"":{""anchors"":[],""paths"":[]}}"
58,segment_004,segment,DONE,C:\Users\sasch\visionexe\stories\template\filmsets\story_058\segment_004\segment.txt,"```json
{
  ""actors"": [
    {
      ""name"": ""God"",
      ""visualTraits"": null,
      ""changes"": null,
      ""role"": ""deity""
    }
  ],
  ""props"": [],
  ""environments"": [],
  ""scenes"": [
    {
      ""title"": ""Chapter 58 Segment 4 Prayer"",
      ""location"": ""unknown"",
      ""action"": ""recitation of prayer"",
      ""actorsInvolved"": [""God""]
    }
  ],
  ""blocking"": {
    ""anchors"": [],
    ""paths"": []
  }
}
```"
58,segment_005,segment,DONE,C:\Users\sasch\visionexe\stories\template\filmsets\story_058\segment_005\segment.txt,"```json
{
  ""actors"": [
    {""name"":""ወእምድኅረዝ"",""visualTraits"":null,""changes"":null,""role"":null},
    {""name"":""ይትሀል"",""visualTraits"":null,""changes"":null,""role"":null},
    {""name"":""ለቅዱሳን"",""visualTraits"":null,""changes"":null,""role"":null},
    {""name"":""ሰማይ"",""visualTraits"":null,""changes"":null,""role"":null},
    {""name"":""መ"",""visualTraits"":null,""changes"":null,""role"":null},
    {""name"":""ይኅሥሡ"",""visualTraits"":null,""changes"":null,""role"":null},
    {""name"":""ኅቡተ"",""visualTraits"":null,""changes"":null,""role"":null},
    {""name"":""ጽድቅ"",""visualTraits"":null,""changes"":null,""role"":null},
    {""name"":""ፍለ"",""visualTraits"":null,""changes"":null,""role"":null},
    {""name"":""ሃይማኖት"",""visualTraits"":null,""changes"":null,""role"":null},
    {""name"":""እስመ"",""visualTraits"":null,""changes"":null,""role"":null},
    {""name"":""ሠረቀ"",""visualTraits"":null,""changes"":null,""role"":null},
    {""name"":""መ"",""visualTraits"":null,""changes"":null,""role"":null},
    {""name"":""ፄሐይ"",""visualTraits"":null,""changes"":null,""role"":null},
    {""name"":""ዲ"",""visualTraits"":null,""changes"":null,""role"":null},
    {""name"":""የብስ"",""visualTraits"":null,""changes"":null,""role"":null},
    {""name"":""ወጽልመት"",""visualTraits"":null,""changes"":null,""role"":null},
    {""name"":""ኀለፈት"",""visualTraits"":null,""changes"":null,""role"":null}
  ],
  ""props"": [],
  ""environments"": [],
  ""scenes"": [],
  ""blocking"": {
    ""anchors"": [],
    ""paths"": []
  }
}
```"
58,segment_006,segment,DONE,C:\Users\sasch\visionexe\stories\template\filmsets\story_058\segment_006\segment.txt,"```json
{
  ""actors"": [
    {
      ""name"": ""ወብርሃን"",
      ""visualTraits"": null,
      ""changes"": null,
      ""role"": ""deity / chant speaker""
    },
    {
      ""name"": ""እግዚ"",
      ""visualTraits"": null,
      ""changes"": null,
      ""role"": ""deity""
    }
  ],
  ""props"": [],
  ""environments"": [],
  ""scenes"": [
    {
      ""title"": ""Chanting of Praise"",
      ""location"": ""unknown"",
      ""action"": ""chanting verses that praise God and Wəbrhan"",
      ""actorsInvolved"": [""ወብርሃን"", ""እግዚ""]
    }
  ],
  ""blocking"": {
    ""anchors"": [],
    ""paths"": []
  }
}
```"
59,segment_001,segment,DONE,C:\Users\sasch\visionexe\stories\template\filmsets\story_059\segment_001\segment.txt,"```json
{
  ""actors"": [],
  ""props"": [],
  ""environments"": [],
  ""scenes"": [],
  ""blocking"": {
    ""anchors"": [],
    ""paths"": []
  }
}
```"
59,segment_002,segment,DONE,C:\Users\sasch\visionexe\stories\template\filmsets\story_059\segment_002\segment.txt,"```json
{
  ""actors"": [],
  ""props"": [],
  ""environments"": [],
  ""scenes"": [],
  ""blocking"": {
    ""anchors"": [],
    ""paths"": []
  }
}
```"
59,segment_003,segment,DONE,C:\Users\sasch\visionexe\stories\template\filmsets\story_059\segment_003\segment.txt,"```json
{
  ""actors"": [],
  ""props"": [],
  ""environments"": [],
  ""scenes"": [
    {
      ""title"": ""Chapter 59 Segment 3"",
      ""location"": null,
      ""action"": null,
      ""actorsInvolved"": null
    }
  ],
  ""blocking"": {
    ""anchors"": [],
    ""paths"": []
  }
}
```"
60,segment_001,segment,DONE,C:\Users\sasch\visionexe\stories\template\filmsets\story_060\segment_001\segment.txt,"```json
{
  ""actors"": [],
  ""props"": [],
  ""environments"": [],
  ""scenes"": [],
  ""blocking"": {
    ""anchors"": [],
    ""paths"": []
  }
}
```"
60,segment_002,segment,DONE,C:\Users\sasch\visionexe\stories\template\filmsets\story_060\segment_002\segment.txt,"```json
{
  ""actors"": [
    {
      ""name"": ""ወርእሰ"",
      ""visualTraits"": null,
      ""changes"": [],
      ""role"": ""unknown""
    },
    {
      ""name"": ""መዋዕል"",
      ""visualTraits"": null,
      ""changes"": [],
      ""role"": ""unknown""
    },
    {
      ""name"": ""ዲ"",
      ""visualTraits"": null,
      ""changes"": [],
      ""role"": ""unknown""
    },
    {
      ""name"": ""መንረ"",
      ""visualTraits"": null,
      ""changes"": [],
      ""role"": ""unknown""
    },
    {
      ""name"": ""ስብሐቲሁ"",
      ""visualTraits"": null,
      ""changes"": [],
      ""role"": ""unknown""
    },
    {
      ""name"": ""ይነብር"",
      ""visualTraits"": null,
      ""changes"": [],
      ""role"": ""unknown""
    },
    {
      ""name"": ""ወመላእት"",
      ""visualTraits"": null,
      ""changes"": [],
      ""role"": ""unknown""
    },
    {
      ""name"": ""ቅዱሳን"",
      ""visualTraits"": null,
      ""changes"": [],
      ""role"": ""unknown""
    },
    {
      ""name"": ""ወጻድቃን"",
      ""visualTraits"": null,
      ""changes"": [],
      ""role"": ""unknown""
    },
    {
      ""name"": ""ውዶ"",
      ""visualTraits"": null,
      ""changes"": [],
      ""role"": ""unknown""
    }
  ],
  ""props"": [],
  ""environments"": [],
  ""scenes"": [
    {
      ""title"": ""Line 1"",
      ""location"": null,
      ""action"": null,
      ""actorsInvolved"": [""ወርእሰ"", ""መዋዕል"", ""ዲ"", ""መንረ""]
    },
    {
      ""title"": ""Line 2"",
      ""location"": null,
      ""action"": null,
      ""actorsInvolved"": [""ስብሐቲሁ"", ""ይነብር"", ""ወመላእት""]
    },
    {
      ""title"": ""Line 3"",
      ""location"": null,
      ""action"": null,
      ""actorsInvolved"": [""ቅዱሳን"", ""ወጻድቃን"", ""ውዶ""]
    },
    {
      ""title"": ""Line 4"",
      ""location"": null,
      ""action"": null,
      ""actorsInvolved"": [""ይቀውሙ""]
    }
  ],
  ""blocking"": {
    ""anchors"": [],
    ""paths"": []
  }
}
```"
60,segment_003,segment,DONE,C:\Users\sasch\visionexe\stories\template\filmsets\story_060\segment_003\segment.txt,"```json
{
  ""actors"": [],
  ""props"": [],
  ""environments"": [],
  ""scenes"": [],
  ""blocking"": {
    ""anchors"": [],
    ""paths"": []
  }
}
```"
60,segment_004,segment,DONE,C:\Users\sasch\visionexe\stories\template\filmsets\story_060\segment_004\segment.txt,"```json
{
  ""actors"": [
    {
      ""name"": ""Michael"",
      ""visualTraits"": null,
      ""changes"": null,
      ""role"": null
    }
  ],
  ""props"": [],
  ""environments"": [
    {
      ""name"": ""Sema"",
      ""visualTraits"": null,
      ""changes"": null,
      ""role"": null
    }
  ],
  ""scenes"": [
    {
      ""title"": ""Line 1"",
      ""location"": null,
      ""action"": null,
      ""actorsInvolved"": [""Michael""]
    },
    {
      ""title"": ""Line 2"",
      ""location"": null,
      ""action"": null,
      ""actorsInvolved"": []
    },
    {
      ""title"": ""Line 3"",
      ""location"": null,
      ""action"": null,
      ""actorsInvolved"": []
    },
    {
      ""title"": ""Line 4"",
      ""location"": null,
      ""action"": null,
      ""actorsInvolved"": []
    },
    {
      ""title"": ""Line 5"",
      ""location"": null,
      ""action"": null,
      ""actorsInvolved"": []
    },
    {
      ""title"": ""Line 6"",
      ""location"": null,
      ""action"": null,
      ""actorsInvolved"": []
    }
  ],
  ""blocking"": {
    ""anchors"": [],
    ""paths"": []
  }
}
```"
60,segment_005,segment,DONE,C:\Users\sasch\visionexe\stories\template\filmsets\story_060\segment_005\segment.txt,"```json
{
  ""actors"": [
    {
      ""name"": ""ወይቤለኒ"",
      ""visualTraits"": null,
      ""changes"": null,
      ""role"": null
    },
    {
      ""name"": ""ሚኤል"",
      ""visualTraits"": null,
      ""changes"": null,
      ""role"": null
    },
    {
      ""name"": ""ዮም"",
      ""visualTraits"": null,
      ""changes"": null,
      ""role"": null
    },
    {
      ""name"": ""ሀለወት"",
      ""visualTraits"": null,
      ""changes"": null,
      ""role"": null
    },
    {
      ""name"": ""ወሀሎ"",
      ""visualTraits"": null,
      ""changes"": null,
      ""role"": null
    },
    {
      ""name"": ""መሓሪ"",
      ""visualTraits"": null,
      ""changes"": null,
      ""role"": null
    },
    {
      ""name"": ""ወርሑቀ"",
      ""visualTraits"": null,
      ""changes"": null,
      ""role"": null
    },
    {
      ""name"": ""የኀድሩ"",
      ""visualTraits"": null,
      ""changes"": null,
      ""role"": null
    }
  ],
  ""props"": [],
  ""environments"": [],
  ""scenes"": [],
  ""blocking"": {
    ""anchors"": [],
    ""paths"": []
  }
}
```"
60,segment_006,segment,DONE,C:\Users\sasch\visionexe\stories\template\filmsets\story_060\segment_006\segment.txt,"```json
{
  ""actors"": [
    {
      ""name"": ""እግዚ"",
      ""visualTraits"": null,
      ""changes"": null,
      ""role"": ""deity""
    }
  ],
  ""props"": [],
  ""environments"": [
    {
      ""name"": ""Day"",
      ""visualTraits"": null,
      ""changes"": null,
      ""role"": ""time""
    }
  ],
  ""scenes"": [
    {
      ""title"": ""Chapter 60 Segment 6"",
      ""location"": null,
      ""action"": null,
      ""actorsInvolved"": [""እግዚ""]
    }
  ],
  ""blocking"": {
    ""anchors"": [],
    ""paths"": []
  }
}
```"
60,segment_007,segment,DONE,C:\Users\sasch\visionexe\stories\template\filmsets\story_060\segment_007\segment.txt,"```json
{
  ""actors"": [],
  ""props"": [],
  ""environments"": [],
  ""scenes"": [],
  ""blocking"": {
    ""anchors"": [],
    ""paths"": []
  }
}
```"
60,segment_008,segment,DONE,C:\Users\sasch\visionexe\stories\template\filmsets\story_060\segment_008\segment.txt,"```json
{
  ""actors"": [],
  ""props"": [],
  ""environments"": [],
  ""scenes"": [
    {
      ""title"": ""Chapter 60 Segment 8"",
      ""location"": null,
      ""action"": null,
      ""actorsInvolved"": []
    }
  ],
  ""blocking"": {
    ""anchors"": [],
    ""paths"": []
  }
}
```"
60,segment_009,segment,DONE,C:\Users\sasch\visionexe\stories\template\filmsets\story_060\segment_009\segment.txt,"```json
{
  ""actors"": [],
  ""props"": [],
  ""environments"": [
    {
      ""name"": ""sea"",
      ""visualTraits"": null,
      ""changes"": null,
      ""role"": ""setting""
    }
  ],
  ""scenes"": [],
  ""blocking"": {
    ""anchors"": [],
    ""paths"": []
  }
}
```"
60,segment_010,segment,DONE,C:\Users\sasch\visionexe\stories\template\filmsets\story_060\segment_010\segment.txt,"```json
{
  ""actors"": [],
  ""props"": [],
  ""environments"": [],
  ""scenes"": [],
  ""blocking"": {
    ""anchors"": [],
    ""paths"": []
  }
}
```"
60,segment_011,segment,DONE,C:\Users\sasch\visionexe\stories\template\filmsets\story_060\segment_011\segment.txt,"```json
{
  ""actors"": [],
  ""props"": [],
  ""environments"": [
    {
      ""name"": ""ሰማይ"",
      ""visualTraits"": null,
      ""changes"": null,
      ""role"": ""sky""
    },
    {
      ""name"": ""ነፋሳት"",
      ""visualTraits"": null,
      ""changes"": null,
      ""role"": ""wind""
    },
    {
      ""name"": ""ማዕምቅ"",
      ""visualTraits"": null,
      ""changes"": null,
      ""role"": ""rain""
    },
    {
      ""name"": ""ወዘንብስ"",
      ""visualTraits"": null,
      ""changes"": null,
      ""role"": ""wind""
    },
    {
      ""name"": ""ወዘደኃሪ"",
      ""visualTraits"": null,
      ""changes"": null,
      ""role"": ""wind""
    },
    {
      ""name"": ""ወመሠረተ"",
      ""visualTraits"": null,
      ""changes"": null,
      ""role"": ""foundation""
    },
    {
      ""name"": ""ወመዛግብተ"",
      ""visualTraits"": null,
      ""changes"": null,
      ""role"": ""stars""
    }
  ],
  ""scenes"": [
    {
      ""title"": ""Nature's Symphony"",
      ""location"": ""Sky"",
      ""action"": ""Wind, rain, and stars are present"",
      ""actorsInvolved"": []
    }
  ],
  ""blocking"": {
    ""anchors"": [],
    ""paths"": []
  }
}
```"
60,segment_012,segment,DONE,C:\Users\sasch\visionexe\stories\template\filmsets\story_060\segment_012\segment.txt,"{
  ""actors"": [],
  ""props"": [],
  ""environments"": [],
  ""scenes"": [],
  ""blocking"": {
    ""anchors"": [],
    ""paths"": []
  }
}"
60,segment_013,segment,DONE,C:\Users\sasch\visionexe\stories\template\filmsets\story_060\segment_013\segment.txt,"```json
{
  ""actors"": [],
  ""props"": [],
  ""environments"": [],
  ""scenes"": [],
  ""blocking"": {
    ""anchors"": [],
    ""paths"": []
  }
}
```"
60,segment_014,segment,DONE,C:\Users\sasch\visionexe\stories\template\filmsets\story_060\segment_014\segment.txt,"```json
{
  ""actors"": [],
  ""props"": [],
  ""environments"": [],
  ""scenes"": [],
  ""blocking"": {
    ""anchors"": [],
    ""paths"": []
  }
}
```"
60,segment_015,segment,DONE,C:\Users\sasch\visionexe\stories\template\filmsets\story_060\segment_015\segment.txt,"```json
{
  ""actors"": [],
  ""props"": [],
  ""environments"": [
    {
      ""name"": ""ለምድር"",
      ""visualTraits"": null,
      ""changes"": null,
      ""role"": ""location""
    }
  ],
  ""scenes"": [],
  ""blocking"": {
    ""anchors"": [],
    ""paths"": []
  }
}
```
"
60,segment_016,segment,DONE,C:\Users\sasch\visionexe\stories\template\filmsets\story_060\segment_016\segment.txt,"```json
{
  ""actors"": [],
  ""props"": [],
  ""environments"": [],
  ""scenes"": [],
  ""blocking"": {
    ""anchors"": [],
    ""paths"": []
  }
}
```"
60,segment_017,segment,DONE,C:\Users\sasch\visionexe\stories\template\filmsets\story_060\segment_017\segment.txt,"```json
{
  ""actors"": [],
  ""props"": [],
  ""environments"": [],
  ""scenes"": [],
  ""blocking"": {
    ""anchors"": [],
    ""paths"": []
  }
}
```"
60,segment_018,segment,DONE,C:\Users\sasch\visionexe\stories\template\filmsets\story_060\segment_018\segment.txt,"```json
{
  ""actors"": [],
  ""props"": [],
  ""environments"": [],
  ""scenes"": [],
  ""blocking"": {
    ""anchors"": [],
    ""paths"": []
  }
}
```"
60,segment_019,segment,DONE,C:\Users\sasch\visionexe\stories\template\filmsets\story_060\segment_019\segment.txt,"```json
{
  ""actors"": [
    {""name"":""ወመንፈሰ"",""visualTraits"":null,""changes"":null,""role"":""character""},
    {""name"":""ጊሜ"",""visualTraits"":null,""changes"":null,""role"":""character""},
    {""name"":""ኢትኀር"",""visualTraits"":null,""changes"":null,""role"":""character""},
    {""name"":""ምስሌሆሙ"",""visualTraits"":null,""changes"":null,""role"":""character""},
    {""name"":""መዛግብቲሆሙ"",""visualTraits"":null,""changes"":null,""role"":""character""},
    {""name"":""እስመ"",""visualTraits"":null,""changes"":null,""role"":""character""},
    {""name"":""ዚሁ"",""visualTraits"":null,""changes"":null,""role"":""character""},
    {""name"":""ስብሐተ"",""visualTraits"":null,""changes"":null,""role"":""character""},
    {""name"":""ወጽልመት"",""visualTraits"":null,""changes"":null,""role"":""character""},
    {""name"":""ወሐጋይ"",""visualTraits"":null,""changes"":null,""role"":""character""},
    {""name"":""ወመዝገ፡ዚሃ"",""visualTraits"":null,""changes"":null,""role"":""character""},
    {""name"":""መል፡ውእቱ"",""visualTraits"":null,""changes"":null,""role"":""character""}
  ],
  ""props"": [],
  ""environments"": [
    {""name"":""ቦቱ"",""visualTraits"":null,""changes"":null,""role"":""environment""},
    {""name"":""ባሕቲቱ"",""visualTraits"":null,""changes"":null,""role"":""environment""},
    {""name"":""ምሕዋረ"",""visualTraits"":null,""changes"":null,""role"":""environment""},
    {""name"":""ቦ፡ወብርሃን"",""visualTraits"":null,""changes"":null,""role"":""environment""},
    {""name"":""ወረምት"",""visualTraits"":null,""changes"":null,""role"":""environment""}
  ],
  ""scenes"": [],
  ""blocking"": {
    ""anchors"": [],
    ""paths"": []
  }
}
```"
60,segment_020,segment,DONE,C:\Users\sasch\visionexe\stories\template\filmsets\story_060\segment_020\segment.txt,"```json
{
  ""actors"": [],
  ""props"": [],
  ""environments"": [
    {
      ""name"": ""ሰማይ"",
      ""visualTraits"": null,
      ""changes"": null,
      ""role"": ""environment""
    }
  ],
  ""scenes"": [],
  ""blocking"": {
    ""anchors"": [],
    ""paths"": []
  }
}
```"
60,segment_021,segment,DONE,C:\Users\sasch\visionexe\stories\template\filmsets\story_060\segment_021\segment.txt,"```json
{
  ""actors"": [],
  ""props"": [],
  ""environments"": [],
  ""scenes"": [],
  ""blocking"": {
    ""anchors"": [],
    ""paths"": []
  }
}
```
"
60,segment_022,segment,DONE,C:\Users\sasch\visionexe\stories\template\filmsets\story_060\segment_022\segment.txt,"```json
{
  ""actors"": [],
  ""props"": [],
  ""environments"": [],
  ""scenes"": [
    {
      ""title"": ""Chapter 60 Segment 22"",
      ""location"": null,
      ""action"": null,
      ""actorsInvolved"": []
    }
  ],
  ""blocking"": {
    ""anchors"": [],
    ""paths"": []
  }
}
```"
60,segment_023,segment,DONE,C:\Users\sasch\visionexe\stories\template\filmsets\story_060\segment_023\segment.txt,"{
  ""actors"": [],
  ""props"": [],
  ""environments"": [],
  ""scenes"": [
    {
      ""title"": ""Chapter 60 Segment 23"",
      ""location"": null,
      ""action"": null,
      ""actorsInvolved"": []
    }
  ],
  ""blocking"": {
    ""anchors"": [],
    ""paths"": []
  }
}"
60,segment_024,segment,DONE,C:\Users\sasch\visionexe\stories\template\filmsets\story_060\segment_024\segment.txt,"{""actors"":[],""props"":[],""environments"":[],""scenes"":[],""blocking"":{""anchors"":[],""paths"":[]}}"
60,segment_025,segment,DONE,C:\Users\sasch\visionexe\stories\template\filmsets\story_060\segment_025\segment.txt,"```json
{
  ""actors"": [],
  ""props"": [],
  ""environments"": [],
  ""scenes"": [
    {
      ""title"": ""Chapter 60 Segment 25"",
      ""location"": null,
      ""action"": null,
      ""actorsInvolved"": []
    }
  ],
  ""blocking"": {
    ""anchors"": [],
    ""paths"": []
  }
}
```"
61,segment_001,segment,DONE,C:\Users\sasch\visionexe\stories\template\filmsets\story_061\segment_001\segment.txt,"```json
{
  ""actors"": [],
  ""props"": [],
  ""environments"": [],
  ""scenes"": [],
  ""blocking"": {
    ""anchors"": [],
    ""paths"": []
  }
}
```"
61,segment_002,segment,DONE,C:\Users\sasch\visionexe\stories\template\filmsets\story_061\segment_002\segment.txt,"```json
{
  ""actors"": [],
  ""props"": [],
  ""environments"": [],
  ""scenes"": [],
  ""blocking"": {
    ""anchors"": [],
    ""paths"": []
  }
}
```"
61,segment_003,segment,DONE,C:\Users\sasch\visionexe\stories\template\filmsets\story_061\segment_003\segment.txt,"```json
{
  ""actors"": [],
  ""props"": [],
  ""environments"": [],
  ""scenes"": [],
  ""blocking"": {
    ""anchors"": [],
    ""paths"": []
  }
}
```"
61,segment_004,segment,DONE,C:\Users\sasch\visionexe\stories\template\filmsets\story_061\segment_004\segment.txt,"{
  ""actors"": [
    {
      ""name"": ""ወየኀድሩ"",
      ""visualTraits"": null,
      ""changes"": null,
      ""role"": ""king""
    },
    {
      ""name"": ""ኅሩያን"",
      ""visualTraits"": null,
      ""changes"": null,
      ""role"": ""priest""
    },
    {
      ""name"": ""ወያጸንዕዋ"",
      ""visualTraits"": null,
      ""changes"": null,
      ""role"": ""citizen""
    }
  ],
  ""props"": [],
  ""environments"": [],
  ""scenes"": [
    {
      ""title"": ""Invocation of Blessing"",
      ""location"": ""unknown"",
      ""action"": ""ይዌጥኑ፡ወየኀድሩ፡ኅሩያን፡\nምስለ፡ኅሩያን፡ወእሉ፡\nምጣናት፡እለ፡ይትወሀቡ፡\nለሀይማኖት፡ወያጸንዕዋ፡ቃለ፡\nለጽድቅ፡"",
      ""actorsInvolved"": [
        ""ወየኀድሩ"",
        ""ኅሩያን"",
        ""ወያጸንዕዋ""
      ]
    }
  ],
  ""blocking"": {
    ""anchors"": [],
    ""paths"": []
  }
}"
61,segment_005,segment,DONE,C:\Users\sasch\visionexe\stories\template\filmsets\story_061\segment_005\segment.txt,"{""actors"":[],""props"":[],""environments"":[],""scenes"":[],""blocking"":{""anchors"":[],""paths"":[]}}"
61,segment_006,segment,DONE,C:\Users\sasch\visionexe\stories\template\filmsets\story_061\segment_006\segment.txt,"```json
{
  ""actors"": [
    {
      ""name"": ""ወነሥኡ"",
      ""visualTraits"": null,
      ""changes"": null,
      ""role"": ""speaker""
    },
    {
      ""name"": ""ሎሙ"",
      ""visualTraits"": null,
      ""changes"": null,
      ""role"": ""participant""
    }
  ],
  ""props"": [
    {
      ""name"": ""መልዕልተ፡ሰማይ"",
      ""visualTraits"": null,
      ""changes"": null,
      ""role"": ""message""
    },
    {
      ""name"": ""ኀይል"",
      ""visualTraits"": null,
      ""changes"": null,
      ""role"": ""power""
    },
    {
      ""name"": ""እሳት"",
      ""visualTraits"": null,
      ""changes"": null,
      ""role"": ""fire""
    }
  ],
  ""environments"": [],
  ""scenes"": [
    {
      ""title"": ""Chapter 61 Segment 6"",
      ""location"": null,
      ""action"": ""ወነሥኡ ትእዛዘ እለ መልዕልተ፡ሰማይ ሎሙ ኀይል ወቃል ወብርሃን ፩መ እሳት ተውህ ሎሙ"",
      ""actorsInvolved"": [""ወነሥኡ"", ""ሎሙ""]
    }
  ],
  ""blocking"": {
    ""anchors"": [],
    ""paths"": []
  }
}
```"
61,segment_007,segment,DONE,C:\Users\sasch\visionexe\stories\template\filmsets\story_061\segment_007\segment.txt,"```json
{
  ""actors"": [],
  ""props"": [],
  ""environments"": [],
  ""scenes"": [],
  ""blocking"": {
    ""anchors"": [],
    ""paths"": []
  }
}
```
"
61,segment_008,segment,DONE,C:\Users\sasch\visionexe\stories\template\filmsets\story_061\segment_008\segment.txt,"```json
{
  ""actors"": [
    {
      ""name"": ""ወእግዚ"",
      ""visualTraits"": null,
      ""changes"": null,
      ""role"": ""deity""
    }
  ],
  ""props"": [
    {
      ""name"": ""ወይንን"",
      ""visualTraits"": null,
      ""changes"": null,
      ""role"": ""beverage""
    },
    {
      ""name"": ""ግብሮሙ"",
      ""visualTraits"": null,
      ""changes"": null,
      ""role"": ""food""
    }
  ],
  ""environments"": [
    {
      ""name"": ""ሰማይ"",
      ""visualTraits"": null,
      ""changes"": null,
      ""role"": ""sky""
    },
    {
      ""name"": ""ስብሐቲ"",
      ""visualTraits"": null,
      ""changes"": null,
      ""role"": ""assembly""
    }
  ],
  ""scenes"": [
    {
      ""title"": ""Chapter 61 Segment 8"",
      ""location"": null,
      ""action"": null,
      ""actorsInvolved"": [""ወእግዚ""]
    }
  ],
  ""blocking"": {
    ""anchors"": [],
    ""paths"": []
  }
}
```"
61,segment_009,segment,DONE,C:\Users\sasch\visionexe\stories\template\filmsets\story_061\segment_009\segment.txt,"```json
{
  ""actors"": [
    {
      ""name"": ""God"",
      ""visualTraits"": null,
      ""changes"": null,
      ""role"": ""deity""
    },
    {
      ""name"": ""Wosayaleel"",
      ""visualTraits"": null,
      ""changes"": null,
      ""role"": ""unknown""
    },
    {
      ""name"": ""Spirit"",
      ""visualTraits"": null,
      ""changes"": null,
      ""role"": ""spiritual entity""
    }
  ],
  ""props"": [],
  ""environments"": [],
  ""scenes"": [
    {
      ""title"": ""Chapter 61 Segment 9"",
      ""location"": null,
      ""action"": ""chanting a prayer praising God, His name, and the spirit"",
      ""actorsInvolved"": [""God"", ""Wosayaleel"", ""Spirit""]
    }
  ],
  ""blocking"": {
    ""anchors"": [],
    ""paths"": []
  }
}
```"
61,segment_010,segment,DONE,C:\Users\sasch\visionexe\stories\template\filmsets\story_061\segment_010\segment.txt,"```json
{
  ""actors"": [
    {""name"":""ወይጼውዕ"",""visualTraits"":null,""changes"":null,""role"":null},
    {""name"":""ሎ"",""visualTraits"":null,""changes"":null,""role"":null},
    {""name"":""ኀይለ"",""visualTraits"":null,""changes"":null,""role"":null},
    {""name"":""ሰማያት"",""visualTraits"":null,""changes"":null,""role"":null},
    {""name"":""ወሎ"",""visualTraits"":null,""changes"":null,""role"":null},
    {""name"":""ቅዱሳነ"",""visualTraits"":null,""changes"":null,""role"":null},
    {""name"":""መልዕልት"",""visualTraits"":null,""changes"":null,""role"":null},
    {""name"":""ወኀይለ"",""visualTraits"":null,""changes"":null,""role"":null},
    {""name"":""እግዚብሔር"",""visualTraits"":null,""changes"":null,""role"":null},
    {""name"":""ሩቤን"",""visualTraits"":null,""changes"":null,""role"":null},
    {""name"":""ወሱራፌን"",""visualTraits"":null,""changes"":null,""role"":null},
    {""name"":""ወኦፍኒን"",""visualTraits"":null,""changes"":null,""role"":null},
    {""name"":""ወሉ"",""visualTraits"":null,""changes"":null,""role"":null},
    {""name"":""መላእተ"",""visualTraits"":null,""changes"":null,""role"":null},
    {""name"":""ኀይል"",""visualTraits"":null,""changes"":null,""role"":null},
    {""name"":""ወሉ"",""visualTraits"":null,""changes"":null,""role"":null},
    {""name"":""መላእተ"",""visualTraits"":null,""changes"":null,""role"":null},
    {""name"":""ጋእዝት"",""visualTraits"":null,""changes"":null,""role"":null},
    {""name"":""ወኅሩይ"",""visualTraits"":null,""changes"":null,""role"":null},
    {""name"":""ወልእ"",""visualTraits"":null,""changes"":null,""role"":null},
    {""name"":""ኀይል"",""visualTraits"":null,""changes"":null,""role"":null},
    {""name"":""እለ"",""visualTraits"":null,""changes"":null,""role"":null},
    {""name"":""ውስተ"",""visualTraits"":null,""changes"":null,""role"":null},
    {""name"":""የብስ"",""visualTraits"":null,""changes"":null,""role"":null},
    {""name"":""ዲ"",""visualTraits"":null,""changes"":null,""role"":null},
    {""name"":""ማይ"",""visualTraits"":null,""changes"":null,""role"":null},
    {""name"":""ይእቲ"",""visualTraits"":null,""changes"":null,""role"":null},
    {""name"":""ዕለት"",""visualTraits"":null,""changes"":null,""role"":null},
    {""name"":""ወይነሥኡ"",""visualTraits"":null,""changes"":null,""role"":null},
    {""name"":""ሐደ"",""visualTraits"":null,""changes"":null,""role"":null},
    {""name"":""ቃለ"",""visualTraits"":null,""changes"":null,""role"":null},
    {""name"":""ወይባርኩ"",""visualTraits"":null,""changes"":null,""role"":null}
  ],
  ""props"": [],
  ""environments"": [],
  ""scenes"": [],
  ""blocking"": {
    ""anchors"": [],
    ""paths"": []
  }
}
```"
61,segment_011,segment,DONE,C:\Users\sasch\visionexe\stories\template\filmsets\story_061\segment_011\segment.txt,"```json
{
  ""actors"": [],
  ""props"": [],
  ""environments"": [],
  ""scenes"": [],
  ""blocking"": {
    ""anchors"": [],
    ""paths"": []
  }
}
```"
61,segment_012,segment,DONE,C:\Users\sasch\visionexe\stories\template\filmsets\story_061\segment_012\segment.txt,"```json
{
  ""actors"": [],
  ""props"": [
    {
      ""name"": ""ብርሃን"",
      ""visualTraits"": [],
      ""changes"": [],
      ""role"": ""prop""
    }
  ],
  ""environments"": [
    {
      ""name"": ""ሰማይ"",
      ""visualTraits"": [],
      ""changes"": [],
      ""role"": ""environment""
    },
    {
      ""name"": ""ገነተ"",
      ""visualTraits"": [],
      ""changes"": [],
      ""role"": ""environment""
    },
    {
      ""name"": ""ዓለም"",
      ""visualTraits"": [],
      ""changes"": [],
      ""role"": ""environment""
    }
  ],
  ""scenes"": [
    {
      ""title"": ""Line 1"",
      ""location"": ""unknown"",
      ""action"": """",
      ""actorsInvolved"": []
    },
    {
      ""title"": ""Line 2"",
      ""location"": ""Sky"",
      ""action"": """",
      ""actorsInvolved"": []
    },
    {
      ""title"": ""Line 3"",
      ""location"": ""Inside"",
      ""action"": """",
      ""actorsInvolved"": []
    },
    {
      ""title"": ""Line 4"",
      ""location"": ""Sky"",
      ""action"": """",
      ""actorsInvolved"": []
    },
    {
      ""title"": ""Line 5"",
      ""location"": ""Inside Garden"",
      ""action"": """",
      ""actorsInvolved"": []
    },
    {
      ""title"": ""Line 6"",
      ""location"": ""Light"",
      ""action"": """",
      ""actorsInvolved"": []
    },
    {
      ""title"": ""Line 7"",
      ""location"": ""unknown"",
      ""action"": """",
      ""actorsInvolved"": []
    },
    {
      ""title"": ""Line 8"",
      ""location"": ""unknown"",
      ""action"": """",
      ""actorsInvolved"": []
    },
    {
      ""title"": ""Line 9"",
      ""location"": ""unknown"",
      ""action"": """",
      ""actorsInvolved"": []
    },
    {
      ""title"": ""Line 10"",
      ""location"": ""unknown"",
      ""action"": """",
      ""actorsInvolved"": []
    },
    {
      ""title"": ""Line 11"",
      ""location"": ""World"",
      ""action"": """",
      ""actorsInvolved"": []
    }
  ],
  ""blocking"": {
    ""anchors"": [],
    ""paths"": []
  }
}
```"
61,segment_013,segment,DONE,C:\Users\sasch\visionexe\stories\template\filmsets\story_061\segment_013\segment.txt,"```json
{
  ""actors"": [
    {
      ""name"": ""God"",
      ""visualTraits"": null,
      ""changes"": null,
      ""role"": ""deity""
    }
  ],
  ""props"": [
    {
      ""name"": ""breath"",
      ""visualTraits"": null,
      ""changes"": null,
      ""role"": ""spiritual element""
    }
  ],
  ""environments"": [],
  ""scenes"": [
    {
      ""title"": ""Chapter 61 Segment 13"",
      ""location"": ""unknown"",
      ""action"": ""Invocation/Prayer"",
      ""actorsInvolved"": [""God""]
    }
  ],
  ""blocking"": {
    ""anchors"": [],
    ""paths"": []
  }
}
```"
62,segment_001,segment,DONE,C:\Users\sasch\visionexe\stories\template\filmsets\story_062\segment_001\segment.txt,"```json
{
  ""actors"": [
    {
      ""name"": ""God"",
      ""visualTraits"": null,
      ""changes"": null,
      ""role"": ""deity""
    },
    {
      ""name"": ""King"",
      ""visualTraits"": null,
      ""changes"": null,
      ""role"": ""royalty""
    }
  ],
  ""props"": [],
  ""environments"": [
    {
      ""name"": ""Earth"",
      ""visualTraits"": null,
      ""changes"": null,
      ""role"": ""ground""
    }
  ],
  ""scenes"": [],
  ""blocking"": {
    ""anchors"": [],
    ""paths"": []
  }
}
```"
62,segment_002,segment,DONE,C:\Users\sasch\visionexe\stories\template\filmsets\story_062\segment_002\segment.txt,"```json
{
  ""actors"": [],
  ""props"": [],
  ""environments"": [],
  ""scenes"": [],
  ""blocking"": {
    ""anchors"": [],
    ""paths"": []
  }
}
```"
62,segment_003,segment,DONE,C:\Users\sasch\visionexe\stories\template\filmsets\story_062\segment_003\segment.txt,"```json
{
  ""actors"": [],
  ""props"": [],
  ""environments"": [],
  ""scenes"": [],
  ""blocking"": {
    ""anchors"": [],
    ""paths"": []
  }
}
```"
62,segment_004,segment,DONE,C:\Users\sasch\visionexe\stories\template\filmsets\story_062\segment_004\segment.txt,"```json
{
  ""actors"": [
    {""name"": ""ዲቤሆሙ"", ""visualTraits"": null, ""changes"": null, ""role"": ""unknown""},
    {""name"": ""ሕማም"", ""visualTraits"": null, ""changes"": null, ""role"": ""unknown""},
    {""name"": ""ማሕምም"", ""visualTraits"": null, ""changes"": null, ""role"": ""unknown""},
    {""name"": ""ወየዐፅባ"", ""visualTraits"": null, ""changes"": null, ""role"": ""unknown""},
    {""name"": ""ወሊድ"", ""visualTraits"": null, ""changes"": null, ""role"": ""unknown""},
    {""name"": ""ወሉዳ"", ""visualTraits"": null, ""changes"": null, ""role"": ""unknown""},
    {""name"": ""ማሕፀን"", ""visualTraits"": null, ""changes"": null, ""role"": ""unknown""},
    {""name"": ""ወተዐፅባ"", ""visualTraits"": null, ""changes"": null, ""role"": ""unknown""}
  ],
  ""props"": [],
  ""environments"": [],
  ""scenes"": [
    {
      ""title"": ""Chapter 62 Segment 4"",
      ""location"": null,
      ""action"": ""chanting/recitation"",
      ""actorsInvolved"": [
        ""ዲቤሆሙ"",
        ""ሕማም"",
        ""ማሕምም"",
        ""ወየዐፅባ"",
        ""ወሊድ"",
        ""ወሉዳ"",
        ""ማሕፀን"",
        ""ወተዐፅባ""
      ]
    }
  ],
  ""blocking"": {
    ""anchors"": [],
    ""paths"": []
  }
}
```"
62,segment_005,segment,DONE,C:\Users\sasch\visionexe\stories\template\filmsets\story_062\segment_005\segment.txt,"{""actors"":[],""props"":[],""environments"":[],""scenes"":[],""blocking"":{""anchors"":[],""paths"":[]}}"
62,segment_006,segment,DONE,C:\Users\sasch\visionexe\stories\template\filmsets\story_062\segment_006\segment.txt,"```json
{
  ""actors"": [
    {
      ""name"": ""ነገሥት"",
      ""visualTraits"": ""unknown"",
      ""changes"": [],
      ""role"": ""unknown""
    }
  ],
  ""props"": [],
  ""environments"": [
    {
      ""name"": ""ምድር"",
      ""visualTraits"": ""unknown"",
      ""changes"": [],
      ""role"": ""ground""
    }
  ],
  ""scenes"": [
    {
      ""title"": ""Chapter 62 Segment 6"",
      ""location"": ""unknown"",
      ""action"": ""unknown"",
      ""actorsInvolved"": [""ነገሥት""]
    }
  ],
  ""blocking"": {
    ""anchors"": [
      {
        ""id"": ""anchor1"",
        ""description"": ""earth""
      }
    ],
    ""paths"": []
  }
}
```"
62,segment_007,segment,DONE,C:\Users\sasch\visionexe\stories\template\filmsets\story_062\segment_007\segment.txt,"```json
{
  ""actors"": [],
  ""props"": [],
  ""environments"": [],
  ""scenes"": [],
  ""blocking"": {
    ""anchors"": [],
    ""paths"": []
  }
}
```"
62,segment_008,segment,DONE,C:\Users\sasch\visionexe\stories\template\filmsets\story_062\segment_008\segment.txt,"{
  ""actors"": [],
  ""props"": [],
  ""environments"": [],
  ""scenes"": [],
  ""blocking"": {
    ""anchors"": [],
    ""paths"": []
  }
}"
62,segment_009,segment,DONE,C:\Users\sasch\visionexe\stories\template\filmsets\story_062\segment_009\segment.txt,"{""actors"":[],""props"":[],""environments"":[],""scenes"":[],""blocking"":{""anchors"":[],""paths"":[]}}"
62,segment_010,segment,DONE,C:\Users\sasch\visionexe\stories\template\filmsets\story_062\segment_010\segment.txt,"{
  ""actors"": [
    {
      ""name"": ""God"",
      ""visualTraits"": null,
      ""changes"": null,
      ""role"": ""deity""
    },
    {
      ""name"": ""Spirit"",
      ""visualTraits"": null,
      ""changes"": null,
      ""role"": ""spiritual entity""
    }
  ],
  ""props"": [],
  ""environments"": [],
  ""scenes"": [],
  ""blocking"": {
    ""anchors"": [],
    ""paths"": []
  }
}"
62,segment_011,segment,DONE,C:\Users\sasch\visionexe\stories\template\filmsets\story_062\segment_011\segment.txt,"```json
{
  ""actors"": [
    {
      ""name"": ""angel"",
      ""visualTraits"": null,
      ""changes"": null,
      ""role"": ""recipient""
    }
  ],
  ""props"": [
    {
      ""name"": ""door"",
      ""visualTraits"": null,
      ""changes"": null,
      ""role"": ""access""
    }
  ],
  ""environments"": [],
  ""scenes"": [
    {
      ""title"": ""Chapter 62 Segment 11"",
      ""location"": ""unknown"",
      ""action"": ""incantation/ritual"",
      ""actorsInvolved"": [""angel""]
    }
  ],
  ""blocking"": {
    ""anchors"": [],
    ""paths"": []
  }
}
```"
62,segment_012,segment,DONE,C:\Users\sasch\visionexe\stories\template\filmsets\story_062\segment_012\segment.txt,"```json
{
  ""actors"": [],
  ""props"": [],
  ""environments"": [],
  ""scenes"": [],
  ""blocking"": {
    ""anchors"": [],
    ""paths"": []
  }
}
```
"
62,segment_013,segment,DONE,C:\Users\sasch\visionexe\stories\template\filmsets\story_062\segment_013\segment.txt,"```json
{
  ""actors"": [
    {
      ""name"": ""ወጻድቃን"",
      ""visualTraits"": null,
      ""changes"": null,
      ""role"": ""character""
    },
    {
      ""name"": ""ወኅሩያኑ"",
      ""visualTraits"": null,
      ""changes"": null,
      ""role"": ""character""
    },
    {
      ""name"": ""ይድንኑ"",
      ""visualTraits"": null,
      ""changes"": null,
      ""role"": ""character""
    },
    {
      ""name"": ""ይእቲ"",
      ""visualTraits"": null,
      ""changes"": null,
      ""role"": ""character""
    },
    {
      ""name"": ""ዕለት"",
      ""visualTraits"": null,
      ""changes"": null,
      ""role"": ""time""
    },
    {
      ""name"": ""ወገጾሙ"",
      ""visualTraits"": null,
      ""changes"": null,
      ""role"": ""unknown""
    },
    {
      ""name"": ""ለኃጥን"",
      ""visualTraits"": null,
      ""changes"": null,
      ""role"": ""unknown""
    },
    {
      ""name"": ""ወለዐማፂያን"",
      ""visualTraits"": null,
      ""changes"": null,
      ""role"": ""unknown""
    },
    {
      ""name"": ""ኢይሬእዩ"",
      ""visualTraits"": null,
      ""changes"": null,
      ""role"": ""unknown""
    },
    {
      ""name"": ""እምይእዜ"",
      ""visualTraits"": null,
      ""changes"": null,
      ""role"": ""unknown""
    }
  ],
  ""props"": [],
  ""environments"": [],
  ""scenes"": [],
  ""blocking"": {
    ""anchors"": [],
    ""paths"": []
  }
}
```"
62,segment_014,segment,DONE,C:\Users\sasch\visionexe\stories\template\filmsets\story_062\segment_014\segment.txt,"```json
{
  ""actors"": [],
  ""props"": [],
  ""environments"": [],
  ""scenes"": [],
  ""blocking"": {
    ""anchors"": [],
    ""paths"": []
  }
}
```"
62,segment_015,segment,DONE,C:\Users\sasch\visionexe\stories\template\filmsets\story_062\segment_015\segment.txt,"```json
{
  ""actors"": [
    {""name"":""ወተንሥኡ"",""visualTraits"":null,""changes"":null,""role"":""unknown""},
    {""name"":""ጻድቃን"",""visualTraits"":null,""changes"":null,""role"":""unknown""},
    {""name"":""ወኅሩያን"",""visualTraits"":null,""changes"":null,""role"":""unknown""},
    {""name"":""እምድር"",""visualTraits"":null,""changes"":null,""role"":""unknown""},
    {""name"":""ወኀደጉ"",""visualTraits"":null,""changes"":null,""role"":""unknown""},
    {""name"":""ትሕቶ"",""visualTraits"":null,""changes"":null,""role"":""unknown""},
    {""name"":""ገጽ"",""visualTraits"":null,""changes"":null,""role"":""unknown""},
    {""name"":""ወለብሱ"",""visualTraits"":null,""changes"":null,""role"":""unknown""},
    {""name"":""ልብሰ"",""visualTraits"":null,""changes"":null,""role"":""unknown""},
    {""name"":""ስብሐት"",""visualTraits"":null,""changes"":null,""role"":""unknown""}
  ],
  ""props"": [],
  ""environments"": [],
  ""scenes"": [
    {
      ""title"":""Chapter 62 Segment 15"",
      ""location"":null,
      ""action"":null,
      ""actorsInvolved"":[
        ""ወተንሥኡ"",
        ""ጻድቃን"",
        ""ወኅሩያን"",
        ""እምድር"",
        ""ወኀደጉ"",
        ""ትሕቶ"",
        ""ገጽ"",
        ""ወለብሱ"",
        ""ልብሰ"",
        ""ስብሐት""
      ]
    }
  ],
  ""blocking"": {
    ""anchors"": [],
    ""paths"": []
  }
}
```"
62,segment_016,segment,DONE,C:\Users\sasch\visionexe\stories\template\filmsets\story_062\segment_016\segment.txt,"```json
{
  ""actors"": [],
  ""props"": [],
  ""environments"": [],
  ""scenes"": [],
  ""blocking"": {
    ""anchors"": [],
    ""paths"": []
  }
}
```"
63,segment_001,segment,DONE,C:\Users\sasch\visionexe\stories\template\filmsets\story_063\segment_001\segment.txt,"```json
{
  ""actors"": [
    {
      ""name"": ""እማንቱ"",
      ""visualTraits"": null,
      ""changes"": null,
      ""role"": ""unknown""
    },
    {
      ""name"": ""ዐዚዛን"",
      ""visualTraits"": null,
      ""changes"": null,
      ""role"": ""unknown""
    },
    {
      ""name"": ""ወነገሥት"",
      ""visualTraits"": null,
      ""changes"": null,
      ""role"": ""unknown""
    },
    {
      ""name"": ""እመላእተ"",
      ""visualTraits"": null,
      ""changes"": null,
      ""role"": ""unknown""
    },
    {
      ""name"": ""ንስቲተ"",
      ""visualTraits"": null,
      ""changes"": null,
      ""role"": ""unknown""
    }
  ],
  ""props"": [],
  ""environments"": [],
  ""scenes"": [
    {
      ""title"": ""Chapter 63 Segment 1"",
      ""location"": null,
      ""action"": null,
      ""actorsInvolved"": [
        ""እማንቱ"",
        ""ዐዚዛን"",
        ""ወነገሥት"",
        ""እመላእተ"",
        ""ንስቲተ""
      ]
    }
  ],
  ""blocking"": {
    ""anchors"": [],
    ""paths"": []
  }
}
```"
63,segment_002,segment,DONE,C:\Users\sasch\visionexe\stories\template\filmsets\story_063\segment_002\segment.txt,"```json
{
  ""actors"": [
    {
      ""name"": ""እግዚ"",
      ""visualTraits"": null,
      ""changes"": null,
      ""role"": ""deity""
    }
  ],
  ""props"": [],
  ""environments"": [],
  ""scenes"": [
    {
      ""title"": ""Chapter 63 Segment 2"",
      ""location"": null,
      ""action"": ""chant"",
      ""actorsInvolved"": [""እግዚ""]
    }
  ],
  ""blocking"": {
    ""anchors"": [],
    ""paths"": []
  }
}
```"
63,segment_003,segment,DONE,C:\Users\sasch\visionexe\stories\template\filmsets\story_063\segment_003\segment.txt,"```json
{
  ""actors"": [],
  ""props"": [],
  ""environments"": [],
  ""scenes"": [],
  ""blocking"": {
    ""anchors"": [],
    ""paths"": []
  }
}
```"
63,segment_004,segment,DONE,C:\Users\sasch\visionexe\stories\template\filmsets\story_063\segment_004\segment.txt,"```json
{
  ""actors"": [
    {
      ""name"": ""እግዚሙ"",
      ""visualTraits"": null,
      ""changes"": null,
      ""role"": ""deity""
    },
    {
      ""name"": ""ነገሥት"",
      ""visualTraits"": null,
      ""changes"": null,
      ""role"": ""ruler""
    },
    {
      ""name"": ""ንሰብሕ"",
      ""visualTraits"": null,
      ""changes"": null,
      ""role"": ""people""
    }
  ],
  ""props"": [
    {
      ""name"": ""ወንባር"",
      ""visualTraits"": null,
      ""changes"": null,
      ""role"": ""altar""
    }
  ],
  ""environments"": [],
  ""scenes"": [
    {
      ""title"": ""Invocation"",
      ""location"": null,
      ""action"": ""Invocation of name"",
      ""actorsInvolved"": []
    },
    {
      ""title"": ""Offering to God"",
      ""location"": null,
      ""action"": ""People present altar to God"",
      ""actorsInvolved"": [""ንሰብሕ"", ""ወንባር"", ""እግዚሙ""]
    },
    {
      ""title"": ""Offering to King"",
      ""location"": null,
      ""action"": ""Offering to king"",
      ""actorsInvolved"": [""ንሰብሕ"", ""ነገሥት""]
    },
    {
      ""title"": ""King's Presence"",
      ""location"": null,
      ""action"": ""King present"",
      ""actorsInvolved"": [""ነገሥት""]
    }
  ],
  ""blocking"": {
    ""anchors"": [],
    ""paths"": []
  }
}
```"
63,segment_005,segment,DONE,C:\Users\sasch\visionexe\stories\template\filmsets\story_063\segment_005\segment.txt,"```json
{
  ""actors"": [
    {
      ""name"": ""ወይብሉ"",
      ""visualTraits"": [],
      ""changes"": [],
      ""role"": ""unknown""
    },
    {
      ""name"": ""መኑ"",
      ""visualTraits"": [],
      ""changes"": [],
      ""role"": ""unknown""
    },
    {
      ""name"": ""ወሀነ"",
      ""visualTraits"": [],
      ""changes"": [],
      ""role"": ""unknown""
    },
    {
      ""name"": ""ዕረፍተ"",
      ""visualTraits"": [],
      ""changes"": [],
      ""role"": ""unknown""
    },
    {
      ""name"": ""መ፡ንሰብሕ"",
      ""visualTraits"": [],
      ""changes"": [],
      ""role"": ""unknown""
    },
    {
      ""name"": ""ወናእት"",
      ""visualTraits"": [],
      ""changes"": [],
      ""role"": ""unknown""
    },
    {
      ""name"": ""ወንእመን"",
      ""visualTraits"": [],
      ""changes"": [],
      ""role"": ""unknown""
    },
    {
      ""name"": ""ቅድመ"",
      ""visualTraits"": [],
      ""changes"": [],
      ""role"": ""unknown""
    },
    {
      ""name"": ""ስብሐቲሁ"",
      ""visualTraits"": [],
      ""changes"": [],
      ""role"": ""unknown""
    }
  ],
  ""props"": [],
  ""environments"": [],
  ""scenes"": [],
  ""blocking"": {
    ""anchors"": [],
    ""paths"": []
  }
}
```"
63,segment_006,segment,DONE,C:\Users\sasch\visionexe\stories\template\filmsets\story_063\segment_006\segment.txt,"```json
{
  ""actors"": [],
  ""props"": [],
  ""environments"": [],
  ""scenes"": [
    {
      ""title"": ""Chapter 63 Segment 6"",
      ""location"": null,
      ""action"": null,
      ""actorsInvolved"": null
    }
  ],
  ""blocking"": {
    ""anchors"": [],
    ""paths"": []
  }
}
```"
63,segment_007,segment,DONE,C:\Users\sasch\visionexe\stories\template\filmsets\story_063\segment_007\segment.txt,"```json
{
  ""actors"": [
    {
      ""name"": ""Speaker"",
      ""visualTraits"": null,
      ""changes"": [],
      ""role"": ""speaker""
    },
    {
      ""name"": ""God"",
      ""visualTraits"": null,
      ""changes"": [],
      ""role"": ""deity""
    },
    {
      ""name"": ""King"",
      ""visualTraits"": null,
      ""changes"": [],
      ""role"": ""royal""
    }
  ],
  ""props"": [],
  ""environments"": [],
  ""scenes"": [
    {
      ""title"": ""Verse 1"",
      ""location"": null,
      ""action"": ""reciting prayer"",
      ""actorsInvolved"": [""Speaker""]
    },
    {
      ""title"": ""Verse 2"",
      ""location"": null,
      ""action"": ""reciting prayer"",
      ""actorsInvolved"": [""Speaker"", ""God""]
    },
    {
      ""title"": ""Verse 3"",
      ""location"": null,
      ""action"": ""reciting prayer"",
      ""actorsInvolved"": [""Speaker"", ""King"", ""God""]
    },
    {
      ""title"": ""Verse 4"",
      ""location"": null,
      ""action"": ""reciting prayer"",
      ""actorsInvolved"": [""Speaker"", ""King""]
    },
    {
      ""title"": ""Verse 5"",
      ""location"": null,
      ""action"": ""reciting prayer"",
      ""actorsInvolved"": [""Speaker"", ""King""]
    },
    {
      ""title"": ""Verse 6"",
      ""location"": null,
      ""action"": ""reciting prayer"",
      ""actorsInvolved"": [""Speaker""]
    }
  ],
  ""blocking"": {
    ""anchors"": [],
    ""paths"": []
  }
}
```"
63,segment_008,segment,DONE,C:\Users\sasch\visionexe\stories\template\filmsets\story_063\segment_008\segment.txt,"```json
{
  ""actors"": [],
  ""props"": [],
  ""environments"": [],
  ""scenes"": [
    {
      ""title"": ""Line 1"",
      ""location"": null,
      ""action"": null,
      ""actorsInvolved"": []
    },
    {
      ""title"": ""Line 2"",
      ""location"": null,
      ""action"": null,
      ""actorsInvolved"": []
    },
    {
      ""title"": ""Line 3"",
      ""location"": null,
      ""action"": null,
      ""actorsInvolved"": []
    },
    {
      ""title"": ""Line 4"",
      ""location"": null,
      ""action"": null,
      ""actorsInvolved"": []
    },
    {
      ""title"": ""Line 5"",
      ""location"": null,
      ""action"": null,
      ""actorsInvolved"": []
    },
    {
      ""title"": ""Line 6"",
      ""location"": null,
      ""action"": null,
      ""actorsInvolved"": []
    }
  ],
  ""blocking"": {
    ""anchors"": [],
    ""paths"": []
  }
}
```"
63,segment_009,segment,DONE,C:\Users\sasch\visionexe\stories\template\filmsets\story_063\segment_009\segment.txt,"```json
{
  ""actors"": [],
  ""props"": [],
  ""environments"": [],
  ""scenes"": [],
  ""blocking"": {
    ""anchors"": [],
    ""paths"": []
  }
}
```"
63,segment_010,segment,DONE,C:\Users\sasch\visionexe\stories\template\filmsets\story_063\segment_010\segment.txt,"{""actors"":[],""props"":[],""environments"":[],""scenes"":[],""blocking"":{""anchors"":[],""paths"":[]}}"
63,segment_011,segment,DONE,C:\Users\sasch\visionexe\stories\template\filmsets\story_063\segment_011\segment.txt,"{""actors"":[],""props"":[],""environments"":[],""scenes"":[],""blocking"":{""anchors"":[],""paths"":[]}}"
63,segment_012,segment,DONE,C:\Users\sasch\visionexe\stories\template\filmsets\story_063\segment_012\segment.txt,"```json
{
  ""actors"": [
    {
      ""name"": ""እግዚ"",
      ""visualTraits"": null,
      ""changes"": null,
      ""role"": ""deity""
    }
  ],
  ""props"": [],
  ""environments"": [],
  ""scenes"": [],
  ""blocking"": {
    ""anchors"": [],
    ""paths"": []
  }
}
```"
64,segment_001,segment,DONE,C:\Users\sasch\visionexe\stories\template\filmsets\story_064\segment_001\segment.txt,"{
  ""actors"": [],
  ""props"": [],
  ""environments"": [],
  ""scenes"": [],
  ""blocking"": {
    ""anchors"": [],
    ""paths"": []
  }
}"
64,segment_002,segment,DONE,C:\Users\sasch\visionexe\stories\template\filmsets\story_064\segment_002\segment.txt,"```json
{
  ""actors"": [
    {
      ""name"": ""ሰማዕኩ"",
      ""visualTraits"": null,
      ""changes"": null,
      ""role"": ""speaker""
    },
    {
      ""name"": ""መላእት"",
      ""visualTraits"": null,
      ""changes"": null,
      ""role"": ""messenger""
    },
    {
      ""name"": ""ምድር"",
      ""visualTraits"": null,
      ""changes"": null,
      ""role"": ""receiver""
    },
    {
      ""name"": ""ሰብእ"",
      ""visualTraits"": null,
      ""changes"": null,
      ""role"": ""receiver""
    }
  ],
  ""props"": [],
  ""environments"": [
    {
      ""name"": ""ሰማዕኩ"",
      ""visualTraits"": null,
      ""changes"": null,
      ""role"": ""environment""
    },
    {
      ""name"": ""ምድር"",
      ""visualTraits"": null,
      ""changes"": null,
      ""role"": ""environment""
    }
  ],
  ""scenes"": [
    {
      ""title"": ""Heavenly Message"",
      ""location"": ""Heaven and Earth"",
      ""action"": ""Heaven speaks; an angel descends; earth and people receive the message."",
      ""actorsInvolved"": [""ሰማዕኩ"", ""መላእት"", ""ምድር"", ""ሰብእ""]
    }
  ],
  ""blocking"": {
    ""anchors"": [
      {
        ""id"": ""anchor_heaven"",
        ""description"": ""heaven""
      },
      {
        ""id"": ""anchor_earth"",
        ""description"": ""earth""
      }
    ],
    ""paths"": [
      {
        ""actor"": ""መላእት"",
        ""start_anchor"": ""anchor_heaven"",
        ""end_anchor"": ""anchor_earth"",
        ""motion"": ""unknown"",
        ""duration_sec"": null,
        ""notes"": ""angel descends from heaven to earth""
      }
    ]
  }
}
```"
65,segment_001,segment,DONE,C:\Users\sasch\visionexe\stories\template\filmsets\story_065\segment_001\segment.txt,"```json
{
  ""actors"": [],
  ""props"": [],
  ""environments"": [],
  ""scenes"": [
    {
      ""title"": ""እማንቱ፡መዋዕል፡ርእየ፡ኖኅ፡"",
      ""location"": null,
      ""action"": null,
      ""actorsInvolved"": []
    },
    {
      ""title"": ""ምድረ፡መ፡ጽነነት፡ወመ፡"",
      ""location"": null,
      ""action"": null,
      ""actorsInvolved"": []
    },
    {
      ""title"": ""ቅሩብ፡ሐጕላ፡"",
      ""location"": null,
      ""action"": null,
      ""actorsInvolved"": []
    }
  ],
  ""blocking"": {
    ""anchors"": [],
    ""paths"": []
  }
}
```"
65,segment_002,segment,DONE,C:\Users\sasch\visionexe\stories\template\filmsets\story_065\segment_002\segment.txt,"```json
{
  ""actors"": [],
  ""props"": [],
  ""environments"": [],
  ""scenes"": [],
  ""blocking"": {
    ""anchors"": [],
    ""paths"": []
  }
}
```"
65,segment_003,segment,DONE,C:\Users\sasch\visionexe\stories\template\filmsets\story_065\segment_003\segment.txt,"```json
{
  ""actors"": [
    {
      ""name"": ""ወእቤሎ"",
      ""visualTraits"": null,
      ""changes"": [],
      ""role"": ""character""
    },
    {
      ""name"": ""ዮጊ"",
      ""visualTraits"": null,
      ""changes"": [],
      ""role"": ""character""
    }
  ],
  ""props"": [
    {
      ""name"": ""ዘይትገር"",
      ""visualTraits"": null,
      ""changes"": [],
      ""role"": ""object""
    },
    {
      ""name"": ""ምስሌሃ"",
      ""visualTraits"": null,
      ""changes"": [],
      ""role"": ""object""
    },
    {
      ""name"": ""ወንቀልቀለት"",
      ""visualTraits"": null,
      ""changes"": [],
      ""role"": ""object""
    }
  ],
  ""environments"": [
    {
      ""name"": ""ምድር"",
      ""visualTraits"": null,
      ""changes"": [],
      ""role"": ""setting""
    },
    {
      ""name"": ""ወደሕድ"",
      ""visualTraits"": null,
      ""changes"": [],
      ""role"": ""setting""
    }
  ],
  ""scenes"": [
    {
      ""title"": ""Line 1"",
      ""location"": null,
      ""action"": ""unknown"",
      ""actorsInvolved"": [""ወእቤሎ""]
    },
    {
      ""title"": ""Line 2"",
      ""location"": ""ምድር"",
      ""action"": ""unknown"",
      ""actorsInvolved"": []
    },
    {
      ""title"": ""Line 3"",
      ""location"": ""ምድር"",
      ""action"": ""unknown"",
      ""actorsInvolved"": []
    },
    {
      ""title"": ""Line 4"",
      ""location"": null,
      ""action"": ""unknown"",
      ""actorsInvolved"": [""ዮጊ""]
    },
    {
      ""title"": ""Line 5"",
      ""location"": ""ወደሕድ"",
      ""action"": ""unknown"",
      ""actorsInvolved"": []
    }
  ],
  ""blocking"": {
    ""anchors"": [],
    ""paths"": []
  }
}
```"
65,segment_004,segment,DONE,C:\Users\sasch\visionexe\stories\template\filmsets\story_065\segment_004\segment.txt,"{
  ""actors"": [],
  ""props"": [],
  ""environments"": [],
  ""scenes"": [
    {
      ""title"": ""Chapter 65 Segment 4"",
      ""location"": null,
      ""action"": null,
      ""actorsInvolved"": null
    }
  ],
  ""blocking"": {
    ""anchors"": [],
    ""paths"": []
  }
}"
65,segment_005,segment,DONE,C:\Users\sasch\visionexe\stories\template\filmsets\story_065\segment_005\segment.txt,"```json
{
  ""actors"": [
    {""name"": ""ወመጽ"", ""visualTraits"": null, ""changes"": null, ""role"": null},
    {""name"": ""ሄኖ"", ""visualTraits"": null, ""changes"": null, ""role"": null},
    {""name"": ""እምሔውየ"", ""visualTraits"": null, ""changes"": null, ""role"": null},
    {""name"": ""ወቆመ"", ""visualTraits"": null, ""changes"": null, ""role"": null},
    {""name"": ""ኀቤየ"", ""visualTraits"": null, ""changes"": null, ""role"": null},
    {""name"": ""ወይቤለኒ"", ""visualTraits"": null, ""changes"": null, ""role"": null},
    {""name"": ""ምንት"", ""visualTraits"": null, ""changes"": null, ""role"": null},
    {""name"": ""ጸራኅ"", ""visualTraits"": null, ""changes"": null, ""role"": null},
    {""name"": ""ጽራኀ"", ""visualTraits"": null, ""changes"": null, ""role"": null},
    {""name"": ""መሪረ"", ""visualTraits"": null, ""changes"": null, ""role"": null},
    {""name"": ""ወብየ"", ""visualTraits"": null, ""changes"": null, ""role"": null}
  ],
  ""props"": [],
  ""environments"": [],
  ""scenes"": [],
  ""blocking"": {
    ""anchors"": [],
    ""paths"": []
  }
}
```"
65,segment_006,segment,DONE,C:\Users\sasch\visionexe\stories\template\filmsets\story_065\segment_006\segment.txt,"```json
{
  ""actors"": [
    {
      ""name"": ""እግዚእ"",
      ""visualTraits"": null,
      ""changes"": null,
      ""role"": ""deity""
    },
    {
      ""name"": ""መላእት"",
      ""visualTraits"": null,
      ""changes"": null,
      ""role"": ""angel""
    },
    {
      ""name"": ""ሰይጣን"",
      ""visualTraits"": null,
      ""changes"": null,
      ""role"": ""demon""
    },
    {
      ""name"": ""People"",
      ""visualTraits"": null,
      ""changes"": null,
      ""role"": ""human""
    }
  ],
  ""props"": [
    {
      ""name"": ""ወትእዛዝ"",
      ""visualTraits"": null,
      ""changes"": null,
      ""role"": ""command""
    },
    {
      ""name"": ""ኀይሎሙ"",
      ""visualTraits"": null,
      ""changes"": null,
      ""role"": ""power""
    },
    {
      ""name"": ""ሥራያተ"",
      ""visualTraits"": null,
      ""changes"": null,
      ""role"": ""work""
    }
  ],
  ""environments"": [
    {
      ""name"": ""ምድር"",
      ""visualTraits"": null,
      ""changes"": null,
      ""role"": ""earth""
    }
  ],
  ""scenes"": [
    {
      ""title"": ""Scene 1: Command"",
      ""location"": null,
      ""action"": ""A command is issued"",
      ""actorsInvolved"": []
    },
    {
      ""title"": ""Scene 2: God's Speech"",
      ""location"": null,
      ""action"": ""God speaks"",
      ""actorsInvolved"": [""እግዚእ""]
    },
    {
      ""title"": ""Scene 3: Dead and ???"",
      ""location"": null,
      ""action"": ""Mention of the dead and another entity"",
      ""actorsInvolved"": []
    },
    {
      ""title"": ""Scene 4: Becoming Kingdom"",
      ""location"": null,
      ""action"": ""Reference to becoming a kingdom"",
      ""actorsInvolved"": []
    },
    {
      ""title"": ""Scene 5: Unknown"",
      ""location"": null,
      ""action"": ""Unspecified action"",
      ""actorsInvolved"": []
    },
    {
      ""title"": ""Scene 6: Angel"",
      ""location"": null,
      ""action"": ""Angel receives or responds to the command"",
      ""actorsInvolved"": [""መላእት""]
    },
    {
      ""title"": ""Scene 7: Satan"",
      ""location"": null,
      ""action"": ""Satan receives or responds to the command"",
      ""actorsInvolved"": [""ሰይጣን""]
    },
    {
      ""title"": ""Scene 8: Unknown"",
      ""location"": null,
      ""action"": ""Unspecified action"",
      ""actorsInvolved"": []
    },
    {
      ""title"": ""Scene 9: Power Brings"",
      ""location"": null,
      ""action"": ""Power brings something unspecified"",
      ""actorsInvolved"": []
    },
    {
      ""title"": ""Scene 10: Work to People"",
      ""location"": null,
      ""action"": ""Work is directed to the people"",
      ""actorsInvolved"": [""People""]
    },
    {
      ""title"": ""Scene 11: Power Gathers"",
      ""location"": null,
      ""action"": ""Power gathers something unspecified"",
      ""actorsInvolved"": []
    },
    {
      ""title"": ""Scene 12: Gather on Earth"",
      ""location"": ""ምድር"",
      ""action"": ""Gathering occurs on earth"",
      ""actorsInvolved"": [""People""]
    }
  ],
  ""blocking"": {
    ""anchors"": [],
    ""paths"": []
  }
}
```"
65,segment_007,segment,DONE,C:\Users\sasch\visionexe\stories\template\filmsets\story_065\segment_007\segment.txt,"```json
{
  ""actors"": [],
  ""props"": [],
  ""environments"": [
    {
      ""name"": ""earth"",
      ""visualTraits"": null,
      ""changes"": null,
      ""role"": ""setting""
    }
  ],
  ""scenes"": [
    {
      ""title"": ""Line 1"",
      ""location"": null,
      ""action"": ""ወእፎ፡ይትወለድ፡ብሩር፡"",
      ""actorsInvolved"": []
    },
    {
      ""title"": ""Line 2"",
      ""location"": ""earth"",
      ""action"": ""እምጸለ፡ምድር፡ወእፎ፡"",
      ""actorsInvolved"": []
    },
    {
      ""title"": ""Line 3"",
      ""location"": ""earth"",
      ""action"": ""ይውን፡ነጠብጣብ፡ዲ፡ምድር፡"",
      ""actorsInvolved"": []
    }
  ],
  ""blocking"": {
    ""anchors"": [
      {
        ""id"": ""earth"",
        ""description"": ""the earth surface""
      }
    ],
    ""paths"": []
  }
}
```"
65,segment_008,segment,DONE,C:\Users\sasch\visionexe\stories\template\filmsets\story_065\segment_008\segment.txt,"```json
{
  ""actors"": [
    {
      ""name"": ""ውእቱ"",
      ""visualTraits"": null,
      ""changes"": null,
      ""role"": null
    }
  ],
  ""props"": [],
  ""environments"": [],
  ""scenes"": [
    {
      ""title"": ""Chapter 65 Segment 8"",
      ""location"": null,
      ""action"": null,
      ""actorsInvolved"": [""ውእቱ""]
    }
  ],
  ""blocking"": {
    ""anchors"": [],
    ""paths"": []
  }
}
```"
65,segment_009,segment,DONE,C:\Users\sasch\visionexe\stories\template\filmsets\story_065\segment_009\segment.txt,"```json
{
  ""actors"": [
    {
      ""name"": ""እግዚ"",
      ""visualTraits"": null,
      ""changes"": null,
      ""role"": ""deity""
    }
  ],
  ""props"": [],
  ""environments"": [
    {
      ""name"": ""ምድር"",
      ""visualTraits"": null,
      ""changes"": null,
      ""role"": ""natural element""
    },
    {
      ""name"": ""ሑር"",
      ""visualTraits"": null,
      ""changes"": null,
      ""role"": ""natural element""
    },
    {
      ""name"": ""ወንሥኒ"",
      ""visualTraits"": null,
      ""changes"": null,
      ""role"": ""natural element""
    },
    {
      ""name"": ""ወእምድኅረዝ"",
      ""visualTraits"": null,
      ""changes"": null,
      ""role"": ""natural element""
    },
    {
      ""name"": ""ኀዘኒ"",
      ""visualTraits"": null,
      ""changes"": null,
      ""role"": ""natural element""
    }
  ],
  ""scenes"": [
    {
      ""title"": ""Chapter 65 Segment 9"",
      ""location"": ""unknown"",
      ""action"": ""unknown"",
      ""actorsInvolved"": [""እግዚ""]
    }
  ],
  ""blocking"": {
    ""anchors"": [],
    ""paths"": []
  }
}
```"
65,segment_010,segment,DONE,C:\Users\sasch\visionexe\stories\template\filmsets\story_065\segment_010\segment.txt,"```json
{
  ""actors"": [
    {
      ""name"": ""ወይቤለኒ"",
      ""visualTraits"": ""unknown"",
      ""changes"": null,
      ""role"": ""unknown""
    },
    {
      ""name"": ""ዐመፃሆሙ"",
      ""visualTraits"": ""unknown"",
      ""changes"": null,
      ""role"": ""unknown""
    },
    {
      ""name"": ""ወኢይትኌለ"",
      ""visualTraits"": ""unknown"",
      ""changes"": null,
      ""role"": ""unknown""
    },
    {
      ""name"": ""የኀድሩ"",
      ""visualTraits"": ""unknown"",
      ""changes"": null,
      ""role"": ""unknown""
    }
  ],
  ""props"": [],
  ""environments"": [
    {
      ""name"": ""መ፡ምድር"",
      ""visualTraits"": ""unknown"",
      ""changes"": null,
      ""role"": ""unknown""
    }
  ],
  ""scenes"": [
    {
      ""title"": ""Beat 1"",
      ""location"": ""unknown"",
      ""action"": ""unknown"",
      ""actorsInvolved"": []
    },
    {
      ""title"": ""Beat 2"",
      ""location"": ""unknown"",
      ""action"": ""unknown"",
      ""actorsInvolved"": []
    },
    {
      ""title"": ""Beat 3"",
      ""location"": ""unknown"",
      ""action"": ""unknown"",
      ""actorsInvolved"": []
    },
    {
      ""title"": ""Beat 4"",
      ""location"": ""unknown"",
      ""action"": ""unknown"",
      ""actorsInvolved"": []
    },
    {
      ""title"": ""Beat 5"",
      ""location"": ""unknown"",
      ""action"": ""unknown"",
      ""actorsInvolved"": []
    },
    {
      ""title"": ""Beat 6"",
      ""location"": ""unknown"",
      ""action"": ""unknown"",
      ""actorsInvolved"": []
    }
  ],
  ""blocking"": {
    ""anchors"": [],
    ""paths"": []
  }
}
```"
65,segment_011,segment,DONE,C:\Users\sasch\visionexe\stories\template\filmsets\story_065\segment_011\segment.txt,"```json
{
  ""actors"": [
    {
      ""name"": ""እግዚ"",
      ""visualTraits"": null,
      ""changes"": null,
      ""role"": ""deity""
    }
  ],
  ""props"": [],
  ""environments"": [
    {
      ""name"": ""ዓለም"",
      ""visualTraits"": null,
      ""changes"": null,
      ""role"": ""environment""
    }
  ],
  ""scenes"": [
    {
      ""title"": ""Verse 1"",
      ""location"": null,
      ""action"": null,
      ""actorsInvolved"": []
    },
    {
      ""title"": ""Verse 2"",
      ""location"": null,
      ""action"": null,
      ""actorsInvolved"": []
    },
    {
      ""title"": ""Verse 3"",
      ""location"": null,
      ""action"": null,
      ""actorsInvolved"": []
    },
    {
      ""title"": ""Verse 4"",
      ""location"": null,
      ""action"": null,
      ""actorsInvolved"": []
    },
    {
      ""title"": ""Verse 5"",
      ""location"": null,
      ""action"": null,
      ""actorsInvolved"": [""እግዚ""]
    },
    {
      ""title"": ""Verse 6"",
      ""location"": null,
      ""action"": null,
      ""actorsInvolved"": []
    }
  ],
  ""blocking"": {
    ""anchors"": [],
    ""paths"": []
  }
}
```"
65,segment_012,segment,DONE,C:\Users\sasch\visionexe\stories\template\filmsets\story_065\segment_012\segment.txt,"```json
{
  ""actors"": [],
  ""props"": [],
  ""environments"": [],
  ""scenes"": [],
  ""blocking"": {
    ""anchors"": [],
    ""paths"": []
  }
}
```"
66,segment_001,segment,DONE,C:\Users\sasch\visionexe\stories\template\filmsets\story_066\segment_001\segment.txt,"```json
{
  ""actors"": [
    {
      ""name"": ""መላእተ"",
      ""visualTraits"": null,
      ""changes"": [],
      ""role"": ""actor""
    },
    {
      ""name"": ""ርየኒ"",
      ""visualTraits"": null,
      ""changes"": [],
      ""role"": ""actor""
    },
    {
      ""name"": ""ድልዋን"",
      ""visualTraits"": null,
      ""changes"": [],
      ""role"": ""actor""
    }
  ],
  ""props"": [],
  ""environments"": [
    {
      ""name"": ""ምድር"",
      ""visualTraits"": null,
      ""changes"": [],
      ""role"": ""environment""
    },
    {
      ""name"": ""ማይ"",
      ""visualTraits"": null,
      ""changes"": [],
      ""role"": ""environment""
    }
  ],
  ""scenes"": [
    {
      ""title"": ""Chapter 66 Segment 1"",
      ""location"": null,
      ""action"": null,
      ""actorsInvolved"": [""መላእተ"", ""ርየኒ"", ""ድልዋን""]
    }
  ],
  ""blocking"": {
    ""anchors"": [],
    ""paths"": []
  }
}
```"
66,segment_002,segment,DONE,C:\Users\sasch\visionexe\stories\template\filmsets\story_066\segment_002\segment.txt,"```json
{
  ""actors"": [
    {
      ""name"": ""እግዚ"",
      ""visualTraits"": null,
      ""changes"": null,
      ""role"": ""deity""
    },
    {
      ""name"": ""መላእተ"",
      ""visualTraits"": null,
      ""changes"": null,
      ""role"": ""angel""
    }
  ],
  ""props"": [],
  ""environments"": [],
  ""scenes"": [
    {
      ""title"": ""Verse 1"",
      ""location"": null,
      ""action"": null,
      ""actorsInvolved"": [""እግዚ""]
    },
    {
      ""title"": ""Verse 2"",
      ""location"": null,
      ""action"": null,
      ""actorsInvolved"": [""መላእተ""]
    },
    {
      ""title"": ""Verse 3"",
      ""location"": null,
      ""action"": null,
      ""actorsInvolved"": []
    },
    {
      ""title"": ""Verse 4"",
      ""location"": null,
      ""action"": null,
      ""actorsInvolved"": []
    },
    {
      ""title"": ""Verse 5"",
      ""location"": null,
      ""action"": null,
      ""actorsInvolved"": []
    }
  ],
  ""blocking"": {
    ""anchors"": [],
    ""paths"": []
  }
}
```"
67,segment_001,segment,DONE,C:\Users\sasch\visionexe\stories\template\filmsets\story_067\segment_001\segment.txt,"```json
{
  ""actors"": [
    {
      ""name"": ""እግዚብሔር"",
      ""visualTraits"": null,
      ""changes"": null,
      ""role"": ""deity""
    },
    {
      ""name"": ""ሄኖ"",
      ""visualTraits"": null,
      ""changes"": null,
      ""role"": ""unknown""
    }
  ],
  ""props"": [],
  ""environments"": [],
  ""scenes"": [],
  ""blocking"": {
    ""anchors"": [],
    ""paths"": []
  }
}
```"
67,segment_002,segment,DONE,C:\Users\sasch\visionexe\stories\template\filmsets\story_067\segment_002\segment.txt,"```json
{
  ""actors"": [],
  ""props"": [],
  ""environments"": [],
  ""scenes"": [],
  ""blocking"": {
    ""anchors"": [],
    ""paths"": []
  }
}
```"
67,segment_003,segment,DONE,C:\Users\sasch\visionexe\stories\template\filmsets\story_067\segment_003\segment.txt,"```json
{
  ""actors"": [],
  ""props"": [],
  ""environments"": [],
  ""scenes"": [
    {
      ""title"": ""Chapter 67 Segment 3"",
      ""location"": null,
      ""action"": null,
      ""actorsInvolved"": []
    }
  ],
  ""blocking"": {
    ""anchors"": [],
    ""paths"": []
  }
}
```"
67,segment_004,segment,DONE,C:\Users\sasch\visionexe\stories\template\filmsets\story_067\segment_004\segment.txt,"```json
{
  ""actors"": [],
  ""props"": [],
  ""environments"": [],
  ""scenes"": [],
  ""blocking"": {
    ""anchors"": [],
    ""paths"": []
  }
}
```"
67,segment_005,segment,DONE,C:\Users\sasch\visionexe\stories\template\filmsets\story_067\segment_005\segment.txt,"```json
{
  ""actors"": [],
  ""props"": [],
  ""environments"": [],
  ""scenes"": [],
  ""blocking"": {
    ""anchors"": [],
    ""paths"": []
  }
}
```"
67,segment_006,segment,DONE,C:\Users\sasch\visionexe\stories\template\filmsets\story_067\segment_006\segment.txt,"```json
{
  ""actors"": [
    {
      ""name"": ""angel"",
      ""visualTraits"": null,
      ""changes"": null,
      ""role"": ""angelic being""
    }
  ],
  ""props"": [],
  ""environments"": [
    {
      ""name"": ""fire"",
      ""visualTraits"": null,
      ""changes"": null,
      ""role"": ""environment""
    },
    {
      ""name"": ""earth"",
      ""visualTraits"": null,
      ""changes"": null,
      ""role"": ""environment""
    }
  ],
  ""scenes"": [
    {
      ""title"": ""Verse 1"",
      ""location"": null,
      ""action"": null,
      ""actorsInvolved"": []
    },
    {
      ""title"": ""Verse 2"",
      ""location"": null,
      ""action"": null,
      ""actorsInvolved"": []
    },
    {
      ""title"": ""Verse 3"",
      ""location"": null,
      ""action"": null,
      ""actorsInvolved"": []
    },
    {
      ""title"": ""Verse 4"",
      ""location"": null,
      ""action"": null,
      ""actorsInvolved"": []
    },
    {
      ""title"": ""Verse 5"",
      ""location"": null,
      ""action"": null,
      ""actorsInvolved"": []
    },
    {
      ""title"": ""Verse 6"",
      ""location"": null,
      ""action"": null,
      ""actorsInvolved"": []
    },
    {
      ""title"": ""Verse 7"",
      ""location"": null,
      ""action"": null,
      ""actorsInvolved"": []
    },
    {
      ""title"": ""Verse 8"",
      ""location"": null,
      ""action"": null,
      ""actorsInvolved"": []
    }
  ],
  ""blocking"": {
    ""anchors"": [],
    ""paths"": []
  }
}
```"
67,segment_007,segment,DONE,C:\Users\sasch\visionexe\stories\template\filmsets\story_067\segment_007\segment.txt,"```json
{
  ""actors"": [],
  ""props"": [
    {
      ""name"": ""fire"",
      ""visualTraits"": null,
      ""changes"": null,
      ""role"": ""prop""
    }
  ],
  ""environments"": [],
  ""scenes"": [],
  ""blocking"": {
    ""anchors"": [],
    ""paths"": []
  }
}
```"
67,segment_008,segment,DONE,C:\Users\sasch\visionexe\stories\template\filmsets\story_067\segment_008\segment.txt,"```json
{
  ""actors"": [],
  ""props"": [],
  ""environments"": [],
  ""scenes"": [],
  ""blocking"": {
    ""anchors"": [],
    ""paths"": []
  }
}
```"
67,segment_009,segment,DONE,C:\Users\sasch\visionexe\stories\template\filmsets\story_067\segment_009\segment.txt,"```json
{
  ""actors"": [
    {""name"":""ወመ፡ብዙኃ"",""visualTraits"":""unknown"",""changes"":""none"",""role"":""speaker""},
    {""name"":""ውዕየ፡ሥጋሆሙ"",""visualTraits"":""unknown"",""changes"":""none"",""role"":""speaker""},
    {""name"":""መዝ፡ቦሙ"",""visualTraits"":""unknown"",""changes"":""none"",""role"":""speaker""},
    {""name"":""ተውላጠ"",""visualTraits"":""unknown"",""changes"":""none"",""role"":""speaker""},
    {""name"":""ለመንፈስ"",""visualTraits"":""unknown"",""changes"":""none"",""role"":""speaker""},
    {""name"":""ለዓለመ"",""visualTraits"":""unknown"",""changes"":""none"",""role"":""speaker""},
    {""name"":""ዓለም"",""visualTraits"":""unknown"",""changes"":""none"",""role"":""setting""},
    {""name"":""እስመ"",""visualTraits"":""unknown"",""changes"":""none"",""role"":""speaker""},
    {""name"":""ልቦ"",""visualTraits"":""unknown"",""changes"":""none"",""role"":""speaker""},
    {""name"":""ቅድመ"",""visualTraits"":""unknown"",""changes"":""none"",""role"":""speaker""},
    {""name"":""እግዚ"",""visualTraits"":""unknown"",""changes"":""none"",""role"":""speaker""},
    {""name"":""መናፍስት"",""visualTraits"":""unknown"",""changes"":""none"",""role"":""speaker""},
    {""name"":""ዘይትናገር"",""visualTraits"":""unknown"",""changes"":""none"",""role"":""speaker""},
    {""name"":""ነገረ"",""visualTraits"":""unknown"",""changes"":""none"",""role"":""speaker""}
  ],
  ""props"": [],
  ""environments"": [
    {""name"":""ዓለም"",""visualTraits"":""unknown"",""changes"":""none"",""role"":""setting""}
  ],
  ""scenes"": [
    {
      ""title"":""Line 1"",
      ""location"":""ዓለም"",
      ""action"":""speaking of Wemebzuha Wuye Sighahomu"",
      ""actorsInvolved"":[""ወመ፡ብዙኃ"",""ውዕየ፡ሥጋሆሙ""]
    },
    {
      ""title"":""Line 2"",
      ""location"":""ዓለም"",
      ""action"":""speaking of Mizbomu tewlata"",
      ""actorsInvolved"":[""መዝ፡ቦሙ"",""ተውላጠ""]
    },
    {
      ""title"":""Line 3"",
      ""location"":""ዓለም"",
      ""action"":""speaking of spirit and world"",
      ""actorsInvolved"":[""ለመንፈስ"",""ለዓለመ""]
    },
    {
      ""title"":""Line 4"",
      ""location"":""ዓለም"",
      ""action"":""speaking of world, name of heart, before"",
      ""actorsInvolved"":[""ዓለም"",""እስመ"",""ልቦ"",""ቅድመ""]
    },
    {
      ""title"":""Line 5"",
      ""location"":""ዓለም"",
      ""action"":""speaking of God, spirit, word of world"",
      ""actorsInvolved"":[""እግዚ"",""መናፍስት"",""ዘይትናገር""]
    },
    {
      ""title"":""Line 6"",
      ""location"":""ዓለም"",
      ""action"":""speaking of something"",
      ""actorsInvolved"":[""ነገረ""]
    }
  ],
  ""blocking"": {
    ""anchors"": [
      {""id"":""world"",""description"":""world""}
    ],
    ""paths"": []
  }
}
```"
67,segment_010,segment,DONE,C:\Users\sasch\visionexe\stories\template\filmsets\story_067\segment_010\segment.txt,"```json
{
  ""actors"": [
    {
      ""name"": ""ዲቤሆሙ"",
      ""visualTraits"": [],
      ""changes"": [],
      ""role"": ""entity""
    },
    {
      ""name"": ""ሥጋሆሙ"",
      ""visualTraits"": [],
      ""changes"": [],
      ""role"": ""entity""
    },
    {
      ""name"": ""እግዚእ"",
      ""visualTraits"": [],
      ""changes"": [],
      ""role"": ""entity""
    }
  ],
  ""props"": [],
  ""environments"": [],
  ""scenes"": [
    {
      ""title"": ""Chapter 67 Segment 10"",
      ""location"": ""unknown"",
      ""action"": ""Invocation/chant"",
      ""actorsInvolved"": [
        ""ዲቤሆሙ"",
        ""ሥጋሆሙ"",
        ""እግዚእ""
      ]
    }
  ],
  ""blocking"": {
    ""anchors"": [],
    ""paths"": []
  }
}
```"
67,segment_011,segment,DONE,C:\Users\sasch\visionexe\stories\template\filmsets\story_067\segment_011\segment.txt,"{""actors"":[],""props"":[],""environments"":[],""scenes"":[],""blocking"":{""anchors"":[],""paths"":[]}}"
67,segment_012,segment,DONE,C:\Users\sasch\visionexe\stories\template\filmsets\story_067\segment_012\segment.txt,"```json
{
  ""actors"": [
    {
      ""name"": ""Michael"",
      ""visualTraits"": null,
      ""changes"": null,
      ""role"": ""recipient""
    },
    {
      ""name"": ""Messenger (angel)"",
      ""visualTraits"": null,
      ""changes"": null,
      ""role"": ""messenger""
    }
  ],
  ""props"": [],
  ""environments"": [],
  ""scenes"": [
    {
      ""title"": ""Message Delivery"",
      ""location"": null,
      ""action"": ""Messenger delivers a message to Michael"",
      ""actorsInvolved"": [""Michael"", ""Messenger (angel)""]
    }
  ],
  ""blocking"": {
    ""anchors"": [],
    ""paths"": []
  }
}
```"
67,segment_013,segment,DONE,C:\Users\sasch\visionexe\stories\template\filmsets\story_067\segment_013\segment.txt,"```json
{
  ""actors"": [
    {
      ""name"": ""እስመ"",
      ""visualTraits"": null,
      ""changes"": null,
      ""role"": ""unknown""
    },
    {
      ""name"": ""ሥጋሆሙ"",
      ""visualTraits"": null,
      ""changes"": null,
      ""role"": ""unknown""
    },
    {
      ""name"": ""እሙንቱ"",
      ""visualTraits"": null,
      ""changes"": null,
      ""role"": ""unknown""
    },
    {
      ""name"": ""ወይውኑ"",
      ""visualTraits"": null,
      ""changes"": null,
      ""role"": ""unknown""
    },
    {
      ""name"": ""ዘይነድድ"",
      ""visualTraits"": null,
      ""changes"": null,
      ""role"": ""unknown""
    }
  ],
  ""props"": [],
  ""environments"": [],
  ""scenes"": [
    {
      ""title"": ""Chapter 67 Segment 13"",
      ""location"": null,
      ""action"": ""chanting"",
      ""actorsInvolved"": [
        ""እስመ"",
        ""ሥጋሆሙ"",
        ""እሙንቱ"",
        ""ወይውኑ"",
        ""ዘይነድድ""
      ]
    }
  ],
  ""blocking"": {
    ""anchors"": [],
    ""paths"": []
  }
}
```"
68,segment_001,segment,DONE,C:\Users\sasch\visionexe\stories\template\filmsets\story_068\segment_001\segment.txt,"```json
{
  ""actors"": [],
  ""props"": [],
  ""environments"": [],
  ""scenes"": [],
  ""blocking"": {
    ""anchors"": [],
    ""paths"": []
  }
}
```"
68,segment_002,segment,DONE,C:\Users\sasch\visionexe\stories\template\filmsets\story_068\segment_002\segment.txt,"```json
{
  ""actors"": [
    {
      ""name"": ""Michael"",
      ""visualTraits"": null,
      ""changes"": null,
      ""role"": ""angel""
    },
    {
      ""name"": ""Raphael"",
      ""visualTraits"": null,
      ""changes"": null,
      ""role"": ""angel""
    },
    {
      ""name"": ""Angel"",
      ""visualTraits"": null,
      ""changes"": null,
      ""role"": ""angel""
    }
  ],
  ""props"": [],
  ""environments"": [],
  ""scenes"": [
    {
      ""title"": ""Prayer/chant"",
      ""location"": null,
      ""action"": ""chanting a prayer addressed to Michael and Raphael"",
      ""actorsInvolved"": [""Michael"", ""Raphael"", ""Angel""]
    }
  ],
  ""blocking"": {
    ""anchors"": [],
    ""paths"": []
  }
}
```"
68,segment_003,segment,DONE,C:\Users\sasch\visionexe\stories\template\filmsets\story_068\segment_003\segment.txt,"```json
{
  ""actors"": [
    {""name"": ""ወውሥ"", ""visualTraits"": null, ""changes"": null, ""role"": null},
    {""name"": ""ዕ ሚኤል"", ""visualTraits"": null, ""changes"": null, ""role"": null},
    {""name"": ""ለሩፋኤል"", ""visualTraits"": null, ""changes"": null, ""role"": null},
    {""name"": ""መኑ"", ""visualTraits"": null, ""changes"": null, ""role"": null},
    {""name"": ""ውእቱ"", ""visualTraits"": null, ""changes"": null, ""role"": null},
    {""name"": ""ዘኢይረስሕ"", ""visualTraits"": null, ""changes"": null, ""role"": null},
    {""name"": ""ልቦ"", ""visualTraits"": null, ""changes"": null, ""role"": null},
    {""name"": ""ዲቤሃ"", ""visualTraits"": null, ""changes"": null, ""role"": null},
    {""name"": ""ወኢይትሀወ"", ""visualTraits"": null, ""changes"": null, ""role"": null},
    {""name"": ""ልያቲሁ"", ""visualTraits"": null, ""changes"": null, ""role"": null},
    {""name"": ""እምዛቲ"", ""visualTraits"": null, ""changes"": null, ""role"": null},
    {""name"": ""ቃል"", ""visualTraits"": null, ""changes"": null, ""role"": null},
    {""name"": ""ነ፡ወጽት"", ""visualTraits"": null, ""changes"": null, ""role"": null},
    {""name"": ""ዲቤሆሙ"", ""visualTraits"": null, ""changes"": null, ""role"": null},
    {""name"": ""እምሆሙ"", ""visualTraits"": null, ""changes"": null, ""role"": null},
    {""name"": ""ዘውፅእዎሙ"", ""visualTraits"": null, ""changes"": null, ""role"": null},
    {""name"": ""መዝ፨"", ""visualTraits"": null, ""changes"": null, ""role"": null}
  ],
  ""props"": [],
  ""environments"": [],
  ""scenes"": [],
  ""blocking"": {
    ""anchors"": [],
    ""paths"": []
  }
}
```"
68,segment_004,segment,DONE,C:\Users\sasch\visionexe\stories\template\filmsets\story_068\segment_004\segment.txt,"```json
{
  ""actors"": [
    {
      ""name"": ""ወነ፡ሶ፡ቆመ፡ቅድመ፡"",
      ""visualTraits"": null,
      ""changes"": null,
      ""role"": null
    },
    {
      ""name"": ""እግዚ፡መናፍስት"",
      ""visualTraits"": null,
      ""changes"": null,
      ""role"": null
    },
    {
      ""name"": ""ወመዝ"",
      ""visualTraits"": null,
      ""changes"": null,
      ""role"": null
    },
    {
      ""name"": ""ይቤሎ፡ሚኤል"",
      ""visualTraits"": null,
      ""changes"": null,
      ""role"": null
    },
    {
      ""name"": ""ለሩፋኤል"",
      ""visualTraits"": null,
      ""changes"": null,
      ""role"": null
    },
    {
      ""name"": ""ወኢይውን፡ሎሙ፡ውስተ፡"",
      ""visualTraits"": null,
      ""changes"": null,
      ""role"": null
    },
    {
      ""name"": ""ዐይነ፡እግዚእ፡እስመ፡"",
      ""visualTraits"": null,
      ""changes"": null,
      ""role"": null
    },
    {
      ""name"": ""መንፈሳት፡ተምዕዖሙ፡እስመ፡"",
      ""visualTraits"": null,
      ""changes"": null,
      ""role"": null
    },
    {
      ""name"": ""ምሳለ፡እግዚእ፡ይገብሩ፨"",
      ""visualTraits"": null,
      ""changes"": null,
      ""role"": null
    }
  ],
  ""props"": [],
  ""environments"": [],
  ""scenes"": [],
  ""blocking"": {
    ""anchors"": [],
    ""paths"": []
  }
}
```"
69,segment_001,segment,DONE,C:\Users\sasch\visionexe\stories\template\filmsets\story_069\segment_001\segment.txt,"{
  ""actors"": [],
  ""props"": [],
  ""environments"": [],
  ""scenes"": [],
  ""blocking"": {
    ""anchors"": [],
    ""paths"": []
  }
}"
69,segment_002,segment,DONE,C:\Users\sasch\visionexe\stories\template\filmsets\story_069\segment_002\segment.txt,"```json
{
  ""actors"": [
    {""name"":""ወነዋ"",""visualTraits"":null,""changes"":null,""role"":null},
    {""name"":""ስማቲሆሙ"",""visualTraits"":null,""changes"":null,""role"":null},
    {""name"":""ለእልኩ"",""visualTraits"":null,""changes"":null,""role"":null},
    {""name"":""መላእት"",""visualTraits"":null,""changes"":null,""role"":null},
    {""name"":""ወዝንቱ"",""visualTraits"":null,""changes"":null,""role"":null},
    {""name"":""ውእቱ"",""visualTraits"":null,""changes"":null,""role"":null},
    {""name"":""ቀዳማዊ"",""visualTraits"":null,""changes"":null,""role"":null},
    {""name"":""ዚሆሙ"",""visualTraits"":null,""changes"":null,""role"":null},
    {""name"":""ስምያዛ"",""visualTraits"":null,""changes"":null,""role"":null},
    {""name"":""ወልእ"",""visualTraits"":null,""changes"":null,""role"":null},
    {""name"":""ርሳጠቂፋ"",""visualTraits"":null,""changes"":null,""role"":null},
    {""name"":""ወሣልስ"",""visualTraits"":null,""changes"":null,""role"":null},
    {""name"":""ርሜን"",""visualTraits"":null,""changes"":null,""role"":null},
    {""name"":""ወራብዕ"",""visualTraits"":null,""changes"":null,""role"":null},
    {""name"":""ብኤል"",""visualTraits"":null,""changes"":null,""role"":null},
    {""name"":""ወኃምስ"",""visualTraits"":null,""changes"":null,""role"":null},
    {""name"":""ጡርኤል"",""visualTraits"":null,""changes"":null,""role"":null},
    {""name"":""ወሳድስ"",""visualTraits"":null,""changes"":null,""role"":null},
    {""name"":""ሩምየል"",""visualTraits"":null,""changes"":null,""role"":null},
    {""name"":""ሳብዕ"",""visualTraits"":null,""changes"":null,""role"":null},
    {""name"":""ዳንየል"",""visualTraits"":null,""changes"":null,""role"":null},
    {""name"":""ሳምን"",""visualTraits"":null,""changes"":null,""role"":null},
    {""name"":""ቃኤል"",""visualTraits"":null,""changes"":null,""role"":null},
    {""name"":""ታስዕ"",""visualTraits"":null,""changes"":null,""role"":null},
    {""name"":""ራቅኤል"",""visualTraits"":null,""changes"":null,""role"":null},
    {""name"":""ዘዜኤል"",""visualTraits"":null,""changes"":null,""role"":null},
    {""name"":""፲ወ፩ርምርስ"",""visualTraits"":null,""changes"":null,""role"":null},
    {""name"":""ጠርያል"",""visualTraits"":null,""changes"":null,""role"":null},
    {""name"":""ሰስኤል"",""visualTraits"":null,""changes"":null,""role"":null},
    {""name"":""ዐራብዕ"",""visualTraits"":null,""changes"":null,""role"":null},
    {""name"":""ሐናንኤል"",""visualTraits"":null,""changes"":null,""role"":null},
    {""name"":""ወኀምስ"",""visualTraits"":null,""changes"":null,""role"":null},
    {""name"":""ሰማፒሲኤል"",""visualTraits"":null,""changes"":null,""role"":null},
    {""name"":""ይተርኤል"",""visualTraits"":null,""changes"":null,""role"":null},
    {""name"":""ቱማኤል"",""visualTraits"":null,""changes"":null,""role"":null},
    {""name"":""ወተሳዕ"",""visualTraits"":null,""changes"":null,""role"":null},
    {""name"":""፳ሩምኤል"",""visualTraits"":null,""changes"":null,""role"":null},
    {""name"":""፳ወ፩ኤዜዝኤል"",""visualTraits"":null,""changes"":null,""role"":null}
  ],
  ""props"": [],
  ""environments"": [],
  ""scenes"": [],
  ""blocking"": {
    ""anchors"": [],
    ""paths"": []
  }
}
```"
69,segment_003,segment,DONE,C:\Users\sasch\visionexe\stories\template\filmsets\story_069\segment_003\segment.txt,"{""actors"":[],""props"":[],""environments"":[],""scenes"":[],""blocking"":{""anchors"":[],""paths"":[]}}"
69,segment_004,segment,DONE,C:\Users\sasch\visionexe\stories\template\filmsets\story_069\segment_004\segment.txt,"```json
{
  ""actors"": [],
  ""props"": [],
  ""environments"": [],
  ""scenes"": [],
  ""blocking"": {
    ""anchors"": [],
    ""paths"": []
  }
}
```"
69,segment_005,segment,DONE,C:\Users\sasch\visionexe\stories\template\filmsets\story_069\segment_005\segment.txt,"```json
{
  ""actors"": [
    {""name"":""ወልእ"",""visualTraits"":null,""changes"":null,""role"":""character""},
    {""name"":""ስሙ"",""visualTraits"":null,""changes"":null,""role"":""character""},
    {""name"":""ስብኤል"",""visualTraits"":null,""changes"":null,""role"":""character""},
    {""name"":""ዝንቱ"",""visualTraits"":null,""changes"":null,""role"":""character""},
    {""name"":""መሮሙ"",""visualTraits"":null,""changes"":null,""role"":""character""},
    {""name"":""ምረ፡እኩየ"",""visualTraits"":null,""changes"":null,""role"":""character""},
    {""name"":""ለደቂቀ"",""visualTraits"":null,""changes"":null,""role"":""character""},
    {""name"":""መላእት"",""visualTraits"":null,""changes"":null,""role"":""character""},
    {""name"":""ቅዱሳን"",""visualTraits"":null,""changes"":null,""role"":""character""},
    {""name"":""ወስሐቶሙ"",""visualTraits"":null,""changes"":null,""role"":""character""},
    {""name"":""መ፡"",""visualTraits"":null,""changes"":null,""role"":""character""},
    {""name"":""ያማስኑ"",""visualTraits"":null,""changes"":null,""role"":""character""},
    {""name"":""ሥጋሆሙ"",""visualTraits"":null,""changes"":null,""role"":""character""},
    {""name"":""ዋልደ"",""visualTraits"":null,""changes"":null,""role"":""character""},
    {""name"":""ሰብእ"",""visualTraits"":null,""changes"":null,""role"":""character""}
  ],
  ""props"": [],
  ""environments"": [],
  ""scenes"": [
    {
      ""title"":""Chapter 69 Segment 5"",
      ""location"":""unknown"",
      ""action"":""list of characters"",
      ""actorsInvolved"":[
        ""ወልእ"",""ስሙ"",""ስብኤል"",""ዝንቱ"",""መሮሙ"",""ምረ፡እኩየ"",""ለደቂቀ"",""መላእት"",""ቅዱሳን"",""ወስሐቶሙ"",""መ፡"",""ያማስኑ"",""ሥጋሆሙ"",""ዋልደ"",""ሰብእ""
      ]
    }
  ],
  ""blocking"": {
    ""anchors"": [],
    ""paths"": []
  }
}
```"
69,segment_006,segment,DONE,C:\Users\sasch\visionexe\stories\template\filmsets\story_069\segment_006\segment.txt,"```json
{
  ""actors"": [],
  ""props"": [],
  ""environments"": [],
  ""scenes"": [],
  ""blocking"": {
    ""anchors"": [],
    ""paths"": []
  }
}
```"
69,segment_007,segment,DONE,C:\Users\sasch\visionexe\stories\template\filmsets\story_069\segment_007\segment.txt,"{""actors"":[],""props"":[],""environments"":[],""scenes"":[],""blocking"":{""anchors"":[],""paths"":[]}}"
69,segment_008,segment,DONE,C:\Users\sasch\visionexe\stories\template\filmsets\story_069\segment_008\segment.txt,"```json
{
  ""actors"": [
    {""name"": ""ወራብዕ"", ""visualTraits"": null, ""changes"": null, ""role"": null},
    {""name"": ""ስሙ"", ""visualTraits"": null, ""changes"": null, ""role"": null},
    {""name"": ""ፔሙእ"", ""visualTraits"": null, ""changes"": null, ""role"": null},
    {""name"": ""ዝንቱ"", ""visualTraits"": null, ""changes"": null, ""role"": null},
    {""name"": ""ርየ"", ""visualTraits"": null, ""changes"": null, ""role"": null},
    {""name"": ""ለውሉደ"", ""visualTraits"": null, ""changes"": null, ""role"": null},
    {""name"": ""ሰብእ"", ""visualTraits"": null, ""changes"": null, ""role"": null},
    {""name"": ""መሪረ"", ""visualTraits"": null, ""changes"": null, ""role"": null},
    {""name"": ""ወመርዒረ"", ""visualTraits"": null, ""changes"": null, ""role"": null},
    {""name"": ""ወርዮሙ"", ""visualTraits"": null, ""changes"": null, ""role"": null},
    {""name"": ""ሎ"", ""visualTraits"": null, ""changes"": null, ""role"": null},
    {""name"": ""ኅቡተ"", ""visualTraits"": null, ""changes"": null, ""role"": null},
    {""name"": ""ጥቦሙ"", ""visualTraits"": null, ""changes"": null, ""role"": null}
  ],
  ""props"": [],
  ""environments"": [],
  ""scenes"": [
    {
      ""title"": ""Chapter 69 Segment 8"",
      ""location"": null,
      ""action"": ""chanting or recitation"",
      ""actorsInvolved"": [
        ""ወራብዕ"",
        ""ስሙ"",
        ""ፔሙእ"",
        ""ዝንቱ"",
        ""ርየ"",
        ""ለውሉደ"",
        ""ሰብእ"",
        ""መሪረ"",
        ""ወመርዒረ"",
        ""ወርዮሙ"",
        ""ሎ"",
        ""ኅቡተ"",
        ""ጥቦሙ""
      ]
    }
  ],
  ""blocking"": {
    ""anchors"": [],
    ""paths"": []
  }
}
```"
69,segment_009,segment,DONE,C:\Users\sasch\visionexe\stories\template\filmsets\story_069\segment_009\segment.txt,"```json
{
  ""actors"": [],
  ""props"": [],
  ""environments"": [],
  ""scenes"": [],
  ""blocking"": {
    ""anchors"": [],
    ""paths"": []
  }
}
```"
69,segment_010,segment,DONE,C:\Users\sasch\visionexe\stories\template\filmsets\story_069\segment_010\segment.txt,"```json
{
  ""actors"": [
    {""name"":""እስመ"",""visualTraits"":null,""changes"":null,""role"":""unknown""},
    {""name"":""ኢተወልደ"",""visualTraits"":null,""changes"":null,""role"":""unknown""},
    {""name"":""ሰብእ"",""visualTraits"":null,""changes"":null,""role"":""unknown""},
    {""name"":""ለዝ"",""visualTraits"":null,""changes"":null,""role"":""unknown""},
    {""name"":""መዝ"",""visualTraits"":null,""changes"":null,""role"":""unknown""},
    {""name"":""ቀለም"",""visualTraits"":null,""changes"":null,""role"":""unknown""},
    {""name"":""ወማየ"",""visualTraits"":null,""changes"":null,""role"":""unknown""},
    {""name"":""ሕመት"",""visualTraits"":null,""changes"":null,""role"":""unknown""},
    {""name"":""ያጽንዑ"",""visualTraits"":null,""changes"":null,""role"":""unknown""},
    {""name"":""ሃይማኖቶሙ"",""visualTraits"":null,""changes"":null,""role"":""unknown""}
  ],
  ""props"": [],
  ""environments"": [],
  ""scenes"": [
    {
      ""title"":""Chapter 69 Segment 10"",
      ""location"":null,
      ""action"":null,
      ""actorsInvolved"":[
        ""እስመ"",
        ""ኢተወልደ"",
        ""ሰብእ"",
        ""ለዝ"",
        ""መዝ"",
        ""ቀለም"",
        ""ወማየ"",
        ""ሕመት"",
        ""ያጽንዑ"",
        ""ሃይማኖቶሙ""
      ]
    }
  ],
  ""blocking"": {
    ""anchors"": [],
    ""paths"": []
  }
}
```"
69,segment_011,segment,DONE,C:\Users\sasch\visionexe\stories\template\filmsets\story_069\segment_011\segment.txt,"```json
{
  ""actors"": [],
  ""props"": [],
  ""environments"": [],
  ""scenes"": [
    {
      ""title"": ""Chapter 69 Segment 11"",
      ""location"": null,
      ""action"": null,
      ""actorsInvolved"": []
    }
  ],
  ""blocking"": {
    ""anchors"": [],
    ""paths"": []
  }
}
```"
69,segment_012,segment,DONE,C:\Users\sasch\visionexe\stories\template\filmsets\story_069\segment_012\segment.txt,"```json
{
  ""actors"": [],
  ""props"": [],
  ""environments"": [],
  ""scenes"": [],
  ""blocking"": {
    ""anchors"": [],
    ""paths"": []
  }
}
```"
69,segment_013,segment,DONE,C:\Users\sasch\visionexe\stories\template\filmsets\story_069\segment_013\segment.txt,"```json
{
  ""actors"": [
    {""name"":""ወዝንቱ"",""visualTraits"":null,""changes"":null,""role"":null},
    {""name"":""ውእቱ"",""visualTraits"":null,""changes"":null,""role"":null},
    {""name"":""ልቁ"",""visualTraits"":null,""changes"":null,""role"":null},
    {""name"":""ለስብኤል"",""visualTraits"":null,""changes"":null,""role"":null},
    {""name"":""ርእሰ"",""visualTraits"":null,""changes"":null,""role"":null},
    {""name"":""መሐላ"",""visualTraits"":null,""changes"":null,""role"":null},
    {""name"":""ዘርየ"",""visualTraits"":null,""changes"":null,""role"":null},
    {""name"":""ለቅዱሳን"",""visualTraits"":null,""changes"":null,""role"":null},
    {""name"":""ሶ፡የኃድር"",""visualTraits"":null,""changes"":null,""role"":null},
    {""name"":""ልዑል"",""visualTraits"":null,""changes"":null,""role"":null},
    {""name"":""ስብሐት"",""visualTraits"":null,""changes"":null,""role"":null},
    {""name"":""ወስሙ"",""visualTraits"":null,""changes"":null,""role"":null},
    {""name"":""ቤቃ"",""visualTraits"":null,""changes"":null,""role"":null}
  ],
  ""props"": [],
  ""environments"": [],
  ""scenes"": [
    {
      ""title"":""Chapter 69 Segment 13"",
      ""location"":null,
      ""action"":null,
      ""actorsInvolved"":[
        ""ወዝንቱ"",""ውእቱ"",""ልቁ"",""ለስብኤል"",""ርእሰ"",""መሐላ"",""ዘርየ"",""ለቅዱሳን"",""ሶ፡የኃድር"",""ልዑል"",""ስብሐት"",""ወስሙ"",""ቤቃ""
      ]
    }
  ],
  ""blocking"": {
    ""anchors"": [],
    ""paths"": []
  }
}
```"
69,segment_014,segment,DONE,C:\Users\sasch\visionexe\stories\template\filmsets\story_069\segment_014\segment.txt,"```json
{
  ""actors"": [],
  ""props"": [],
  ""environments"": [],
  ""scenes"": [],
  ""blocking"": {
    ""anchors"": [],
    ""paths"": []
  }
}
```
"
69,segment_015,segment,DONE,C:\Users\sasch\visionexe\stories\template\filmsets\story_069\segment_015\segment.txt,"```json
{
  ""actors"": [],
  ""props"": [],
  ""environments"": [],
  ""scenes"": [],
  ""blocking"": {
    ""anchors"": [],
    ""paths"": []
  }
}
```"
69,segment_016,segment,DONE,C:\Users\sasch\visionexe\stories\template\filmsets\story_069\segment_016\segment.txt,"```json
{
  ""actors"": [],
  ""props"": [],
  ""environments"": [],
  ""scenes"": [
    {
      ""title"": ""Verse 1"",
      ""location"": null,
      ""action"": ""ወእሉ፡እሙንቱ፡ኅቡቲሁ፡ለዝ፡"",
      ""actorsInvolved"": []
    },
    {
      ""title"": ""Verse 2"",
      ""location"": null,
      ""action"": ""መሀላ፡ወጸንዑ፡"",
      ""actorsInvolved"": []
    },
    {
      ""title"": ""Verse 3"",
      ""location"": null,
      ""action"": ""መሐላሁ፨ወሰማይ፡ተሰቅለ፡"",
      ""actorsInvolved"": []
    },
    {
      ""title"": ""Verse 4"",
      ""location"": null,
      ""action"": ""ዘእንለ፡ይትፈጠር፡ዓለም፡"",
      ""actorsInvolved"": []
    },
    {
      ""title"": ""Verse 5"",
      ""location"": null,
      ""action"": ""ወእስ፡ለዓለም፨"",
      ""actorsInvolved"": []
    }
  ],
  ""blocking"": {
    ""anchors"": [],
    ""paths"": []
  }
}
```"
69,segment_017,segment,DONE,C:\Users\sasch\visionexe\stories\template\filmsets\story_069\segment_017\segment.txt,"```json
{
  ""actors"": [],
  ""props"": [],
  ""environments"": [
    {
      ""name"": ""Ground"",
      ""visualTraits"": [""solid surface""],
      ""changes"": null,
      ""role"": ""setting""
    },
    {
      ""name"": ""Water"",
      ""visualTraits"": [""fluid surface""],
      ""changes"": null,
      ""role"": ""setting""
    },
    {
      ""name"": ""World"",
      ""visualTraits"": [""cosmic expanse""],
      ""changes"": null,
      ""role"": ""setting""
    }
  ],
  ""scenes"": [
    {
      ""title"": ""Creation of the World"",
      ""location"": ""World"",
      ""action"": ""world formation"",
      ""actorsInvolved"": []
    }
  ],
  ""blocking"": {
    ""anchors"": [],
    ""paths"": []
  }
}
```"
69,segment_018,segment,DONE,C:\Users\sasch\visionexe\stories\template\filmsets\story_069\segment_018\segment.txt,"```json
{
  ""actors"": [],
  ""props"": [],
  ""environments"": [],
  ""scenes"": [],
  ""blocking"": {
    ""anchors"": [],
    ""paths"": []
  }
}
```"
69,segment_019,segment,DONE,C:\Users\sasch\visionexe\stories\template\filmsets\story_069\segment_019\segment.txt,"```json
{
  ""actors"": [
    {
      ""name"": ""Wewetu"",
      ""visualTraits"": null,
      ""changes"": null,
      ""role"": ""entity""
    },
    {
      ""name"": ""Mehala"",
      ""visualTraits"": null,
      ""changes"": null,
      ""role"": ""entity""
    },
    {
      ""name"": ""Qelayat"",
      ""visualTraits"": null,
      ""changes"": null,
      ""role"": ""entity""
    },
    {
      ""name"": ""Tsenu"",
      ""visualTraits"": null,
      ""changes"": null,
      ""role"": ""entity""
    },
    {
      ""name"": ""Wekomu"",
      ""visualTraits"": null,
      ""changes"": null,
      ""role"": ""entity""
    },
    {
      ""name"": ""Weiyit Hawezu"",
      ""visualTraits"": null,
      ""changes"": null,
      ""role"": ""entity""
    },
    {
      ""name"": ""Emenomu"",
      ""visualTraits"": null,
      ""changes"": null,
      ""role"": ""entity""
    },
    {
      ""name"": ""Emmalem"",
      ""visualTraits"": null,
      ""changes"": null,
      ""role"": ""entity""
    },
    {
      ""name"": ""We'ese"",
      ""visualTraits"": null,
      ""changes"": null,
      ""role"": ""entity""
    },
    {
      ""name"": ""Le'alam"",
      ""visualTraits"": null,
      ""changes"": null,
      ""role"": ""entity""
    }
  ],
  ""props"": [],
  ""environments"": [],
  ""scenes"": [
    {
      ""title"": ""Chapter 69 Segment 19"",
      ""location"": null,
      ""action"": ""chanting"",
      ""actorsInvolved"": [
        ""Wewetu"",
        ""Mehala"",
        ""Qelayat"",
        ""Tsenu"",
        ""Wekomu"",
        ""Weiyit Hawezu"",
        ""Emenomu"",
        ""Emmalem"",
        ""We'ese"",
        ""Le'alam""
      ]
    }
  ],
  ""blocking"": {
    ""anchors"": [],
    ""paths"": []
  }
}
```"
69,segment_020,segment,DONE,C:\Users\sasch\visionexe\stories\template\filmsets\story_069\segment_020\segment.txt,"```json
{
  ""actors"": [
    {
      ""name"": ""Wind"",
      ""visualTraits"": [""blowing"", ""invisible""],
      ""changes"": [],
      ""role"": ""natural element""
    },
    {
      ""name"": ""Sun"",
      ""visualTraits"": [""radiant"", ""bright""],
      ""changes"": [],
      ""role"": ""natural element""
    },
    {
      ""name"": ""Stars"",
      ""visualTraits"": [""sparkling""],
      ""changes"": [],
      ""role"": ""natural element""
    },
    {
      ""name"": ""Earth"",
      ""visualTraits"": [""solid""],
      ""changes"": [],
      ""role"": ""natural element""
    },
    {
      ""name"": ""World"",
      ""visualTraits"": [""vast""],
      ""changes"": [],
      ""role"": ""natural element""
    }
  ],
  ""props"": [],
  ""environments"": [],
  ""scenes"": [
    {
      ""title"": ""Wind and Sun"",
      ""location"": ""sky"",
      ""action"": ""Wind and Sun"",
      ""actorsInvolved"": [""Wind"", ""Sun""]
    },
    {
      ""title"": ""Wind and Stars"",
      ""location"": ""sky"",
      ""action"": ""Wind and Stars"",
      ""actorsInvolved"": [""Wind"", ""Stars""]
    },
    {
      ""title"": ""Earth Commands"",
      ""location"": ""earth"",
      ""action"": ""Earth commands"",
      ""actorsInvolved"": [""Earth""]
    },
    {
      ""title"": ""World to World"",
      ""location"": ""world"",
      ""action"": ""World to World"",
      ""actorsInvolved"": [""World""]
    }
  ],
  ""blocking"": {
    ""anchors"": [],
    ""paths"": []
  }
}
```"
69,segment_021,segment,DONE,C:\Users\sasch\visionexe\stories\template\filmsets\story_069\segment_021\segment.txt,"```json
{
  ""actors"": [
    {""name"":""ወውእቱ"",""visualTraits"":null,""changes"":null,""role"":null},
    {""name"":""መሐላ"",""visualTraits"":null,""changes"":null,""role"":null},
    {""name"":""ዋብት"",""visualTraits"":null,""changes"":null,""role"":null},
    {""name"":""ምሕዋራሆሙ"",""visualTraits"":null,""changes"":null,""role"":null},
    {""name"":""ወስማቲሆሙ"",""visualTraits"":null,""changes"":null,""role"":null},
    {""name"":""ይጼውዕ"",""visualTraits"":null,""changes"":null,""role"":null},
    {""name"":""ወያወሥእዎ"",""visualTraits"":null,""changes"":null,""role"":null},
    {""name"":""እምዓለም"",""visualTraits"":null,""changes"":null,""role"":null},
    {""name"":""ወእስ"",""visualTraits"":null,""changes"":null,""role"":null},
    {""name"":""ለዓለም"",""visualTraits"":null,""changes"":null,""role"":null}
  ],
  ""props"": [],
  ""environments"": [],
  ""scenes"": [
    {
      ""title"": null,
      ""location"": null,
      ""action"": null,
      ""actorsInvolved"": [
        ""ወውእቱ"",
        ""መሐላ"",
        ""ዋብት"",
        ""ምሕዋራሆሙ"",
        ""ወስማቲሆሙ"",
        ""ይጼውዕ"",
        ""ወያወሥእዎ"",
        ""እምዓለም"",
        ""ወእስ"",
        ""ለዓለም""
      ]
    }
  ],
  ""blocking"": {
    ""anchors"": [],
    ""paths"": []
  }
}
```"
69,segment_022,segment,DONE,C:\Users\sasch\visionexe\stories\template\filmsets\story_069\segment_022\segment.txt,"```json
{
  ""actors"": [],
  ""props"": [],
  ""environments"": [],
  ""scenes"": [],
  ""blocking"": {
    ""anchors"": [],
    ""paths"": []
  }
}
```"
69,segment_023,segment,DONE,C:\Users\sasch\visionexe\stories\template\filmsets\story_069\segment_023\segment.txt,"```json
{
  ""actors"": [],
  ""props"": [],
  ""environments"": [],
  ""scenes"": [],
  ""blocking"": {
    ""anchors"": [],
    ""paths"": []
  }
}
```
"
69,segment_024,segment,DONE,C:\Users\sasch\visionexe\stories\template\filmsets\story_069\segment_024\segment.txt,"```json
{
  ""actors"": [
    {
      ""name"": ""እግዚ"",
      ""visualTraits"": null,
      ""changes"": null,
      ""role"": ""deity""
    }
  ],
  ""props"": [],
  ""environments"": [],
  ""scenes"": [
    {
      ""title"": ""Chant praising God"",
      ""location"": ""unknown"",
      ""action"": ""chant"",
      ""actorsInvolved"": [""እግዚ""]
    }
  ],
  ""blocking"": {
    ""anchors"": [],
    ""paths"": []
  }
}
```"
69,segment_025,segment,DONE,C:\Users\sasch\visionexe\stories\template\filmsets\story_069\segment_025\segment.txt,"```json
{
  ""actors"": [
    {""name"":""ወዲቤሆሙ"",""visualTraits"":null,""changes"":null,""role"":""unknown""},
    {""name"":""ጸንዓ"",""visualTraits"":null,""changes"":null,""role"":""unknown""},
    {""name"":""ዝመሐላ"",""visualTraits"":null,""changes"":null,""role"":""unknown""},
    {""name"":""ወይትዓቀቡ"",""visualTraits"":null,""changes"":null,""role"":""unknown""},
    {""name"":""ቦቱ"",""visualTraits"":null,""changes"":null,""role"":""unknown""},
    {""name"":""ወፍናዊሆሙ"",""visualTraits"":null,""changes"":null,""role"":""unknown""},
    {""name"":""ይትዓቀቡ"",""visualTraits"":null,""changes"":null,""role"":""unknown""},
    {""name"":""ወምሕዋራቲሆሙ"",""visualTraits"":null,""changes"":null,""role"":""unknown""},
    {""name"":""ኢይማስን"",""visualTraits"":null,""changes"":null,""role"":""unknown""}
  ],
  ""props"": [],
  ""environments"": [],
  ""scenes"": [
    {
      ""title"":""Invocation Chant"",
      ""location"":""unknown"",
      ""action"":""Recitation of names"",
      ""actorsInvolved"":[
        ""ወዲቤሆሙ"",
        ""ጸንዓ"",
        ""ዝመሐላ"",
        ""ወይትዓቀቡ"",
        ""ቦቱ"",
        ""ወፍናዊሆሙ"",
        ""ይትዓቀቡ"",
        ""ወምሕዋራቲሆሙ"",
        ""ኢይማስን""
      ]
    }
  ],
  ""blocking"": {
    ""anchors"": [],
    ""paths"": []
  }
}
```"
69,segment_026,segment,DONE,C:\Users\sasch\visionexe\stories\template\filmsets\story_069\segment_026\segment.txt,"```json
{
  ""actors"": [],
  ""props"": [],
  ""environments"": [],
  ""scenes"": [],
  ""blocking"": {
    ""anchors"": [],
    ""paths"": []
  }
}
```"
69,segment_027,segment,DONE,C:\Users\sasch\visionexe\stories\template\filmsets\story_069\segment_027\segment.txt,"```json
{
  ""actors"": [],
  ""props"": [],
  ""environments"": [],
  ""scenes"": [
    {
      ""title"": ""ወነረ፡ዲባ፨መንረ፡"",
      ""location"": null,
      ""action"": null,
      ""actorsInvolved"": []
    },
    {
      ""title"": ""ስብሓቲሁ፡ወርእሳ፡ለነ፡"",
      ""location"": null,
      ""action"": null,
      ""actorsInvolved"": []
    },
    {
      ""title"": ""ተውህት፡ሎቱ፡ለወልደ፡እጓለ፡"",
      ""location"": null,
      ""action"": null,
      ""actorsInvolved"": []
    },
    {
      ""title"": ""እምሕያው፡ወየኀልፍ፡ወይማሳን፡"",
      ""location"": null,
      ""action"": null,
      ""actorsInvolved"": []
    },
    {
      ""title"": ""እምቅድመ፡ገጸ፡ለምድር፡ወእለ፡"",
      ""location"": null,
      ""action"": null,
      ""actorsInvolved"": []
    },
    {
      ""title"": ""ስሐትዎ፡ለዓለም      ""location"": null,
      ""action"": null,
      ""actorsInvolved"": []
    }
  ],
  ""blocking"": {
    ""anchors"": [],
    ""paths"": []
  }
}
```"
69,segment_028,segment,DONE,C:\Users\sasch\visionexe\stories\template\filmsets\story_069\segment_028\segment.txt,"```json
{
  ""actors"": [],
  ""props"": [],
  ""environments"": [
    {
      ""name"": ""ምድር"",
      ""visualTraits"": null,
      ""changes"": null,
      ""role"": ""ground""
    }
  ],
  ""scenes"": [
    {
      ""title"": ""Chapter 69 Segment 28"",
      ""location"": ""unknown"",
      ""action"": ""unknown"",
      ""actorsInvolved"": []
    }
  ],
  ""blocking"": {
    ""anchors"": [],
    ""paths"": []
  }
}
```"
69,segment_029,segment,DONE,C:\Users\sasch\visionexe\stories\template\filmsets\story_069\segment_029\segment.txt,"```json
{
  ""actors"": [],
  ""props"": [],
  ""environments"": [],
  ""scenes"": [],
  ""blocking"": {
    ""anchors"": [],
    ""paths"": []
  }
}
```"
69,segment_030,segment,DONE,C:\Users\sasch\visionexe\stories\template\filmsets\story_069\segment_030\segment.txt,"```json
{
  ""actors"": [],
  ""props"": [],
  ""environments"": [],
  ""scenes"": [],
  ""blocking"": {
    ""anchors"": [],
    ""paths"": []
  }
}
```"
70,segment_001,segment,DONE,C:\Users\sasch\visionexe\stories\template\filmsets\story_070\segment_001\segment.txt,"```json
{
  ""actors"": [
    {
      ""name"": ""God"",
      ""visualTraits"": null,
      ""changes"": null,
      ""role"": ""deity""
    }
  ],
  ""props"": [],
  ""environments"": [],
  ""scenes"": [
    {
      ""title"": ""Line 1"",
      ""location"": null,
      ""action"": null,
      ""actorsInvolved"": [""God""]
    },
    {
      ""title"": ""Line 2"",
      ""location"": null,
      ""action"": null,
      ""actorsInvolved"": [""God""]
    },
    {
      ""title"": ""Line 3"",
      ""location"": null,
      ""action"": null,
      ""actorsInvolved"": [""God""]
    },
    {
      ""title"": ""Line 4"",
      ""location"": null,
      ""action"": null,
      ""actorsInvolved"": [""God""]
    },
    {
      ""title"": ""Line 5"",
      ""location"": null,
      ""action"": null,
      ""actorsInvolved"": [""God""]
    }
  ],
  ""blocking"": {
    ""anchors"": [],
    ""paths"": []
  }
}
```"
70,segment_002,segment,DONE,C:\Users\sasch\visionexe\stories\template\filmsets\story_070\segment_002\segment.txt,"```json
{
  ""actors"": [
    {
      ""name"": ""He"",
      ""visualTraits"": ""unknown"",
      ""changes"": [
        {
          ""phase"": ""Phase 1: pre"",
          ""description"": ""Human form""
        },
        {
          ""phase"": ""Phase 2: spirit"",
          ""description"": ""Spirit form""
        }
      ],
      ""role"": ""Subject""
    }
  ],
  ""props"": [],
  ""environments"": [],
  ""scenes"": [
    {
      ""title"": ""Transformation into Spirit"",
      ""location"": ""unknown"",
      ""action"": ""He turned into spirit"",
      ""actorsInvolved"": [""He""]
    }
  ],
  ""blocking"": {
    ""anchors"": [],
    ""paths"": []
  }
}
```"
70,segment_003,segment,DONE,C:\Users\sasch\visionexe\stories\template\filmsets\story_070\segment_003\segment.txt,"```json
{
  ""actors"": [
    {
      ""name"": ""Lord"",
      ""visualTraits"": null,
      ""changes"": null,
      ""role"": ""deity""
    },
    {
      ""name"": ""Spirit"",
      ""visualTraits"": null,
      ""changes"": null,
      ""role"": ""spiritual presence""
    },
    {
      ""name"": ""Angel"",
      ""visualTraits"": null,
      ""changes"": null,
      ""role"": ""messenger""
    }
  ],
  ""props"": [
    {
      ""name"": ""Gate"",
      ""visualTraits"": null,
      ""changes"": null,
      ""role"": ""portal""
    }
  ],
  ""environments"": [
    {
      ""name"": ""Day"",
      ""visualTraits"": null,
      ""changes"": null,
      ""role"": ""time""
    }
  ],
  ""scenes"": [
    {
      ""title"": ""Beat 1"",
      ""location"": ""Day"",
      ""action"": ""ወእምይእቲ፡ዕለት፡ኢተስሕብኩ፡"",
      ""actorsInvolved"": []
    },
    {
      ""title"": ""Beat 2"",
      ""location"": null,
      ""action"": ""ማእሎሙ፡ወንረኒ፡"",
      ""actorsInvolved"": [""Lord""]
    },
    {
      ""title"": ""Beat 3"",
      ""location"": null,
      ""action"": ""ማእለ፡ል፡መንፈሳት፡"",
      ""actorsInvolved"": [""Lord"", ""Spirit""]
    },
    {
      ""title"": ""Beat 4"",
      ""location"": ""Gate"",
      ""action"": ""ማእለ፡መስዕ፡ወዐረብ፡ኀ፡"",
      ""actorsInvolved"": [""Lord"", ""Angel""]
    },
    {
      ""title"": ""Beat 5"",
      ""location"": null,
      ""action"": ""ነሥኡ፡ሕባለ፡መላእት፡መ፡"",
      ""actorsInvolved"": [""Angel""]
    },
    {
      ""title"": ""Beat 6"",
      ""location"": null,
      ""action"": ""ይስፍሩ፡ሊተ፡መነ፡ለኅሩያን፡"",
      ""actorsInvolved"": []
    },
    {
      ""title"": ""Beat 7"",
      ""location"": null,
      ""action"": ""ወለጻድቃን፨"",
      ""actorsInvolved"": []
    }
  ],
  ""blocking"": {
    ""anchors"": [
      {
        ""id"": ""gate"",
        ""description"": ""Gate""
      }
    ],
    ""paths"": []
  }
}
```"
70,segment_004,segment,DONE,C:\Users\sasch\visionexe\stories\template\filmsets\story_070\segment_004\segment.txt,"{""actors"":[],""props"":[],""environments"":[],""scenes"":[],""blocking"":{""anchors"":[],""paths"":[]}}"
71,segment_002,segment,DONE,C:\Users\sasch\visionexe\stories\template\filmsets\story_071\segment_002\segment.txt,"```json
{
  ""actors"": [
    {
      ""name"": ""ወርኢዎሙ"",
      ""visualTraits"": null,
      ""changes"": null,
      ""role"": ""unknown""
    },
    {
      ""name"": ""ለውሉዶሙ"",
      ""visualTraits"": null,
      ""changes"": null,
      ""role"": ""unknown""
    },
    {
      ""name"": ""ለመላእት"",
      ""visualTraits"": null,
      ""changes"": null,
      ""role"": ""unknown""
    },
    {
      ""name"": ""ወብሩሃነ"",
      ""visualTraits"": null,
      ""changes"": null,
      ""role"": ""unknown""
    },
    {
      ""name"": ""ወርኢኩ"",
      ""visualTraits"": null,
      ""changes"": null,
      ""role"": ""unknown""
    },
    {
      ""name"": ""ወብርሃነ"",
      ""visualTraits"": null,
      ""changes"": null,
      ""role"": ""unknown""
    },
    {
      ""name"": ""እግዚ"",
      ""visualTraits"": null,
      ""changes"": null,
      ""role"": ""unknown""
    }
  ],
  ""props"": [
    {
      ""name"": ""እሳት"",
      ""visualTraits"": null,
      ""changes"": null,
      ""role"": ""fire""
    },
    {
      ""name"": ""ገጾሙ"",
      ""visualTraits"": null,
      ""changes"": null,
      ""role"": ""pages""
    }
  ],
  ""environments"": [
    {
      ""name"": ""ሰማያት"",
      ""visualTraits"": null,
      ""changes"": null,
      ""role"": ""heavens""
    }
  ],
  ""scenes"": [
    {
      ""title"": ""Verse 1"",
      ""location"": null,
      ""action"": ""ወነ፡እምድኅረዝ፡መ፡"",
      ""actorsInvolved"": []
    },
    {
      ""title"": ""Verse 2"",
      ""location"": null,
      ""action"": ""ትትት፡መንፈስየ፡ወትዕረግ፡"",
      ""actorsInvolved"": []
    },
    {
      ""title"": ""Verse 3"",
      ""location"": ""ሰማያት"",
      ""action"": ""ውስተ፡ሰማያት፨ወርኢዎሙ፡"",
      ""actorsInvolved"": [""ወርኢዎሙ""]
    },
    {
      ""title"": ""Verse 4"",
      ""location"": null,
      ""action"": ""ለውሉዶሙ፡ለመላእት፡"",
      ""actorsInvolved"": [""ለውሉዶሙ"", ""ለመላእት""]
    },
    {
      ""title"": ""Verse 5"",
      ""location"": null,
      ""action"": ""ቅዱሳን፡ይይዱ፡ዲ፡ላህ፡"",
      ""actorsInvolved"": []
    },
    {
      ""title"": ""Verse 6"",
      ""location"": null,
      ""action"": ""እሳት፡ወልባሶሙ፡ፀዐዳ፡"",
      ""actorsInvolved"": [""እሳት""]
    },
    {
      ""title"": ""Verse 7"",
      ""location"": null,
      ""action"": ""ወዐጽፎሙ፡ወብሩሃነ፡ገጾሙ፡"",
      ""actorsInvolved"": [""ወብሩሃነ"", ""ገጾሙ""]
    },
    {
      ""title"": ""Verse 8"",
      ""location"": null,
      ""action"": ""መ፡ረድ፨"",
      ""actorsInvolved"": []
    },
    {
      ""title"": ""Verse 9"",
      ""location"": null,
      ""action"": ""ወርኢኩ፡ልተ፡ፍላገ፡እሳት፡"",
      ""actorsInvolved"": [""ወርኢኩ"", ""እሳት""]
    },
    {
      ""title"": ""Verse 10"",
      ""location"": null,
      ""action"": ""ወብርሃነ፡ዝኩ፡እሳት፡መ፡"",
      ""actorsInvolved"": [""ወብርሃነ"", ""እሳት""]
    },
    {
      ""title"": ""Verse 11"",
      ""location"": null,
      ""action"": ""ያንት፡ያርህ።ወወደቁ፡ገጽየ፡"",
      ""actorsInvolved"": []
    },
    {
      ""title"": ""Verse 12"",
      ""location"": null,
      ""action"": ""ቅድመ፡እግዚ፡መንፈሳት፨"",
      ""actorsInvolved"": [""እግዚ""]
    }
  ],
  ""blocking"": {
    ""anchors"": [],
    ""paths"": []
  }
}
```"
71,segment_003,segment,DONE,C:\Users\sasch\visionexe\stories\template\filmsets\story_071\segment_003\segment.txt,"```json
{
  ""actors"": [],
  ""props"": [],
  ""environments"": [],
  ""scenes"": [],
  ""blocking"": {
    ""anchors"": [],
    ""paths"": []
  }
}
```"
71,segment_004,segment,DONE,C:\Users\sasch\visionexe\stories\template\filmsets\story_071\segment_004\segment.txt,"```json
{
  ""actors"": [
    {
      ""name"": ""ወርየኒ"",
      ""visualTraits"": [""divine""],
      ""changes"": null,
      ""role"": ""deity""
    },
    {
      ""name"": ""ኅቡተ"",
      ""visualTraits"": [""human""],
      ""changes"": null,
      ""role"": ""congregation""
    }
  ],
  ""props"": [],
  ""environments"": [],
  ""scenes"": [
    {
      ""title"": ""Chapter 71 Segment 4"",
      ""location"": null,
      ""action"": ""Litany recitation"",
      ""actorsInvolved"": [""ወርየኒ"", ""ኅቡተ""]
    }
  ],
  ""blocking"": {
    ""anchors"": [],
    ""paths"": []
  }
}
```"
71,segment_005,segment,DONE,C:\Users\sasch\visionexe\stories\template\filmsets\story_071\segment_005\segment.txt,"```json
{
  ""actors"": [],
  ""props"": [],
  ""environments"": [],
  ""scenes"": [],
  ""blocking"": {
    ""anchors"": [],
    ""paths"": []
  }
}
```
"
71,segment_006,segment,DONE,C:\Users\sasch\visionexe\stories\template\filmsets\story_071\segment_006\segment.txt,"```json
{
  ""actors"": [
    {
      ""name"": ""ወርእየት"",
      ""visualTraits"": null,
      ""changes"": null,
      ""role"": ""unknown""
    },
    {
      ""name"": ""መንፈስየ"",
      ""visualTraits"": null,
      ""changes"": null,
      ""role"": ""unknown""
    },
    {
      ""name"": ""ዘየውዶ"",
      ""visualTraits"": null,
      ""changes"": null,
      ""role"": ""unknown""
    },
    {
      ""name"": ""ወእምርባዕቱ"",
      ""visualTraits"": null,
      ""changes"": null,
      ""role"": ""unknown""
    },
    {
      ""name"": ""ጽናፊሁ"",
      ""visualTraits"": null,
      ""changes"": null,
      ""role"": ""unknown""
    },
    {
      ""name"": ""ወየውድዎ"",
      ""visualTraits"": null,
      ""changes"": null,
      ""role"": ""unknown""
    }
  ],
  ""props"": [
    {
      ""name"": ""እሳት"",
      ""visualTraits"": null,
      ""changes"": null,
      ""role"": ""prop""
    }
  ],
  ""environments"": [
    {
      ""name"": ""ቤት"",
      ""visualTraits"": null,
      ""changes"": null,
      ""role"": ""environment""
    }
  ],
  ""scenes"": [
    {
      ""title"": ""Line 1"",
      ""location"": ""unknown"",
      ""action"": ""unknown"",
      ""actorsInvolved"": [""ወርእየት"", ""መንፈስየ""]
    },
    {
      ""title"": ""Line 2"",
      ""location"": ""ቤት"",
      ""action"": ""house"",
      ""actorsInvolved"": [""ዘየውዶ""]
    },
    {
      ""title"": ""Line 3"",
      ""location"": ""fire"",
      ""action"": ""fire"",
      ""actorsInvolved"": [""ወእምርባዕቱ""]
    },
    {
      ""title"": ""Line 4"",
      ""location"": ""unknown"",
      ""action"": ""desire"",
      ""actorsInvolved"": [""ጽናፊሁ""]
    },
    {
      ""title"": ""Line 5"",
      ""location"": ""fire"",
      ""action"": ""fire"",
      ""actorsInvolved"": []
    },
    {
      ""title"": ""Line 6"",
      ""location"": ""ቤት"",
      ""action"": ""house"",
      ""actorsInvolved"": [""ወየውድዎ""]
    }
  ],
  ""blocking"": {
    ""anchors"": [
      {
        ""id"": ""anchor1"",
        ""description"": ""house""
      },
      {
        ""id"": ""anchor2"",
        ""description"": ""fire""
      }
    ],
    ""paths"": []
  }
}
```"
71,segment_007,segment,DONE,C:\Users\sasch\visionexe\stories\template\filmsets\story_071\segment_007\segment.txt,"```json
{
  ""actors"": [
    {""name"": ""ወውዶ"", ""visualTraits"": null, ""changes"": null, ""role"": ""character""},
    {""name"": ""ሱራፌን"", ""visualTraits"": null, ""changes"": null, ""role"": ""character""},
    {""name"": ""ወሩቤን"", ""visualTraits"": null, ""changes"": null, ""role"": ""character""},
    {""name"": ""ወኦፍኒን"", ""visualTraits"": null, ""changes"": null, ""role"": ""character""},
    {""name"": ""ወእሉ"", ""visualTraits"": null, ""changes"": null, ""role"": ""character""},
    {""name"": ""እሙንቱ"", ""visualTraits"": null, ""changes"": null, ""role"": ""character""},
    {""name"": ""እለ"", ""visualTraits"": null, ""changes"": null, ""role"": ""character""},
    {""name"": ""ኢይነውሙ"", ""visualTraits"": null, ""changes"": null, ""role"": ""character""},
    {""name"": ""ወየዐቅቡ"", ""visualTraits"": null, ""changes"": null, ""role"": ""character""},
    {""name"": ""መንረ"", ""visualTraits"": null, ""changes"": null, ""role"": ""character""},
    {""name"": ""ስብሐተ"", ""visualTraits"": null, ""changes"": null, ""role"": ""character""},
    {""name"": ""ዚሁ"", ""visualTraits"": null, ""changes"": null, ""role"": ""character""}
  ],
  ""props"": [],
  ""environments"": [],
  ""scenes"": [
    {
      ""title"": ""Segment 7 - Line 1"",
      ""location"": null,
      ""action"": null,
      ""actorsInvolved"": [""ወውዶ"", ""ሱራፌን"", ""ወሩቤን""]
    },
    {
      ""title"": ""Segment 7 - Line 2"",
      ""location"": null,
      ""action"": null,
      ""actorsInvolved"": [""ወኦፍኒን"", ""ወእሉ"", ""እሙንቱ"", ""እለ""]
    },
    {
      ""title"": ""Segment 7 - Line 3"",
      ""location"": null,
      ""action"": null,
      ""actorsInvolved"": [""ኢይነውሙ"", ""ወየዐቅቡ"", ""መንረ""]
    },
    {
      ""title"": ""Segment 7 - Line 4"",
      ""location"": null,
      ""action"": null,
      ""actorsInvolved"": [""ስብሐተ"", ""ዚሁ""]
    }
  ],
  ""blocking"": {
    ""anchors"": [],
    ""paths"": []
  }
}
```"
71,segment_008,segment,DONE,C:\Users\sasch\visionexe\stories\template\filmsets\story_071\segment_008\segment.txt,"```json
{
  ""actors"": [
    {
      ""name"": ""ወሚኤል"",
      ""visualTraits"": null,
      ""changes"": null,
      ""role"": ""unknown""
    },
    {
      ""name"": ""ወፋኑኤል"",
      ""visualTraits"": null,
      ""changes"": null,
      ""role"": ""unknown""
    },
    {
      ""name"": ""ወመላእት"",
      ""visualTraits"": null,
      ""changes"": null,
      ""role"": ""unknown""
    },
    {
      ""name"": ""ቅዱ"",
      ""visualTraits"": null,
      ""changes"": null,
      ""role"": ""unknown""
    },
    {
      ""name"": ""ሳን"",
      ""visualTraits"": null,
      ""changes"": null,
      ""role"": ""unknown""
    },
    {
      ""name"": ""ሳማያት"",
      ""visualTraits"": null,
      ""changes"": null,
      ""role"": ""unknown""
    },
    {
      ""name"": ""ውኡ"",
      ""visualTraits"": null,
      ""changes"": null,
      ""role"": ""unknown""
    },
    {
      ""name"": ""ወይወፅኡ"",
      ""visualTraits"": null,
      ""changes"": null,
      ""role"": ""unknown""
    },
    {
      ""name"": ""ውእቱ"",
      ""visualTraits"": null,
      ""changes"": null,
      ""role"": ""unknown""
    }
  ],
  ""props"": [],
  ""environments"": [
    {
      ""name"": ""ቤት"",
      ""visualTraits"": null,
      ""changes"": null,
      ""role"": ""setting""
    }
  ],
  ""scenes"": [
    {
      ""title"": ""Scene 1"",
      ""location"": null,
      ""action"": null,
      ""actorsInvolved"": null
    },
    {
      ""title"": ""Scene 2"",
      ""location"": null,
      ""action"": null,
      ""actorsInvolved"": null
    },
    {
      ""title"": ""Scene 3"",
      ""location"": null,
      ""action"": null,
      ""actorsInvolved"": null
    },
    {
      ""title"": ""Scene 4"",
      ""location"": ""ቤት"",
      ""action"": null,
      ""actorsInvolved"": [""ወሚኤል""]
    },
    {
      ""title"": ""Scene 5"",
      ""location"": null,
      ""action"": null,
      ""actorsInvolved"": [""ወፋኑኤል"", ""ወመላእት"", ""ቅዱ""]
    },
    {
      ""title"": ""Scene 6"",
      ""location"": null,
      ""action"": null,
      ""actorsInvolved"": [""ሳን"", ""ሳማያት""]
    },
    {
      ""title"": ""Scene 7"",
      ""location"": ""ቤት"",
      ""action"": null,
      ""actorsInvolved"": [""ውኡ"", ""ወይወፅኡ"", ""ውእቱ""]
    }
  ],
  ""blocking"": {
    ""anchors"": [
      {
        ""id"": ""A1"",
        ""description"": ""house""
      }
    ],
    ""paths"": []
  }
}
```"
71,segment_009,segment,DONE,C:\Users\sasch\visionexe\stories\template\filmsets\story_071\segment_009\segment.txt,"```json
{
  ""actors"": [
    {""name"": ""ሚኤል"", ""visualTraits"": null, ""changes"": null, ""role"": null},
    {""name"": ""ወገብሤል"", ""visualTraits"": null, ""changes"": null, ""role"": null},
    {""name"": ""ወሩፋኤ"", ""visualTraits"": null, ""changes"": null, ""role"": null},
    {""name"": ""ል"", ""visualTraits"": null, ""changes"": null, ""role"": null},
    {""name"": ""ወብዙኃን"", ""visualTraits"": null, ""changes"": null, ""role"": null},
    {""name"": ""ቅዱሳን"", ""visualTraits"": null, ""changes"": null, ""role"": null},
    {""name"": ""መላእት"", ""visualTraits"": null, ""changes"": null, ""role"": null},
    {""name"": ""እለ"", ""visualTraits"": null, ""changes"": null, ""role"": null},
    {""name"": ""ልቦሙ"", ""visualTraits"": null, ""changes"": null, ""role"": null},
    {""name"": ""ልቈ"", ""visualTraits"": null, ""changes"": null, ""role"": null}
  ],
  ""props"": [],
  ""environments"": [],
  ""scenes"": [],
  ""blocking"": {
    ""anchors"": [],
    ""paths"": []
  }
}
```"
71,segment_010,segment,DONE,C:\Users\sasch\visionexe\stories\template\filmsets\story_071\segment_010\segment.txt,"```json
{
  ""actors"": [],
  ""props"": [],
  ""environments"": [],
  ""scenes"": [],
  ""blocking"": {
    ""anchors"": [],
    ""paths"": []
  }
}
```"
71,segment_011,segment,DONE,C:\Users\sasch\visionexe\stories\template\filmsets\story_071\segment_011\segment.txt,"```json
{
  ""actors"": [],
  ""props"": [],
  ""environments"": [],
  ""scenes"": [],
  ""blocking"": {
    ""anchors"": [],
    ""paths"": []
  }
}
```
"
71,segment_012,segment,DONE,C:\Users\sasch\visionexe\stories\template\filmsets\story_071\segment_012\segment.txt,"{
  ""actors"": [],
  ""props"": [],
  ""environments"": [],
  ""scenes"": [],
  ""blocking"": {
    ""anchors"": [],
    ""paths"": []
  }
}"
71,segment_013,segment,DONE,C:\Users\sasch\visionexe\stories\template\filmsets\story_071\segment_013\segment.txt,"{
  ""actors"": [
    {
      ""name"": ""ወመጽ፡ውእቱ፡ርእሰ፡መዋዕል፡"",
      ""visualTraits"": null,
      ""changes"": null,
      ""role"": null
    },
    {
      ""name"": ""ምስለ፡ሚኤል፡ወሩፋኤል፡"",
      ""visualTraits"": null,
      ""changes"": null,
      ""role"": null
    },
    {
      ""name"": ""ወገብርኤል፡ወፋኑኤል፡እላፍ፡"",
      ""visualTraits"": null,
      ""changes"": null,
      ""role"": null
    },
    {
      ""name"": ""ወትእልፊተ፡መላእት፡እለ፡"",
      ""visualTraits"": null,
      ""changes"": null,
      ""role"": null
    },
    {
      ""name"": ""ልቦሙ፡ልቈ፨"",
      ""visualTraits"": null,
      ""changes"": null,
      ""role"": null
    }
  ],
  ""props"": [],
  ""environments"": [],
  ""scenes"": [],
  ""blocking"": {
    ""anchors"": [],
    ""paths"": []
  }
}"
71,segment_014,segment,DONE,C:\Users\sasch\visionexe\stories\template\filmsets\story_071\segment_014\segment.txt,"```json
{
  ""actors"": [
    {""name"":""ወመጽ"",""visualTraits"":""unknown"",""changes"":""none"",""role"":""unknown""},
    {""name"":""ኀቤየ"",""visualTraits"":""unknown"",""changes"":""none"",""role"":""unknown""},
    {""name"":""ውእቱ"",""visualTraits"":""unknown"",""changes"":""none"",""role"":""unknown""},
    {""name"":""መል"",""visualTraits"":""unknown"",""changes"":""none"",""role"":""unknown""},
    {""name"":""ወቃሉ"",""visualTraits"":""unknown"",""changes"":""none"",""role"":""unknown""},
    {""name"":""ምኃኒ"",""visualTraits"":""unknown"",""changes"":""none"",""role"":""unknown""},
    {""name"":""ወይቤለኒ"",""visualTraits"":""unknown"",""changes"":""none"",""role"":""unknown""},
    {""name"":""ንተ"",""visualTraits"":""unknown"",""changes"":""none"",""role"":""unknown""},
    {""name"":""ወልደ"",""visualTraits"":""unknown"",""changes"":""none"",""role"":""unknown""},
    {""name"":""ብእሲ"",""visualTraits"":""unknown"",""changes"":""none"",""role"":""unknown""},
    {""name"":""ዘተወለድ"",""visualTraits"":""unknown"",""changes"":""none"",""role"":""unknown""},
    {""name"":""ለጽድቅ"",""visualTraits"":""unknown"",""changes"":""none"",""role"":""unknown""},
    {""name"":""ወጽድቅ"",""visualTraits"":""unknown"",""changes"":""none"",""role"":""unknown""},
    {""name"":""ላዕሌ"",""visualTraits"":""unknown"",""changes"":""none"",""role"":""unknown""},
    {""name"":""ኀደረ"",""visualTraits"":""unknown"",""changes"":""none"",""role"":""unknown""},
    {""name"":""ወጽድቁ"",""visualTraits"":""unknown"",""changes"":""none"",""role"":""unknown""},
    {""name"":""ለርእሰ"",""visualTraits"":""unknown"",""changes"":""none"",""role"":""unknown""},
    {""name"":""መዋዕል"",""visualTraits"":""unknown"",""changes"":""none"",""role"":""unknown""},
    {""name"":""ኢየኀድገ"",""visualTraits"":""unknown"",""changes"":""none"",""role"":""unknown""}
  ],
  ""props"": [],
  ""environments"": [],
  ""scenes"": [
    {""title"":""Scene 1"",""location"":""unknown"",""action"":""unknown"",""actorsInvolved"":""unknown""},
    {""title"":""Scene 2"",""location"":""unknown"",""action"":""unknown"",""actorsInvolved"":""unknown""},
    {""title"":""Scene 3"",""location"":""unknown"",""action"":""unknown"",""actorsInvolved"":""unknown""},
    {""title"":""Scene 4"",""location"":""unknown"",""action"":""unknown"",""actorsInvolved"":""unknown""},
    {""title"":""Scene 5"",""location"":""unknown"",""action"":""unknown"",""actorsInvolved"":""unknown""},
    {""title"":""Scene 6"",""location"":""unknown"",""action"":""unknown"",""actorsInvolved"":""unknown""}
  ],
  ""blocking"": {
    ""anchors"": [],
    ""paths"": []
  }
}
```"
71,segment_015,segment,DONE,C:\Users\sasch\visionexe\stories\template\filmsets\story_071\segment_015\segment.txt,"```json
{
  ""actors"": [],
  ""props"": [],
  ""environments"": [],
  ""scenes"": [],
  ""blocking"": {
    ""anchors"": [],
    ""paths"": []
  }
}
```"
71,segment_016,segment,DONE,C:\Users\sasch\visionexe\stories\template\filmsets\story_071\segment_016\segment.txt,"```json
{
  ""actors"": [],
  ""props"": [],
  ""environments"": [],
  ""scenes"": [
    {
      ""title"": ""Chapter 71 Segment 16"",
      ""location"": null,
      ""action"": null,
      ""actorsInvolved"": []
    }
  ],
  ""blocking"": {
    ""anchors"": [],
    ""paths"": []
  }
}
```"
71,segment_017,segment,DONE,C:\Users\sasch\visionexe\stories\template\filmsets\story_071\segment_017\segment.txt,"```json
{
  ""actors"": [],
  ""props"": [],
  ""environments"": [],
  ""scenes"": [],
  ""blocking"": {
    ""anchors"": [],
    ""paths"": []
  }
}
```"
72,segment_001,segment,DONE,C:\Users\sasch\visionexe\stories\template\filmsets\story_072\segment_001\segment.txt,"```json
{
  ""actors"": [
    {
      ""name"": ""Uriel"",
      ""visualTraits"": ""unknown"",
      ""changes"": ""unknown"",
      ""role"": ""angel""
    }
  ],
  ""props"": [
    {
      ""name"": ""Book"",
      ""visualTraits"": ""unknown"",
      ""changes"": ""unknown"",
      ""role"": ""source of knowledge""
    }
  ],
  ""environments"": [
    {
      ""name"": ""Sky"",
      ""visualTraits"": ""unknown"",
      ""changes"": ""unknown"",
      ""role"": ""background""
    },
    {
      ""name"": ""World"",
      ""visualTraits"": ""unknown"",
      ""changes"": ""unknown"",
      ""role"": ""background""
    },
    {
      ""name"": ""Light"",
      ""visualTraits"": ""unknown"",
      ""changes"": ""unknown"",
      ""role"": ""background""
    }
  ],
  ""scenes"": [],
  ""blocking"": {
    ""anchors"": [],
    ""paths"": []
  }
}
```"
72,segment_003,segment,DONE,C:\Users\sasch\visionexe\stories\template\filmsets\story_072\segment_003\segment.txt,"```json
{
  ""actors"": [],
  ""props"": [],
  ""environments"": [
    {
      ""name"": ""ሰማይ"",
      ""visualTraits"": null,
      ""changes"": null,
      ""role"": ""environment""
    },
    {
      ""name"": ""ፀሐይ"",
      ""visualTraits"": null,
      ""changes"": null,
      ""role"": ""environment""
    }
  ],
  ""scenes"": [],
  ""blocking"": {
    ""anchors"": [],
    ""paths"": []
  }
}
```
"
72,segment_004,segment,DONE,C:\Users\sasch\visionexe\stories\template\filmsets\story_072\segment_004\segment.txt,"```json
{
  ""actors"": [
    {
      ""name"": ""ፀሐይ"",
      ""visualTraits"": [""radiant"", ""glowing""],
      ""changes"": null,
      ""role"": ""celestial body""
    },
    {
      ""name"": ""ሰማይ"",
      ""visualTraits"": [""expansive"", ""blue""],
      ""changes"": null,
      ""role"": ""celestial body""
    }
  ],
  ""props"": [
    {
      ""name"": ""እሳተ"",
      ""visualTraits"": [""burning"", ""flaming""],
      ""changes"": null,
      ""role"": ""natural element""
    }
  ],
  ""environments"": [
    {
      ""name"": ""ወቀዳሚ"",
      ""visualTraits"": [""first light"", ""dawn""],
      ""changes"": null,
      ""role"": ""time of day""
    }
  ],
  ""scenes"": [
    {
      ""title"": ""Line 1"",
      ""location"": ""ወቀዳሚ"",
      ""action"": ""The dawn is described as a source of light."",
      ""actorsInvolved"": []
    },
    {
      ""title"": ""Line 2"",
      ""location"": ""ወቀዳሚ"",
      ""action"": ""The sun rises and shines."",
      ""actorsInvolved"": [""ፀሐይ""]
    },
    {
      ""title"": ""Line 3"",
      ""location"": ""ሰማይ"",
      ""action"": ""The sky is mentioned, implying its presence."",
      ""actorsInvolved"": [""ሰማይ""]
    },
    {
      ""title"": ""Line 4"",
      ""location"": ""ወቀዳሚ"",
      ""action"": ""The world is described as full of fire."",
      ""actorsInvolved"": [""እሳተ""]
    },
    {
      ""title"": ""Line 5"",
      ""location"": ""ወቀዳሚ"",
      ""action"": ""A concluding statement about the dawn."",
      ""actorsInvolved"": []
    }
  ],
  ""blocking"": {
    ""anchors"": [],
    ""paths"": []
  }
}
```"
72,segment_005,segment,DONE,C:\Users\sasch\visionexe\stories\template\filmsets\story_072\segment_005\segment.txt,"```json
{
  ""actors"": [],
  ""props"": [],
  ""environments"": [
    {
      ""name"": ""sky"",
      ""visualTraits"": null,
      ""changes"": null,
      ""role"": ""setting""
    },
    {
      ""name"": ""sun"",
      ""visualTraits"": null,
      ""changes"": null,
      ""role"": ""light source""
    }
  ],
  ""scenes"": [
    {
      ""title"": ""Chapter 72 Segment 5"",
      ""location"": null,
      ""action"": ""Poetic recitation"",
      ""actorsInvolved"": []
    }
  ],
  ""blocking"": {
    ""anchors"": [],
    ""paths"": []
  }
}
```"
72,segment_006,segment,DONE,C:\Users\sasch\visionexe\stories\template\filmsets\story_072\segment_006\segment.txt,"```json
{
  ""actors"": [],
  ""props"": [],
  ""environments"": [
    {
      ""name"": ""ወርኅ"",
      ""visualTraits"": null,
      ""changes"": null,
      ""role"": ""source of light""
    },
    {
      ""name"": ""ቀዳማዊ"",
      ""visualTraits"": null,
      ""changes"": null,
      ""role"": ""time of day""
    },
    {
      ""name"": ""ዐባይ"",
      ""visualTraits"": null,
      ""changes"": null,
      ""role"": ""sky""
    },
    {
      ""name"": ""ፀሐይ"",
      ""visualTraits"": null,
      ""changes"": null,
      ""role"": ""sun""
    }
  ],
  ""scenes"": [],
  ""blocking"": {
    ""anchors"": [],
    ""paths"": []
  }
}
```"
72,segment_007,segment,DONE,C:\Users\sasch\visionexe\stories\template\filmsets\story_072\segment_007\segment.txt,"```json
{
  ""actors"": [],
  ""props"": [],
  ""environments"": [],
  ""scenes"": [],
  ""blocking"": {
    ""anchors"": [],
    ""paths"": []
  }
}
```"
72,segment_008,segment,DONE,C:\Users\sasch\visionexe\stories\template\filmsets\story_072\segment_008\segment.txt,"{
  ""actors"": [
    {
      ""name"": ""ሶ፡ይሠርቅ"",
      ""visualTraits"": null,
      ""changes"": null,
      ""role"": ""unknown""
    },
    {
      ""name"": ""እምሰማይ"",
      ""visualTraits"": null,
      ""changes"": null,
      ""role"": ""unknown""
    },
    {
      ""name"": ""ምዕራ፡ሰማይ"",
      ""visualTraits"": null,
      ""changes"": null,
      ""role"": ""unknown""
    },
    {
      ""name"": ""ርቱዐ"",
      ""visualTraits"": null,
      ""changes"": null,
      ""role"": ""unknown""
    }
  ],
  ""props"": [],
  ""environments"": [
    {
      ""name"": ""ፀሐይ"",
      ""visualTraits"": ""bright"",
      ""changes"": null,
      ""role"": ""natural""
    }
  ],
  ""scenes"": [
    {
      ""title"": ""Chapter 72 Segment 8"",
      ""location"": ""unknown"",
      ""action"": ""unknown"",
      ""actorsInvolved"": [
        ""ሶ፡ይሠርቅ"",
        ""እምሰማይ"",
        ""ምዕራ፡ሰማይ"",
        ""ርቱዐ""
      ]
    }
  ],
  ""blocking"": {
    ""anchors"": [],
    ""paths"": []
  }
}"
72,segment_009,segment,DONE,C:\Users\sasch\visionexe\stories\template\filmsets\story_072\segment_009\segment.txt,"```json
{
  ""actors"": [
    {
      ""name"": ""ወእማንቱ"",
      ""visualTraits"": null,
      ""changes"": null,
      ""role"": null
    },
    {
      ""name"": ""መዋዕል"",
      ""visualTraits"": null,
      ""changes"": null,
      ""role"": null
    },
    {
      ""name"": ""ትነውኅ"",
      ""visualTraits"": null,
      ""changes"": null,
      ""role"": null
    },
    {
      ""name"": ""ወተሕፅር"",
      ""visualTraits"": null,
      ""changes"": null,
      ""role"": null
    },
    {
      ""name"": ""እምዕለት"",
      ""visualTraits"": null,
      ""changes"": null,
      ""role"": null
    },
    {
      ""name"": ""እምሌሊት"",
      ""visualTraits"": null,
      ""changes"": null,
      ""role"": null
    },
    {
      ""name"": ""፴ጽባሕ"",
      ""visualTraits"": null,
      ""changes"": null,
      ""role"": null
    },
    {
      ""name"": ""እስ"",
      ""visualTraits"": null,
      ""changes"": null,
      ""role"": null
    }
  ],
  ""props"": [],
  ""environments"": [
    {
      ""name"": ""ዕለት"",
      ""visualTraits"": null,
      ""changes"": null,
      ""role"": null
    },
    {
      ""name"": ""ሌሊት"",
      ""visualTraits"": null,
      ""changes"": null,
      ""role"": null
    }
  ],
  ""scenes"": [
    {
      ""title"": ""Beat 1"",
      ""location"": null,
      ""action"": null,
      ""actorsInvolved"": [""ወእማንቱ"", ""መዋዕል"", ""ትነውኅ""]
    },
    {
      ""title"": ""Beat 2"",
      ""location"": ""ዕለት"",
      ""action"": null,
      ""actorsInvolved"": [""እምዕለት"", ""ወተሕፅር""]
    },
    {
      ""title"": ""Beat 3"",
      ""location"": ""ሌሊት"",
      ""action"": null,
      ""actorsInvolved"": [""እምሌሊት"", ""እስ""]
    },
    {
      ""title"": ""Beat 4"",
      ""location"": null,
      ""action"": null,
      ""actorsInvolved"": [""፴ጽባሕ""]
    }
  ],
  ""blocking"": {
    ""anchors"": [],
    ""paths"": []
  }
}
```"
72,segment_010,segment,DONE,C:\Users\sasch\visionexe\stories\template\filmsets\story_072\segment_010\segment.txt,"```json
{
  ""actors"": [
    {
      ""name"": ""ውእቱ"",
      ""visualTraits"": null,
      ""changes"": null,
      ""role"": ""unknown""
    },
    {
      ""name"": ""ትነውኅ"",
      ""visualTraits"": null,
      ""changes"": null,
      ""role"": ""unknown""
    },
    {
      ""name"": ""ዕተ"",
      ""visualTraits"": null,
      ""changes"": null,
      ""role"": ""unknown""
    },
    {
      ""name"": ""እምሌሊት"",
      ""visualTraits"": null,
      ""changes"": null,
      ""role"": ""unknown""
    },
    {
      ""name"": ""ዋትውን"",
      ""visualTraits"": null,
      ""changes"": null,
      ""role"": ""unknown""
    },
    {
      ""name"": ""ጥንቁቀ"",
      ""visualTraits"": null,
      ""changes"": null,
      ""role"": ""unknown""
    },
    {
      ""name"": ""ዐሠርተ"",
      ""visualTraits"": null,
      ""changes"": null,
      ""role"": ""unknown""
    },
    {
      ""name"": ""ፍለ፨ወትውን"",
      ""visualTraits"": null,
      ""changes"": null,
      ""role"": ""unknown""
    },
    {
      ""name"": ""ሰመንተ"",
      ""visualTraits"": null,
      ""changes"": null,
      ""role"": ""unknown""
    },
    {
      ""name"": ""ፍለ"",
      ""visualTraits"": null,
      ""changes"": null,
      ""role"": ""unknown""
    }
  ],
  ""props"": [],
  ""environments"": [
    {
      ""name"": ""ዕለት"",
      ""visualTraits"": null,
      ""changes"": null,
      ""role"": ""time of day""
    },
    {
      ""name"": ""ሌሊት"",
      ""visualTraits"": null,
      ""changes"": null,
      ""role"": ""time of day""
    }
  ],
  ""scenes"": [],
  ""blocking"": {
    ""anchors"": [],
    ""paths"": []
  }
}
```"
72,segment_011,segment,DONE,C:\Users\sasch\visionexe\stories\template\filmsets\story_072\segment_011\segment.txt,"{
  ""actors"": [],
  ""props"": [],
  ""environments"": [
    {
      ""name"": ""ፀሐይ"",
      ""visualTraits"": null,
      ""changes"": null,
      ""role"": ""environment""
    },
    {
      ""name"": ""ወየዐርብ"",
      ""visualTraits"": null,
      ""changes"": null,
      ""role"": ""environment""
    },
    {
      ""name"": ""ውስተ፡ኀምስ"",
      ""visualTraits"": null,
      ""changes"": null,
      ""role"": ""environment""
    }
  ],
  ""scenes"": [
    {
      ""title"": ""Chapter 72 Segment 11"",
      ""location"": ""unknown"",
      ""action"": ""unknown"",
      ""actorsInvolved"": ""unknown""
    }
  ],
  ""blocking"": {
    ""anchors"": [],
    ""paths"": []
  }
}"
72,segment_012,segment,DONE,C:\Users\sasch\visionexe\stories\template\filmsets\story_072\segment_012\segment.txt,"{
  ""actors"": [],
  ""props"": [],
  ""environments"": [],
  ""scenes"": [],
  ""blocking"": {
    ""anchors"": [],
    ""paths"": []
  }
}"
72,segment_013,segment,DONE,C:\Users\sasch\visionexe\stories\template\filmsets\story_072\segment_013\segment.txt,"```json
{
  ""actors"": [],
  ""props"": [],
  ""environments"": [],
  ""scenes"": [],
  ""blocking"": {
    ""anchors"": [],
    ""paths"": []
  }
}
```
"
72,segment_014,segment,DONE,C:\Users\sasch\visionexe\stories\template\filmsets\story_072\segment_014\segment.txt,"```json
{
  ""actors"": [],
  ""props"": [],
  ""environments"": [],
  ""scenes"": [],
  ""blocking"": {
    ""anchors"": [],
    ""paths"": []
  }
}
```"
72,segment_015,segment,DONE,C:\Users\sasch\visionexe\stories\template\filmsets\story_072\segment_015\segment.txt,"```json
{
  ""actors"": [
    {
      ""name"": ""Sun"",
      ""visualTraits"": ""bright"",
      ""changes"": null,
      ""role"": ""natural element""
    }
  ],
  ""props"": [
    {
      ""name"": ""Book"",
      ""visualTraits"": ""unknown"",
      ""changes"": null,
      ""role"": ""textual object""
    }
  ],
  ""environments"": [
    {
      ""name"": ""Day"",
      ""visualTraits"": ""bright"",
      ""changes"": null,
      ""role"": ""time of day""
    },
    {
      ""name"": ""Night"",
      ""visualTraits"": ""dark"",
      ""changes"": null,
      ""role"": ""time of day""
    }
  ],
  ""scenes"": [
    {
      ""title"": ""Chapter 72 Segment 15"",
      ""location"": ""unknown"",
      ""action"": ""unknown"",
      ""actorsInvolved"": [""Sun""]
    }
  ],
  ""blocking"": {
    ""anchors"": [],
    ""paths"": []
  }
}
```"
72,segment_016,segment,DONE,C:\Users\sasch\visionexe\stories\template\filmsets\story_072\segment_016\segment.txt,"```json
{
  ""actors"": [
    {
      ""name"": ""፳ራኤል"",
      ""visualTraits"": null,
      ""changes"": [],
      ""role"": ""unknown""
    },
    {
      ""name"": ""ወሶ፡ተፈጸመ"",
      ""visualTraits"": null,
      ""changes"": [],
      ""role"": ""unknown""
    },
    {
      ""name"": ""ዐሠርተ"",
      ""visualTraits"": null,
      ""changes"": [],
      ""role"": ""unknown""
    },
    {
      ""name"": ""ወሐደ"",
      ""visualTraits"": null,
      ""changes"": [],
      ""role"": ""unknown""
    },
    {
      ""name"": ""ሰብዐተ"",
      ""visualTraits"": null,
      ""changes"": [],
      ""role"": ""unknown""
    }
  ],
  ""props"": [],
  ""environments"": [],
  ""scenes"": [
    {
      ""title"": ""Chapter 72 Segment 16"",
      ""location"": ""unknown"",
      ""action"": ""unknown"",
      ""actorsInvolved"": [
        ""፳ራኤል"",
        ""ወሶ፡ተፈጸመ"",
        ""ዐሠርተ"",
        ""ወሐደ"",
        ""ሰብዐተ""
      ]
    }
  ],
  ""blocking"": {
    ""anchors"": [],
    ""paths"": []
  }
}
```"
72,segment_017,segment,DONE,C:\Users\sasch\visionexe\stories\template\filmsets\story_072\segment_017\segment.txt,"```json
{
  ""actors"": [],
  ""props"": [],
  ""environments"": [],
  ""scenes"": [],
  ""blocking"": {
    ""anchors"": [],
    ""paths"": []
  }
}
```"
72,segment_018,segment,DONE,C:\Users\sasch\visionexe\stories\template\filmsets\story_072\segment_018\segment.txt,"{""actors"":[],""props"":[],""environments"":[],""scenes"":[],""blocking"":{""anchors"":[],""paths"":[]}}"
72,segment_019,segment,DONE,C:\Users\sasch\visionexe\stories\template\filmsets\story_072\segment_019\segment.txt,"```json
{
  ""actors"": [],
  ""props"": [
    {
      ""name"": ""Sun"",
      ""visualTraits"": [],
      ""changes"": null,
      ""role"": ""light source""
    }
  ],
  ""environments"": [
    {
      ""name"": ""West"",
      ""visualTraits"": [],
      ""changes"": null,
      ""role"": ""direction""
    }
  ],
  ""scenes"": [
    {
      ""title"": ""Sun and West Chant"",
      ""location"": ""West"",
      ""action"": ""Chanting about the sun and west"",
      ""actorsInvolved"": []
    }
  ],
  ""blocking"": {
    ""anchors"": [
      {
        ""id"": ""west"",
        ""description"": ""West direction""
      }
    ],
    ""paths"": []
  }
}
```"
72,segment_020,segment,DONE,C:\Users\sasch\visionexe\stories\template\filmsets\story_072\segment_020\segment.txt,"```json
{
  ""actors"": [],
  ""props"": [],
  ""environments"": [],
  ""scenes"": [],
  ""blocking"": {
    ""anchors"": [],
    ""paths"": []
  }
}
```"
72,segment_021,segment,DONE,C:\Users\sasch\visionexe\stories\template\filmsets\story_072\segment_021\segment.txt,"```json
{
  ""actors"": [],
  ""props"": [
    {
      ""name"": ""ፀሐይ"",
      ""visualTraits"": [""luminous"", ""bright""],
      ""changes"": null,
      ""role"": ""celestial body""
    },
    {
      ""name"": ""እምይ"",
      ""visualTraits"": [""luminous"", ""bright""],
      ""changes"": null,
      ""role"": ""celestial body""
    },
    {
      ""name"": ""ጽባሕ"",
      ""visualTraits"": [""luminous"", ""bright""],
      ""changes"": null,
      ""role"": ""celestial body""
    }
  ],
  ""environments"": [],
  ""scenes"": [
    {
      ""title"": ""Chant of celestial bodies"",
      ""location"": null,
      ""action"": ""chanting"",
      ""actorsInvolved"": []
    }
  ],
  ""blocking"": {
    ""anchors"": [],
    ""paths"": []
  }
}
```"
72,segment_022,segment,DONE,C:\Users\sasch\visionexe\stories\template\filmsets\story_072\segment_022\segment.txt,"```json
{
  ""actors"": [],
  ""props"": [
    {
      ""name"": ""sun"",
      ""visualTraits"": null,
      ""changes"": null,
      ""role"": ""prop""
    }
  ],
  ""environments"": [
    {
      ""name"": ""day"",
      ""visualTraits"": null,
      ""changes"": null,
      ""role"": ""environment""
    },
    {
      ""name"": ""night"",
      ""visualTraits"": null,
      ""changes"": null,
      ""role"": ""environment""
    }
  ],
  ""scenes"": [
    {
      ""title"": ""Day/Night Cycle Chant"",
      ""location"": ""unknown"",
      ""action"": ""chanting about the cycle of day and night"",
      ""actorsInvolved"": []
    }
  ],
  ""blocking"": {
    ""anchors"": [],
    ""paths"": []
  }
}
```"
72,segment_023,segment,DONE,C:\Users\sasch\visionexe\stories\template\filmsets\story_072\segment_023\segment.txt,"```json
{
  ""actors"": [],
  ""props"": [],
  ""environments"": [
    {
      ""name"": ""sun"",
      ""visualTraits"": null,
      ""changes"": null,
      ""role"": ""environment""
    },
    {
      ""name"": ""sky"",
      ""visualTraits"": null,
      ""changes"": null,
      ""role"": ""environment""
    },
    {
      ""name"": ""earth"",
      ""visualTraits"": null,
      ""changes"": null,
      ""role"": ""environment""
    }
  ],
  ""scenes"": [
    {
      ""title"": ""Verse 1"",
      ""location"": null,
      ""action"": null,
      ""actorsInvolved"": []
    },
    {
      ""title"": ""Verse 2"",
      ""location"": null,
      ""action"": null,
      ""actorsInvolved"": []
    },
    {
      ""title"": ""Verse 3"",
      ""location"": null,
      ""action"": null,
      ""actorsInvolved"": []
    },
    {
      ""title"": ""Verse 4"",
      ""location"": null,
      ""action"": null,
      ""actorsInvolved"": []
    },
    {
      ""title"": ""Verse 5"",
      ""location"": null,
      ""action"": null,
      ""actorsInvolved"": []
    },
    {
      ""title"": ""Verse 6"",
      ""location"": null,
      ""action"": null,
      ""actorsInvolved"": []
    },
    {
      ""title"": ""Verse 7"",
      ""location"": null,
      ""action"": null,
      ""actorsInvolved"": []
    },
    {
      ""title"": ""Verse 8"",
      ""location"": null,
      ""action"": null,
      ""actorsInvolved"": []
    }
  ],
  ""blocking"": {
    ""anchors"": [],
    ""paths"": []
  }
}
```"
72,segment_024,segment,DONE,C:\Users\sasch\visionexe\stories\template\filmsets\story_072\segment_024\segment.txt,"```json
{
  ""actors"": [],
  ""props"": [],
  ""environments"": [],
  ""scenes"": [],
  ""blocking"": {
    ""anchors"": [],
    ""paths"": []
  }
}
```"
72,segment_025,segment,DONE,C:\Users\sasch\visionexe\stories\template\filmsets\story_072\segment_025\segment.txt,"```json
{
  ""actors"": [
    {
      ""name"": ""Sun"",
      ""visualTraits"": ""bright"",
      ""changes"": null,
      ""role"": ""celestial body""
    },
    {
      ""name"": ""Day"",
      ""visualTraits"": ""bright"",
      ""changes"": null,
      ""role"": ""celestial body""
    },
    {
      ""name"": ""Night"",
      ""visualTraits"": ""dark"",
      ""changes"": null,
      ""role"": ""celestial body""
    },
    {
      ""name"": ""Moon"",
      ""visualTraits"": ""lunar"",
      ""changes"": null,
      ""role"": ""celestial body""
    },
    {
      ""name"": ""Star"",
      ""visualTraits"": ""sparkling"",
      ""changes"": null,
      ""role"": ""celestial body""
    },
    {
      ""name"": ""West"",
      ""visualTraits"": ""directional"",
      ""changes"": null,
      ""role"": ""celestial body""
    },
    {
      ""name"": ""East"",
      ""visualTraits"": ""directional"",
      ""changes"": null,
      ""role"": ""celestial body""
    }
  ],
  ""props"": [],
  ""environments"": [
    {
      ""name"": ""Sky"",
      ""visualTraits"": ""vast"",
      ""changes"": null,
      ""role"": ""environment""
    }
  ],
  ""scenes"": [
    {
      ""title"": ""Line 1"",
      ""location"": ""Sky"",
      ""action"": ""You are the Sun and Day"",
      ""actorsInvolved"": [""Sun"", ""Day""]
    },
    {
      ""title"": ""Line 2"",
      ""location"": ""Sky"",
      ""action"": ""You are the Night, Moon, and Star"",
      ""actorsInvolved"": [""Night"", ""Moon"", ""Star""]
    },
    {
      ""title"": ""Line 3"",
      ""location"": ""Sky"",
      ""action"": ""You are the West, East, and an unspecified entity"",
      ""actorsInvolved"": [""West"", ""East""]
    },
    {
      ""title"": ""Line 4"",
      ""location"": ""Sky"",
      ""action"": ""Star, you are an unspecified entity and East"",
      ""actorsInvolved"": [""Star"", ""East""]
    },
    {
      ""title"": ""Line 5"",
      ""location"": ""Sky"",
      ""action"": ""An unspecified entity, Star, and an unspecified entity"",
      ""actorsInvolved"": [""Star""]
    },
    {
      ""title"": ""Line 6"",
      ""location"": ""Sky"",
      ""action"": ""You are the West and Day"",
      ""actorsInvolved"": [""West"", ""Day""]
    },
    {
      ""title"": ""Line 7"",
      ""location"": ""Sky"",
      ""action"": ""Star and East"",
      ""actorsInvolved"": [""Star"", ""East""]
    },
    {
      ""title"": ""Line 8"",
      ""location"": ""Sky"",
      ""action"": ""Sky itself"",
      ""actorsInvolved"": []
    }
  ],
  ""blocking"": {
    ""anchors"": [
      {
        ""id"": ""sky_center"",
        ""description"": ""Center of the sky""
      }
    ],
    ""paths"": []
  }
}
```"
72,segment_026,segment,DONE,C:\Users\sasch\visionexe\stories\template\filmsets\story_072\segment_026\segment.txt,"```json
{
  ""actors"": [
    {
      ""name"": ""ወይእቲ"",
      ""visualTraits"": null,
      ""changes"": [],
      ""role"": null
    },
    {
      ""name"": ""ትነውኅ"",
      ""visualTraits"": null,
      ""changes"": [],
      ""role"": null
    },
    {
      ""name"": ""ወትውን"",
      ""visualTraits"": null,
      ""changes"": [],
      ""role"": null
    },
    {
      ""name"": ""ዕታ"",
      ""visualTraits"": null,
      ""changes"": [],
      ""role"": null
    },
    {
      ""name"": ""ፍለ"",
      ""visualTraits"": null,
      ""changes"": [],
      ""role"": null
    },
    {
      ""name"": ""ጥንቁቀ"",
      ""visualTraits"": null,
      ""changes"": [],
      ""role"": null
    },
    {
      ""name"": ""ወመዐልት"",
      ""visualTraits"": null,
      ""changes"": [],
      ""role"": null
    },
    {
      ""name"": ""ስዮስተ"",
      ""visualTraits"": null,
      ""changes"": [],
      ""role"": null
    }
  ],
  ""props"": [],
  ""environments"": [
    {
      ""name"": ""ዕለት"",
      ""visualTraits"": null,
      ""changes"": [],
      ""role"": ""time of day""
    },
    {
      ""name"": ""ሌሊት"",
      ""visualTraits"": null,
      ""changes"": [],
      ""role"": ""time of day""
    }
  ],
  ""scenes"": [
    {
      ""title"": ""Beat 1"",
      ""location"": ""Day"",
      ""action"": null,
      ""actorsInvolved"": [""ወይእቲ"", ""ትነውኅ""]
    },
    {
      ""title"": ""Beat 2"",
      ""location"": ""Night"",
      ""action"": null,
      ""actorsInvolved"": [""ወትውን"", ""ዕታ""]
    },
    {
      ""title"": ""Beat 3"",
      ""location"": ""Unknown"",
      ""action"": null,
      ""actorsInvolved"": [""ወትውን""]
    },
    {
      ""title"": ""Beat 4"",
      ""location"": ""Unknown"",
      ""action"": null,
      ""actorsInvolved"": [""ፍለ"", ""ጥንቁቀ"", ""ወመዐልት""]
    },
    {
      ""title"": ""Beat 5"",
      ""location"": ""Unknown"",
      ""action"": null,
      ""actorsInvolved"": [""ስዮስተ"", ""ፍለ""]
    }
  ],
  ""blocking"": {
    ""anchors"": [],
    ""paths"": []
  }
}
```"
72,segment_027,segment,DONE,C:\Users\sasch\visionexe\stories\template\filmsets\story_072\segment_027\segment.txt,"```json
{
  ""actors"": [],
  ""props"": [],
  ""environments"": [
    {
      ""name"": ""Sun"",
      ""visualTraits"": ""bright, glowing"",
      ""changes"": null,
      ""role"": ""environment""
    },
    {
      ""name"": ""West"",
      ""visualTraits"": ""directional, twilight"",
      ""changes"": null,
      ""role"": ""environment""
    },
    {
      ""name"": ""Arab"",
      ""visualTraits"": ""region"",
      ""changes"": null,
      ""role"": ""environment""
    }
  ],
  ""scenes"": [
    {
      ""title"": ""Chapter 72 Segment 27"",
      ""location"": ""unknown"",
      ""action"": ""unknown"",
      ""actorsInvolved"": []
    }
  ],
  ""blocking"": {
    ""anchors"": [],
    ""paths"": []
  }
}
```"
72,segment_028,segment,DONE,C:\Users\sasch\visionexe\stories\template\filmsets\story_072\segment_028\segment.txt,"```json
{
  ""actors"": [],
  ""props"": [],
  ""environments"": [],
  ""scenes"": [
    {
      ""title"": ""Chapter 72 Segment 28"",
      ""location"": null,
      ""action"": null,
      ""actorsInvolved"": []
    }
  ],
  ""blocking"": {
    ""anchors"": [],
    ""paths"": []
  }
}
```"
72,segment_029,segment,DONE,C:\Users\sasch\visionexe\stories\template\filmsets\story_072\segment_029\segment.txt,"```json
{
  ""actors"": [],
  ""props"": [],
  ""environments"": [],
  ""scenes"": [],
  ""blocking"": {
    ""anchors"": [],
    ""paths"": []
  }
}
```"
72,segment_030,segment,DONE,C:\Users\sasch\visionexe\stories\template\filmsets\story_072\segment_030\segment.txt,"```json
{
  ""actors"": [],
  ""props"": [],
  ""environments"": [],
  ""scenes"": [],
  ""blocking"": {
    ""anchors"": [],
    ""paths"": []
  }
}
```"
72,segment_031,segment,DONE,C:\Users\sasch\visionexe\stories\template\filmsets\story_072\segment_031\segment.txt,"```json
{
  ""actors"": [],
  ""props"": [
    {
      ""name"": ""star"",
      ""visualTraits"": null,
      ""changes"": null,
      ""role"": ""celestial object""
    }
  ],
  ""environments"": [
    {
      ""name"": ""day"",
      ""visualTraits"": null,
      ""changes"": null,
      ""role"": ""time of day""
    },
    {
      ""name"": ""sun"",
      ""visualTraits"": null,
      ""changes"": null,
      ""role"": ""celestial body""
    },
    {
      ""name"": ""earth"",
      ""visualTraits"": null,
      ""changes"": null,
      ""role"": ""planetary surface""
    },
    {
      ""name"": ""sky"",
      ""visualTraits"": null,
      ""changes"": null,
      ""role"": ""atmospheric expanse""
    },
    {
      ""name"": ""horizon"",
      ""visualTraits"": null,
      ""changes"": null,
      ""role"": ""boundary line""
    },
    {
      ""name"": ""desert"",
      ""visualTraits"": null,
      ""changes"": null,
      ""role"": ""landscape""
    },
    {
      ""name"": ""gate"",
      ""visualTraits"": null,
      ""changes"": null,
      ""role"": ""structure""
    },
    {
      ""name"": ""west"",
      ""visualTraits"": null,
      ""changes"": null,
      ""role"": ""direction""
    },
    {
      ""name"": ""east"",
      ""visualTraits"": null,
      ""changes"": null,
      ""role"": ""direction""
    }
  ],
  ""scenes"": [
    {
      ""title"": ""Sunrise"",
      ""location"": ""sky"",
      ""action"": ""sun rises over the horizon"",
      ""actorsInvolved"": []
    }
  ],
  ""blocking"": {
    ""anchors"": [
      {
        ""id"": ""sun"",
        ""description"": ""the sun""
      },
      {
        ""id"": ""horizon"",
        ""description"": ""the horizon line""
      }
    ],
    ""paths"": []
  }
}
```"
72,segment_032,segment,DONE,C:\Users\sasch\visionexe\stories\template\filmsets\story_072\segment_032\segment.txt,"{
  ""actors"": [],
  ""props"": [],
  ""environments"": [],
  ""scenes"": [],
  ""blocking"": {
    ""anchors"": [],
    ""paths"": []
  }
}"
72,segment_033,segment,DONE,C:\Users\sasch\visionexe\stories\template\filmsets\story_072\segment_033\segment.txt,"```json
{
  ""actors"": [
    {
      ""name"": ""ወኑኃ"",
      ""visualTraits"": ""unknown"",
      ""changes"": ""unknown"",
      ""role"": ""unknown""
    },
    {
      ""name"": ""ወሕፀራ"",
      ""visualTraits"": ""unknown"",
      ""changes"": ""unknown"",
      ""role"": ""unknown""
    },
    {
      ""name"": ""ምሕዋረ"",
      ""visualTraits"": ""unknown"",
      ""changes"": ""unknown"",
      ""role"": ""unknown""
    }
  ],
  ""props"": [],
  ""environments"": [
    {
      ""name"": ""day"",
      ""visualTraits"": ""unknown"",
      ""changes"": ""unknown"",
      ""role"": ""time""
    },
    {
      ""name"": ""night"",
      ""visualTraits"": ""unknown"",
      ""changes"": ""unknown"",
      ""role"": ""time""
    },
    {
      ""name"": ""above"",
      ""visualTraits"": ""unknown"",
      ""changes"": ""unknown"",
      ""role"": ""location""
    }
  ],
  ""scenes"": [
    {
      ""title"": ""Line 1"",
      ""location"": ""unknown"",
      ""action"": ""unknown"",
      ""actorsInvolved"": [""ወኑኃ""]
    },
    {
      ""title"": ""Line 2"",
      ""location"": ""unknown"",
      ""action"": ""unknown"",
      ""actorsInvolved"": [""ወሕፀራ""]
    },
    {
      ""title"": ""Line 3"",
      ""location"": ""unknown"",
      ""action"": ""unknown"",
      ""actorsInvolved"": [""ምሕዋረ""]
    },
    {
      ""title"": ""Line 4"",
      ""location"": ""unknown"",
      ""action"": ""unknown"",
      ""actorsInvolved"": []
    }
  ],
  ""blocking"": {
    ""anchors"": [
      {
        ""id"": ""anchor_day"",
        ""description"": ""day""
      },
      {
        ""id"": ""anchor_night"",
        ""description"": ""night""
      },
      {
        ""id"": ""anchor_above"",
        ""description"": ""above""
      }
    ],
    ""paths"": []
  }
}
```"
72,segment_034,segment,DONE,C:\Users\sasch\visionexe\stories\template\filmsets\story_072\segment_034\segment.txt,"```json
{
  ""actors"": [],
  ""props"": [],
  ""environments"": [],
  ""scenes"": [],
  ""blocking"": {
    ""anchors"": [],
    ""paths"": []
  }
}
```"
72,segment_035,segment,DONE,C:\Users\sasch\visionexe\stories\template\filmsets\story_072\segment_035\segment.txt,"```json
{
  ""actors"": [
    {
      ""name"": ""Sun"",
      ""visualTraits"": ""unknown"",
      ""changes"": null,
      ""role"": ""source of light""
    },
    {
      ""name"": ""Abiy"",
      ""visualTraits"": ""unknown"",
      ""changes"": null,
      ""role"": ""unknown""
    },
    {
      ""name"": ""Wind"",
      ""visualTraits"": ""unknown"",
      ""changes"": null,
      ""role"": ""unknown""
    },
    {
      ""name"": ""Command"",
      ""visualTraits"": ""unknown"",
      ""changes"": null,
      ""role"": ""unknown""
    }
  ],
  ""props"": [
    {
      ""name"": ""Light"",
      ""visualTraits"": ""unknown"",
      ""changes"": null,
      ""role"": ""source of illumination""
    }
  ],
  ""environments"": [
    {
      ""name"": ""World"",
      ""visualTraits"": ""unknown"",
      ""changes"": null,
      ""role"": ""setting""
    }
  ],
  ""scenes"": [
    {
      ""title"": ""Invocation to the Sun"",
      ""location"": ""World"",
      ""action"": ""Prayer/command to the sun"",
      ""actorsInvolved"": [""Sun"", ""Abiy"", ""Wind"", ""Command""]
    }
  ],
  ""blocking"": {
    ""anchors"": [],
    ""paths"": []
  }
}
```"
72,segment_036,segment,DONE,C:\Users\sasch\visionexe\stories\template\filmsets\story_072\segment_036\segment.txt,"```json
{
  ""actors"": [
    {
      ""name"": ""God"",
      ""visualTraits"": [],
      ""changes"": [],
      ""role"": ""divine""
    }
  ],
  ""props"": [],
  ""environments"": [
    {
      ""name"": ""Wind"",
      ""visualTraits"": [""moving""],
      ""changes"": [],
      ""role"": ""environment""
    },
    {
      ""name"": ""Water"",
      ""visualTraits"": [""fluid""],
      ""changes"": [],
      ""role"": ""environment""
    },
    {
      ""name"": ""Light"",
      ""visualTraits"": [""bright""],
      ""changes"": [],
      ""role"": ""environment""
    }
  ],
  ""scenes"": [
    {
      ""title"": ""Wind, Water, Light"",
      ""location"": ""unknown"",
      ""action"": ""Descriptive verse about wind, water, light, and God"",
      ""actorsInvolved"": [""God""]
    }
  ],
  ""blocking"": {
    ""anchors"": [],
    ""paths"": []
  }
}
```"
72,segment_037,segment,DONE,C:\Users\sasch\visionexe\stories\template\filmsets\story_072\segment_037\segment.txt,"```json
{
  ""actors"": [],
  ""props"": [],
  ""environments"": [],
  ""scenes"": [],
  ""blocking"": {
    ""anchors"": [],
    ""paths"": []
  }
}
```"
73,segment_001,segment,DONE,C:\Users\sasch\visionexe\stories\template\filmsets\story_073\segment_001\segment.txt,"```json
{
  ""actors"": [],
  ""props"": [],
  ""environments"": [],
  ""scenes"": [],
  ""blocking"": {
    ""anchors"": [],
    ""paths"": []
  }
}
```"
73,segment_002,segment,DONE,C:\Users\sasch\visionexe\stories\template\filmsets\story_073\segment_002\segment.txt,"```json
{
  ""actors"": [
    {
      ""name"": ""ወቡ"",
      ""visualTraits"": null,
      ""changes"": null,
      ""role"": ""unknown""
    },
    {
      ""name"": ""ወስረገላተ"",
      ""visualTraits"": null,
      ""changes"": null,
      ""role"": ""unknown""
    }
  ],
  ""props"": [],
  ""environments"": [
    {
      ""name"": ""ሰማይ"",
      ""visualTraits"": null,
      ""changes"": null,
      ""role"": ""environment""
    },
    {
      ""name"": ""ነፋስ"",
      ""visualTraits"": null,
      ""changes"": null,
      ""role"": ""environment""
    },
    {
      ""name"": ""ብርሃን"",
      ""visualTraits"": null,
      ""changes"": null,
      ""role"": ""environment""
    }
  ],
  ""scenes"": [
    {
      ""title"": ""Chapter 73 Segment 2"",
      ""location"": ""unknown"",
      ""action"": ""unknown"",
      ""actorsInvolved"": [""ወቡ"", ""ወስረገላተ""]
    }
  ],
  ""blocking"": {
    ""anchors"": [],
    ""paths"": []
  }
}
```"
73,segment_003,segment,DONE,C:\Users\sasch\visionexe\stories\template\filmsets\story_073\segment_003\segment.txt,"{
  ""actors"": [],
  ""props"": [],
  ""environments"": [],
  ""scenes"": [],
  ""blocking"": {
    ""anchors"": [],
    ""paths"": []
  }
}"
73,segment_004,segment,DONE,C:\Users\sasch\visionexe\stories\template\filmsets\story_073\segment_004\segment.txt,"```json
{
  ""actors"": [
    {
      ""name"": ""ወርእሱ"",
      ""visualTraits"": ""unknown"",
      ""changes"": ""unknown"",
      ""role"": ""unknown""
    },
    {
      ""name"": ""ጽባሕ"",
      ""visualTraits"": ""unknown"",
      ""changes"": ""unknown"",
      ""role"": ""unknown""
    },
    {
      ""name"": ""ሠላስ"",
      ""visualTraits"": ""unknown"",
      ""changes"": ""unknown"",
      ""role"": ""action""
    },
    {
      ""name"": ""ወይእቲ"",
      ""visualTraits"": ""unknown"",
      ""changes"": ""unknown"",
      ""role"": ""prop""
    },
    {
      ""name"": ""ዕለት"",
      ""visualTraits"": ""unknown"",
      ""changes"": ""unknown"",
      ""role"": ""prop""
    },
    {
      ""name"": ""ወይውን"",
      ""visualTraits"": ""unknown"",
      ""changes"": ""unknown"",
      ""role"": ""prop""
    },
    {
      ""name"": ""ርእሰ"",
      ""visualTraits"": ""unknown"",
      ""changes"": ""unknown"",
      ""role"": ""prop""
    },
    {
      ""name"": ""ወርኅ"",
      ""visualTraits"": ""unknown"",
      ""changes"": ""unknown"",
      ""role"": ""prop""
    },
    {
      ""name"": ""ፀሐይ"",
      ""visualTraits"": ""unknown"",
      ""changes"": ""unknown"",
      ""role"": ""actor""
    }
  ],
  ""props"": [
    {
      ""name"": ""ወይእቲ"",
      ""visualTraits"": ""unknown"",
      ""changes"": ""unknown"",
      ""role"": ""prop""
    },
    {
      ""name"": ""ዕለት"",
      ""visualTraits"": ""unknown"",
      ""changes"": ""unknown"",
      ""role"": ""prop""
    },
    {
      ""name"": ""ወይውን"",
      ""visualTraits"": ""unknown"",
      ""changes"": ""unknown"",
      ""role"": ""prop""
    },
    {
      ""name"": ""ርእሰ"",
      ""visualTraits"": ""unknown"",
      ""changes"": ""unknown"",
      ""role"": ""prop""
    },
    {
      ""name"": ""ወርኅ"",
      ""visualTraits"": ""unknown"",
      ""changes"": ""unknown"",
      ""role"": ""prop""
    }
  ],
  ""environments"": [
    {
      ""name"": ""ዘመን"",
      ""visualTraits"": ""unknown"",
      ""changes"": ""unknown"",
      ""role"": ""environment""
    },
    {
      ""name"": ""ምስለ"",
      ""visualTraits"": ""unknown"",
      ""changes"": ""unknown"",
      ""role"": ""environment""
    }
  ],
  ""scenes"": [
    {
      ""title"": ""Line 1"",
      ""location"": ""unknown"",
      ""action"": ""unknown"",
      ""actorsInvolved"": [""ወርእሱ"", ""ጽባሕ""]
    },
    {
      ""title"": ""Line 2"",
      ""location"": ""unknown"",
      ""action"": ""unknown"",
      ""actorsInvolved"": [""ሠላስ""]
    },
    {
      ""title"": ""Line 3"",
      ""location"": ""unknown"",
      ""action"": ""unknown"",
      ""actorsInvolved"": [""ጽባሕ"", ""ወይእቲ"", ""ዕለት""]
    },
    {
      ""title"": ""Line 4"",
      ""location"": ""unknown"",
      ""action"": ""unknown"",
      ""actorsInvolved"": [""ወይውን"", ""ለሙ""]
    },
    {
      ""title"": ""Line 5"",
      ""location"": ""unknown"",
      ""action"": ""unknown"",
      ""actorsInvolved"": [""ርእሰ"", ""ወርኅ"", ""ዕለተ"", ""ምስለ""]
    },
    {
      ""title"": ""Line 6"",
      ""location"": ""unknown"",
      ""action"": ""unknown"",
      ""actorsInvolved"": [""ፀሐይ""]
    },
    {
      ""title"": ""Line 7"",
      ""location"": ""unknown"",
      ""action"": ""unknown"",
      ""actorsInvolved"": [""ፀሐይ""]
    }
  ],
  ""blocking"": {
    ""anchors"": [],
    ""paths"": []
  }
}
```"
73,segment_005,segment,DONE,C:\Users\sasch\visionexe\stories\template\filmsets\story_073\segment_005\segment.txt,"```json
{
  ""actors"": [],
  ""props"": [],
  ""environments"": [],
  ""scenes"": [],
  ""blocking"": {
    ""anchors"": [],
    ""paths"": []
  }
}
```"
73,segment_006,segment,DONE,C:\Users\sasch\visionexe\stories\template\filmsets\story_073\segment_006\segment.txt,"```json
{
  ""actors"": [
    {""name"":""ወዕለተ"",""visualTraits"":"""",""changes"":[],""role"":""natural element""},
    {""name"":""ትነሥእ"",""visualTraits"":"""",""changes"":[],""role"":""natural element""},
    {""name"":""ሰብዐተ"",""visualTraits"":"""",""changes"":[],""role"":""natural element""},
    {""name"":""እደ"",""visualTraits"":"""",""changes"":[],""role"":""natural element""},
    {""name"":""መንፈቀ"",""visualTraits"":"""",""changes"":[],""role"":""natural element""},
    {""name"":""ብርሃኑ"",""visualTraits"":"""",""changes"":[],""role"":""natural element""},
    {""name"":""ስብዐተ"",""visualTraits"":"""",""changes"":[],""role"":""natural element""},
    {""name"":""ሐቲ"",""visualTraits"":"""",""changes"":[],""role"":""natural element""},
    {""name"":""ወመንፈቃ"",""visualTraits"":"""",""changes"":[],""role"":""natural element""},
    {""name"":""ወየዐርብ"",""visualTraits"":"""",""changes"":[],""role"":""natural element""},
    {""name"":""ምስለ"",""visualTraits"":"""",""changes"":[],""role"":""natural element""},
    {""name"":""ፀሐይ"",""visualTraits"":"""",""changes"":[],""role"":""natural element""}
  ],
  ""props"": [],
  ""environments"": [],
  ""scenes"": [
    {
      ""title"":""Chapter 73 Segment 6"",
      ""location"":""unknown"",
      ""action"":""poetic description of natural elements"",
      ""actorsInvolved"":[
        ""ወዕለተ"",""ትነሥእ"",""ሰብዐተ"",""እደ"",
        ""መንፈቀ"",""ብርሃኑ"",""ስብዐተ"",""ሐቲ"",
        ""ወመንፈቃ"",""ወየዐርብ"",""ምስለ"",""ፀሐይ""
      ]
    }
  ],
  ""blocking"": {
    ""anchors"": [],
    ""paths"": []
  }
}
```"
73,segment_007,segment,DONE,C:\Users\sasch\visionexe\stories\template\filmsets\story_073\segment_007\segment.txt,"```json
{
  ""actors"": [
    {""name"":""ወሶ"",""visualTraits"":null,""changes"":null,""role"":null},
    {""name"":""ይሠርቅ"",""visualTraits"":null,""changes"":null,""role"":null},
    {""name"":""ምስሌሁ"",""visualTraits"":null,""changes"":null,""role"":null},
    {""name"":""ወይነሥእ"",""visualTraits"":null,""changes"":null,""role"":null},
    {""name"":""መንፈቀ"",""visualTraits"":null,""changes"":null,""role"":null},
    {""name"":""እደ፡ብርሃን"",""visualTraits"":null,""changes"":null,""role"":null},
    {""name"":""ወይእቲ"",""visualTraits"":null,""changes"":null,""role"":null},
    {""name"":""ርእሰ፡ጽባሐ"",""visualTraits"":null,""changes"":null,""role"":null},
    {""name"":""ዚሁ"",""visualTraits"":null,""changes"":null,""role"":null},
    {""name"":""ቅድመ፡"",""visualTraits"":null,""changes"":null,""role"":null},
    {""name"":""ለወርኅ"",""visualTraits"":null,""changes"":null,""role"":null},
    {""name"":""የዐርብ"",""visualTraits"":null,""changes"":null,""role"":null},
    {""name"":""ወርኅ"",""visualTraits"":null,""changes"":null,""role"":null},
    {""name"":""ወይጸልም"",""visualTraits"":null,""changes"":null,""role"":null},
    {""name"":""ይእቲ"",""visualTraits"":null,""changes"":null,""role"":null},
    {""name"":""፯ስብዐተ"",""visualTraits"":null,""changes"":null,""role"":null},
    {""name"":""እደ፡"",""visualTraits"":null,""changes"":null,""role"":null},
    {""name"":""ወንፍቃ"",""visualTraits"":null,""changes"":null,""role"":null}
  ],
  ""props"": [],
  ""environments"": [
    {""name"":""ፀሐይ"",""visualTraits"":null,""changes"":null,""role"":""environment""},
    {""name"":""ሌሊት"",""visualTraits"":null,""changes"":null,""role"":""environment""},
    {""name"":""ዕለቱ"",""visualTraits"":null,""changes"":null,""role"":""environment""}
  ],
  ""scenes"": [
    {
      ""title"":""Chapter 73 Segment 7"",
      ""location"":null,
      ""action"":null,
      ""actorsInvolved"":null
    }
  ],
  ""blocking"": {
    ""anchors"": [],
    ""paths"": []
  }
}
```"
73,segment_008,segment,DONE,C:\Users\sasch\visionexe\stories\template\filmsets\story_073\segment_008\segment.txt,"```json
{
  ""actors"": [],
  ""props"": [],
  ""environments"": [
    {
      ""name"": ""sun"",
      ""visualTraits"": null,
      ""changes"": null,
      ""role"": ""celestial body""
    },
    {
      ""name"": ""day"",
      ""visualTraits"": null,
      ""changes"": null,
      ""role"": ""time of day""
    }
  ],
  ""scenes"": [
    {
      ""title"": ""Chapter 73 Segment 8"",
      ""location"": null,
      ""action"": null,
      ""actorsInvolved"": []
    }
  ],
  ""blocking"": {
    ""anchors"": [],
    ""paths"": []
  }
}
```"
74,segment_001,segment,DONE,C:\Users\sasch\visionexe\stories\template\filmsets\story_074\segment_001\segment.txt,"```json
{
  ""actors"": [
    {""name"": ""ወልእ"", ""visualTraits"": null, ""changes"": null, ""role"": null},
    {""name"": ""ምሕዋረ"", ""visualTraits"": null, ""changes"": null, ""role"": null},
    {""name"": ""ወትእዛዘ"", ""visualTraits"": null, ""changes"": null, ""role"": null},
    {""name"": ""ርኢኩ"", ""visualTraits"": null, ""changes"": null, ""role"": null},
    {""name"": ""ሎቱ"", ""visualTraits"": null, ""changes"": null, ""role"": null},
    {""name"": ""እንተ"", ""visualTraits"": null, ""changes"": null, ""role"": null},
    {""name"": ""ውእቱ"", ""visualTraits"": null, ""changes"": null, ""role"": null},
    {""name"": ""ትእዛዝ"", ""visualTraits"": null, ""changes"": null, ""role"": null},
    {""name"": ""ይገብር"", ""visualTraits"": null, ""changes"": null, ""role"": null},
    {""name"": ""ምሕዋሮ"", ""visualTraits"": null, ""changes"": null, ""role"": null},
    {""name"": ""ዘውራኅ"", ""visualTraits"": null, ""changes"": null, ""role"": null}
  ],
  ""props"": [],
  ""environments"": [],
  ""scenes"": [
    {
      ""title"": ""Chapter 74 Segment 1"",
      ""location"": null,
      ""action"": null,
      ""actorsInvolved"": [
        ""ወልእ"",
        ""ምሕዋረ"",
        ""ወትእዛዘ"",
        ""ርኢኩ"",
        ""ሎቱ"",
        ""እንተ"",
        ""ውእቱ"",
        ""ትእዛዝ"",
        ""ይገብር"",
        ""ምሕዋሮ"",
        ""ዘውራኅ""
      ]
    }
  ],
  ""blocking"": {
    ""anchors"": [],
    ""paths"": []
  }
}
```"
74,segment_002,segment,DONE,C:\Users\sasch\visionexe\stories\template\filmsets\story_074\segment_002\segment.txt,"```json
{
  ""actors"": [
    {""name"":""ወሎዝ"",""visualTraits"":null,""changes"":null,""role"":null},
    {""name"":""ርየኒ"",""visualTraits"":null,""changes"":null,""role"":null},
    {""name"":""ኡርኤል"",""visualTraits"":null,""changes"":null,""role"":null},
    {""name"":""መል"",""visualTraits"":null,""changes"":null,""role"":null},
    {""name"":""ቅዱስ"",""visualTraits"":null,""changes"":null,""role"":null},
    {""name"":""ዘውእቱ"",""visualTraits"":null,""changes"":null,""role"":null},
    {""name"":""መራኂሆሙ"",""visualTraits"":null,""changes"":null,""role"":null},
    {""name"":""ለሎሙ"",""visualTraits"":null,""changes"":null,""role"":null},
    {""name"":""ወምንባሪሆሙ"",""visualTraits"":null,""changes"":null,""role"":null},
    {""name"":""ወጸሐፍኩ"",""visualTraits"":null,""changes"":null,""role"":null},
    {""name"":""ምንባሪሆሙ"",""visualTraits"":null,""changes"":null,""role"":null},
    {""name"":""መ፡ርየኒ"",""visualTraits"":null,""changes"":null,""role"":null},
    {""name"":""ውራኂሆሙ"",""visualTraits"":null,""changes"":null,""role"":null},
    {""name"":""መ፡"",""visualTraits"":null,""changes"":null,""role"":null},
    {""name"":""ሀለዉ"",""visualTraits"":null,""changes"":null,""role"":null},
    {""name"":""ወርእየ"",""visualTraits"":null,""changes"":null,""role"":null},
    {""name"":""ብርሃኖሙ"",""visualTraits"":null,""changes"":null,""role"":null},
    {""name"":""እስ"",""visualTraits"":null,""changes"":null,""role"":null},
    {""name"":""ተፈጸመ"",""visualTraits"":null,""changes"":null,""role"":null},
    {""name"":""ዐሡር"",""visualTraits"":null,""changes"":null,""role"":null},
    {""name"":""ወኀሙስ"",""visualTraits"":null,""changes"":null,""role"":null},
    {""name"":""መዋዕል"",""visualTraits"":null,""changes"":null,""role"":null}
  ],
  ""props"": [],
  ""environments"": [],
  ""scenes"": [],
  ""blocking"": {
    ""anchors"": [],
    ""paths"": []
  }
}
```"
74,segment_003,segment,DONE,C:\Users\sasch\visionexe\stories\template\filmsets\story_074\segment_003\segment.txt,"```json
{
  ""actors"": [],
  ""props"": [],
  ""environments"": [],
  ""scenes"": [
    {
      ""title"": ""Chapter 74 Segment 3"",
      ""location"": null,
      ""action"": null,
      ""actorsInvolved"": null
    }
  ],
  ""blocking"": {
    ""anchors"": [],
    ""paths"": []
  }
}
```"
74,segment_004,segment,DONE,C:\Users\sasch\visionexe\stories\template\filmsets\story_074\segment_004\segment.txt,"```json
{
  ""actors"": [],
  ""props"": [],
  ""environments"": [],
  ""scenes"": [],
  ""blocking"": {
    ""anchors"": [],
    ""paths"": []
  }
}
```"
74,segment_005,segment,DONE,C:\Users\sasch\visionexe\stories\template\filmsets\story_074\segment_005\segment.txt,"{
  ""actors"": [],
  ""props"": [],
  ""environments"": [
    {
      ""name"": ""sun"",
      ""visualTraits"": null,
      ""changes"": null,
      ""role"": ""celestial""
    },
    {
      ""name"": ""desert"",
      ""visualTraits"": null,
      ""changes"": null,
      ""role"": ""landscape""
    }
  ],
  ""scenes"": [],
  ""blocking"": {
    ""anchors"": [],
    ""paths"": []
  }
}"
74,segment_006,segment,DONE,C:\Users\sasch\visionexe\stories\template\filmsets\story_074\segment_006\segment.txt,"```json
{
  ""actors"": [],
  ""props"": [],
  ""environments"": [
    {
      ""name"": ""sun"",
      ""visualTraits"": [""radiant"", ""golden""],
      ""changes"": null,
      ""role"": ""celestial body""
    },
    {
      ""name"": ""morning"",
      ""visualTraits"": [""bright"", ""new""],
      ""changes"": null,
      ""role"": ""time of day""
    }
  ],
  ""scenes"": [
    {
      ""title"": ""Sunrise"",
      ""location"": null,
      ""action"": ""sun rises"",
      ""actorsInvolved"": []
    }
  ],
  ""blocking"": {
    ""anchors"": [],
    ""paths"": []
  }
}
```"
74,segment_007,segment,DONE,C:\Users\sasch\visionexe\stories\template\filmsets\story_074\segment_007\segment.txt,"{""actors"":[],""props"":[],""environments"":[],""scenes"":[],""blocking"":{""anchors"":[],""paths"":[]}}"
74,segment_008,segment,DONE,C:\Users\sasch\visionexe\stories\template\filmsets\story_074\segment_008\segment.txt,"{
  ""actors"": [
    {
      ""name"": ""Sun"",
      ""visualTraits"": [""bright""],
      ""changes"": null,
      ""role"": ""source of light""
    }
  ],
  ""props"": [],
  ""environments"": [
    {
      ""name"": ""Sky"",
      ""visualTraits"": [""open""],
      ""changes"": null,
      ""role"": ""background""
    }
  ],
  ""scenes"": [
    {
      ""title"": ""Sunrise"",
      ""location"": ""Sky"",
      ""action"": ""Sun rises, day brightens"",
      ""actorsInvolved"": [""Sun""]
    }
  ],
  ""blocking"": {
    ""anchors"": [
      {
        ""id"": ""anchor1"",
        ""description"": ""horizon""
      },
      {
        ""id"": ""anchor2"",
        ""description"": ""sky""
      }
    ],
    ""paths"": [
      {
        ""actor"": ""Sun"",
        ""start_anchor"": ""anchor1"",
        ""end_anchor"": ""anchor2"",
        ""motion"": ""unknown"",
        ""duration_sec"": null,
        ""notes"": ""Sun rises""
      }
    ]
  }
}"
74,segment_009,segment,DONE,C:\Users\sasch\visionexe\stories\template\filmsets\story_074\segment_009\segment.txt,"```json
{
  ""actors"": [],
  ""props"": [],
  ""environments"": [],
  ""scenes"": [],
  ""blocking"": {
    ""anchors"": [],
    ""paths"": []
  }
}
```"
74,segment_010,segment,DONE,C:\Users\sasch\visionexe\stories\template\filmsets\story_074\segment_010\segment.txt,"{
  ""actors"": [],
  ""props"": [],
  ""environments"": [],
  ""scenes"": [],
  ""blocking"": {
    ""anchors"": [],
    ""paths"": []
  }
}"
74,segment_011,segment,DONE,C:\Users\sasch\visionexe\stories\template\filmsets\story_074\segment_011\segment.txt,"```json
{
  ""actors"": [],
  ""props"": [],
  ""environments"": [],
  ""scenes"": [],
  ""blocking"": {
    ""anchors"": [],
    ""paths"": []
  }
}
```"
74,segment_012,segment,DONE,C:\Users\sasch\visionexe\stories\template\filmsets\story_074\segment_012\segment.txt,"```json
{
  ""actors"": [],
  ""props"": [],
  ""environments"": [],
  ""scenes"": [],
  ""blocking"": {
    ""anchors"": [],
    ""paths"": []
  }
}
```"
74,segment_013,segment,DONE,C:\Users\sasch\visionexe\stories\template\filmsets\story_074\segment_013\segment.txt,"```json
{
  ""actors"": [],
  ""props"": [],
  ""environments"": [],
  ""scenes"": [],
  ""blocking"": {
    ""anchors"": [],
    ""paths"": []
  }
}
```"
74,segment_014,segment,DONE,C:\Users\sasch\visionexe\stories\template\filmsets\story_074\segment_014\segment.txt,"```json
{
  ""actors"": [],
  ""props"": [],
  ""environments"": [],
  ""scenes"": [
    {
      ""title"": ""Chapter 74 Segment 14"",
      ""location"": null,
      ""action"": null,
      ""actorsInvolved"": null
    }
  ],
  ""blocking"": {
    ""anchors"": [],
    ""paths"": []
  }
}
```"
74,segment_015,segment,DONE,C:\Users\sasch\visionexe\stories\template\filmsets\story_074\segment_015\segment.txt,"```json
{
  ""actors"": [],
  ""props"": [],
  ""environments"": [],
  ""scenes"": [],
  ""blocking"": {
    ""anchors"": [],
    ""paths"": []
  }
}
```"
74,segment_016,segment,DONE,C:\Users\sasch\visionexe\stories\template\filmsets\story_074\segment_016\segment.txt,"```json
{
  ""actors"": [],
  ""props"": [],
  ""environments"": [],
  ""scenes"": [],
  ""blocking"": {
    ""anchors"": [],
    ""paths"": []
  }
}
```"
74,segment_017,segment,DONE,C:\Users\sasch\visionexe\stories\template\filmsets\story_074\segment_017\segment.txt,"```json
{
  ""actors"": [],
  ""props"": [],
  ""environments"": [
    {
      ""name"": ""world"",
      ""visualTraits"": null,
      ""changes"": null,
      ""role"": ""setting""
    },
    {
      ""name"": ""sun"",
      ""visualTraits"": null,
      ""changes"": null,
      ""role"": ""setting""
    }
  ],
  ""scenes"": [
    {
      ""title"": ""Chapter 74 Segment 17"",
      ""location"": null,
      ""action"": null,
      ""actorsInvolved"": []
    }
  ],
  ""blocking"": {
    ""anchors"": [],
    ""paths"": []
  }
}
```"
75,segment_001,segment,DONE,C:\Users\sasch\visionexe\stories\template\filmsets\story_075\segment_001\segment.txt,"```json
{
  ""actors"": [],
  ""props"": [],
  ""environments"": [],
  ""scenes"": [],
  ""blocking"": {
    ""anchors"": [],
    ""paths"": []
  }
}
```"
75,segment_002,segment,DONE,C:\Users\sasch\visionexe\stories\template\filmsets\story_075\segment_002\segment.txt,"```json
{
  ""actors"": [],
  ""props"": [
    {
      ""name"": ""ቦሙ"",
      ""visualTraits"": null,
      ""changes"": null,
      ""role"": ""symbolic""
    },
    {
      ""name"": ""ብርሃናት"",
      ""visualTraits"": null,
      ""changes"": null,
      ""role"": ""symbolic""
    },
    {
      ""name"": ""ጽድቅ"",
      ""visualTraits"": null,
      ""changes"": null,
      ""role"": ""symbolic""
    }
  ],
  ""environments"": [
    {
      ""name"": ""ዓለም"",
      ""visualTraits"": null,
      ""changes"": null,
      ""role"": ""setting""
    }
  ],
  ""scenes"": [
    {
      ""title"": ""Verse 1"",
      ""location"": null,
      ""action"": null,
      ""actorsInvolved"": []
    },
    {
      ""title"": ""Verse 2"",
      ""location"": null,
      ""action"": null,
      ""actorsInvolved"": []
    },
    {
      ""title"": ""Verse 3"",
      ""location"": null,
      ""action"": null,
      ""actorsInvolved"": []
    },
    {
      ""title"": ""Verse 4"",
      ""location"": null,
      ""action"": null,
      ""actorsInvolved"": []
    },
    {
      ""title"": ""Verse 5"",
      ""location"": null,
      ""action"": null,
      ""actorsInvolved"": []
    },
    {
      ""title"": ""Verse 6"",
      ""location"": null,
      ""action"": null,
      ""actorsInvolved"": []
    },
    {
      ""title"": ""Verse 7"",
      ""location"": null,
      ""action"": null,
      ""actorsInvolved"": []
    },
    {
      ""title"": ""Verse 8"",
      ""location"": null,
      ""action"": null,
      ""actorsInvolved"": []
    },
    {
      ""title"": ""Verse 9"",
      ""location"": null,
      ""action"": null,
      ""actorsInvolved"": []
    }
  ],
  ""blocking"": {
    ""anchors"": [],
    ""paths"": []
  }
}
```"
75,segment_003,segment,DONE,C:\Users\sasch\visionexe\stories\template\filmsets\story_075\segment_003\segment.txt,"{""actors"":[],""props"":[],""environments"":[],""scenes"":[],""blocking"":{""anchors"":[],""paths"":[]}}"
75,segment_004,segment,DONE,C:\Users\sasch\visionexe\stories\template\filmsets\story_075\segment_004\segment.txt,"```json
{
  ""actors"": [
    {
      ""name"": ""ዓሥሩ"",
      ""visualTraits"": ""unknown"",
      ""changes"": ""unknown"",
      ""role"": ""unknown""
    },
    {
      ""name"": ""ወልኤ"",
      ""visualTraits"": ""unknown"",
      ""changes"": ""unknown"",
      ""role"": ""unknown""
    },
    {
      ""name"": ""ኃዋኅወ"",
      ""visualTraits"": ""unknown"",
      ""changes"": ""unknown"",
      ""role"": ""unknown""
    },
    {
      ""name"": ""ርየኒ"",
      ""visualTraits"": ""unknown"",
      ""changes"": ""unknown"",
      ""role"": ""unknown""
    },
    {
      ""name"": ""ኡርኤል"",
      ""visualTraits"": ""unknown"",
      ""changes"": ""unknown"",
      ""role"": ""unknown""
    },
    {
      ""name"": ""ርኅወቶሙ"",
      ""visualTraits"": ""unknown"",
      ""changes"": ""unknown"",
      ""role"": ""unknown""
    },
    {
      ""name"": ""ዝማን"",
      ""visualTraits"": ""unknown"",
      ""changes"": ""unknown"",
      ""role"": ""unknown""
    },
    {
      ""name"": ""እምሆሙ"",
      ""visualTraits"": ""unknown"",
      ""changes"": ""unknown"",
      ""role"": ""unknown""
    },
    {
      ""name"": ""ቦሙ"",
      ""visualTraits"": ""unknown"",
      ""changes"": ""unknown"",
      ""role"": ""unknown""
    }
  ],
  ""props"": [
    {
      ""name"": ""ፀሐይ"",
      ""visualTraits"": ""unknown"",
      ""changes"": ""unknown"",
      ""role"": ""light source""
    }
  ],
  ""environments"": [
    {
      ""name"": ""ሰማይ"",
      ""visualTraits"": ""unknown"",
      ""changes"": ""unknown"",
      ""role"": ""environment""
    },
    {
      ""name"": ""ምድር"",
      ""visualTraits"": ""unknown"",
      ""changes"": ""unknown"",
      ""role"": ""environment""
    }
  ],
  ""scenes"": [
    {
      ""title"": ""Chapter 75 Segment 4"",
      ""location"": ""unknown"",
      ""action"": ""unknown"",
      ""actorsInvolved"": [
        ""ዓሥሩ"",
        ""ወልኤ"",
        ""ኃዋኅወ"",
        ""ርየኒ"",
        ""ኡርኤል"",
        ""ርኅወቶሙ"",
        ""ዝማን"",
        ""እምሆሙ"",
        ""ቦሙ""
      ]
    }
  ],
  ""blocking"": {
    ""anchors"": [],
    ""paths"": []
  }
}
```"
75,segment_005,segment,DONE,C:\Users\sasch\visionexe\stories\template\filmsets\story_075\segment_005\segment.txt,"```json
{
  ""actors"": [],
  ""props"": [],
  ""environments"": [],
  ""scenes"": [],
  ""blocking"": {
    ""anchors"": [],
    ""paths"": []
  }
}
```"
75,segment_006,segment,DONE,C:\Users\sasch\visionexe\stories\template\filmsets\story_075\segment_006\segment.txt,"```json
{
  ""actors"": [],
  ""props"": [],
  ""environments"": [
    {
      ""name"": ""Sky"",
      ""visualTraits"": null,
      ""changes"": null,
      ""role"": ""environment""
    },
    {
      ""name"": ""Sun"",
      ""visualTraits"": null,
      ""changes"": null,
      ""role"": ""environment""
    },
    {
      ""name"": ""Earth"",
      ""visualTraits"": null,
      ""changes"": null,
      ""role"": ""environment""
    },
    {
      ""name"": ""East"",
      ""visualTraits"": null,
      ""changes"": null,
      ""role"": ""environment""
    },
    {
      ""name"": ""West"",
      ""visualTraits"": null,
      ""changes"": null,
      ""role"": ""environment""
    }
  ],
  ""scenes"": [
    {
      ""title"": ""Chapter 75 Segment 6"",
      ""location"": ""unknown"",
      ""action"": ""chanting of sky, sun, earth, east, west"",
      ""actorsInvolved"": []
    }
  ],
  ""blocking"": {
    ""anchors"": [],
    ""paths"": []
  }
}
```"
75,segment_007,segment,DONE,C:\Users\sasch\visionexe\stories\template\filmsets\story_075\segment_007\segment.txt,"```json
{
  ""actors"": [],
  ""props"": [],
  ""environments"": [],
  ""scenes"": [],
  ""blocking"": {
    ""anchors"": [],
    ""paths"": []
  }
}
```
"
75,segment_008,segment,DONE,C:\Users\sasch\visionexe\stories\template\filmsets\story_075\segment_008\segment.txt,"```json
{
  ""actors"": [
    {
      ""name"": ""ወርኢኩ"",
      ""visualTraits"": null,
      ""changes"": [],
      ""role"": ""character""
    },
    {
      ""name"": ""ሰረገላተ"",
      ""visualTraits"": null,
      ""changes"": [],
      ""role"": ""character""
    },
    {
      ""name"": ""ኃዋኅው"",
      ""visualTraits"": null,
      ""changes"": [],
      ""role"": ""character""
    },
    {
      ""name"": ""ቦሙ"",
      ""visualTraits"": null,
      ""changes"": [],
      ""role"": ""character""
    },
    {
      ""name"": ""ዋብት"",
      ""visualTraits"": null,
      ""changes"": [],
      ""role"": ""character""
    },
    {
      ""name"": ""ኢየዐርቡ"",
      ""visualTraits"": null,
      ""changes"": [],
      ""role"": ""character""
    },
    {
      ""name"": ""እመልዕልቶሙ"",
      ""visualTraits"": null,
      ""changes"": [],
      ""role"": ""character""
    },
    {
      ""name"": ""ለእልኩ"",
      ""visualTraits"": null,
      ""changes"": [],
      ""role"": ""character""
    }
  ],
  ""props"": [],
  ""environments"": [
    {
      ""name"": ""ሰማይ"",
      ""visualTraits"": null,
      ""changes"": [],
      ""role"": ""environment""
    },
    {
      ""name"": ""ዓለም"",
      ""visualTraits"": null,
      ""changes"": [],
      ""role"": ""environment""
    }
  ],
  ""scenes"": [
    {
      ""title"": ""Line 1"",
      ""location"": null,
      ""action"": null,
      ""actorsInvolved"": [""ወርኢኩ"", ""ሰረገላተ"", ""ሰማይ""]
    },
    {
      ""title"": ""Line 2"",
      ""location"": null,
      ""action"": null,
      ""actorsInvolved"": [""እንዘ"", ""ዓለም""]
    },
    {
      ""title"": ""Line 3"",
      ""location"": null,
      ""action"": null,
      ""actorsInvolved"": [""እመልዕልቶሙ"", ""ለእልኩ""]
    },
    {
      ""title"": ""Line 4"",
      ""location"": null,
      ""action"": null,
      ""actorsInvolved"": [""ኃዋኅው"", ""ቦሙ""]
    },
    {
      ""title"": ""Line 5"",
      ""location"": null,
      ""action"": null,
      ""actorsInvolved"": [""ዋብት"", ""ኢየዐርቡ""]
    }
  ],
  ""blocking"": {
    ""anchors"": [],
    ""paths"": []
  }
}
```"
75,segment_009,segment,DONE,C:\Users\sasch\visionexe\stories\template\filmsets\story_075\segment_009\segment.txt,"{
  ""actors"": [],
  ""props"": [],
  ""environments"": [],
  ""scenes"": [],
  ""blocking"": {
    ""anchors"": [],
    ""paths"": []
  }
}"
76,segment_001,segment,DONE,C:\Users\sasch\visionexe\stories\template\filmsets\story_076\segment_001\segment.txt,"```json
{
  ""actors"": [
    {
      ""name"": ""ወልኤ"",
      ""visualTraits"": ""rain"",
      ""changes"": [],
      ""role"": ""actor""
    },
    {
      ""name"": ""ኀዋኅው"",
      ""visualTraits"": ""fire"",
      ""changes"": [],
      ""role"": ""actor""
    },
    {
      ""name"": ""ለሎሙ"",
      ""visualTraits"": ""unknown"",
      ""changes"": [],
      ""role"": ""actor""
    },
    {
      ""name"": ""ነፋሳት"",
      ""visualTraits"": ""wind"",
      ""changes"": [],
      ""role"": ""actor""
    },
    {
      ""name"": ""እምሆሙ"",
      ""visualTraits"": ""heart"",
      ""changes"": [],
      ""role"": ""actor""
    }
  ],
  ""props"": [],
  ""environments"": [
    {
      ""name"": ""ወጽናፈ፡ምድር"",
      ""visualTraits"": ""earth"",
      ""changes"": [],
      ""role"": ""environment""
    },
    {
      ""name"": ""ዓሥሩ"",
      ""visualTraits"": ""sun"",
      ""changes"": [],
      ""role"": ""environment""
    },
    {
      ""name"": ""ርኅዋተ"",
      ""visualTraits"": ""sky"",
      ""changes"": [],
      ""role"": ""environment""
    },
    {
      ""name"": ""ወይነፍሱ"",
      ""visualTraits"": ""world"",
      ""changes"": [],
      ""role"": ""environment""
    }
  ],
  ""scenes"": [
    {
      ""title"": ""Chapter 76 Segment 1"",
      ""location"": ""unknown"",
      ""action"": ""A poetic sequence of natural elements interacting"",
      ""actorsInvolved"": [
        ""ወልኤ"",
        ""ኀዋኅው"",
        ""ለሎሙ"",
        ""ነፋሳት"",
        ""እምሆሙ""
      ]
    }
  ],
  ""blocking"": {
    ""anchors"": [],
    ""paths"": []
  }
}
```"
76,segment_002,segment,DONE,C:\Users\sasch\visionexe\stories\template\filmsets\story_076\segment_002\segment.txt,"```json
{
  ""actors"": [],
  ""props"": [],
  ""environments"": [],
  ""scenes"": [
    {
      ""title"": ""Chapter 76 Segment 2"",
      ""location"": null,
      ""action"": null,
      ""actorsInvolved"": []
    }
  ],
  ""blocking"": {
    ""anchors"": [],
    ""paths"": []
  }
}
```"
76,segment_003,segment,DONE,C:\Users\sasch\visionexe\stories\template\filmsets\story_076\segment_003\segment.txt,"```json
{
  ""actors"": [],
  ""props"": [],
  ""environments"": [],
  ""scenes"": [],
  ""blocking"": {
    ""anchors"": [],
    ""paths"": []
  }
}
```"
76,segment_004,segment,DONE,C:\Users\sasch\visionexe\stories\template\filmsets\story_076\segment_004\segment.txt,"```json
{
  ""actors"": [],
  ""props"": [],
  ""environments"": [],
  ""scenes"": [],
  ""blocking"": {
    ""anchors"": [],
    ""paths"": []
  }
}
```"
76,segment_005,segment,DONE,C:\Users\sasch\visionexe\stories\template\filmsets\story_076\segment_005\segment.txt,"```json
{
  ""actors"": [],
  ""props"": [],
  ""environments"": [],
  ""scenes"": [],
  ""blocking"": {
    ""anchors"": [],
    ""paths"": []
  }
}
```"
76,segment_006,segment,DONE,C:\Users\sasch\visionexe\stories\template\filmsets\story_076\segment_006\segment.txt,"```json
{
  ""actors"": [
    {
      ""name"": ""ወልኤቱ"",
      ""visualTraits"": null,
      ""changes"": [],
      ""role"": ""deity""
    },
    {
      ""name"": ""ኅት"",
      ""visualTraits"": null,
      ""changes"": [],
      ""role"": ""participant""
    }
  ],
  ""props"": [
    {
      ""name"": ""ርትዕ"",
      ""visualTraits"": null,
      ""changes"": [],
      ""role"": ""object""
    },
    {
      ""name"": ""እምሃ"",
      ""visualTraits"": null,
      ""changes"": [],
      ""role"": ""object""
    },
    {
      ""name"": ""ዝናም"",
      ""visualTraits"": null,
      ""changes"": [],
      ""role"": ""object""
    },
    {
      ""name"": ""ወፍሬ"",
      ""visualTraits"": null,
      ""changes"": [],
      ""role"": ""object""
    },
    {
      ""name"": ""ወሳላም"",
      ""visualTraits"": null,
      ""changes"": [],
      ""role"": ""object""
    },
    {
      ""name"": ""ወጠል፨ወሣልስ"",
      ""visualTraits"": null,
      ""changes"": [],
      ""role"": ""object""
    },
    {
      ""name"": ""ቍር"",
      ""visualTraits"": null,
      ""changes"": [],
      ""role"": ""object""
    },
    {
      ""name"": ""ወየብስ"",
      ""visualTraits"": null,
      ""changes"": [],
      ""role"": ""object""
    }
  ],
  ""environments"": [
    {
      ""name"": ""ማእላይት"",
      ""visualTraits"": null,
      ""changes"": [],
      ""role"": ""location""
    }
  ],
  ""scenes"": [
    {
      ""title"": ""Chant of ወልኤቱ"",
      ""location"": ""ማእላይት"",
      ""action"": [
        ""ወልኤቱ፡ኅት፡ማእላይት፡"",
        ""ይወፅእ፡ርትዕ፡ይወፅእ፡እምሃ፡"",
        ""ዝናም፡ወፍሬ፡ወሳላም፡"",
        ""ወጠል፨ወሣልስ፡ኅት፡"",
        ""እንተ፡መንገለ፡መስዕ፡ይወፅእ፡"",
        ""ቍር፡ወየብስ።""
      ],
      ""actorsInvolved"": [""ወልኤቱ"", ""ኅት""]
    }
  ],
  ""blocking"": {
    ""anchors"": [],
    ""paths"": []
  }
}
```"
76,segment_007,segment,DONE,C:\Users\sasch\visionexe\stories\template\filmsets\story_076\segment_007\segment.txt,"```json
{
  ""actors"": [
    {
      ""name"": ""Wind"",
      ""visualTraits"": ""invisible, airy"",
      ""changes"": null,
      ""role"": ""narrator/protagonist""
    },
    {
      ""name"": ""Firstborn"",
      ""visualTraits"": null,
      ""changes"": null,
      ""role"": ""unknown""
    }
  ],
  ""props"": [],
  ""environments"": [
    {
      ""name"": ""Path"",
      ""visualTraits"": ""open, directional"",
      ""changes"": null,
      ""role"": ""setting""
    },
    {
      ""name"": ""Sky"",
      ""visualTraits"": ""vast, blue"",
      ""changes"": null,
      ""role"": ""setting""
    },
    {
      ""name"": ""East"",
      ""visualTraits"": ""directional"",
      ""changes"": null,
      ""role"": ""setting""
    }
  ],
  ""scenes"": [
    {
      ""title"": ""Wind's Journey"",
      ""location"": ""Path to East"",
      ""action"": ""Wind moves along the path"",
      ""actorsInvolved"": [""Wind""]
    }
  ],
  ""blocking"": {
    ""anchors"": [
      {
        ""id"": ""anchor_start"",
        ""description"": ""Start of Path""
      },
      {
        ""id"": ""anchor_east"",
        ""description"": ""East""
      }
    ],
    ""paths"": [
      {
        ""actor"": ""Wind"",
        ""start_anchor"": ""anchor_start"",
        ""end_anchor"": ""anchor_east"",
        ""motion"": ""unknown"",
        ""duration_sec"": null,
        ""notes"": null
      }
    ]
  }
}
```"
76,segment_008,segment,DONE,C:\Users\sasch\visionexe\stories\template\filmsets\story_076\segment_008\segment.txt,"```json
{
  ""actors"": [],
  ""props"": [],
  ""environments"": [],
  ""scenes"": [],
  ""blocking"": {
    ""anchors"": [],
    ""paths"": []
  }
}
```"
76,segment_009,segment,DONE,C:\Users\sasch\visionexe\stories\template\filmsets\story_076\segment_009\segment.txt,"{
  ""actors"": [],
  ""props"": [],
  ""environments"": [],
  ""scenes"": [],
  ""blocking"": {
    ""anchors"": [],
    ""paths"": []
  }
}"
76,segment_010,segment,DONE,C:\Users\sasch\visionexe\stories\template\filmsets\story_076\segment_010\segment.txt,"{""actors"":[],""props"":[],""environments"":[],""scenes"":[],""blocking"":{""anchors"":[],""paths"":[]}}"
76,segment_011,segment,DONE,C:\Users\sasch\visionexe\stories\template\filmsets\story_076\segment_011\segment.txt,"```json
{
  ""actors"": [],
  ""props"": [],
  ""environments"": [],
  ""scenes"": [],
  ""blocking"": {
    ""anchors"": [],
    ""paths"": []
  }
}
```
"
76,segment_012,segment,DONE,C:\Users\sasch\visionexe\stories\template\filmsets\story_076\segment_012\segment.txt,"```json
{
  ""actors"": [],
  ""props"": [],
  ""environments"": [],
  ""scenes"": [
    {
      ""title"": ""Verse 1"",
      ""location"": null,
      ""action"": null,
      ""actorsInvolved"": []
    },
    {
      ""title"": ""Verse 2"",
      ""location"": null,
      ""action"": null,
      ""actorsInvolved"": []
    },
    {
      ""title"": ""Verse 3"",
      ""location"": null,
      ""action"": null,
      ""actorsInvolved"": []
    },
    {
      ""title"": ""Verse 4"",
      ""location"": null,
      ""action"": null,
      ""actorsInvolved"": []
    },
    {
      ""title"": ""Verse 5"",
      ""location"": null,
      ""action"": null,
      ""actorsInvolved"": []
    },
    {
      ""title"": ""Verse 6"",
      ""location"": null,
      ""action"": null,
      ""actorsInvolved"": []
    }
  ],
  ""blocking"": {
    ""anchors"": [],
    ""paths"": []
  }
}
```"
76,segment_013,segment,DONE,C:\Users\sasch\visionexe\stories\template\filmsets\story_076\segment_013\segment.txt,"```json
{
  ""actors"": [],
  ""props"": [],
  ""environments"": [],
  ""scenes"": [
    {
      ""title"": ""Chapter 76 Segment 13"",
      ""location"": null,
      ""action"": null,
      ""actorsInvolved"": []
    }
  ],
  ""blocking"": {
    ""anchors"": [],
    ""paths"": []
  }
}
```"
76,segment_014,segment,DONE,C:\Users\sasch\visionexe\stories\template\filmsets\story_076\segment_014\segment.txt,"```json
{
  ""actors"": [],
  ""props"": [],
  ""environments"": [
    {
      ""name"": ""ሰማይ"",
      ""visualTraits"": ""sky"",
      ""changes"": null,
      ""role"": ""background""
    }
  ],
  ""scenes"": [
    {
      ""title"": ""Chapter 76 Segment 14"",
      ""location"": ""unknown"",
      ""action"": ""unknown"",
      ""actorsInvolved"": []
    }
  ],
  ""blocking"": {
    ""anchors"": [],
    ""paths"": []
  }
}
```"
77,segment_001,segment,DONE,C:\Users\sasch\visionexe\stories\template\filmsets\story_077\segment_001\segment.txt,"```json
{
  ""actors"": [],
  ""props"": [],
  ""environments"": [],
  ""scenes"": [],
  ""blocking"": {
    ""anchors"": [],
    ""paths"": []
  }
}
```"
77,segment_003,segment,DONE,C:\Users\sasch\visionexe\stories\template\filmsets\story_077\segment_003\segment.txt,"```json
{
  ""actors"": [
    {""name"":""ወለነፋስ"",""visualTraits"":null,""changes"":null,""role"":null},
    {""name"":""ዘምዕራብ"",""visualTraits"":null,""changes"":null,""role"":null},
    {""name"":""ስሙ"",""visualTraits"":null,""changes"":null,""role"":null},
    {""name"":""ንቱግ"",""visualTraits"":null,""changes"":null,""role"":null},
    {""name"":""እስመ"",""visualTraits"":null,""changes"":null,""role"":null},
    {""name"":""ህየ"",""visualTraits"":null,""changes"":null,""role"":null},
    {""name"":""የሐፅፁ"",""visualTraits"":null,""changes"":null,""role"":null},
    {""name"":""ሉ"",""visualTraits"":null,""changes"":null,""role"":null},
    {""name"":""ብርሃናተ"",""visualTraits"":null,""changes"":null,""role"":null},
    {""name"":""ሰማይ"",""visualTraits"":null,""changes"":null,""role"":null},
    {""name"":""ወይወርዱ"",""visualTraits"":null,""changes"":null,""role"":null},
    {""name"":""ወራብዕ"",""visualTraits"":null,""changes"":null,""role"":null},
    {""name"":""ነፋስ"",""visualTraits"":null,""changes"":null,""role"":null},
    {""name"":""ዘስሙ"",""visualTraits"":null,""changes"":null,""role"":null},
    {""name"":""መስዕ"",""visualTraits"":null,""changes"":null,""role"":null},
    {""name"":""ይትፈል"",""visualTraits"":null,""changes"":null,""role"":null},
    {""name"":""፫ፍለ"",""visualTraits"":null,""changes"":null,""role"":null},
    {""name"":""፩እምሆሙ"",""visualTraits"":null,""changes"":null,""role"":null},
    {""name"":""ማኅደር"",""visualTraits"":null,""changes"":null,""role"":null},
    {""name"":""ለሰብእ"",""visualTraits"":null,""changes"":null,""role"":null},
    {""name"":""ወልእ"",""visualTraits"":null,""changes"":null,""role"":null},
    {""name"":""ለብሕርተ"",""visualTraits"":null,""changes"":null,""role"":null},
    {""name"":""ዘማያት"",""visualTraits"":null,""changes"":null,""role"":null},
    {""name"":""ወቀላያት"",""visualTraits"":null,""changes"":null,""role"":null},
    {""name"":""ወኦም"",""visualTraits"":null,""changes"":null,""role"":null},
    {""name"":""ወፍላግ"",""visualTraits"":null,""changes"":null,""role"":null},
    {""name"":""ወጽልመት"",""visualTraits"":null,""changes"":null,""role"":null},
    {""name"":""ወጊሜ"",""visualTraits"":null,""changes"":null,""role"":null},
    {""name"":""ወሣልስፍል"",""visualTraits"":null,""changes"":null,""role"":null},
    {""name"":""ገነተ"",""visualTraits"":null,""changes"":null,""role"":null},
    {""name"":""ጽድቅ"",""visualTraits"":null,""changes"":null,""role"":null}
  ],
  ""props"": [],
  ""environments"": [],
  ""scenes"": [
    {
      ""title"":""Chapter 77 Segment 3"",
      ""location"":null,
      ""action"":null,
      ""actorsInvolved"":[
        ""ወለነፋስ"",""ዘምዕራብ"",""ስሙ"",""ንቱግ"",""እስመ"",""ህየ"",""የሐፅፁ"",""ሉ"",""ብርሃናተ"",""ሰማይ"",""ወይወርዱ"",""ወራብዕ"",""ነፋስ"",""ዘስሙ"",""መስዕ"",""ይትፈል"",""፫ፍለ"",""፩እምሆሙ"",""ማኅደር"",""ለሰብእ"",""ወልእ"",""ለብሕርተ"",""ዘማያት"",""ወቀላያት"",""ወኦም"",""ወፍላግ"",""ወጽልመት"",""ወጊሜ"",""ወሣልስፍል"",""ገነተ"",""ጽድቅ""
      ]
    }
  ],
  ""blocking"": {
    ""anchors"": [],
    ""paths"": []
  }
}
```"
77,segment_004,segment,DONE,C:\Users\sasch\visionexe\stories\template\filmsets\story_077\segment_004\segment.txt,"```json
{
  ""actors"": [],
  ""props"": [
    {
      ""name"": ""ድባር"",
      ""visualTraits"": ""drum"",
      ""changes"": null,
      ""role"": ""instrument""
    },
    {
      ""name"": ""ነዋኃት"",
      ""visualTraits"": ""fire"",
      ""changes"": null,
      ""role"": ""element""
    },
    {
      ""name"": ""እምሉ"",
      ""visualTraits"": ""light"",
      ""changes"": null,
      ""role"": ""element""
    },
    {
      ""name"": ""ስሐትያ"",
      ""visualTraits"": ""unknown"",
      ""changes"": null,
      ""role"": ""place""
    },
    {
      ""name"": ""ወእምሆሙ"",
      ""visualTraits"": ""unknown"",
      ""changes"": null,
      ""role"": ""unknown""
    },
    {
      ""name"": ""ወየኀልፍ"",
      ""visualTraits"": ""unknown"",
      ""changes"": null,
      ""role"": ""unknown""
    }
  ],
  ""environments"": [
    {
      ""name"": ""ምድር"",
      ""visualTraits"": ""earth"",
      ""changes"": null,
      ""role"": ""ground""
    },
    {
      ""name"": ""ስሐትያ"",
      ""visualTraits"": ""unknown"",
      ""changes"": null,
      ""role"": ""place""
    }
  ],
  ""scenes"": [
    {
      ""title"": ""Chapter 77 Segment 4"",
      ""location"": ""unknown"",
      ""action"": ""unknown"",
      ""actorsInvolved"": []
    }
  ],
  ""blocking"": {
    ""anchors"": [],
    ""paths"": []
  }
}
```"
77,segment_005,segment,DONE,C:\Users\sasch\visionexe\stories\template\filmsets\story_077\segment_005\segment.txt,"```json
{
  ""actors"": [],
  ""props"": [],
  ""environments"": [],
  ""scenes"": [],
  ""blocking"": {
    ""anchors"": [],
    ""paths"": []
  }
}
```"
77,segment_006,segment,DONE,C:\Users\sasch\visionexe\stories\template\filmsets\story_077\segment_006\segment.txt,"```json
{
  ""actors"": [],
  ""props"": [],
  ""environments"": [
    {
      ""name"": ""Sea of Eritrea"",
      ""visualTraits"": ""oceanic"",
      ""changes"": null,
      ""role"": ""setting""
    },
    {
      ""name"": ""East"",
      ""visualTraits"": ""directional"",
      ""changes"": null,
      ""role"": ""setting""
    }
  ],
  ""scenes"": [
    {
      ""title"": ""Chapter 77 Segment 6"",
      ""location"": ""Sea of Eritrea, East"",
      ""action"": ""unknown"",
      ""actorsInvolved"": []
    }
  ],
  ""blocking"": {
    ""anchors"": [
      {
        ""id"": ""anchor1"",
        ""description"": ""Sea of Eritrea""
      },
      {
        ""id"": ""anchor2"",
        ""description"": ""East""
      }
    ],
    ""paths"": []
  }
}
```"
77,segment_007,segment,DONE,C:\Users\sasch\visionexe\stories\template\filmsets\story_077\segment_007\segment.txt,"```json
{
  ""actors"": [],
  ""props"": [],
  ""environments"": [
    {
      ""name"": ""Sea"",
      ""visualTraits"": ""unknown"",
      ""changes"": ""unknown"",
      ""role"": ""natural environment""
    },
    {
      ""name"": ""Eritrea"",
      ""visualTraits"": ""unknown"",
      ""changes"": ""unknown"",
      ""role"": ""geographical location""
    }
  ],
  ""scenes"": [],
  ""blocking"": {
    ""anchors"": [],
    ""paths"": []
  }
}
```"
77,segment_008,segment,DONE,C:\Users\sasch\visionexe\stories\template\filmsets\story_077\segment_008\segment.txt,"```json
{
  ""actors"": [
    {
      ""name"": ""ሰቡዑ"",
      ""visualTraits"": null,
      ""changes"": null,
      ""role"": ""unknown""
    },
    {
      ""name"": ""ደሰያተ"",
      ""visualTraits"": null,
      ""changes"": null,
      ""role"": ""unknown""
    },
    {
      ""name"": ""ዐይተ"",
      ""visualTraits"": null,
      ""changes"": null,
      ""role"": ""unknown""
    },
    {
      ""name"": ""ርኢኩ"",
      ""visualTraits"": null,
      ""changes"": null,
      ""role"": ""unknown""
    },
    {
      ""name"": ""ሰብዑ"",
      ""visualTraits"": null,
      ""changes"": null,
      ""role"": ""unknown""
    },
    {
      ""name"": ""ወልኤ"",
      ""visualTraits"": null,
      ""changes"": null,
      ""role"": ""unknown""
    },
    {
      ""name"": ""ኤርተራ፨"",
      ""visualTraits"": null,
      ""changes"": null,
      ""role"": ""unknown""
    }
  ],
  ""props"": [],
  ""environments"": [
    {
      ""name"": ""ባሕር"",
      ""visualTraits"": null,
      ""changes"": null,
      ""role"": ""environment""
    },
    {
      ""name"": ""ወምድር"",
      ""visualTraits"": null,
      ""changes"": null,
      ""role"": ""environment""
    },
    {
      ""name"": ""ባሕረ"",
      ""visualTraits"": null,
      ""changes"": null,
      ""role"": ""environment""
    }
  ],
  ""scenes"": [
    {
      ""title"": ""Scene 1"",
      ""location"": null,
      ""action"": null,
      ""actorsInvolved"": [""ሰቡዑ"", ""ደሰያተ"", ""ዐይተ"", ""ርኢኩ""]
    },
    {
      ""title"": ""Scene 2"",
      ""location"": null,
      ""action"": null,
      ""actorsInvolved"": [""ባሕር"", ""ወምድር"", ""ሰብዑ""]
    },
    {
      ""title"": ""Scene 3"",
      ""location"": null,
      ""action"": null,
      ""actorsInvolved"": [""ወልኤ"", ""ባሕረ"", ""ኤርተራ፨""]
    }
  ],
  ""blocking"": {
    ""anchors"": [],
    ""paths"": []
  }
}
```"
78,segment_001,segment,DONE,C:\Users\sasch\visionexe\stories\template\filmsets\story_078\segment_001\segment.txt,"```json
{
  ""actors"": [
    {
      ""name"": ""Oriares"",
      ""visualTraits"": null,
      ""changes"": null,
      ""role"": null
    },
    {
      ""name"": ""Wole"",
      ""visualTraits"": null,
      ""changes"": null,
      ""role"": null
    },
    {
      ""name"": ""Tomas"",
      ""visualTraits"": null,
      ""changes"": null,
      ""role"": null
    }
  ],
  ""props"": [],
  ""environments"": [],
  ""scenes"": [
    {
      ""title"": ""Chapter 78 Segment 1"",
      ""location"": null,
      ""action"": null,
      ""actorsInvolved"": [""Oriares"", ""Wole"", ""Tomas""]
    }
  ],
  ""blocking"": {
    ""anchors"": [],
    ""paths"": []
  }
}
```"
78,segment_002,segment,DONE,C:\Users\sasch\visionexe\stories\template\filmsets\story_078\segment_002\segment.txt,"```json
{
  ""actors"": [
    {""name"": ""ወለወርኅ"", ""visualTraits"": null, ""changes"": null, ""role"": null},
    {""name"": ""ርባዕቱ"", ""visualTraits"": null, ""changes"": null, ""role"": null},
    {""name"": ""ስማት"", ""visualTraits"": null, ""changes"": null, ""role"": null},
    {""name"": ""ቦቱ"", ""visualTraits"": null, ""changes"": null, ""role"": null},
    {""name"": ""ሶንያ"", ""visualTraits"": null, ""changes"": null, ""role"": null},
    {""name"": ""ወልእ"", ""visualTraits"": null, ""changes"": null, ""role"": null},
    {""name"": ""እብላ"", ""visualTraits"": null, ""changes"": null, ""role"": null},
    {""name"": ""ወሣልስ"", ""visualTraits"": null, ""changes"": null, ""role"": null},
    {""name"": ""ብናሴ"", ""visualTraits"": null, ""changes"": null, ""role"": null},
    {""name"": ""ወራብዕ"", ""visualTraits"": null, ""changes"": null, ""role"": null},
    {""name"": ""ኤራእ"", ""visualTraits"": null, ""changes"": null, ""role"": null}
  ],
  ""props"": [],
  ""environments"": [],
  ""scenes"": [
    {
      ""title"": ""Chapter 78 Segment 2"",
      ""location"": null,
      ""action"": null,
      ""actorsInvolved"": null
    }
  ],
  ""blocking"": {
    ""anchors"": [],
    ""paths"": []
  }
}
```"
78,segment_003,segment,DONE,C:\Users\sasch\visionexe\stories\template\filmsets\story_078\segment_003\segment.txt,"```json
{
  ""actors"": [
    {
      ""name"": ""እሉ"",
      ""visualTraits"": null,
      ""changes"": [],
      ""role"": ""character""
    },
    {
      ""name"": ""እሙንቱ"",
      ""visualTraits"": null,
      ""changes"": [],
      ""role"": ""character""
    },
    {
      ""name"": ""ብርሃናት"",
      ""visualTraits"": null,
      ""changes"": [],
      ""role"": ""character""
    },
    {
      ""name"": ""ዐይት"",
      ""visualTraits"": null,
      ""changes"": [],
      ""role"": ""character""
    },
    {
      ""name"": ""ወቦሙ"",
      ""visualTraits"": null,
      ""changes"": [],
      ""role"": ""character""
    },
    {
      ""name"": ""ምጠነ"",
      ""visualTraits"": null,
      ""changes"": [],
      ""role"": ""character""
    },
    {
      ""name"": ""ቦሙ"",
      ""visualTraits"": null,
      ""changes"": [],
      ""role"": ""character""
    },
    {
      ""name"": ""ለልኤሆሙ"",
      ""visualTraits"": null,
      ""changes"": [],
      ""role"": ""character""
    }
  ],
  ""props"": [],
  ""environments"": [
    {
      ""name"": ""ሰማይ"",
      ""visualTraits"": null,
      ""changes"": [],
      ""role"": ""environment""
    }
  ],
  ""scenes"": [
    {
      ""title"": ""Line 1"",
      ""location"": null,
      ""action"": null,
      ""actorsInvolved"": [""እሉ"", ""እሙንቱ"", ""ብርሃናት""]
    },
    {
      ""title"": ""Line 2"",
      ""location"": null,
      ""action"": null,
      ""actorsInvolved"": [""ዐይት"", ""ወቦሙ""]
    },
    {
      ""title"": ""Line 3"",
      ""location"": null,
      ""action"": null,
      ""actorsInvolved"": [""ሰማይ"", ""ምጠነ"", ""ቦሙ""]
    },
    {
      ""title"": ""Line 4"",
      ""location"": null,
      ""action"": null,
      ""actorsInvolved"": [""ሰማይ"", ""ለልኤሆሙ""]
    }
  ],
  ""blocking"": {
    ""anchors"": [],
    ""paths"": []
  }
}
```"
78,segment_004,segment,DONE,C:\Users\sasch\visionexe\stories\template\filmsets\story_078\segment_004\segment.txt,"```json
{
  ""actors"": [],
  ""props"": [],
  ""environments"": [
    {
      ""name"": ""Sun"",
      ""visualTraits"": ""bright, radiant"",
      ""changes"": null,
      ""role"": ""natural element""
    }
  ],
  ""scenes"": [
    {
      ""title"": ""Sunlit Verse"",
      ""location"": ""sky"",
      ""action"": null,
      ""actorsInvolved"": []
    }
  ],
  ""blocking"": {
    ""anchors"": [],
    ""paths"": []
  }
}
```"
78,segment_005,segment,DONE,C:\Users\sasch\visionexe\stories\template\filmsets\story_078\segment_005\segment.txt,"```json
{
  ""actors"": [],
  ""props"": [],
  ""environments"": [
    {
      ""name"": ""sky"",
      ""visualTraits"": null,
      ""changes"": null,
      ""role"": ""environment""
    }
  ],
  ""scenes"": [
    {
      ""title"": ""Chapter 78 Segment 5"",
      ""location"": ""sky"",
      ""action"": ""none"",
      ""actorsInvolved"": []
    }
  ],
  ""blocking"": {
    ""anchors"": [],
    ""paths"": []
  }
}
```"
78,segment_006,segment,DONE,C:\Users\sasch\visionexe\stories\template\filmsets\story_078\segment_006\segment.txt,"```json
{
  ""actors"": [],
  ""props"": [
    {
      ""name"": ""ቦቱ"",
      ""visualTraits"": null,
      ""changes"": null,
      ""role"": ""unknown""
    }
  ],
  ""environments"": [
    {
      ""name"": ""ሰማይ"",
      ""visualTraits"": null,
      ""changes"": null,
      ""role"": ""background""
    },
    {
      ""name"": ""ብርሃን"",
      ""visualTraits"": null,
      ""changes"": null,
      ""role"": ""light""
    }
  ],
  ""scenes"": [
    {
      ""title"": ""Chapter 78 Segment 6"",
      ""location"": ""ሰማይ"",
      ""action"": ""unknown"",
      ""actorsInvolved"": []
    }
  ],
  ""blocking"": {
    ""anchors"": [],
    ""paths"": []
  }
}
```"
78,segment_007,segment,DONE,C:\Users\sasch\visionexe\stories\template\filmsets\story_078\segment_007\segment.txt,"```json
{
  ""actors"": [
    {""name"":""ወሠለስተ"",""visualTraits"":[],""changes"":[],""role"":""unknown""},
    {""name"":""ትኅምስተ"",""visualTraits"":[],""changes"":[],""role"":""unknown""},
    {""name"":""ብርሃን"",""visualTraits"":[],""changes"":[],""role"":""unknown""},
    {""name"":""ይትወደይ"",""visualTraits"":[],""changes"":[],""role"":""unknown""},
    {""name"":""ውስቴታ"",""visualTraits"":[],""changes"":[],""role"":""unknown""},
    {""name"":""እስ"",""visualTraits"":[],""changes"":[],""role"":""unknown""},
    {""name"":""ዐሡር"",""visualTraits"":[],""changes"":[],""role"":""unknown""},
    {""name"":""ወኃሙስ"",""visualTraits"":[],""changes"":[],""role"":""unknown""},
    {""name"":""ይትፌጸም"",""visualTraits"":[],""changes"":[],""role"":""unknown""},
    {""name"":""ብርሃነ"",""visualTraits"":[],""changes"":[],""role"":""unknown""},
    {""name"":""ዚሁ"",""visualTraits"":[],""changes"":[],""role"":""unknown""},
    {""name"":""ለትእምርተ"",""visualTraits"":[],""changes"":[],""role"":""unknown""},
    {""name"":""ዐመት"",""visualTraits"":[],""changes"":[],""role"":""unknown""},
    {""name"":""ወይውን"",""visualTraits"":[],""changes"":[],""role"":""unknown""},
    {""name"":""ለ፫ትኅምስተ"",""visualTraits"":[],""changes"":[],""role"":""unknown""},
    {""name"":""ወይውን"",""visualTraits"":[],""changes"":[],""role"":""unknown""},
    {""name"":""ወርኅ"",""visualTraits"":[],""changes"":[],""role"":""unknown""},
    {""name"":""መንፈቀ"",""visualTraits"":[],""changes"":[],""role"":""unknown""},
    {""name"":""ሰብዕት"",""visualTraits"":[],""changes"":[],""role"":""unknown""},
    {""name"":""እድ"",""visualTraits"":[],""changes"":[],""role"":""unknown""}
  ],
  ""props"": [],
  ""environments"": [],
  ""scenes"": [],
  ""blocking"": {
    ""anchors"": [],
    ""paths"": []
  }
}
```"
78,segment_008,segment,DONE,C:\Users\sasch\visionexe\stories\template\filmsets\story_078\segment_008\segment.txt,"```json
{
  ""actors"": [],
  ""props"": [],
  ""environments"": [],
  ""scenes"": [],
  ""blocking"": {
    ""anchors"": [],
    ""paths"": []
  }
}
```"
78,segment_009,segment,DONE,C:\Users\sasch\visionexe\stories\template\filmsets\story_078\segment_009\segment.txt,"```json
{
  ""actors"": [],
  ""props"": [],
  ""environments"": [],
  ""scenes"": [],
  ""blocking"": {
    ""anchors"": [],
    ""paths"": []
  }
}
```"
78,segment_010,segment,DONE,C:\Users\sasch\visionexe\stories\template\filmsets\story_078\segment_010\segment.txt,"```json
{
  ""actors"": [
    {
      ""name"": ""Uriel"",
      ""visualTraits"": null,
      ""changes"": null,
      ""role"": ""protagonist""
    }
  ],
  ""props"": [
    {
      ""name"": ""Light"",
      ""visualTraits"": null,
      ""changes"": null,
      ""role"": ""source of illumination""
    },
    {
      ""name"": ""Fire"",
      ""visualTraits"": null,
      ""changes"": null,
      ""role"": ""environmental hazard""
    },
    {
      ""name"": ""Sun"",
      ""visualTraits"": null,
      ""changes"": null,
      ""role"": ""ultimate destination""
    }
  ],
  ""environments"": [
    {
      ""name"": ""Wale'ete Sir'ate R'yni"",
      ""visualTraits"": null,
      ""changes"": null,
      ""role"": ""starting location""
    },
    {
      ""name"": ""Inside Fire"",
      ""visualTraits"": null,
      ""changes"": null,
      ""role"": ""intermediate environment""
    }
  ],
  ""scenes"": [
    {
      ""title"": ""Uriel's Journey to Light and Sun"",
      ""location"": ""Wale'ete Sir'ate R'yni"",
      ""action"": ""Uriel moves toward Light, enters Fire, and will go to Sun"",
      ""actorsInvolved"": [""Uriel""]
    }
  ],
  ""blocking"": {
    ""anchors"": [
      {
        ""id"": ""A1"",
        ""description"": ""Wale'ete Sir'ate R'yni""
      },
      {
        ""id"": ""A2"",
        ""description"": ""Sun""
      }
    ],
    ""paths"": [
      {
        ""actor"": ""Uriel"",
        ""start_anchor"": ""A1"",
        ""end_anchor"": ""A2"",
        ""motion"": ""unknown"",
        ""duration_sec"": null,
        ""notes"": ""movement implied by text""
      }
    ]
  }
}
```"
78,segment_011,segment,DONE,C:\Users\sasch\visionexe\stories\template\filmsets\story_078\segment_011\segment.txt,"```json
{
  ""actors"": [
    {
      ""name"": ""ፀሐይ"",
      ""visualTraits"": [""radiant"", ""celestial""],
      ""changes"": null,
      ""role"": ""source of light""
    }
  ],
  ""props"": [
    {
      ""name"": ""ብርሃና"",
      ""visualTraits"": [""glowing""],
      ""changes"": null,
      ""role"": ""illumination""
    }
  ],
  ""environments"": [
    {
      ""name"": ""ሰማይ"",
      ""visualTraits"": [""vast"", ""azure""],
      ""changes"": null,
      ""role"": ""space""
    }
  ],
  ""scenes"": [
    {
      ""title"": ""Chapter 78 Segment 11"",
      ""location"": ""ሰማይ"",
      ""action"": ""Sun shines, light radiates inside the sky"",
      ""actorsInvolved"": [""ፀሐይ"", ""ብርሃና""]
    }
  ],
  ""blocking"": {
    ""anchors"": [
      {
        ""id"": ""center_sky"",
        ""description"": ""center of the sky""
      }
    ],
    ""paths"": []
  }
}
```"
78,segment_012,segment,DONE,C:\Users\sasch\visionexe\stories\template\filmsets\story_078\segment_012\segment.txt,"```json
{
  ""actors"": [
    {
      ""name"": ""ወቀዳሚት"",
      ""visualTraits"": ""unknown"",
      ""changes"": [],
      ""role"": ""unknown""
    }
  ],
  ""props"": [
    {
      ""name"": ""ብርሃን"",
      ""visualTraits"": ""light"",
      ""changes"": [],
      ""role"": ""light source""
    }
  ],
  ""environments"": [
    {
      ""name"": ""ዕለት"",
      ""visualTraits"": ""daytime"",
      ""changes"": [],
      ""role"": ""time of day""
    }
  ],
  ""scenes"": [
    {
      ""title"": ""Chapter 78 Segment 12"",
      ""location"": ""unknown"",
      ""action"": ""unknown"",
      ""actorsInvolved"": [""ወቀዳሚት""]
    }
  ],
  ""blocking"": {
    ""anchors"": [],
    ""paths"": []
  }
}
```"
78,segment_014,segment,DONE,C:\Users\sasch\visionexe\stories\template\filmsets\story_078\segment_014\segment.txt,"```json
{
  ""actors"": [],
  ""props"": [],
  ""environments"": [
    {
      ""name"": ""ፀሐይ"",
      ""visualTraits"": ""bright, glowing"",
      ""changes"": null,
      ""role"": ""source of daylight""
    },
    {
      ""name"": ""ሌሊት"",
      ""visualTraits"": ""dark, silent"",
      ""changes"": null,
      ""role"": ""nighttime""
    },
    {
      ""name"": ""ወርኅ"",
      ""visualTraits"": ""soft, pale"",
      ""changes"": null,
      ""role"": ""source of moonlight""
    },
    {
      ""name"": ""ብርሃኑ"",
      ""visualTraits"": ""radiant"",
      ""changes"": null,
      ""role"": ""light""
    },
    {
      ""name"": ""ዐረብ"",
      ""visualTraits"": ""arid, sandy"",
      ""changes"": null,
      ""role"": ""desert""
    },
    {
      ""name"": ""ምሥራቅ"",
      ""visualTraits"": ""directional"",
      ""changes"": null,
      ""role"": ""east""
    },
    {
      ""name"": ""የዐርግ"",
      ""visualTraits"": ""horizon"",
      ""changes"": null,
      ""role"": ""horizon""
    },
    {
      ""name"": ""ሐፅፅ"",
      ""visualTraits"": ""tiny, glittering"",
      ""changes"": null,
      ""role"": ""stars""
    }
  ],
  ""scenes"": [
    {
      ""title"": ""Line 1"",
      ""location"": ""unknown"",
      ""action"": ""ይትፌጸም፡ጥንቁቀ፡እሉ፡"",
      ""actorsInvolved"": []
    },
    {
      ""title"": ""Line 2"",
      ""location"": ""unknown"",
      ""action"": ""ዕለተ፡ይወርድ፡ፀሐይ፡ውስተ፡"",
      ""actorsInvolved"": []
    },
    {
      ""title"": ""Line 3"",
      ""location"": ""unknown"",
      ""action"": ""ዐረብ፡ወእምነ፡ምሥራቅ፡የዐርግ፡"",
      ""actorsInvolved"": []
    },
    {
      ""title"": ""Line 4"",
      ""location"": ""unknown"",
      ""action"": ""ሌሊት፡ወያርህ፡ወርኅ፡ሉ፡"",
      ""actorsInvolved"": []
    },
    {
      ""title"": ""Line 5"",
      ""location"": ""unknown"",
      ""action"": ""ሌሊት።ወእስ፡ይሠርቅ፡ፀሐይ፡"",
      ""actorsInvolved"": []
    },
    {
      ""title"": ""Line 6"",
      ""location"": ""unknown"",
      ""action"": ""ቅድሜሁ፨ወይትዐረይ፡ወርኅ፡"",
      ""actorsInvolved"": []
    },
    {
      ""title"": ""Line 7"",
      ""location"": ""unknown"",
      ""action"": ""ቅድመ፡ፀሐይ፡"",
      ""actorsInvolved"": []
    },
    {
      ""title"": ""Line 8"",
      ""location"": ""unknown"",
      ""action"": ""እምኀ፡ይወጽእ፡ብርሃኑ፡"",
      ""actorsInvolved"": []
    },
    {
      ""title"": ""Line 9"",
      ""location"": ""unknown"",
      ""action"": ""ለወርኅ፡እምህየ፡ዕ፡የሐፅፅ፡"",
      ""actorsInvolved"": []
    },
    {
      ""title"": ""Line 10"",
      ""location"": ""unknown"",
      ""action"": ""እስ፡ይትዌዳዕ፡ሉ፡ብርሃኑ፡"",
      ""actorsInvolved"": []
    },
    {
      ""title"": ""Line 11"",
      ""location"": ""unknown"",
      ""action"": ""ወየኀልፍ፡መዋዕለ፡"",
      ""actorsInvolved"": []
    },
    {
      ""title"": ""Line 12"",
      ""location"": ""unknown"",
      ""action"": ""ወርኅ፨ወይነብር፡ቡ፡፡"",
      ""actorsInvolved"": []
    },
    {
      ""title"": ""Line 13"",
      ""location"": ""unknown"",
      ""action"": ""ዘእንለ፡ብርሃን፨"",
      ""actorsInvolved"": []
    }
  ],
  ""blocking"": {
    ""anchors"": [],
    ""paths"": []
  }
}
```"
78,segment_015,segment,DONE,C:\Users\sasch\visionexe\stories\template\filmsets\story_078\segment_015\segment.txt,"```json
{
  ""actors"": [],
  ""props"": [],
  ""environments"": [],
  ""scenes"": [],
  ""blocking"": {
    ""anchors"": [],
    ""paths"": []
  }
}
```"
78,segment_016,segment,DONE,C:\Users\sasch\visionexe\stories\template\filmsets\story_078\segment_016\segment.txt,"```json
{
  ""actors"": [],
  ""props"": [],
  ""environments"": [],
  ""scenes"": [],
  ""blocking"": {
    ""anchors"": [],
    ""paths"": []
  }
}
```"
78,segment_017,segment,DONE,C:\Users\sasch\visionexe\stories\template\filmsets\story_078\segment_017\segment.txt,"```json
{
  ""actors"": [
    {
      ""name"": ""ያስተርኢ"",
      ""visualTraits"": null,
      ""changes"": null,
      ""role"": ""unknown""
    },
    {
      ""name"": ""ብእሲ"",
      ""visualTraits"": null,
      ""changes"": null,
      ""role"": ""unknown""
    },
    {
      ""name"": ""ወመዐልተ"",
      ""visualTraits"": null,
      ""changes"": null,
      ""role"": ""unknown""
    },
    {
      ""name"": ""መ፡"",
      ""visualTraits"": null,
      ""changes"": null,
      ""role"": ""unknown""
    },
    {
      ""name"": ""እስመ"",
      ""visualTraits"": null,
      ""changes"": null,
      ""role"": ""unknown""
    },
    {
      ""name"": ""ልእ"",
      ""visualTraits"": null,
      ""changes"": null,
      ""role"": ""unknown""
    },
    {
      ""name"": ""ምንትኒ"",
      ""visualTraits"": null,
      ""changes"": null,
      ""role"": ""unknown""
    },
    {
      ""name"": ""ልባቲ"",
      ""visualTraits"": null,
      ""changes"": null,
      ""role"": ""unknown""
    },
    {
      ""name"": ""ዘእንለ"",
      ""visualTraits"": null,
      ""changes"": null,
      ""role"": ""unknown""
    },
    {
      ""name"": ""ዚሃ"",
      ""visualTraits"": null,
      ""changes"": null,
      ""role"": ""unknown""
    }
  ],
  ""props"": [
    {
      ""name"": ""ብርሃነ"",
      ""visualTraits"": null,
      ""changes"": null,
      ""role"": ""light""
    }
  ],
  ""environments"": [
    {
      ""name"": ""ሌሊት"",
      ""visualTraits"": null,
      ""changes"": null,
      ""role"": ""night""
    },
    {
      ""name"": ""ሰማይ"",
      ""visualTraits"": null,
      ""changes"": null,
      ""role"": ""sky""
    }
  ],
  ""scenes"": [
    {
      ""title"": ""Night Sky"",
      ""location"": ""Night sky"",
      ""action"": ""ሌሊት፡ያስተርኢ፡፳፡መ፡\nብእሲ፡ወመዐልተ፡መ፡ሰማይ፡\nእስመ፡ልእ፡ምንትኒ፡ልባቲ፡\nዘእንለ፡ብርሃነ፡ዚሃ፨"",
      ""actorsInvolved"": [
        ""ያስተርኢ"",
        ""ብእሲ"",
        ""ወመዐልተ"",
        ""መ፡"",
        ""እስመ"",
        ""ልእ"",
        ""ምንትኒ"",
        ""ልባቲ"",
        ""ዘእንለ"",
        ""ዚሃ""
      ]
    }
  ],
  ""blocking"": {
    ""anchors"": [
      {
        ""id"": ""night"",
        ""description"": ""night""
      },
      {
        ""id"": ""sky"",
        ""description"": ""sky""
      },
      {
        ""id"": ""light"",
        ""description"": ""light""
      }
    ],
    ""paths"": []
  }
}
```"
79,segment_001,segment,DONE,C:\Users\sasch\visionexe\stories\template\filmsets\story_079\segment_001\segment.txt,"```json
{
  ""actors"": [
    {""name"":""ወይእዜኒ"",""visualTraits"":null,""changes"":null,""role"":null},
    {""name"":""ወልድየ"",""visualTraits"":null,""changes"":null,""role"":null},
    {""name"":""ማቱሳላ"",""visualTraits"":null,""changes"":null,""role"":null},
    {""name"":""ርይኩ"",""visualTraits"":null,""changes"":null,""role"":null},
    {""name"":""ሉ"",""visualTraits"":null,""changes"":null,""role"":null},
    {""name"":""ዋብት"",""visualTraits"":null,""changes"":null,""role"":null},
    {""name"":""ዘሰማይ"",""visualTraits"":null,""changes"":null,""role"":null}
  ],
  ""props"": [],
  ""environments"": [],
  ""scenes"": [
    {
      ""title"":""Chapter 79 Segment 1"",
      ""location"":null,
      ""action"":null,
      ""actorsInvolved"":[""ወይእዜኒ"",""ወልድየ"",""ማቱሳላ"",""ርይኩ"",""ሉ"",""ዋብት"",""ዘሰማይ""]
    }
  ],
  ""blocking"": {
    ""anchors"": [],
    ""paths"": []
  }
}
```"
79,segment_002,segment,DONE,C:\Users\sasch\visionexe\stories\template\filmsets\story_079\segment_002\segment.txt,"```json
{
  ""actors"": [],
  ""props"": [],
  ""environments"": [],
  ""scenes"": [],
  ""blocking"": {
    ""anchors"": [],
    ""paths"": []
  }
}
```"
79,segment_003,segment,DONE,C:\Users\sasch\visionexe\stories\template\filmsets\story_079\segment_003\segment.txt,"```json
{
  ""actors"": [],
  ""props"": [],
  ""environments"": [],
  ""scenes"": [],
  ""blocking"": {
    ""anchors"": [],
    ""paths"": []
  }
}
```"
79,segment_004,segment,DONE,C:\Users\sasch\visionexe\stories\template\filmsets\story_079\segment_004\segment.txt,"```json
{
  ""actors"": [],
  ""props"": [],
  ""environments"": [],
  ""scenes"": [],
  ""blocking"": {
    ""anchors"": [],
    ""paths"": []
  }
}
```"
79,segment_005,segment,DONE,C:\Users\sasch\visionexe\stories\template\filmsets\story_079\segment_005\segment.txt,"```json
{
  ""actors"": [],
  ""props"": [],
  ""environments"": [],
  ""scenes"": [],
  ""blocking"": {
    ""anchors"": [],
    ""paths"": []
  }
}
```"
79,segment_006,segment,DONE,C:\Users\sasch\visionexe\stories\template\filmsets\story_079\segment_006\segment.txt,"```json
{
  ""actors"": [
    {
      ""name"": ""መዝ፡ርያ፡ወምሳል፡"",
      ""visualTraits"": null,
      ""changes"": null,
      ""role"": null
    },
    {
      ""name"": ""እምሉ፡ብርሃን፡ዘርየኒ፡"",
      ""visualTraits"": null,
      ""changes"": null,
      ""role"": null
    },
    {
      ""name"": ""ኡርኤል፡መል፡ዓቢይ፡"",
      ""visualTraits"": null,
      ""changes"": null,
      ""role"": null
    },
    {
      ""name"": ""ዘውእቱ፡መራኂሆሙ፨"",
      ""visualTraits"": null,
      ""changes"": null,
      ""role"": null
    }
  ],
  ""props"": [],
  ""environments"": [],
  ""scenes"": [],
  ""blocking"": {
    ""anchors"": [],
    ""paths"": []
  }
}
```"
80,segment_001,segment,DONE,C:\Users\sasch\visionexe\stories\template\filmsets\story_080\segment_001\segment.txt,"{""actors"":[],""props"":[],""environments"":[],""scenes"":[],""blocking"":{""anchors"":[],""paths"":[]}}"
80,segment_002,segment,DONE,C:\Users\sasch\visionexe\stories\template\filmsets\story_080\segment_002\segment.txt,"```json
{
  ""actors"": [],
  ""props"": [],
  ""environments"": [],
  ""scenes"": [],
  ""blocking"": {
    ""anchors"": [],
    ""paths"": []
  }
}
```"
80,segment_003,segment,DONE,C:\Users\sasch\visionexe\stories\template\filmsets\story_080\segment_003\segment.txt,"```json
{
  ""actors"": [],
  ""props"": [],
  ""environments"": [],
  ""scenes"": [],
  ""blocking"": {
    ""anchors"": [],
    ""paths"": []
  }
}
```"
80,segment_004,segment,DONE,C:\Users\sasch\visionexe\stories\template\filmsets\story_080\segment_004\segment.txt,"```json
{
  ""actors"": [],
  ""props"": [],
  ""environments"": [],
  ""scenes"": [],
  ""blocking"": {
    ""anchors"": [],
    ""paths"": []
  }
}
```"
80,segment_005,segment,DONE,C:\Users\sasch\visionexe\stories\template\filmsets\story_080\segment_005\segment.txt,"```json
{
  ""actors"": [],
  ""props"": [],
  ""environments"": [
    {
      ""name"": ""sky"",
      ""visualTraits"": ""unknown"",
      ""changes"": ""unknown"",
      ""role"": ""setting""
    }
  ],
  ""scenes"": [
    {
      ""title"": ""Morning Sky"",
      ""location"": ""sky"",
      ""action"": ""wind rises, rain falls, light emerges"",
      ""actorsInvolved"": []
    }
  ],
  ""blocking"": {
    ""anchors"": [],
    ""paths"": []
  }
}
```"
80,segment_006,segment,DONE,C:\Users\sasch\visionexe\stories\template\filmsets\story_080\segment_006\segment.txt,"```json
{
  ""actors"": [],
  ""props"": [],
  ""environments"": [],
  ""scenes"": [],
  ""blocking"": {
    ""anchors"": [],
    ""paths"": []
  }
}
```"
80,segment_007,segment,DONE,C:\Users\sasch\visionexe\stories\template\filmsets\story_080\segment_007\segment.txt,"```json
{
  ""actors"": [],
  ""props"": [],
  ""environments"": [],
  ""scenes"": [],
  ""blocking"": {
    ""anchors"": [],
    ""paths"": []
  }
}
```"
80,segment_008,segment,DONE,C:\Users\sasch\visionexe\stories\template\filmsets\story_080\segment_008\segment.txt,"```json
{
  ""actors"": [],
  ""props"": [],
  ""environments"": [],
  ""scenes"": [],
  ""blocking"": {
    ""anchors"": [],
    ""paths"": []
  }
}
```"
81,segment_001,segment,DONE,C:\Users\sasch\visionexe\stories\template\filmsets\story_081\segment_001\segment.txt,"```json
{
  ""actors"": [
    {
      ""name"": ""ወይቤለኒ"",
      ""visualTraits"": null,
      ""changes"": null,
      ""role"": ""unknown""
    },
    {
      ""name"": ""ነጽር"",
      ""visualTraits"": null,
      ""changes"": null,
      ""role"": ""unknown""
    },
    {
      ""name"": ""ሄኖ"",
      ""visualTraits"": null,
      ""changes"": null,
      ""role"": ""unknown""
    },
    {
      ""name"": ""ዘጸፍጸፈ"",
      ""visualTraits"": null,
      ""changes"": null,
      ""role"": ""unknown""
    },
    {
      ""name"": ""ዘጽሑፍ"",
      ""visualTraits"": null,
      ""changes"": null,
      ""role"": ""unknown""
    },
    {
      ""name"": ""ዲቤሆሙ"",
      ""visualTraits"": null,
      ""changes"": null,
      ""role"": ""unknown""
    },
    {
      ""name"": ""ወእምር"",
      ""visualTraits"": null,
      ""changes"": null,
      ""role"": ""unknown""
    },
    {
      ""name"": ""ሐደ"",
      ""visualTraits"": null,
      ""changes"": null,
      ""role"": ""unknown""
    }
  ],
  ""props"": [],
  ""environments"": [
    {
      ""name"": ""ሰማይ"",
      ""visualTraits"": null,
      ""changes"": null,
      ""role"": ""environment""
    },
    {
      ""name"": ""ወንብብ"",
      ""visualTraits"": null,
      ""changes"": null,
      ""role"": ""environment""
    }
  ],
  ""scenes"": [
    {
      ""title"": ""Chapter 81 Segment 1"",
      ""location"": null,
      ""action"": ""chant"",
      ""actorsInvolved"": [
        ""ወይቤለኒ"",
        ""ነጽር"",
        ""ሄኖ"",
        ""ዘጸፍጸፈ"",
        ""ዘጽሑፍ"",
        ""ዲቤሆሙ"",
        ""ወእምር"",
        ""ሐደ""
      ]
    }
  ],
  ""blocking"": {
    ""anchors"": [
      {
        ""id"": ""center"",
        ""description"": ""center stage""
      }
    ],
    ""paths"": []
  }
}
```"
81,segment_002,segment,DONE,C:\Users\sasch\visionexe\stories\template\filmsets\story_081\segment_002\segment.txt,"```json
{
  ""actors"": [],
  ""props"": [],
  ""environments"": [
    {
      ""name"": ""ሰማይ"",
      ""visualTraits"": null,
      ""changes"": [],
      ""role"": ""environment""
    },
    {
      ""name"": ""ምድር"",
      ""visualTraits"": null,
      ""changes"": [],
      ""role"": ""environment""
    },
    {
      ""name"": ""ዓለም"",
      ""visualTraits"": null,
      ""changes"": [],
      ""role"": ""environment""
    }
  ],
  ""scenes"": [],
  ""blocking"": {
    ""anchors"": [],
    ""paths"": []
  }
}
```"
81,segment_003,segment,DONE,C:\Users\sasch\visionexe\stories\template\filmsets\story_081\segment_003\segment.txt,"{
  ""actors"": [],
  ""props"": [],
  ""environments"": [],
  ""scenes"": [],
  ""blocking"": {
    ""anchors"": [],
    ""paths"": []
  }
}"
81,segment_004,segment,DONE,C:\Users\sasch\visionexe\stories\template\filmsets\story_081\segment_004\segment.txt,"```json
{
  ""actors"": [
    {
      ""name"": ""Lord"",
      ""visualTraits"": null,
      ""changes"": null,
      ""role"": ""deity""
    }
  ],
  ""props"": [
    {
      ""name"": ""Book"",
      ""visualTraits"": null,
      ""changes"": null,
      ""role"": ""text""
    }
  ],
  ""environments"": [],
  ""scenes"": [],
  ""blocking"": {
    ""anchors"": [],
    ""paths"": []
  }
}
```"
81,segment_005,segment,DONE,C:\Users\sasch\visionexe\stories\template\filmsets\story_081\segment_005\segment.txt,"```json
{
  ""actors"": [],
  ""props"": [],
  ""environments"": [
    {
      ""name"": ""ምድር"",
      ""visualTraits"": null,
      ""changes"": null,
      ""role"": ""environment""
    },
    {
      ""name"": ""ቤት"",
      ""visualTraits"": null,
      ""changes"": null,
      ""role"": ""environment""
    }
  ],
  ""scenes"": [],
  ""blocking"": {
    ""anchors"": [],
    ""paths"": []
  }
}
```"
81,segment_006,segment,DONE,C:\Users\sasch\visionexe\stories\template\filmsets\story_081\segment_006\segment.txt,"```json
{
  ""actors"": [],
  ""props"": [],
  ""environments"": [],
  ""scenes"": [],
  ""blocking"": {
    ""anchors"": [],
    ""paths"": []
  }
}
```"
81,segment_007,segment,DONE,C:\Users\sasch\visionexe\stories\template\filmsets\story_081\segment_007\segment.txt,"{
  ""actors"": [],
  ""props"": [],
  ""environments"": [],
  ""scenes"": [],
  ""blocking"": {
    ""anchors"": [],
    ""paths"": []
  }
}"
81,segment_008,segment,DONE,C:\Users\sasch\visionexe\stories\template\filmsets\story_081\segment_008\segment.txt,"```json
{
  ""actors"": [],
  ""props"": [],
  ""environments"": [],
  ""scenes"": [],
  ""blocking"": {
    ""anchors"": [],
    ""paths"": []
  }
}
```"
81,segment_009,segment,DONE,C:\Users\sasch\visionexe\stories\template\filmsets\story_081\segment_009\segment.txt,"```json
{
  ""actors"": [
    {
      ""name"": ""ወእለ"",
      ""visualTraits"": null,
      ""changes"": null,
      ""role"": ""deity""
    },
    {
      ""name"": ""ሰብእ"",
      ""visualTraits"": null,
      ""changes"": null,
      ""role"": ""servants""
    },
    {
      ""name"": ""ረሲዓን"",
      ""visualTraits"": null,
      ""changes"": null,
      ""role"": ""king""
    }
  ],
  ""props"": [],
  ""environments"": [],
  ""scenes"": [
    {
      ""title"": ""Chapter 81 Segment 9"",
      ""location"": null,
      ""action"": ""Invocation and request for acceptance and righteous arrival"",
      ""actorsInvolved"": [""ወእለ"", ""ሰብእ"", ""ረሲዓን""]
    }
  ],
  ""blocking"": {
    ""anchors"": [],
    ""paths"": []
  }
}
```"
81,segment_010,segment,DONE,C:\Users\sasch\visionexe\stories\template\filmsets\story_081\segment_010\segment.txt,"```json
{
  ""actors"": [
    {
      ""name"": ""ወእማንቱ"",
      ""visualTraits"": null,
      ""changes"": null,
      ""role"": ""speaker""
    },
    {
      ""name"": ""እግዚ"",
      ""visualTraits"": null,
      ""changes"": null,
      ""role"": ""deity""
    }
  ],
  ""props"": [
    {
      ""name"": ""ወቦእኩ"",
      ""visualTraits"": null,
      ""changes"": null,
      ""role"": ""natural element""
    },
    {
      ""name"": ""ኀ፡ሰብእየ"",
      ""visualTraits"": null,
      ""changes"": null,
      ""role"": ""natural element""
    }
  ],
  ""environments"": [
    {
      ""name"": ""መዋዕል"",
      ""visualTraits"": null,
      ""changes"": null,
      ""role"": ""time of day""
    }
  ],
  ""scenes"": [
    {
      ""title"": ""Creation Chant"",
      ""location"": ""መዋዕል"",
      ""action"": ""Speakers chant about creation, invoking God, referencing water and earth."",
      ""actorsInvolved"": [""ወእማንቱ"", ""እግዚ""]
    }
  ],
  ""blocking"": {
    ""anchors"": [],
    ""paths"": []
  }
}
```"
82,segment_001,segment,DONE,C:\Users\sasch\visionexe\stories\template\filmsets\story_082\segment_001\segment.txt,"```json
{
  ""actors"": [],
  ""props"": [],
  ""environments"": [],
  ""scenes"": [],
  ""blocking"": {
    ""anchors"": [],
    ""paths"": []
  }
}
```
"
82,segment_002,segment,DONE,C:\Users\sasch\visionexe\stories\template\filmsets\story_082\segment_002\segment.txt,"```json
{
  ""actors"": [],
  ""props"": [],
  ""environments"": [],
  ""scenes"": [],
  ""blocking"": {
    ""anchors"": [],
    ""paths"": []
  }
}
```"
82,segment_003,segment,DONE,C:\Users\sasch\visionexe\stories\template\filmsets\story_082\segment_003\segment.txt,"```json
{
  ""actors"": [],
  ""props"": [],
  ""environments"": [],
  ""scenes"": [],
  ""blocking"": {
    ""anchors"": [],
    ""paths"": []
  }
}
```"
82,segment_004,segment,DONE,C:\Users\sasch\visionexe\stories\template\filmsets\story_082\segment_004\segment.txt,"```json
{
  ""actors"": [
    {""name"":""ብፁዓን"",""visualTraits"":null,""changes"":null,""role"":""unknown""},
    {""name"":""ጸድቃን"",""visualTraits"":null,""changes"":null,""role"":""unknown""},
    {""name"":""ሎሙ"",""visualTraits"":null,""changes"":null,""role"":""unknown""},
    {""name"":""የሐውሩ"",""visualTraits"":null,""changes"":null,""role"":""unknown""},
    {""name"":""ፍኖተ"",""visualTraits"":null,""changes"":null,""role"":""unknown""},
    {""name"":""ጽድቅ"",""visualTraits"":null,""changes"":null,""role"":""unknown""},
    {""name"":""ወልቦሙ"",""visualTraits"":null,""changes"":null,""role"":""unknown""},
    {""name"":""ኀጢት"",""visualTraits"":null,""changes"":null,""role"":""unknown""},
    {""name"":""መ"",""visualTraits"":null,""changes"":null,""role"":""unknown""},
    {""name"":""ኃጠን"",""visualTraits"":null,""changes"":null,""role"":""unknown""},
    {""name"":""ልቍ"",""visualTraits"":null,""changes"":null,""role"":""unknown""},
    {""name"":""ሉ"",""visualTraits"":null,""changes"":null,""role"":""unknown""},
    {""name"":""መዋዕሊሆሙ"",""visualTraits"":null,""changes"":null,""role"":""unknown""},
    {""name"":""ለዘ"",""visualTraits"":null,""changes"":null,""role"":""unknown""},
    {""name"":""የሐውር"",""visualTraits"":null,""changes"":null,""role"":""unknown""},
    {""name"":""ፀሐይ"",""visualTraits"":null,""changes"":null,""role"":""unknown""},
    {""name"":""ሰማይ"",""visualTraits"":null,""changes"":null,""role"":""unknown""},
    {""name"":""ይውእ"",""visualTraits"":null,""changes"":null,""role"":""unknown""},
    {""name"":""ወይወፅእ"",""visualTraits"":null,""changes"":null,""role"":""unknown""},
    {""name"":""ሠለስተ"",""visualTraits"":null,""changes"":null,""role"":""unknown""},
    {""name"":""ዕለተ"",""visualTraits"":null,""changes"":null,""role"":""unknown""},
    {""name"":""ምስለ"",""visualTraits"":null,""changes"":null,""role"":""unknown""},
    {""name"":""ርእስተ"",""visualTraits"":null,""changes"":null,""role"":""unknown""},
    {""name"":""፲፻ዘሥርዓቶሙ"",""visualTraits"":null,""changes"":null,""role"":""unknown""},
    {""name"":""ለዋብት"",""visualTraits"":null,""changes"":null,""role"":""unknown""},
    {""name"":""ይትዌሰኩ"",""visualTraits"":null,""changes"":null,""role"":""unknown""},
    {""name"":""ይትሌለዩ"",""visualTraits"":null,""changes"":null,""role"":""unknown""},
    {""name"":""ማእለ፨ወማእለ"",""visualTraits"":null,""changes"":null,""role"":""unknown""},
    {""name"":""ለ፬ፍለ"",""visualTraits"":null,""changes"":null,""role"":""unknown""},
    {""name"":""ዓመት"",""visualTraits"":null,""changes"":null,""role"":""unknown""},
    {""name"":""ይመርሕዎሙ"",""visualTraits"":null,""changes"":null,""role"":""unknown""},
    {""name"":""ወምስሌሆሙ"",""visualTraits"":null,""changes"":null,""role"":""unknown""},
    {""name"":""ይውኡ"",""visualTraits"":null,""changes"":null,""role"":""unknown""},
    {""name"":""ርዕ"",""visualTraits"":null,""changes"":null,""role"":""unknown""},
    {""name"":""መዋዕል"",""visualTraits"":null,""changes"":null,""role"":""unknown""}
  ],
  ""props"": [],
  ""environments"": [
    {""name"":""ፀሐይ"",""visualTraits"":null,""changes"":null,""role"":""environment""},
    {""name"":""ሰማይ"",""visualTraits"":null,""changes"":null,""role"":""environment""}
  ],
  ""scenes"": [],
  ""blocking"": {
    ""anchors"": [],
    ""paths"": []
  }
}
```"
82,segment_005,segment,DONE,C:\Users\sasch\visionexe\stories\template\filmsets\story_082\segment_005\segment.txt,"```json
{
  ""actors"": [],
  ""props"": [],
  ""environments"": [],
  ""scenes"": [],
  ""blocking"": {
    ""anchors"": [],
    ""paths"": []
  }
}
```
"
82,segment_006,segment,DONE,C:\Users\sasch\visionexe\stories\template\filmsets\story_082\segment_006\segment.txt,"```json
{
  ""actors"": [],
  ""props"": [],
  ""environments"": [],
  ""scenes"": [],
  ""blocking"": {
    ""anchors"": [],
    ""paths"": []
  }
}
```"
82,segment_007,segment,DONE,C:\Users\sasch\visionexe\stories\template\filmsets\story_082\segment_007\segment.txt,"```json
{
  ""actors"": [
    {""name"":""ወማን"",""visualTraits"":null,""changes"":[],""role"":null},
    {""name"":""ነገሩ"",""visualTraits"":null,""changes"":[],""role"":null},
    {""name"":""ወጥንቁቅ"",""visualTraits"":null,""changes"":[],""role"":null},
    {""name"":""ሐሳብ"",""visualTraits"":null,""changes"":[],""role"":null},
    {""name"":""ዘልኩዕ"",""visualTraits"":null,""changes"":[],""role"":null},
    {""name"":""እስመ"",""visualTraits"":null,""changes"":[],""role"":null},
    {""name"":""ለብርሃናት"",""visualTraits"":null,""changes"":[],""role"":null},
    {""name"":""ወለውራኅ"",""visualTraits"":null,""changes"":[],""role"":null},
    {""name"":""ወለዓላት"",""visualTraits"":null,""changes"":[],""role"":null},
    {""name"":""ወለራማት"",""visualTraits"":null,""changes"":[],""role"":null},
    {""name"":""ወለመዋዕል"",""visualTraits"":null,""changes"":[],""role"":null},
    {""name"":""ርየኒ"",""visualTraits"":null,""changes"":[],""role"":null},
    {""name"":""ወነፍሐ"",""visualTraits"":null,""changes"":[],""role"":null},
    {""name"":""ዲቤየ"",""visualTraits"":null,""changes"":[],""role"":null},
    {""name"":""ኡርኤል"",""visualTraits"":null,""changes"":[],""role"":null},
    {""name"":""ዘዘዞ"",""visualTraits"":null,""changes"":[],""role"":null},
    {""name"":""ሊተ"",""visualTraits"":null,""changes"":[],""role"":null},
    {""name"":""እግዚ"",""visualTraits"":null,""changes"":[],""role"":null},
    {""name"":""ሉ፡ፍጥረተ"",""visualTraits"":null,""changes"":[],""role"":null},
    {""name"":""ዓለም"",""visualTraits"":null,""changes"":[],""role"":null},
    {""name"":""ኃይለ"",""visualTraits"":null,""changes"":[],""role"":null},
    {""name"":""ሰማይ"",""visualTraits"":null,""changes"":[],""role"":null}
  ],
  ""props"": [],
  ""environments"": [],
  ""scenes"": [],
  ""blocking"": {
    ""anchors"": [],
    ""paths"": []
  }
}
```"
82,segment_008,segment,DONE,C:\Users\sasch\visionexe\stories\template\filmsets\story_082\segment_008\segment.txt,"```json
{
  ""actors"": [
    {""name"":""ወሥልጣን"",""visualTraits"":""unknown"",""changes"":""unknown"",""role"":""unknown""},
    {""name"":""ቦቱ"",""visualTraits"":""unknown"",""changes"":""unknown"",""role"":""unknown""},
    {""name"":""መ፡ያርኢ"",""visualTraits"":""unknown"",""changes"":""unknown"",""role"":""unknown""},
    {""name"":""ሰብእ"",""visualTraits"":""unknown"",""changes"":""unknown"",""role"":""unknown""},
    {""name"":""ፀሐየ"",""visualTraits"":""unknown"",""changes"":""unknown"",""role"":""unknown""},
    {""name"":""ወወርኃ"",""visualTraits"":""unknown"",""changes"":""unknown"",""role"":""unknown""},
    {""name"":""ወዋብተ"",""visualTraits"":""unknown"",""changes"":""unknown"",""role"":""unknown""},
    {""name"":""ወሎሙ"",""visualTraits"":""unknown"",""changes"":""unknown"",""role"":""unknown""},
    {""name"":""ሥልጣናተ"",""visualTraits"":""unknown"",""changes"":""unknown"",""role"":""unknown""},
    {""name"":""እለ"",""visualTraits"":""unknown"",""changes"":""unknown"",""role"":""unknown""},
    {""name"":""ቦሙ"",""visualTraits"":""unknown"",""changes"":""unknown"",""role"":""unknown""}
  ],
  ""props"": [
    {""name"":""ብርሃነ"",""visualTraits"":""unknown"",""changes"":""unknown"",""role"":""unknown""}
  ],
  ""environments"": [
    {""name"":""ሌሊት"",""visualTraits"":""unknown"",""changes"":""unknown"",""role"":""unknown""},
    {""name"":""ወመዓልት"",""visualTraits"":""unknown"",""changes"":""unknown"",""role"":""unknown""},
    {""name"":""ውስተ"",""visualTraits"":""unknown"",""changes"":""unknown"",""role"":""unknown""},
    {""name"":""ሰማይ"",""visualTraits"":""unknown"",""changes"":""unknown"",""role"":""unknown""}
  ],
  ""scenes"": [
    {
      ""title"":""Night under the sky"",
      ""location"":""ሰማይ"",
      ""action"":""unknown"",
      ""actorsInvolved"":[
        ""ወሥልጣን"",
        ""ቦቱ"",
        ""መ፡ያርኢ"",
        ""ሰብእ"",
        ""ፀሐየ"",
        ""ወወርኃ"",
        ""ወዋብተ"",
        ""ወሎሙ"",
        ""ሥልጣናተ"",
        ""እለ"",
        ""ቦሙ""
      ]
    }
  ],
  ""blocking"": {
    ""anchors"": [],
    ""paths"": []
  }
}
```"
82,segment_009,segment,DONE,C:\Users\sasch\visionexe\stories\template\filmsets\story_082\segment_009\segment.txt,"{
  ""actors"": [],
  ""props"": [],
  ""environments"": [],
  ""scenes"": [],
  ""blocking"": {
    ""anchors"": [],
    ""paths"": []
  }
}"
82,segment_010,segment,DONE,C:\Users\sasch\visionexe\stories\template\filmsets\story_082\segment_010\segment.txt,"```json
{
  ""actors"": [],
  ""props"": [],
  ""environments"": [],
  ""scenes"": [],
  ""blocking"": {
    ""anchors"": [],
    ""paths"": []
  }
}
```"
82,segment_011,segment,DONE,C:\Users\sasch\visionexe\stories\template\filmsets\story_082\segment_011\segment.txt,"```json
{
  ""actors"": [],
  ""props"": [],
  ""environments"": [],
  ""scenes"": [
    {
      ""title"": ""Chapter 82 Segment 11"",
      ""location"": ""unknown"",
      ""action"": ""unknown"",
      ""actorsInvolved"": []
    }
  ],
  ""blocking"": {
    ""anchors"": [],
    ""paths"": []
  }
}
```"
82,segment_012,segment,DONE,C:\Users\sasch\visionexe\stories\template\filmsets\story_082\segment_012\segment.txt,"```json
{
  ""actors"": [
    {
      ""name"": ""ወእሙንቱ"",
      ""visualTraits"": null,
      ""changes"": null,
      ""role"": ""unknown""
    },
    {
      ""name"": ""ርእስት"",
      ""visualTraits"": null,
      ""changes"": null,
      ""role"": ""unknown""
    },
    {
      ""name"": ""መራሔ"",
      ""visualTraits"": null,
      ""changes"": null,
      ""role"": ""unknown""
    },
    {
      ""name"": ""ወተመራሒ"",
      ""visualTraits"": null,
      ""changes"": null,
      ""role"": ""unknown""
    },
    {
      ""name"": ""ወይትዌሰ"",
      ""visualTraits"": null,
      ""changes"": null,
      ""role"": ""unknown""
    },
    {
      ""name"": ""፩ድኅረ"",
      ""visualTraits"": null,
      ""changes"": null,
      ""role"": ""unknown""
    },
    {
      ""name"": ""ምቅዋም"",
      ""visualTraits"": null,
      ""changes"": null,
      ""role"": ""unknown""
    },
    {
      ""name"": ""ወመራሒያኒሆሙ"",
      ""visualTraits"": null,
      ""changes"": null,
      ""role"": ""unknown""
    },
    {
      ""name"": ""ይፈልጡ"",
      ""visualTraits"": null,
      ""changes"": null,
      ""role"": ""unknown""
    }
  ],
  ""props"": [],
  ""environments"": [],
  ""scenes"": [
    {
      ""title"": ""Chapter 82 Segment 12"",
      ""location"": null,
      ""action"": null,
      ""actorsInvolved"": [
        ""ወእሙንቱ"",
        ""ርእስት"",
        ""መራሔ"",
        ""ወተመራሒ"",
        ""ወይትዌሰ"",
        ""፩ድኅረ"",
        ""ምቅዋም"",
        ""ወመራሒያኒሆሙ"",
        ""ይፈልጡ""
      ]
    }
  ],
  ""blocking"": {
    ""anchors"": [],
    ""paths"": []
  }
}
```"
82,segment_013,segment,DONE,C:\Users\sasch\visionexe\stories\template\filmsets\story_082\segment_013\segment.txt,"```json
{
  ""actors"": [],
  ""props"": [],
  ""environments"": [],
  ""scenes"": [],
  ""blocking"": {
    ""anchors"": [],
    ""paths"": []
  }
}
```
"
82,segment_014,segment,DONE,C:\Users\sasch\visionexe\stories\template\filmsets\story_082\segment_014\segment.txt,"```json
{
  ""actors"": [],
  ""props"": [],
  ""environments"": [],
  ""scenes"": [],
  ""blocking"": {
    ""anchors"": [],
    ""paths"": []
  }
}
```"
82,segment_015,segment,DONE,C:\Users\sasch\visionexe\stories\template\filmsets\story_082\segment_015\segment.txt,"```json
{
  ""actors"": [
    {
      ""name"": ""Sun"",
      ""visualTraits"": [""bright""],
      ""changes"": [],
      ""role"": ""celestial body""
    }
  ],
  ""props"": [],
  ""environments"": [
    {
      ""name"": ""Day"",
      ""visualTraits"": [""bright""],
      ""changes"": [],
      ""role"": ""time of day""
    },
    {
      ""name"": ""New Year"",
      ""visualTraits"": [],
      ""changes"": [],
      ""role"": ""time period""
    }
  ],
  ""scenes"": [
    {
      ""title"": ""Pre-Year Dawn"",
      ""location"": ""Day"",
      ""action"": ""Sun rises"",
      ""actorsInvolved"": [""Sun""]
    }
  ],
  ""blocking"": {
    ""anchors"": [
      {
        ""id"": ""anchor1"",
        ""description"": ""East horizon""
      }
    ],
    ""paths"": [
      {
        ""actor"": ""Sun"",
        ""start_anchor"": ""anchor1"",
        ""end_anchor"": null,
        ""motion"": ""rise"",
        ""duration_sec"": null,
        ""notes"": ""Sun moves from horizon into the sky""
      }
    ]
  }
}
```"
82,segment_016,segment,DONE,C:\Users\sasch\visionexe\stories\template\filmsets\story_082\segment_016\segment.txt,"```json
{
  ""actors"": [],
  ""props"": [
    {
      ""name"": ""ወሙቅ"",
      ""visualTraits"": ""unknown"",
      ""changes"": null,
      ""role"": ""prop""
    },
    {
      ""name"": ""ወሐዘን"",
      ""visualTraits"": ""unknown"",
      ""changes"": null,
      ""role"": ""prop""
    },
    {
      ""name"": ""ወሎሙ"",
      ""visualTraits"": ""unknown"",
      ""changes"": null,
      ""role"": ""prop""
    },
    {
      ""name"": ""ዕፀው"",
      ""visualTraits"": ""unknown"",
      ""changes"": null,
      ""role"": ""prop""
    },
    {
      ""name"": ""ረዳ"",
      ""visualTraits"": ""unknown"",
      ""changes"": null,
      ""role"": ""prop""
    },
    {
      ""name"": ""ገዳም"",
      ""visualTraits"": ""unknown"",
      ""changes"": null,
      ""role"": ""prop""
    },
    {
      ""name"": ""ረምተ"",
      ""visualTraits"": ""unknown"",
      ""changes"": null,
      ""role"": ""prop""
    }
  ],
  ""environments"": [
    {
      ""name"": ""ምድር"",
      ""visualTraits"": ""unknown"",
      ""changes"": null,
      ""role"": ""environment""
    },
    {
      ""name"": ""ሰልጣነ"",
      ""visualTraits"": ""unknown"",
      ""changes"": null,
      ""role"": ""environment""
    }
  ],
  ""scenes"": [
    {
      ""title"": ""Scene 1"",
      ""location"": ""unknown"",
      ""action"": ""unknown"",
      ""actorsInvolved"": []
    },
    {
      ""title"": ""Scene 2"",
      ""location"": ""unknown"",
      ""action"": ""unknown"",
      ""actorsInvolved"": []
    },
    {
      ""title"": ""Scene 3"",
      ""location"": ""unknown"",
      ""action"": ""unknown"",
      ""actorsInvolved"": []
    },
    {
      ""title"": ""Scene 4"",
      ""location"": ""unknown"",
      ""action"": ""unknown"",
      ""actorsInvolved"": []
    },
    {
      ""title"": ""Scene 5"",
      ""location"": ""unknown"",
      ""action"": ""unknown"",
      ""actorsInvolved"": []
    },
    {
      ""title"": ""Scene 6"",
      ""location"": ""unknown"",
      ""action"": ""unknown"",
      ""actorsInvolved"": []
    },
    {
      ""title"": ""Scene 7"",
      ""location"": ""unknown"",
      ""action"": ""unknown"",
      ""actorsInvolved"": []
    },
    {
      ""title"": ""Scene 8"",
      ""location"": ""unknown"",
      ""action"": ""unknown"",
      ""actorsInvolved"": []
    },
    {
      ""title"": ""Scene 9"",
      ""location"": ""unknown"",
      ""action"": ""unknown"",
      ""actorsInvolved"": []
    },
    {
      ""title"": ""Scene 10"",
      ""location"": ""unknown"",
      ""action"": ""unknown"",
      ""actorsInvolved"": []
    },
    {
      ""title"": ""Scene 11"",
      ""location"": ""unknown"",
      ""action"": ""unknown"",
      ""actorsInvolved"": []
    }
  ],
  ""blocking"": {
    ""anchors"": [],
    ""paths"": []
  }
}
```"
82,segment_017,segment,DONE,C:\Users\sasch\visionexe\stories\template\filmsets\story_082\segment_017\segment.txt,"```json
{
  ""actors"": [
    {""name"": ""ወእሉ"", ""visualTraits"": null, ""changes"": null, ""role"": ""unknown""},
    {""name"": ""ስማቲሆሙ"", ""visualTraits"": null, ""changes"": null, ""role"": ""unknown""},
    {""name"": ""ለመራሕያን"", ""visualTraits"": null, ""changes"": null, ""role"": ""unknown""},
    {""name"": ""እለ፡መትሕቴሆሙ"", ""visualTraits"": null, ""changes"": null, ""role"": ""unknown""},
    {""name"": ""ብርኤል"", ""visualTraits"": null, ""changes"": null, ""role"": ""unknown""},
    {""name"": ""ዘልብስኤል"", ""visualTraits"": null, ""changes"": null, ""role"": ""unknown""},
    {""name"": ""ወልእ"", ""visualTraits"": null, ""changes"": null, ""role"": ""unknown""},
    {""name"": ""ዘይትዌሰ"", ""visualTraits"": null, ""changes"": null, ""role"": ""unknown""},
    {""name"": ""ርእሰ፡፲፻ስሙ"", ""visualTraits"": null, ""changes"": null, ""role"": ""unknown""},
    {""name"": ""ሄሎያሳፍ"", ""visualTraits"": null, ""changes"": null, ""role"": ""unknown""},
    {""name"": ""ወተፈጸመ"", ""visualTraits"": null, ""changes"": null, ""role"": ""unknown""},
    {""name"": ""መዋዕለ"", ""visualTraits"": null, ""changes"": null, ""role"": ""unknown""},
    {""name"": ""ስልጣኖሙ"", ""visualTraits"": null, ""changes"": null, ""role"": ""unknown""},
    {""name"": ""ለዝ"", ""visualTraits"": null, ""changes"": null, ""role"": ""unknown""}
  ],
  ""props"": [],
  ""environments"": [],
  ""scenes"": [
    {
      ""title"": ""Chapter 82 Segment 17"",
      ""location"": null,
      ""action"": null,
      ""actorsInvolved"": [
        ""ወእሉ"",
        ""ስማቲሆሙ"",
        ""ለመራሕያን"",
        ""እለ፡መትሕቴሆሙ"",
        ""ብርኤል"",
        ""ዘልብስኤል"",
        ""ወልእ"",
        ""ዘይትዌሰ"",
        ""ርእሰ፡፲፻ስሙ"",
        ""ሄሎያሳፍ"",
        ""ወተፈጸመ"",
        ""መዋዕለ"",
        ""ስልጣኖሙ"",
        ""ለዝ""
      ]
    }
  ],
  ""blocking"": {
    ""anchors"": [],
    ""paths"": []
  }
}
```"
82,segment_018,segment,DONE,C:\Users\sasch\visionexe\stories\template\filmsets\story_082\segment_018\segment.txt,"```json
{
  ""actors"": [],
  ""props"": [],
  ""environments"": [],
  ""scenes"": [],
  ""blocking"": {
    ""anchors"": [],
    ""paths"": []
  }
}
```"
82,segment_019,segment,DONE,C:\Users\sasch\visionexe\stories\template\filmsets\story_082\segment_019\segment.txt,"```json
{
  ""actors"": [],
  ""props"": [],
  ""environments"": [],
  ""scenes"": [],
  ""blocking"": {
    ""anchors"": [],
    ""paths"": []
  }
}
```"
82,segment_020,segment,DONE,C:\Users\sasch\visionexe\stories\template\filmsets\story_082\segment_020\segment.txt,"```json
{
  ""actors"": [
    {""name"": ""ወእሉ"", ""visualTraits"": null, ""changes"": null, ""role"": ""character""},
    {""name"": ""እሙንቱ"", ""visualTraits"": null, ""changes"": null, ""role"": ""character""},
    {""name"": ""ስሞሙ"", ""visualTraits"": null, ""changes"": null, ""role"": ""character""},
    {""name"": ""ወሥርዓታቲሆሙ"", ""visualTraits"": null, ""changes"": null, ""role"": ""character""},
    {""name"": ""ወመራሕያኒሆሙ"", ""visualTraits"": null, ""changes"": null, ""role"": ""character""},
    {""name"": ""እለ"", ""visualTraits"": null, ""changes"": null, ""role"": ""character""},
    {""name"": ""መትሕቴሆሙ"", ""visualTraits"": null, ""changes"": null, ""role"": ""character""},
    {""name"": ""ለእሉ"", ""visualTraits"": null, ""changes"": null, ""role"": ""character""},
    {""name"": ""ርእስተ"", ""visualTraits"": null, ""changes"": null, ""role"": ""character""},
    {""name"": ""ዐሠርቱ"", ""visualTraits"": null, ""changes"": null, ""role"": ""character""},
    {""name"": ""ምእቱ"", ""visualTraits"": null, ""changes"": null, ""role"": ""character""},
    {""name"": ""ጌዴኢየል"", ""visualTraits"": null, ""changes"": null, ""role"": ""character""},
    {""name"": ""ወኤል"", ""visualTraits"": null, ""changes"": null, ""role"": ""character""},
    {""name"": ""ወስሙ"", ""visualTraits"": null, ""changes"": null, ""role"": ""character""},
    {""name"": ""ለዘ"", ""visualTraits"": null, ""changes"": null, ""role"": ""character""},
    {""name"": ""ይትዌሰ"", ""visualTraits"": null, ""changes"": null, ""role"": ""character""},
    {""name"": ""ምስሌሆሙ"", ""visualTraits"": null, ""changes"": null, ""role"": ""character""},
    {""name"": ""ርእሰ"", ""visualTraits"": null, ""changes"": null, ""role"": ""character""},
    {""name"": ""መእት"", ""visualTraits"": null, ""changes"": null, ""role"": ""character""},
    {""name"": ""ስሙ"", ""visualTraits"": null, ""changes"": null, ""role"": ""character""},
    {""name"": ""ስፋኤል"", ""visualTraits"": null, ""changes"": null, ""role"": ""character""},
    {""name"": ""ወተፈጸመ"", ""visualTraits"": null, ""changes"": null, ""role"": ""character""},
    {""name"": ""መዋዕለ"", ""visualTraits"": null, ""changes"": null, ""role"": ""character""},
    {""name"": ""ስልጠነ"", ""visualTraits"": null, ""changes"": null, ""role"": ""character""},
    {""name"": ""ዚሁ"", ""visualTraits"": null, ""changes"": null, ""role"": ""character""}
  ],
  ""props"": [],
  ""environments"": [],
  ""scenes"": [],
  ""blocking"": {
    ""anchors"": [],
    ""paths"": []
  }
}
```"
83,segment_001,segment,DONE,C:\Users\sasch\visionexe\stories\template\filmsets\story_083\segment_001\segment.txt,"```json
{
  ""actors"": [],
  ""props"": [],
  ""environments"": [],
  ""scenes"": [],
  ""blocking"": {
    ""anchors"": [],
    ""paths"": []
  }
}
```"
83,segment_002,segment,DONE,C:\Users\sasch\visionexe\stories\template\filmsets\story_083\segment_002\segment.txt,"{
  ""actors"": [],
  ""props"": [],
  ""environments"": [],
  ""scenes"": [],
  ""blocking"": {
    ""anchors"": [],
    ""paths"": []
  }
}"
83,segment_003,segment,DONE,C:\Users\sasch\visionexe\stories\template\filmsets\story_083\segment_003\segment.txt,"```json
{
  ""actors"": [],
  ""props"": [],
  ""environments"": [
    {
      ""name"": ""sky"",
      ""visualTraits"": ""unknown"",
      ""changes"": null,
      ""role"": ""background""
    },
    {
      ""name"": ""earth"",
      ""visualTraits"": ""unknown"",
      ""changes"": null,
      ""role"": ""background""
    }
  ],
  ""scenes"": [
    {
      ""title"": ""Beat 1"",
      ""location"": ""unknown"",
      ""action"": ""unknown"",
      ""actorsInvolved"": []
    },
    {
      ""title"": ""Beat 2"",
      ""location"": ""unknown"",
      ""action"": ""unknown"",
      ""actorsInvolved"": []
    },
    {
      ""title"": ""Beat 3"",
      ""location"": ""unknown"",
      ""action"": ""unknown"",
      ""actorsInvolved"": []
    },
    {
      ""title"": ""Beat 4"",
      ""location"": ""unknown"",
      ""action"": ""unknown"",
      ""actorsInvolved"": []
    },
    {
      ""title"": ""Beat 5"",
      ""location"": ""unknown"",
      ""action"": ""unknown"",
      ""actorsInvolved"": []
    },
    {
      ""title"": ""Beat 6"",
      ""location"": ""unknown"",
      ""action"": ""unknown"",
      ""actorsInvolved"": []
    },
    {
      ""title"": ""Beat 7"",
      ""location"": ""unknown"",
      ""action"": ""unknown"",
      ""actorsInvolved"": []
    },
    {
      ""title"": ""Beat 8"",
      ""location"": ""unknown"",
      ""action"": ""unknown"",
      ""actorsInvolved"": []
    }
  ],
  ""blocking"": {
    ""anchors"": [
      {
        ""id"": ""sky"",
        ""description"": ""sky""
      },
      {
        ""id"": ""earth"",
        ""description"": ""earth""
      }
    ],
    ""paths"": []
  }
}
```"
83,segment_004,segment,DONE,C:\Users\sasch\visionexe\stories\template\filmsets\story_083\segment_004\segment.txt,"```json
{
  ""actors"": [],
  ""props"": [],
  ""environments"": [],
  ""scenes"": [],
  ""blocking"": {
    ""anchors"": [],
    ""paths"": []
  }
}
```"
83,segment_005,segment,DONE,C:\Users\sasch\visionexe\stories\template\filmsets\story_083\segment_005\segment.txt,"```json
{
  ""actors"": [],
  ""props"": [
    {
      ""name"": ""fire"",
      ""visualTraits"": null,
      ""changes"": null,
      ""role"": ""prop""
    }
  ],
  ""environments"": [
    {
      ""name"": ""earth"",
      ""visualTraits"": null,
      ""changes"": null,
      ""role"": ""environment""
    }
  ],
  ""scenes"": [
    {
      ""title"": ""Chapter 83 Segment 5"",
      ""location"": null,
      ""action"": null,
      ""actorsInvolved"": []
    }
  ],
  ""blocking"": {
    ""anchors"": [],
    ""paths"": []
  }
}
```"
83,segment_006,segment,DONE,C:\Users\sasch\visionexe\stories\template\filmsets\story_083\segment_006\segment.txt,"{
  ""actors"": [],
  ""props"": [],
  ""environments"": [],
  ""scenes"": [],
  ""blocking"": {
    ""anchors"": [],
    ""paths"": []
  }
}"
83,segment_007,segment,DONE,C:\Users\sasch\visionexe\stories\template\filmsets\story_083\segment_007\segment.txt,"```json
{
  ""actors"": [],
  ""props"": [],
  ""environments"": [],
  ""scenes"": [],
  ""blocking"": {
    ""anchors"": [],
    ""paths"": []
  }
}
```
"
83,segment_008,segment,DONE,C:\Users\sasch\visionexe\stories\template\filmsets\story_083\segment_008\segment.txt,"```json
{
  ""actors"": [
    {
      ""name"": ""ወይእዜኒ"",
      ""visualTraits"": null,
      ""changes"": null,
      ""role"": ""unknown""
    },
    {
      ""name"": ""ወልድየ"",
      ""visualTraits"": null,
      ""changes"": null,
      ""role"": ""unknown""
    },
    {
      ""name"": ""ተንሥእ"",
      ""visualTraits"": null,
      ""changes"": null,
      ""role"": ""unknown""
    },
    {
      ""name"": ""ወስተብቍዖ"",
      ""visualTraits"": null,
      ""changes"": null,
      ""role"": ""unknown""
    },
    {
      ""name"": ""ለእግዚ"",
      ""visualTraits"": null,
      ""changes"": null,
      ""role"": ""unknown""
    }
  ],
  ""props"": [],
  ""environments"": [
    {
      ""name"": ""ምድር"",
      ""visualTraits"": null,
      ""changes"": null,
      ""role"": ""setting""
    }
  ],
  ""scenes"": [
    {
      ""title"": ""Chapter 83 Segment 8"",
      ""location"": ""ምድር"",
      ""action"": ""unknown"",
      ""actorsInvolved"": [
        ""ወይእዜኒ"",
        ""ወልድየ"",
        ""ተንሥእ"",
        ""ወስተብቍዖ"",
        ""ለእግዚ""
      ]
    }
  ],
  ""blocking"": {
    ""anchors"": [],
    ""paths"": []
  }
}
```"
83,segment_009,segment,DONE,C:\Users\sasch\visionexe\stories\template\filmsets\story_083\segment_009\segment.txt,"```json
{
  ""actors"": [
    {
      ""name"": ""ወልድየ"",
      ""visualTraits"": null,
      ""changes"": [],
      ""role"": ""character""
    },
    {
      ""name"": ""እምሰማይ"",
      ""visualTraits"": null,
      ""changes"": [],
      ""role"": ""character""
    },
    {
      ""name"": ""ይሄሉ"",
      ""visualTraits"": null,
      ""changes"": [],
      ""role"": ""character""
    },
    {
      ""name"": ""ሉዝ"",
      ""visualTraits"": null,
      ""changes"": [],
      ""role"": ""character""
    },
    {
      ""name"": ""ዐቢይ"",
      ""visualTraits"": null,
      ""changes"": [],
      ""role"": ""character""
    }
  ],
  ""props"": [],
  ""environments"": [
    {
      ""name"": ""ምድር"",
      ""visualTraits"": null,
      ""changes"": [],
      ""role"": ""environment""
    }
  ],
  ""scenes"": [
    {
      ""title"": ""Line 1"",
      ""location"": null,
      ""action"": ""ወልድየ፡እምሰማይ፡ይሄሉ፡"",
      ""actorsInvolved"": [""ወልድየ"", ""እምሰማይ"", ""ይሄሉ""]
    },
    {
      ""title"": ""Line 2"",
      ""location"": null,
      ""action"": ""ሉዝ፡ዲ፡ምድር፨ወዲ፡"",
      ""actorsInvolved"": [""ሉዝ""]
    },
    {
      ""title"": ""Line 3"",
      ""location"": null,
      ""action"": ""ምድር፡ይውን፡ሐጕል፡ዐቢይ፨"",
      ""actorsInvolved"": [""ሐጕል"", ""ዐቢይ""]
    }
  ],
  ""blocking"": {
    ""anchors"": [],
    ""paths"": []
  }
}
```"
83,segment_010,segment,DONE,C:\Users\sasch\visionexe\stories\template\filmsets\story_083\segment_010\segment.txt,"```json
{
  ""actors"": [
    {""name"": ""ወእምሁ"", ""visualTraits"": null, ""changes"": null, ""role"": null},
    {""name"": ""ተንሣእኩ"", ""visualTraits"": null, ""changes"": null, ""role"": null},
    {""name"": ""ወጸለይኩ"", ""visualTraits"": null, ""changes"": null, ""role"": null},
    {""name"": ""ወስተብቋዕኩ"", ""visualTraits"": null, ""changes"": null, ""role"": null},
    {""name"": ""ወጸሎትየ"", ""visualTraits"": null, ""changes"": null, ""role"": null},
    {""name"": ""ጸሐፍኩ"", ""visualTraits"": null, ""changes"": null, ""role"": null},
    {""name"": ""ለትውልደ"", ""visualTraits"": null, ""changes"": null, ""role"": null},
    {""name"": ""ወሎ"", ""visualTraits"": null, ""changes"": null, ""role"": null},
    {""name"": ""ርእየ"", ""visualTraits"": null, ""changes"": null, ""role"": null},
    {""name"": ""ወልድየ"", ""visualTraits"": null, ""changes"": null, ""role"": null},
    {""name"": ""ማቱሳላ"", ""visualTraits"": null, ""changes"": null, ""role"": null}
  ],
  ""props"": [],
  ""environments"": [
    {""name"": ""ዓለም"", ""visualTraits"": null, ""changes"": null, ""role"": ""setting""}
  ],
  ""scenes"": [
    {
      ""title"": ""Chapter 83 Segment 10"",
      ""location"": ""ዓለም"",
      ""action"": ""A list of names is presented."",
      ""actorsInvolved"": [
        ""ወእምሁ"",
        ""ተንሣእኩ"",
        ""ወጸለይኩ"",
        ""ወስተብቋዕኩ"",
        ""ወጸሎትየ"",
        ""ጸሐፍኩ"",
        ""ለትውልደ"",
        ""ወሎ"",
        ""ርእየ"",
        ""ወልድየ"",
        ""ማቱሳላ""
      ]
    }
  ],
  ""blocking"": {
    ""anchors"": [
      {""id"": ""world_anchor"", ""description"": ""The world as a stage backdrop""}
    ],
    ""paths"": []
  }
}
```"
83,segment_011,segment,DONE,C:\Users\sasch\visionexe\stories\template\filmsets\story_083\segment_011\segment.txt,"```json
{
  ""actors"": [],
  ""props"": [],
  ""environments"": [],
  ""scenes"": [],
  ""blocking"": {
    ""anchors"": [],
    ""paths"": []
  }
}
```"
84,segment_001,segment,DONE,C:\Users\sasch\visionexe\stories\template\filmsets\story_084\segment_001\segment.txt,"```json
{
  ""actors"": [],
  ""props"": [],
  ""environments"": [],
  ""scenes"": [],
  ""blocking"": {
    ""anchors"": [],
    ""paths"": []
  }
}
```"
84,segment_002,segment,DONE,C:\Users\sasch\visionexe\stories\template\filmsets\story_084\segment_002\segment.txt,"```json
{
  ""actors"": [],
  ""props"": [],
  ""environments"": [],
  ""scenes"": [],
  ""blocking"": {
    ""anchors"": [],
    ""paths"": []
  }
}
```"
84,segment_003,segment,DONE,C:\Users\sasch\visionexe\stories\template\filmsets\story_084\segment_003\segment.txt,"```json
{
  ""actors"": [],
  ""props"": [],
  ""environments"": [],
  ""scenes"": [],
  ""blocking"": {
    ""anchors"": [],
    ""paths"": []
  }
}
```
"
84,segment_004,segment,DONE,C:\Users\sasch\visionexe\stories\template\filmsets\story_084\segment_004\segment.txt,"```json
{
  ""actors"": [
    {
      ""name"": ""ወይእዜኒ"",
      ""visualTraits"": [],
      ""changes"": [],
      ""role"": ""unknown""
    },
    {
      ""name"": ""መላእተ፡ሰማያቲ"",
      ""visualTraits"": [],
      ""changes"": [],
      ""role"": ""unknown""
    },
    {
      ""name"": ""ይኤብሱ"",
      ""visualTraits"": [],
      ""changes"": [],
      ""role"": ""unknown""
    },
    {
      ""name"": ""ወዲ፡ሥጋ"",
      ""visualTraits"": [],
      ""changes"": [],
      ""role"": ""unknown""
    },
    {
      ""name"": ""ሰብእ"",
      ""visualTraits"": [],
      ""changes"": [],
      ""role"": ""unknown""
    },
    {
      ""name"": ""ትውን"",
      ""visualTraits"": [],
      ""changes"": [],
      ""role"": ""unknown""
    },
    {
      ""name"": ""መዓት"",
      ""visualTraits"": [],
      ""changes"": [],
      ""role"": ""unknown""
    },
    {
      ""name"": ""እስ፡ዕለተ፡ ዐባይ"",
      ""visualTraits"": [],
      ""changes"": [],
      ""role"": ""unknown""
    }
  ],
  ""props"": [],
  ""environments"": [],
  ""scenes"": [
    {
      ""title"": ""Chapter 84 Segment 4"",
      ""location"": ""unknown"",
      ""action"": ""unknown"",
      ""actorsInvolved"": [
        ""ወይእዜኒ"",
        ""መላእተ፡ሰማያቲ"",
        ""ይኤብሱ"",
        ""ወዲ፡ሥጋ"",
        ""ሰብእ"",
        ""ትውን"",
        ""መዓት"",
        ""እስ፡ዕለተ፡ ዐባይ""
      ]
    }
  ],
  ""blocking"": {
    ""anchors"": [],
    ""paths"": []
  }
}
```"
84,segment_005,segment,DONE,C:\Users\sasch\visionexe\stories\template\filmsets\story_084\segment_005\segment.txt,"```json
{
  ""actors"": [],
  ""props"": [],
  ""environments"": [],
  ""scenes"": [
    {
      ""title"": ""Verse 1"",
      ""location"": null,
      ""action"": null,
      ""actorsInvolved"": null
    },
    {
      ""title"": ""Verse 2"",
      ""location"": null,
      ""action"": null,
      ""actorsInvolved"": null
    },
    {
      ""title"": ""Verse 3"",
      ""location"": null,
      ""action"": null,
      ""actorsInvolved"": null
    },
    {
      ""title"": ""Verse 4"",
      ""location"": null,
      ""action"": null,
      ""actorsInvolved"": null
    },
    {
      ""title"": ""Verse 5"",
      ""location"": null,
      ""action"": null,
      ""actorsInvolved"": null
    },
    {
      ""title"": ""Verse 6"",
      ""location"": null,
      ""action"": null,
      ""actorsInvolved"": null
    },
    {
      ""title"": ""Verse 7"",
      ""location"": null,
      ""action"": null,
      ""actorsInvolved"": null
    },
    {
      ""title"": ""Verse 8"",
      ""location"": null,
      ""action"": null,
      ""actorsInvolved"": null
    }
  ],
  ""blocking"": {
    ""anchors"": [],
    ""paths"": []
  }
}
```"
84,segment_006,segment,DONE,C:\Users\sasch\visionexe\stories\template\filmsets\story_084\segment_006\segment.txt,"```json
{
  ""actors"": [
    {
      ""name"": ""እግዚኦ"",
      ""visualTraits"": null,
      ""changes"": null,
      ""role"": ""deity""
    }
  ],
  ""props"": [],
  ""environments"": [],
  ""scenes"": [
    {
      ""title"": ""Chapter 84 Segment 6"",
      ""location"": null,
      ""action"": null,
      ""actorsInvolved"": [""እግዚኦ""]
    }
  ],
  ""blocking"": {
    ""anchors"": [],
    ""paths"": []
  }
}
```"
85,segment_001,segment,DONE,C:\Users\sasch\visionexe\stories\template\filmsets\story_085\segment_001\segment.txt,"```json
{
  ""actors"": [],
  ""props"": [],
  ""environments"": [],
  ""scenes"": [],
  ""blocking"": {
    ""anchors"": [],
    ""paths"": []
  }
}
```"
85,segment_002,segment,DONE,C:\Users\sasch\visionexe\stories\template\filmsets\story_085\segment_002\segment.txt,"```json
{
  ""actors"": [],
  ""props"": [],
  ""environments"": [],
  ""scenes"": [],
  ""blocking"": {
    ""anchors"": [],
    ""paths"": []
  }
}
```"
85,segment_003,segment,DONE,C:\Users\sasch\visionexe\stories\template\filmsets\story_085\segment_003\segment.txt,"```json
{
  ""actors"": [],
  ""props"": [],
  ""environments"": [],
  ""scenes"": [],
  ""blocking"": {
    ""anchors"": [],
    ""paths"": []
  }
}
```"
85,segment_004,segment,DONE,C:\Users\sasch\visionexe\stories\template\filmsets\story_085\segment_004\segment.txt,"```json
{
  ""actors"": [
    {""name"": ""ወጐድኦ"", ""visualTraits"": null, ""changes"": null, ""role"": null},
    {""name"": ""ዝኩ"", ""visualTraits"": null, ""changes"": null, ""role"": null},
    {""name"": ""ጸሊም"", ""visualTraits"": null, ""changes"": null, ""role"": null},
    {""name"": ""ጣዕዋ"", ""visualTraits"": null, ""changes"": null, ""role"": null},
    {""name"": ""ለቀይሕ"", ""visualTraits"": null, ""changes"": null, ""role"": null},
    {""name"": ""ወተለዎ"", ""visualTraits"": null, ""changes"": null, ""role"": null},
    {""name"": ""ዲ"", ""visualTraits"": null, ""changes"": null, ""role"": null},
    {""name"": ""ምድር"", ""visualTraits"": null, ""changes"": null, ""role"": null},
    {""name"": ""ወኢህልኩ"", ""visualTraits"": null, ""changes"": null, ""role"": null},
    {""name"": ""እምሶቤሃ"", ""visualTraits"": null, ""changes"": null, ""role"": null},
    {""name"": ""ርእዮቶ"", ""visualTraits"": null, ""changes"": null, ""role"": null},
    {""name"": ""ለዝኩ"", ""visualTraits"": null, ""changes"": null, ""role"": null}
  ],
  ""props"": [],
  ""environments"": [],
  ""scenes"": [
    {
      ""title"": ""Chapter 85 Segment 4"",
      ""location"": null,
      ""action"": null,
      ""actorsInvolved"": [
        ""ወጐድኦ"",
        ""ዝኩ"",
        ""ጸሊም"",
        ""ጣዕዋ"",
        ""ለቀይሕ"",
        ""ወተለዎ"",
        ""ዲ"",
        ""ምድር"",
        ""ወኢህልኩ"",
        ""እምሶቤሃ"",
        ""ርእዮቶ"",
        ""ለዝኩ""
      ]
    }
  ],
  ""blocking"": {
    ""anchors"": [],
    ""paths"": []
  }
}
```"
85,segment_005,segment,DONE,C:\Users\sasch\visionexe\stories\template\filmsets\story_085\segment_005\segment.txt,"```json
{
  ""actors"": [],
  ""props"": [],
  ""environments"": [],
  ""scenes"": [],
  ""blocking"": {
    ""anchors"": [],
    ""paths"": []
  }
}
```"
85,segment_006,segment,DONE,C:\Users\sasch\visionexe\stories\template\filmsets\story_085\segment_006\segment.txt,"{
  ""actors"": [],
  ""props"": [],
  ""environments"": [],
  ""scenes"": [],
  ""blocking"": {
    ""anchors"": [],
    ""paths"": []
  }
}"
85,segment_007,segment,DONE,C:\Users\sasch\visionexe\stories\template\filmsets\story_085\segment_007\segment.txt,"```json
{
  ""actors"": [],
  ""props"": [],
  ""environments"": [],
  ""scenes"": [],
  ""blocking"": {
    ""anchors"": [],
    ""paths"": []
  }
}
```"
85,segment_008,segment,DONE,C:\Users\sasch\visionexe\stories\template\filmsets\story_085\segment_008\segment.txt,"```json
{
  ""actors"": [],
  ""props"": [],
  ""environments"": [],
  ""scenes"": [],
  ""blocking"": {
    ""anchors"": [],
    ""paths"": []
  }
}
```"
85,segment_009,segment,DONE,C:\Users\sasch\visionexe\stories\template\filmsets\story_085\segment_009\segment.txt,"```json
{
  ""actors"": [],
  ""props"": [],
  ""environments"": [],
  ""scenes"": [],
  ""blocking"": {
    ""anchors"": [],
    ""paths"": []
  }
}
```"
85,segment_010,segment,DONE,C:\Users\sasch\visionexe\stories\template\filmsets\story_085\segment_010\segment.txt,"```json
{
  ""actors"": [],
  ""props"": [],
  ""environments"": [],
  ""scenes"": [],
  ""blocking"": {
    ""anchors"": [],
    ""paths"": []
  }
}
```"
86,segment_001,segment,DONE,C:\Users\sasch\visionexe\stories\template\filmsets\story_086\segment_001\segment.txt,"```json
{
  ""actors"": [],
  ""props"": [
    {
      ""name"": ""door"",
      ""visualTraits"": null,
      ""changes"": null,
      ""role"": ""access point""
    }
  ],
  ""environments"": [
    {
      ""name"": ""sky"",
      ""visualTraits"": null,
      ""changes"": null,
      ""role"": ""background""
    }
  ],
  ""scenes"": [],
  ""blocking"": {
    ""anchors"": [
      {
        ""id"": ""anchor1"",
        ""description"": ""door""
      }
    ],
    ""paths"": []
  }
}
```"
86,segment_002,segment,DONE,C:\Users\sasch\visionexe\stories\template\filmsets\story_086\segment_002\segment.txt,"```json
{
  ""actors"": [],
  ""props"": [],
  ""environments"": [],
  ""scenes"": [],
  ""blocking"": {
    ""anchors"": [],
    ""paths"": []
  }
}
```"
86,segment_003,segment,DONE,C:\Users\sasch\visionexe\stories\template\filmsets\story_086\segment_003\segment.txt,"```json
{
  ""actors"": [],
  ""props"": [],
  ""environments"": [],
  ""scenes"": [],
  ""blocking"": {
    ""anchors"": [],
    ""paths"": []
  }
}
```"
86,segment_004,segment,DONE,C:\Users\sasch\visionexe\stories\template\filmsets\story_086\segment_004\segment.txt,"```json
{
  ""actors"": [],
  ""props"": [],
  ""environments"": [],
  ""scenes"": [],
  ""blocking"": {
    ""anchors"": [],
    ""paths"": []
  }
}
```"
86,segment_005,segment,DONE,C:\Users\sasch\visionexe\stories\template\filmsets\story_086\segment_005\segment.txt,"```json
{
  ""actors"": [],
  ""props"": [],
  ""environments"": [],
  ""scenes"": [],
  ""blocking"": {
    ""anchors"": [],
    ""paths"": []
  }
}
```"
86,segment_006,segment,DONE,C:\Users\sasch\visionexe\stories\template\filmsets\story_086\segment_006\segment.txt,"```json
{
  ""actors"": [],
  ""props"": [],
  ""environments"": [
    {
      ""name"": ""earth"",
      ""visualTraits"": null,
      ""changes"": null,
      ""role"": ""setting""
    }
  ],
  ""scenes"": [
    {
      ""title"": ""Chapter 86 Segment 6"",
      ""location"": null,
      ""action"": ""chant"",
      ""actorsInvolved"": null
    }
  ],
  ""blocking"": {
    ""anchors"": [],
    ""paths"": []
  }
}
```"
87,segment_001,segment,DONE,C:\Users\sasch\visionexe\stories\template\filmsets\story_087\segment_001\segment.txt,"```json
{
  ""actors"": [],
  ""props"": [],
  ""environments"": [],
  ""scenes"": [],
  ""blocking"": {
    ""anchors"": [],
    ""paths"": []
  }
}
```"
87,segment_002,segment,DONE,C:\Users\sasch\visionexe\stories\template\filmsets\story_087\segment_002\segment.txt,"```json
{
  ""actors"": [],
  ""props"": [],
  ""environments"": [],
  ""scenes"": [
    {
      ""title"": ""Chapter 87 Segment 2"",
      ""location"": null,
      ""action"": null,
      ""actorsInvolved"": null
    }
  ],
  ""blocking"": {
    ""anchors"": [],
    ""paths"": []
  }
}
```"
87,segment_003,segment,DONE,C:\Users\sasch\visionexe\stories\template\filmsets\story_087\segment_003\segment.txt,"```json
{
  ""actors"": [],
  ""props"": [],
  ""environments"": [],
  ""scenes"": [],
  ""blocking"": {
    ""anchors"": [],
    ""paths"": []
  }
}
```"
87,segment_004,segment,DONE,C:\Users\sasch\visionexe\stories\template\filmsets\story_087\segment_004\segment.txt,"```json
{
  ""actors"": [],
  ""props"": [],
  ""environments"": [],
  ""scenes"": [
    {
      ""title"": ""Verse 1"",
      ""location"": ""unknown"",
      ""action"": ""unknown"",
      ""actorsInvolved"": []
    },
    {
      ""title"": ""Verse 2"",
      ""location"": ""unknown"",
      ""action"": ""unknown"",
      ""actorsInvolved"": []
    },
    {
      ""title"": ""Verse 3"",
      ""location"": ""unknown"",
      ""action"": ""unknown"",
      ""actorsInvolved"": []
    },
    {
      ""title"": ""Verse 4"",
      ""location"": ""unknown"",
      ""action"": ""unknown"",
      ""actorsInvolved"": []
    },
    {
      ""title"": ""Verse 5"",
      ""location"": ""unknown"",
      ""action"": ""unknown"",
      ""actorsInvolved"": []
    },
    {
      ""title"": ""Verse 6"",
      ""location"": ""unknown"",
      ""action"": ""unknown"",
      ""actorsInvolved"": []
    }
  ],
  ""blocking"": {
    ""anchors"": [],
    ""paths"": []
  }
}
```"
88,segment_001,segment,DONE,C:\Users\sasch\visionexe\stories\template\filmsets\story_088\segment_001\segment.txt,"```json
{
  ""actors"": [],
  ""props"": [],
  ""environments"": [],
  ""scenes"": [
    {
      ""title"": ""Chapter 88 Segment 1"",
      ""location"": null,
      ""action"": ""ወርኢኩ፡ሐዱ፡እምእልኩ፡ ርዕቱ፡እለ፡ወፅኡ፡እምቀዳሚ፡ ወዘ፡ለዝኩ፡ብ፡ቀዳማይ፡ ዘወድቀ፡እምሰማይ፡ወሰሮ፡ እደዊሁ፡ወእገሪሁ፡ወወደዮ፡ ውስተ፡ማዕምቅ፨ወዝኩ፡ ማዕምቅ፡ጸቢብ፡ወዕሙቅ፡ወዕፅ፡ ወጽልመት፡"",
      ""actorsInvolved"": []
    }
  ],
  ""blocking"": {
    ""anchors"": [],
    ""paths"": []
  }
}
```"
88,segment_002,segment,DONE,C:\Users\sasch\visionexe\stories\template\filmsets\story_088\segment_002\segment.txt,"```json
{
  ""actors"": [],
  ""props"": [],
  ""environments"": [
    {
      ""name"": ""Earth"",
      ""visualTraits"": """",
      ""changes"": """",
      ""role"": ""environment""
    }
  ],
  ""scenes"": [
    {
      ""title"": ""Segment 2 Chant"",
      ""location"": ""Earth"",
      ""action"": ""chanting"",
      ""actorsInvolved"": []
    }
  ],
  ""blocking"": {
    ""anchors"": [
      {
        ""id"": ""anchor1"",
        ""description"": ""Earth""
      }
    ],
    ""paths"": []
  }
}
```"
88,segment_003,segment,DONE,C:\Users\sasch\visionexe\stories\template\filmsets\story_088\segment_003\segment.txt,"```json
{
  ""actors"": [],
  ""props"": [],
  ""environments"": [],
  ""scenes"": [],
  ""blocking"": {
    ""anchors"": [],
    ""paths"": []
  }
}
```
"
89,segment_001,segment,DONE,C:\Users\sasch\visionexe\stories\template\filmsets\story_089\segment_001\segment.txt,"```json
{
  ""actors"": [
    {""name"":""ወሐዱ"",""visualTraits"":null,""changes"":[],""role"":""unknown""},
    {""name"":""እምእልኩ"",""visualTraits"":null,""changes"":[],""role"":""unknown""},
    {""name"":""ባዕቱ"",""visualTraits"":null,""changes"":[],""role"":""unknown""},
    {""name"":""ሖረ"",""visualTraits"":null,""changes"":[],""role"":""unknown""},
    {""name"":""ኀ"",""visualTraits"":null,""changes"":[],""role"":""unknown""},
    {""name"":""እልኩ"",""visualTraits"":null,""changes"":[],""role"":""unknown""},
    {""name"":""ልህምት"",""visualTraits"":null,""changes"":[],""role"":""unknown""},
    {""name"":""ፀዐዳ"",""visualTraits"":null,""changes"":[],""role"":""unknown""},
    {""name"":""ወመሀሮ"",""visualTraits"":null,""changes"":[],""role"":""unknown""},
    {""name"":""ምስጢረ"",""visualTraits"":null,""changes"":[],""role"":""unknown""},
    {""name"":""እንዘ"",""visualTraits"":null,""changes"":[],""role"":""unknown""},
    {""name"":""ኢይርዐድ"",""visualTraits"":null,""changes"":[],""role"":""unknown""},
    {""name"":""ውእቱ"",""visualTraits"":null,""changes"":[],""role"":""unknown""},
    {""name"":""ላሕም"",""visualTraits"":null,""changes"":[],""role"":""unknown""},
    {""name"":""ተወልደ"",""visualTraits"":null,""changes"":[],""role"":""unknown""},
    {""name"":""ወነ"",""visualTraits"":null,""changes"":[],""role"":""unknown""},
    {""name"":""ሰብ"",""visualTraits"":null,""changes"":[],""role"":""unknown""},
    {""name"":""ወጸረ"",""visualTraits"":null,""changes"":[],""role"":""unknown""},
    {""name"":""ሎቱ"",""visualTraits"":null,""changes"":[],""role"":""unknown""},
    {""name"":""መስቀረ"",""visualTraits"":null,""changes"":[],""role"":""unknown""},
    {""name"":""ዐቢየ"",""visualTraits"":null,""changes"":[],""role"":""unknown""},
    {""name"":""ወነረ"",""visualTraits"":null,""changes"":[],""role"":""unknown""},
    {""name"":""ዲቤሁ"",""visualTraits"":null,""changes"":[],""role"":""unknown""},
    {""name"":""ወሠለስቱ"",""visualTraits"":null,""changes"":[],""role"":""unknown""},
    {""name"":""ነሩ"",""visualTraits"":null,""changes"":[],""role"":""unknown""},
    {""name"":""ምስሌሁ"",""visualTraits"":null,""changes"":[],""role"":""unknown""},
    {""name"":""ወስተ"",""visualTraits"":null,""changes"":[],""role"":""unknown""},
    {""name"":""ይእቲ"",""visualTraits"":null,""changes"":[],""role"":""unknown""},
    {""name"":""መስቀር"",""visualTraits"":null,""changes"":[],""role"":""unknown""},
    {""name"":""ወተድነ"",""visualTraits"":null,""changes"":[],""role"":""unknown""},
    {""name"":""ላዕሌሆሙ"",""visualTraits"":null,""changes"":[],""role"":""unknown""}
  ],
  ""props"": [],
  ""environments"": [],
  ""scenes"": [
    {
      ""title"":""Line 1"",
      ""location"":""unknown"",
      ""action"":""unknown"",
      ""actorsInvolved"":[""ወሐዱ"",""እምእልኩ"",""ባዕቱ""]
    },
    {
      ""title"":""Line 2"",
      ""location"":""unknown"",
      ""action"":""unknown"",
      ""actorsInvolved"":[""ሖረ"",""ኀ"",""እልኩ"",""ልህምት""]
    },
    {
      ""title"":""Line 3"",
      ""location"":""unknown"",
      ""action"":""unknown"",
      ""actorsInvolved"":[""ፀዐዳ"",""ወመሀሮ"",""ምስጢረ"",""እንዘ""]
    },
    {
      ""title"":""Line 4"",
      ""location"":""unknown"",
      ""action"":""unknown"",
      ""actorsInvolved"":[""ኢይርዐድ"",""ውእቱ"",""ላሕም""]
    },
    {
      ""title"":""Line 5"",
      ""location"":""unknown"",
      ""action"":""unknown"",
      ""actorsInvolved"":[""ተወልደ"",""ወነ"",""ሰብ"",""ወጸረ""]
    },
    {
      ""title"":""Line 6"",
      ""location"":""unknown"",
      ""action"":""unknown"",
      ""actorsInvolved"":[""ሎቱ"",""መስቀረ"",""ዐቢየ"",""ወነረ""]
    },
    {
      ""title"":""Line 7"",
      ""location"":""unknown"",
      ""action"":""unknown"",
      ""actorsInvolved"":[""ዲቤሁ"",""ወሠለስቱ"",""ልህምት""]
    },
    {
      ""title"":""Line 8"",
      ""location"":""unknown"",
      ""action"":""unknown"",
      ""actorsInvolved"":[""ነሩ"",""ምስሌሁ"",""ወስተ"",""ይእቲ""]
    },
    {
      ""title"":""Line 9"",
      ""location"":""unknown"",
      ""action"":""unknown"",
      ""actorsInvolved"":[""መስቀር"",""ወተድነ"",""ላዕሌሆሙ""]
    }
  ],
  ""blocking"": {
    ""anchors"": [],
    ""paths"": []
  }
}
```"
89,segment_002,segment,DONE,C:\Users\sasch\visionexe\stories\template\filmsets\story_089\segment_002\segment.txt,"```json
{
  ""actors"": [],
  ""props"": [],
  ""environments"": [
    {
      ""name"": ""sky"",
      ""visualTraits"": [],
      ""changes"": [],
      ""role"": ""background""
    }
  ],
  ""scenes"": [],
  ""blocking"": {
    ""anchors"": [],
    ""paths"": []
  }
}
```
"
89,segment_003,segment,DONE,C:\Users\sasch\visionexe\stories\template\filmsets\story_089\segment_003\segment.txt,"```json
{
  ""actors"": [
    {
      ""name"": ""Wind"",
      ""visualTraits"": [""moving air""],
      ""changes"": [],
      ""role"": ""natural element that moves and interacts with other elements""
    },
    {
      ""name"": ""Water"",
      ""visualTraits"": [""liquid""],
      ""changes"": [],
      ""role"": ""natural element that can be moved by wind or storm""
    }
  ],
  ""props"": [
    {
      ""name"": ""Storm"",
      ""visualTraits"": [""cloudy mass""],
      ""changes"": [],
      ""role"": ""weather phenomenon that can carry rain""
    },
    {
      ""name"": ""Rain"",
      ""visualTraits"": [""drops""],
      ""changes"": [],
      ""role"": ""precipitation that falls from the storm""
    }
  ],
  ""environments"": [
    {
      ""name"": ""Earth"",
      ""visualTraits"": [""solid ground""],
      ""changes"": [],
      ""role"": ""setting for all interactions""
    }
  ],
  ""scenes"": [
    {
      ""title"": ""Wind over Earth"",
      ""location"": ""Earth"",
      ""action"": ""Wind moves across the earth"",
      ""actorsInvolved"": [""Wind"", ""Earth""]
    },
    {
      ""title"": ""Storm over Earth"",
      ""location"": ""Earth"",
      ""action"": ""Storm moves across the earth"",
      ""actorsInvolved"": [""Storm"", ""Earth""]
    },
    {
      ""title"": ""Storm Rainfall over Earth"",
      ""location"": ""Earth"",
      ""action"": ""Storm carries rain that falls onto the earth"",
      ""actorsInvolved"": [""Storm"", ""Rain"", ""Earth""]
    },
    {
      ""title"": ""Water movement"",
      ""location"": ""Earth"",
      ""action"": ""Water moves across the earth"",
      ""actorsInvolved"": [""Water"", ""Earth""]
    },
    {
      ""title"": ""Earth movement"",
      ""location"": ""Earth"",
      ""action"": ""Earth is the backdrop for all actions"",
      ""actorsInvolved"": [""Earth""]
    },
    {
      ""title"": ""Storm over Earth again"",
      ""location"": ""Earth"",
      ""action"": ""Storm moves across the earth"",
      ""actorsInvolved"": [""Storm"", ""Earth""]
    },
    {
      ""title"": ""Storm and Water"",
      ""location"": ""Earth"",
      ""action"": ""Storm interacts with water on the earth"",
      ""actorsInvolved"": [""Storm"", ""Water"", ""Earth""]
    }
  ],
  ""blocking"": {
    ""anchors"": [
      {
        ""id"": ""Earth"",
        ""description"": ""solid ground""
      }
    ],
    ""paths"": []
  }
}
```"
89,segment_004,segment,DONE,C:\Users\sasch\visionexe\stories\template\filmsets\story_089\segment_004\segment.txt,"```json
{
  ""actors"": [
    {
      ""name"": ""Wind"",
      ""visualTraits"": ""unknown"",
      ""changes"": [],
      ""role"": ""natural element""
    },
    {
      ""name"": ""Water"",
      ""visualTraits"": ""unknown"",
      ""changes"": [],
      ""role"": ""natural element""
    },
    {
      ""name"": ""Earth"",
      ""visualTraits"": ""unknown"",
      ""changes"": [],
      ""role"": ""natural element""
    }
  ],
  ""props"": [],
  ""environments"": [],
  ""scenes"": [
    {
      ""title"": ""Chant of Natural Elements"",
      ""location"": ""unknown"",
      ""action"": ""chanting of natural elements"",
      ""actorsInvolved"": [""Wind"", ""Water"", ""Earth""]
    }
  ],
  ""blocking"": {
    ""anchors"": [
      {
        ""id"": ""A1"",
        ""description"": ""stage center""
      }
    ],
    ""paths"": []
  }
}
```"
89,segment_005,segment,DONE,C:\Users\sasch\visionexe\stories\template\filmsets\story_089\segment_005\segment.txt,"```json
{
  ""actors"": [],
  ""props"": [],
  ""environments"": [],
  ""scenes"": [
    {
      ""title"": ""Chapter 89 Segment 5"",
      ""location"": null,
      ""action"": null,
      ""actorsInvolved"": []
    }
  ],
  ""blocking"": {
    ""anchors"": [],
    ""paths"": []
  }
}
```"
89,segment_006,segment,DONE,C:\Users\sasch\visionexe\stories\template\filmsets\story_089\segment_006\segment.txt,"```json
{
  ""actors"": [
    {
      ""name"": ""ወውእቱ"",
      ""visualTraits"": ""unknown"",
      ""changes"": null,
      ""role"": ""unknown""
    },
    {
      ""name"": ""ማይ"",
      ""visualTraits"": ""water"",
      ""changes"": null,
      ""role"": ""unknown""
    },
    {
      ""name"": ""ወነገያት"",
      ""visualTraits"": ""unknown"",
      ""changes"": null,
      ""role"": ""unknown""
    },
    {
      ""name"": ""ወእዱግ"",
      ""visualTraits"": ""unknown"",
      ""changes"": null,
      ""role"": ""unknown""
    },
    {
      ""name"": ""ተሰጥሙ"",
      ""visualTraits"": ""unknown"",
      ""changes"": null,
      ""role"": ""unknown""
    },
    {
      ""name"": ""ርእዮቶሙ"",
      ""visualTraits"": ""unknown"",
      ""changes"": null,
      ""role"": ""unknown""
    },
    {
      ""name"": ""ወእሙንቱሂ"",
      ""visualTraits"": ""unknown"",
      ""changes"": null,
      ""role"": ""unknown""
    },
    {
      ""name"": ""ወጣ"",
      ""visualTraits"": ""unknown"",
      ""changes"": null,
      ""role"": ""unknown""
    },
    {
      ""name"": ""ወተሐጕሉ"",
      ""visualTraits"": ""unknown"",
      ""changes"": null,
      ""role"": ""unknown""
    },
    {
      ""name"": ""ወተሰጥሙ"",
      ""visualTraits"": ""unknown"",
      ""changes"": null,
      ""role"": ""unknown""
    }
  ],
  ""props"": [
    {
      ""name"": ""ስእኑ"",
      ""visualTraits"": ""image"",
      ""changes"": null,
      ""role"": ""prop""
    },
    {
      ""name"": ""ቀላይ"",
      ""visualTraits"": ""light"",
      ""changes"": null,
      ""role"": ""prop""
    }
  ],
  ""environments"": [
    {
      ""name"": ""ምድር"",
      ""visualTraits"": ""earth/ground"",
      ""changes"": null,
      ""role"": ""environment""
    },
    {
      ""name"": ""ውስተ"",
      ""visualTraits"": ""interior/inside"",
      ""changes"": null,
      ""role"": ""environment""
    }
  ],
  ""scenes"": [
    {
      ""title"": ""Chapter 89 Segment 6"",
      ""location"": ""unknown"",
      ""action"": ""unknown"",
      ""actorsInvolved"": ""unknown""
    }
  ],
  ""blocking"": {
    ""anchors"": [],
    ""paths"": []
  }
}
```"
89,segment_007,segment,DONE,C:\Users\sasch\visionexe\stories\template\filmsets\story_089\segment_007\segment.txt,"```json
{
  ""actors"": [
    {""name"": ""ርኢኩ"", ""visualTraits"": null, ""changes"": null, ""role"": ""unknown""},
    {""name"": ""ራእይ"", ""visualTraits"": null, ""changes"": null, ""role"": ""unknown""},
    {""name"": ""ስሰሉ"", ""visualTraits"": null, ""changes"": null, ""role"": ""unknown""},
    {""name"": ""ዝኩ"", ""visualTraits"": null, ""changes"": null, ""role"": ""unknown""},
    {""name"": ""ስራብት"", ""visualTraits"": null, ""changes"": null, ""role"": ""unknown""},
    {""name"": ""እምዝኩ"", ""visualTraits"": null, ""changes"": null, ""role"": ""unknown""},
    {""name"": ""ናንስ"", ""visualTraits"": null, ""changes"": null, ""role"": ""unknown""},
    {""name"": ""ልዑል"", ""visualTraits"": null, ""changes"": null, ""role"": ""unknown""},
    {""name"": ""ወንቅዐተ"", ""visualTraits"": null, ""changes"": null, ""role"": ""unknown""}
  ],
  ""props"": [],
  ""environments"": [
    {""name"": ""ምድር"", ""visualTraits"": null, ""changes"": null, ""role"": ""land""},
    {""name"": ""ዐረዩ"", ""visualTraits"": null, ""changes"": null, ""role"": ""sun""},
    {""name"": ""ወመዐምቃት"", ""visualTraits"": null, ""changes"": null, ""role"": ""moon""}
  ],
  ""scenes"": [
    {
      ""title"": ""Line 1"",
      ""location"": null,
      ""action"": ""unknown"",
      ""actorsInvolved"": [""ርኢኩ"", ""ራእይ""]
    },
    {
      ""title"": ""Line 2"",
      ""location"": null,
      ""action"": ""unknown"",
      ""actorsInvolved"": [""ስሰሉ"", ""ዝኩ"", ""ስራብት"", ""እምዝኩ""]
    },
    {
      ""title"": ""Line 3"",
      ""location"": null,
      ""action"": ""unknown"",
      ""actorsInvolved"": [""ናንስ"", ""ልዑል"", ""ወንቅዐተ"", ""ምድር""]
    },
    {
      ""title"": ""Line 4"",
      ""location"": null,
      ""action"": ""unknown"",
      ""actorsInvolved"": [""ዐረዩ"", ""ወመዐምቃት"", ""ልት""]
    },
    {
      ""title"": ""Line 5"",
      ""location"": null,
      ""action"": ""unknown"",
      ""actorsInvolved"": [""ተፈተሑ፨""]
    }
  ],
  ""blocking"": {
    ""anchors"": [],
    ""paths"": []
  }
}
```"
89,segment_008,segment,DONE,C:\Users\sasch\visionexe\stories\template\filmsets\story_089\segment_008\segment.txt,"```json
{
  ""actors"": [],
  ""props"": [],
  ""environments"": [],
  ""scenes"": [],
  ""blocking"": {
    ""anchors"": [],
    ""paths"": []
  }
}
```"
89,segment_009,segment,DONE,C:\Users\sasch\visionexe\stories\template\filmsets\story_089\segment_009\segment.txt,"```json
{
  ""actors"": [],
  ""props"": [],
  ""environments"": [],
  ""scenes"": [
    {
      ""title"": ""Verse 1"",
      ""location"": ""unknown"",
      ""action"": ""unknown"",
      ""actorsInvolved"": []
    },
    {
      ""title"": ""Verse 2"",
      ""location"": ""unknown"",
      ""action"": ""unknown"",
      ""actorsInvolved"": []
    },
    {
      ""title"": ""Verse 3"",
      ""location"": ""unknown"",
      ""action"": ""unknown"",
      ""actorsInvolved"": []
    },
    {
      ""title"": ""Verse 4"",
      ""location"": ""unknown"",
      ""action"": ""unknown"",
      ""actorsInvolved"": []
    },
    {
      ""title"": ""Verse 5"",
      ""location"": ""unknown"",
      ""action"": ""unknown"",
      ""actorsInvolved"": []
    },
    {
      ""title"": ""Verse 6"",
      ""location"": ""unknown"",
      ""action"": ""unknown"",
      ""actorsInvolved"": []
    },
    {
      ""title"": ""Verse 7"",
      ""location"": ""unknown"",
      ""action"": ""unknown"",
      ""actorsInvolved"": []
    },
    {
      ""title"": ""Verse 8"",
      ""location"": ""unknown"",
      ""action"": ""unknown"",
      ""actorsInvolved"": []
    }
  ],
  ""blocking"": {
    ""anchors"": [],
    ""paths"": []
  }
}
```"
89,segment_010,segment,DONE,C:\Users\sasch\visionexe\stories\template\filmsets\story_089\segment_010\segment.txt,"```json
{
  ""actors"": [],
  ""props"": [],
  ""environments"": [],
  ""scenes"": [],
  ""blocking"": {
    ""anchors"": [],
    ""paths"": []
  }
}
```
"
89,segment_011,segment,DONE,C:\Users\sasch\visionexe\stories\template\filmsets\story_089\segment_011\segment.txt,"```json
{
  ""actors"": [],
  ""props"": [],
  ""environments"": [],
  ""scenes"": [],
  ""blocking"": {
    ""anchors"": [],
    ""paths"": []
  }
}
```
"
89,segment_012,segment,DONE,C:\Users\sasch\visionexe\stories\template\filmsets\story_089\segment_012\segment.txt,"```json
{
  ""actors"": [
    {""name"":""ወውእቱ"",""visualTraits"":null,""changes"":null,""role"":""character""},
    {""name"":""ላህም"",""visualTraits"":null,""changes"":null,""role"":""character""},
    {""name"":""ዘተወልደ"",""visualTraits"":null,""changes"":null,""role"":""character""},
    {""name"":""እምሁ"",""visualTraits"":null,""changes"":null,""role"":""character""},
    {""name"":""ወለደ"",""visualTraits"":null,""changes"":null,""role"":""character""},
    {""name"":""ሐራውያ"",""visualTraits"":null,""changes"":null,""role"":""character""},
    {""name"":""ገዳም"",""visualTraits"":null,""changes"":null,""role"":""character""},
    {""name"":""ጸሊመ"",""visualTraits"":null,""changes"":null,""role"":""character""},
    {""name"":""ወግዐ"",""visualTraits"":null,""changes"":null,""role"":""character""},
    {""name"":""ፀዐዳ"",""visualTraits"":null,""changes"":null,""role"":""character""},
    {""name"":""ሕርው"",""visualTraits"":null,""changes"":null,""role"":""character""},
    {""name"":""ዳሕን"",""visualTraits"":null,""changes"":null,""role"":""character""},
    {""name"":""ውእቱ"",""visualTraits"":null,""changes"":null,""role"":""character""},
    {""name"":""ግዕ"",""visualTraits"":null,""changes"":null,""role"":""character""},
    {""name"":""ሠርቱ"",""visualTraits"":null,""changes"":null,""role"":""character""},
    {""name"":""ወልኢተ"",""visualTraits"":null,""changes"":null,""role"":""character""},
    {""name"":""ባግዐ"",""visualTraits"":null,""changes"":null,""role"":""character""}
  ],
  ""props"": [],
  ""environments"": [],
  ""scenes"": [
    {
      ""title"":""Line 1"",
      ""location"":null,
      ""action"":""birth"",
      ""actorsInvolved"":[""ወውእቱ"",""ላህም"",""ዘተወልደ""]
    },
    {
      ""title"":""Line 2"",
      ""location"":null,
      ""action"":""birth"",
      ""actorsInvolved"":[""እምሁ"",""ወለደ"",""ሐራውያ"",""ገዳም""]
    },
    {
      ""title"":""Line 3"",
      ""location"":null,
      ""action"":""unknown"",
      ""actorsInvolved"":[""ጸሊመ"",""ወግዐ"",""ፀዐዳ"",""ወውእቱ""]
    },
    {
      ""title"":""Line 4"",
      ""location"":null,
      ""action"":""birth"",
      ""actorsInvolved"":[""ወለደ"",""ሕርው"",""ዳሕን"",""ውእቱ""]
    },
    {
      ""title"":""Line 5"",
      ""location"":null,
      ""action"":""birth"",
      ""actorsInvolved"":[""ግዕ"",""ወለደ"",""ሠርቱ"",""ወልኢተ""]
    },
    {
      ""title"":""Line 6"",
      ""location"":null,
      ""action"":""unknown"",
      ""actorsInvolved"":[""ባግዐ""]
    }
  ],
  ""blocking"": {
    ""anchors"": [],
    ""paths"": []
  }
}
```"
89,segment_013,segment,DONE,C:\Users\sasch\visionexe\stories\template\filmsets\story_089\segment_013\segment.txt,"```json
{
  ""actors"": [],
  ""props"": [],
  ""environments"": [],
  ""scenes"": [
    {
      ""title"": ""Chapter 89 Segment 13"",
      ""location"": null,
      ""action"": ""chanting incantation"",
      ""actorsInvolved"": []
    }
  ],
  ""blocking"": {
    ""anchors"": [],
    ""paths"": []
  }
}
```"
89,segment_014,segment,DONE,C:\Users\sasch\visionexe\stories\template\filmsets\story_089\segment_014\segment.txt,"```json
{
  ""actors"": [],
  ""props"": [],
  ""environments"": [],
  ""scenes"": [],
  ""blocking"": {
    ""anchors"": [],
    ""paths"": []
  }
}
```"
89,segment_015,segment,DONE,C:\Users\sasch\visionexe\stories\template\filmsets\story_089\segment_015\segment.txt,"```json
{
  ""actors"": [
    {
      ""name"": ""God"",
      ""visualTraits"": null,
      ""changes"": null,
      ""role"": ""deity""
    },
    {
      ""name"": ""We"",
      ""visualTraits"": null,
      ""changes"": null,
      ""role"": ""speaker""
    }
  ],
  ""props"": [
    {
      ""name"": ""gate"",
      ""visualTraits"": null,
      ""changes"": null,
      ""role"": ""prop""
    }
  ],
  ""environments"": [
    {
      ""name"": ""wind"",
      ""visualTraits"": null,
      ""changes"": null,
      ""role"": ""environment""
    },
    {
      ""name"": ""water"",
      ""visualTraits"": null,
      ""changes"": null,
      ""role"": ""environment""
    }
  ],
  ""scenes"": [
    {
      ""title"": ""Chapter 89 Segment 15"",
      ""location"": null,
      ""action"": [
        ""ወወጠኑ፡ዝእብት፡እንዘ፡"",
        ""ያፈርህዎሙ፡ወጠቅዎሙ፡"",
        ""እስ፡ያንልቁ፡"",
        ""ደቂቆሙ፨ወገደፉ፡ደቂቆሙ፡"",
        ""ውሒዘ፡ማይ፡ብዙኅ፨ወእልኩ፡"",
        ""ባግዕ፡ወጠኑ፡ይጽር፡እንተ፡"",
        ""ደቂቆሙ፡ወይሰዩ፡ኀ፡"",
        ""እግዚኦሙ፡""
      ],
      ""actorsInvolved"": [""God"", ""We""]
    }
  ],
  ""blocking"": {
    ""anchors"": [
      {
        ""id"": ""gate"",
        ""description"": ""gate""
      },
      {
        ""id"": ""water"",
        ""description"": ""water source""
      }
    ],
    ""paths"": []
  }
}
```"
89,segment_016,segment,DONE,C:\Users\sasch\visionexe\stories\template\filmsets\story_089\segment_016\segment.txt,"```json
{
  ""actors"": [
    {
      ""name"": ""እግዚኦሙ"",
      ""visualTraits"": [],
      ""changes"": [],
      ""role"": ""deity""
    }
  ],
  ""props"": [],
  ""environments"": [],
  ""scenes"": [],
  ""blocking"": {
    ""anchors"": [],
    ""paths"": []
  }
}
```"
89,segment_017,segment,DONE,C:\Users\sasch\visionexe\stories\template\filmsets\story_089\segment_017\segment.txt,"```json
{
  ""actors"": [],
  ""props"": [],
  ""environments"": [],
  ""scenes"": [
    {
      ""title"": ""Verse 1"",
      ""location"": null,
      ""action"": null,
      ""actorsInvolved"": []
    },
    {
      ""title"": ""Verse 2"",
      ""location"": null,
      ""action"": null,
      ""actorsInvolved"": []
    },
    {
      ""title"": ""Verse 3"",
      ""location"": null,
      ""action"": null,
      ""actorsInvolved"": []
    },
    {
      ""title"": ""Verse 4"",
      ""location"": null,
      ""action"": null,
      ""actorsInvolved"": []
    },
    {
      ""title"": ""Verse 5"",
      ""location"": null,
      ""action"": null,
      ""actorsInvolved"": []
    }
  ],
  ""blocking"": {
    ""anchors"": [],
    ""paths"": []
  }
}
```"
89,segment_018,segment,DONE,C:\Users\sasch\visionexe\stories\template\filmsets\story_089\segment_018\segment.txt,"```json
{
  ""actors"": [
    {""name"":""ወሖረ"",""visualTraits"":null,""changes"":null,""role"":null},
    {""name"":""ግዕ"",""visualTraits"":null,""changes"":null,""role"":null},
    {""name"":""ኀ"",""visualTraits"":null,""changes"":null,""role"":null},
    {""name"":""ዝእብት"",""visualTraits"":null,""changes"":null,""role"":null},
    {""name"":""ቃለ"",""visualTraits"":null,""changes"":null,""role"":null},
    {""name"":""እግዚእ"",""visualTraits"":null,""changes"":null,""role"":null},
    {""name"":""፨ወልእ"",""visualTraits"":null,""changes"":null,""role"":null},
    {""name"":""ተራቦ"",""visualTraits"":null,""changes"":null,""role"":null},
    {""name"":""ወሖሩ"",""visualTraits"":null,""changes"":null,""role"":null},
    {""name"":""ምስሌሁ"",""visualTraits"":null,""changes"":null,""role"":null},
    {""name"":""ወቦኡ"",""visualTraits"":null,""changes"":null,""role"":null},
    {""name"":""ልኤሆሙ"",""visualTraits"":null,""changes"":null,""role"":null},
    {""name"":""ኅቡረ"",""visualTraits"":null,""changes"":null,""role"":null},
    {""name"":""ውስተ"",""visualTraits"":null,""changes"":null,""role"":null},
    {""name"":""ማኅሮሙ"",""visualTraits"":null,""changes"":null,""role"":null},
    {""name"":""ለዝኩ"",""visualTraits"":null,""changes"":null,""role"":null},
    {""name"":""ወተናገርዎዎሙ"",""visualTraits"":null,""changes"":null,""role"":null},
    {""name"":""ወስምዑ"",""visualTraits"":null,""changes"":null,""role"":null},
    {""name"":""ዲቤሆሙ"",""visualTraits"":null,""changes"":null,""role"":null},
    {""name"":""መ"",""visualTraits"":null,""changes"":null,""role"":null},
    {""name"":""እምይእዜ"",""visualTraits"":null,""changes"":null,""role"":null},
    {""name"":""ኢይግሥስዎሙ"",""visualTraits"":null,""changes"":null,""role"":null},
    {""name"":""ለባግዕት"",""visualTraits"":null,""changes"":null,""role"":null}
  ],
  ""props"": [],
  ""environments"": [],
  ""scenes"": [
    {
      ""title"":""Scene 1"",
      ""location"":null,
      ""action"":null,
      ""actorsInvolved"":[""ወሖረ"",""ግዕ"",""ኀ"",""ዝእብት""]
    },
    {
      ""title"":""Scene 2"",
      ""location"":null,
      ""action"":null,
      ""actorsInvolved"":[""ቃለ"",""እግዚእ"",""፨ወልእ"",""ግዕ""]
    },
    {
      ""title"":""Scene 3"",
      ""location"":null,
      ""action"":null,
      ""actorsInvolved"":[""ተራቦ"",""ወሖሩ"",""ምስሌሁ"",""ወቦኡ""]
    },
    {
      ""title"":""Scene 4"",
      ""location"":null,
      ""action"":null,
      ""actorsInvolved"":[""ልኤሆሙ"",""ኅቡረ"",""ውስተ""]
    },
    {
      ""title"":""Scene 5"",
      ""location"":null,
      ""action"":null,
      ""actorsInvolved"":[""ማኅሮሙ"",""ለዝኩ"",""ዝእብት""]
    },
    {
      ""title"":""Scene 6"",
      ""location"":null,
      ""action"":null,
      ""actorsInvolved"":[""ወተናገርዎዎሙ"",""ወስምዑ""]
    },
    {
      ""title"":""Scene 7"",
      ""location"":null,
      ""action"":null,
      ""actorsInvolved"":[""ዲቤሆሙ"",""መ"",""እምይእዜ""]
    },
    {
      ""title"":""Scene 8"",
      ""location"":null,
      ""action"":null,
      ""actorsInvolved"":[""ኢይግሥስዎሙ"",""ለባግዕት""]
    }
  ],
  ""blocking"": {
    ""anchors"": [],
    ""paths"": []
  }
}
```"
89,segment_019,segment,DONE,C:\Users\sasch\visionexe\stories\template\filmsets\story_089\segment_019\segment.txt,"{
  ""actors"": [],
  ""props"": [],
  ""environments"": [],
  ""scenes"": [],
  ""blocking"": {
    ""anchors"": [],
    ""paths"": []
  }
}"
89,segment_020,segment,DONE,C:\Users\sasch\visionexe\stories\template\filmsets\story_089\segment_020\segment.txt,"```json
{
  ""actors"": [],
  ""props"": [],
  ""environments"": [],
  ""scenes"": [
    {
      ""title"": ""Chapter 89 Segment 20"",
      ""location"": null,
      ""action"": null,
      ""actorsInvolved"": null
    }
  ],
  ""blocking"": {
    ""anchors"": [],
    ""paths"": []
  }
}
```"
89,segment_021,segment,DONE,C:\Users\sasch\visionexe\stories\template\filmsets\story_089\segment_021\segment.txt,"{
  ""actors"": [],
  ""props"": [],
  ""environments"": [],
  ""scenes"": [],
  ""blocking"": {
    ""anchors"": [],
    ""paths"": []
  }
}"
89,segment_022,segment,DONE,C:\Users\sasch\visionexe\stories\template\filmsets\story_089\segment_022\segment.txt,"```json
{
  ""actors"": [
    {
      ""name"": ""ወእግዚኦሙ"",
      ""visualTraits"": null,
      ""changes"": [],
      ""role"": null
    },
    {
      ""name"": ""ምስሌሆሙ"",
      ""visualTraits"": null,
      ""changes"": [],
      ""role"": null
    },
    {
      ""name"": ""ወሎሙ"",
      ""visualTraits"": null,
      ""changes"": [],
      ""role"": null
    },
    {
      ""name"": ""ወገጹ"",
      ""visualTraits"": null,
      ""changes"": [],
      ""role"": null
    },
    {
      ""name"": ""ለርኢይ"",
      ""visualTraits"": null,
      ""changes"": [],
      ""role"": null
    }
  ],
  ""props"": [],
  ""environments"": [],
  ""scenes"": [
    {
      ""title"": ""Line 1"",
      ""location"": null,
      ""action"": ""ወእግዚኦሙ፡ለባግዕ፡ሖረ፡"",
      ""actorsInvolved"": [""ወእግዚኦሙ"", ""ለባግዕ""]
    },
    {
      ""title"": ""Line 2"",
      ""location"": null,
      ""action"": ""ምስሌሆሙ፡እንዘ፡ይመርሖሙ፡"",
      ""actorsInvolved"": [""ምስሌሆሙ""]
    },
    {
      ""title"": ""Line 3"",
      ""location"": null,
      ""action"": ""ወሎሙ፡ባግዒሁ፡ተለውዎ፡"",
      ""actorsInvolved"": [""ወሎሙ""]
    },
    {
      ""title"": ""Line 4"",
      ""location"": null,
      ""action"": ""ወገጹ፡ስቡሕ፡ወቡር፡ወግሩም፡"",
      ""actorsInvolved"": [""ወገጹ""]
    },
    {
      ""title"": ""Line 5"",
      ""location"": null,
      ""action"": ""ለርኢይ፨"",
      ""actorsInvolved"": [""ለርኢይ""]
    }
  ],
  ""blocking"": {
    ""anchors"": [],
    ""paths"": []
  }
}
```"
89,segment_023,segment,DONE,C:\Users\sasch\visionexe\stories\template\filmsets\story_089\segment_023\segment.txt,"```json
{
  ""actors"": [],
  ""props"": [],
  ""environments"": [],
  ""scenes"": [],
  ""blocking"": {
    ""anchors"": [],
    ""paths"": []
  }
}
```"
89,segment_024,segment,DONE,C:\Users\sasch\visionexe\stories\template\filmsets\story_089\segment_024\segment.txt,"```json
{
  ""actors"": [
    {
      ""name"": ""God"",
      ""visualTraits"": [],
      ""changes"": [],
      ""role"": ""deity""
    }
  ],
  ""props"": [],
  ""environments"": [],
  ""scenes"": [],
  ""blocking"": {
    ""anchors"": [],
    ""paths"": []
  }
}
```"
89,segment_025,segment,DONE,C:\Users\sasch\visionexe\stories\template\filmsets\story_089\segment_025\segment.txt,"```json
{
  ""actors"": [],
  ""props"": [],
  ""environments"": [],
  ""scenes"": [],
  ""blocking"": {
    ""anchors"": [],
    ""paths"": []
  }
}
```"
89,segment_026,segment,DONE,C:\Users\sasch\visionexe\stories\template\filmsets\story_089\segment_026\segment.txt,"```json
{
  ""actors"": [
    {
      ""name"": ""እግዚኦሙ"",
      ""visualTraits"": null,
      ""changes"": null,
      ""role"": ""recipient""
    }
  ],
  ""props"": [],
  ""environments"": [],
  ""scenes"": [
    {
      ""title"": ""Chapter 89 Segment 26"",
      ""location"": null,
      ""action"": null,
      ""actorsInvolved"": [""እግዚኦሙ""]
    }
  ],
  ""blocking"": {
    ""anchors"": [],
    ""paths"": []
  }
}
```"
89,segment_027,segment,DONE,C:\Users\sasch\visionexe\stories\template\filmsets\story_089\segment_027\segment.txt,"```json
{
  ""actors"": [],
  ""props"": [],
  ""environments"": [],
  ""scenes"": [],
  ""blocking"": {
    ""anchors"": [],
    ""paths"": []
  }
}
```"
89,segment_028,segment,DONE,C:\Users\sasch\visionexe\stories\template\filmsets\story_089\segment_028\segment.txt,"```json
{
  ""actors"": [
    {
      ""name"": ""እግዚኦሙ"",
      ""visualTraits"": null,
      ""changes"": null,
      ""role"": ""deity""
    }
  ],
  ""props"": [],
  ""environments"": [],
  ""scenes"": [],
  ""blocking"": {
    ""anchors"": [],
    ""paths"": []
  }
}
```"
89,segment_029,segment,DONE,C:\Users\sasch\visionexe\stories\template\filmsets\story_089\segment_029\segment.txt,"```json
{
  ""actors"": [
    {
      ""name"": ""እግዚኦሙ"",
      ""visualTraits"": null,
      ""changes"": null,
      ""role"": ""deity""
    },
    {
      ""name"": ""ኀቤሆሙ"",
      ""visualTraits"": null,
      ""changes"": null,
      ""role"": ""unknown""
    }
  ],
  ""props"": [],
  ""environments"": [],
  ""scenes"": [
    {
      ""title"": ""Chapter 89 Segment 29"",
      ""location"": null,
      ""action"": null,
      ""actorsInvolved"": [""እግዚኦሙ"", ""ኀቤሆሙ""]
    }
  ],
  ""blocking"": {
    ""anchors"": [],
    ""paths"": []
  }
}
```"
89,segment_030,segment,DONE,C:\Users\sasch\visionexe\stories\template\filmsets\story_089\segment_030\segment.txt,"```json
{
  ""actors"": [],
  ""props"": [],
  ""environments"": [],
  ""scenes"": [],
  ""blocking"": {
    ""anchors"": [],
    ""paths"": []
  }
}
```"
89,segment_031,segment,DONE,C:\Users\sasch\visionexe\stories\template\filmsets\story_089\segment_031\segment.txt,"```json
{
  ""actors"": [
    {""name"":""ወሎሙ"",""visualTraits"":null,""changes"":null,""role"":""chanting""},
    {""name"":""እልኩ"",""visualTraits"":null,""changes"":null,""role"":""chanting""},
    {""name"":""እባግዕ"",""visualTraits"":null,""changes"":null,""role"":""chanting""},
    {""name"":""ይፈርሁ"",""visualTraits"":null,""changes"":null,""role"":""chanting""},
    {""name"":""ወይርዕዱ"",""visualTraits"":null,""changes"":null,""role"":""chanting""},
    {""name"":""እምሁ"",""visualTraits"":null,""changes"":null,""role"":""chanting""},
    {""name"":""ወይጸር"",""visualTraits"":null,""changes"":null,""role"":""chanting""},
    {""name"":""ድኅሬሁ"",""visualTraits"":null,""changes"":null,""role"":""chanting""},
    {""name"":""ለዝኩ"",""visualTraits"":null,""changes"":null,""role"":""chanting""},
    {""name"":""ግዕ"",""visualTraits"":null,""changes"":null,""role"":""chanting""},
    {""name"":""ዘሀሎ"",""visualTraits"":null,""changes"":null,""role"":""chanting""},
    {""name"":""ምስሌሁ"",""visualTraits"":null,""changes"":null,""role"":""chanting""},
    {""name"":""ለልእ"",""visualTraits"":null,""changes"":null,""role"":""chanting""},
    {""name"":""ሙሴ"",""visualTraits"":null,""changes"":null,""role"":""chanting""},
    {""name"":""ር፡ተውና"",""visualTraits"":null,""changes"":null,""role"":""chanting""},
    {""name"":""እግዚ"",""visualTraits"":null,""changes"":null,""role"":""chanting""},
    {""name"":""ዘነ"",""visualTraits"":null,""changes"":null,""role"":""chanting""},
    {""name"":""ማእሎሙ፨እስመ፡"",""visualTraits"":null,""changes"":null,""role"":""chanting""},
    {""name"":""ኢንል፡ቀዊመ፡ቅድመ፡"",""visualTraits"":null,""changes"":null,""role"":""chanting""},
    {""name"":""እግዚእነ፡ወኢነጽሮቶ፡"",""visualTraits"":null,""changes"":null,""role"":""chanting""}
  ],
  ""props"": [],
  ""environments"": [],
  ""scenes"": [
    {
      ""title"":""Chapter 89 Segment 31"",
      ""location"":null,
      ""action"":""chanting verses"",
      ""actorsInvolved"":[
        ""ወሎሙ"",""እልኩ"",""እባግዕ"",""ይፈርሁ"",""ወይርዕዱ"",""እምሁ"",
        ""ወይጸር"",""ድኅሬሁ"",""ለዝኩ"",""ግዕ"",""ዘሀሎ"",""ምስሌሁ"",
        ""ለልእ"",""ሙሴ"",""ር፡ተውና"",""እግዚ"",""ዘነ"",""ማእሎሙ፨እስመ፡"",
        ""ኢንል፡ቀዊመ፡ቅድመ፡"",""እግዚእነ፡ወኢነጽሮቶ፡""
      ]
    }
  ],
  ""blocking"": {
    ""anchors"": [],
    ""paths"": []
  }
}
```"
89,segment_032,segment,DONE,C:\Users\sasch\visionexe\stories\template\filmsets\story_089\segment_032\segment.txt,"```json
{
  ""actors"": [],
  ""props"": [],
  ""environments"": [],
  ""scenes"": [],
  ""blocking"": {
    ""anchors"": [],
    ""paths"": []
  }
}
```"
89,segment_033,segment,DONE,C:\Users\sasch\visionexe\stories\template\filmsets\story_089\segment_033\segment.txt,"```json
{
  ""actors"": [],
  ""props"": [],
  ""environments"": [],
  ""scenes"": [
    {
      ""title"": ""Line 1"",
      ""location"": ""unknown"",
      ""action"": ""unknown"",
      ""actorsInvolved"": []
    },
    {
      ""title"": ""Line 2"",
      ""location"": ""unknown"",
      ""action"": ""unknown"",
      ""actorsInvolved"": []
    },
    {
      ""title"": ""Line 3"",
      ""location"": ""unknown"",
      ""action"": ""unknown"",
      ""actorsInvolved"": []
    },
    {
      ""title"": ""Line 4"",
      ""location"": ""unknown"",
      ""action"": ""unknown"",
      ""actorsInvolved"": []
    },
    {
      ""title"": ""Line 5"",
      ""location"": ""unknown"",
      ""action"": ""unknown"",
      ""actorsInvolved"": []
    },
    {
      ""title"": ""Line 6"",
      ""location"": ""unknown"",
      ""action"": ""unknown"",
      ""actorsInvolved"": []
    },
    {
      ""title"": ""Line 7"",
      ""location"": ""unknown"",
      ""action"": ""unknown"",
      ""actorsInvolved"": []
    }
  ],
  ""blocking"": {
    ""anchors"": [],
    ""paths"": []
  }
}
```"
89,segment_034,segment,DONE,C:\Users\sasch\visionexe\stories\template\filmsets\story_089\segment_034\segment.txt,"```json
{
  ""actors"": [],
  ""props"": [],
  ""environments"": [],
  ""scenes"": [
    {
      ""title"": ""Chapter 89 Segment 34"",
      ""location"": null,
      ""action"": null,
      ""actorsInvolved"": []
    }
  ],
  ""blocking"": {
    ""anchors"": [],
    ""paths"": []
  }
}
```"
89,segment_035,segment,DONE,C:\Users\sasch\visionexe\stories\template\filmsets\story_089\segment_035\segment.txt,"{
  ""actors"": [],
  ""props"": [],
  ""environments"": [],
  ""scenes"": [],
  ""blocking"": {
    ""anchors"": [],
    ""paths"": []
  }
}"
89,segment_036,segment,DONE,C:\Users\sasch\visionexe\stories\template\filmsets\story_089\segment_036\segment.txt,"```json
{
  ""actors"": [
    {
      ""name"": ""ወርኢኩ"",
      ""visualTraits"": null,
      ""changes"": null,
      ""role"": ""unknown""
    },
    {
      ""name"": ""ዝ፡ራእይ"",
      ""visualTraits"": null,
      ""changes"": null,
      ""role"": ""unknown""
    },
    {
      ""name"": ""ውእቱ"",
      ""visualTraits"": null,
      ""changes"": null,
      ""role"": ""unknown""
    },
    {
      ""name"": ""ቀሞሙ"",
      ""visualTraits"": null,
      ""changes"": null,
      ""role"": ""unknown""
    }
  ],
  ""props"": [
    {
      ""name"": ""ባግዕ"",
      ""visualTraits"": null,
      ""changes"": null,
      ""role"": ""unknown""
    }
  ],
  ""environments"": [
    {
      ""name"": ""ቤተ፡ለእግዚ"",
      ""visualTraits"": null,
      ""changes"": null,
      ""role"": ""unknown""
    },
    {
      ""name"": ""ቤት"",
      ""visualTraits"": null,
      ""changes"": null,
      ""role"": ""unknown""
    }
  ],
  ""scenes"": [
    {
      ""title"": ""Chapter 89 Segment 36"",
      ""location"": null,
      ""action"": null,
      ""actorsInvolved"": [
        ""ወርኢኩ"",
        ""ዝ፡ራእይ"",
        ""ውእቱ"",
        ""ቀሞሙ""
      ]
    }
  ],
  ""blocking"": {
    ""anchors"": [],
    ""paths"": []
  }
}
```"
89,segment_037,segment,DONE,C:\Users\sasch\visionexe\stories\template\filmsets\story_089\segment_037\segment.txt,"```json
{
  ""actors"": [],
  ""props"": [],
  ""environments"": [],
  ""scenes"": [],
  ""blocking"": {
    ""anchors"": [],
    ""paths"": []
  }
}
```"
89,segment_038,segment,DONE,C:\Users\sasch\visionexe\stories\template\filmsets\story_089\segment_038\segment.txt,"```json
{
  ""actors"": [
    {""name"":""ወዝኩ"",""visualTraits"":null,""changes"":null,""role"":""unknown""},
    {""name"":""ግዕ"",""visualTraits"":null,""changes"":null,""role"":""unknown""},
    {""name"":""ዘይመርሖሙ"",""visualTraits"":null,""changes"":null,""role"":""unknown""},
    {""name"":""ዘነ"",""visualTraits"":null,""changes"":null,""role"":""unknown""},
    {""name"":""ብእሴ"",""visualTraits"":null,""changes"":null,""role"":""unknown""},
    {""name"":""ተሌለ"",""visualTraits"":null,""changes"":null,""role"":""unknown""},
    {""name"":""እምሆሙ"",""visualTraits"":null,""changes"":null,""role"":""unknown""},
    {""name"":""ወሰ"",""visualTraits"":null,""changes"":null,""role"":""unknown""},
    {""name"":""ወሎሙ"",""visualTraits"":null,""changes"":null,""role"":""unknown""},
    {""name"":""ኀሠሥዎ"",""visualTraits"":null,""changes"":null,""role"":""unknown""},
    {""name"":""ወጸር"",""visualTraits"":null,""changes"":null,""role"":""unknown""},
    {""name"":""ዲቤሁ"",""visualTraits"":null,""changes"":null,""role"":""unknown""},
    {""name"":""ጽራኀ"",""visualTraits"":null,""changes"":null,""role"":""unknown""},
    {""name"":""ዐቢየ"",""visualTraits"":null,""changes"":null,""role"":""unknown""}
  ],
  ""props"": [],
  ""environments"": [],
  ""scenes"": [
    {
      ""title"":""Chapter 89 Segment 38"",
      ""location"":null,
      ""action"":null,
      ""actorsInvolved"":[
        ""ወዝኩ"",""ግዕ"",""ዘይመርሖሙ"",""ዘነ"",""ብእሴ"",""ተሌለ"",""እምሆሙ"",""ወሰ"",""ወሎሙ"",""ኀሠሥዎ"",""ወጸር"",""ዲቤሁ"",""ጽራኀ"",""ዐቢየ""
      ]
    }
  ],
  ""blocking"": {
    ""anchors"": [],
    ""paths"": []
  }
}
```"
89,segment_039,segment,DONE,C:\Users\sasch\visionexe\stories\template\filmsets\story_089\segment_039\segment.txt,"```json
{
  ""actors"": [],
  ""props"": [],
  ""environments"": [],
  ""scenes"": [],
  ""blocking"": {
    ""anchors"": [],
    ""paths"": []
  }
}
```"
89,segment_040,segment,DONE,C:\Users\sasch\visionexe\stories\template\filmsets\story_089\segment_040\segment.txt,"```json
{
  ""actors"": [],
  ""props"": [],
  ""environments"": [],
  ""scenes"": [],
  ""blocking"": {
    ""anchors"": [],
    ""paths"": []
  }
}
```"
89,segment_041,segment,DONE,C:\Users\sasch\visionexe\stories\template\filmsets\story_089\segment_041\segment.txt,"```json
{
  ""actors"": [],
  ""props"": [],
  ""environments"": [],
  ""scenes"": [],
  ""blocking"": {
    ""anchors"": [],
    ""paths"": []
  }
}
```"
89,segment_042,segment,DONE,C:\Users\sasch\visionexe\stories\template\filmsets\story_089\segment_042\segment.txt,"```json
{
  ""actors"": [],
  ""props"": [],
  ""environments"": [],
  ""scenes"": [],
  ""blocking"": {
    ""anchors"": [],
    ""paths"": []
  }
}
```"
89,segment_043,segment,DONE,C:\Users\sasch\visionexe\stories\template\filmsets\story_089\segment_043\segment.txt,"```json
{
  ""actors"": [],
  ""props"": [],
  ""environments"": [],
  ""scenes"": [],
  ""blocking"": {
    ""anchors"": [],
    ""paths"": []
  }
}
```"
89,segment_044,segment,DONE,C:\Users\sasch\visionexe\stories\template\filmsets\story_089\segment_044\segment.txt,"```json
{
  ""actors"": [],
  ""props"": [],
  ""environments"": [],
  ""scenes"": [],
  ""blocking"": {
    ""anchors"": [],
    ""paths"": []
  }
}
```"
89,segment_045,segment,DONE,C:\Users\sasch\visionexe\stories\template\filmsets\story_089\segment_045\segment.txt,"```json
{
  ""actors"": [],
  ""props"": [],
  ""environments"": [],
  ""scenes"": [],
  ""blocking"": {
    ""anchors"": [],
    ""paths"": []
  }
}
```"
89,segment_046,segment,DONE,C:\Users\sasch\visionexe\stories\template\filmsets\story_089\segment_046\segment.txt,"```json
{
  ""actors"": [],
  ""props"": [],
  ""environments"": [],
  ""scenes"": [],
  ""blocking"": {
    ""anchors"": [],
    ""paths"": []
  }
}
```"
89,segment_047,segment,DONE,C:\Users\sasch\visionexe\stories\template\filmsets\story_089\segment_047\segment.txt,"```json
{
  ""actors"": [],
  ""props"": [],
  ""environments"": [],
  ""scenes"": [],
  ""blocking"": {
    ""anchors"": [],
    ""paths"": []
  }
}
```"
89,segment_048,segment,DONE,C:\Users\sasch\visionexe\stories\template\filmsets\story_089\segment_048\segment.txt,"```json
{
  ""actors"": [
    {""name"":""ወደኃራዊ"",""visualTraits"":null,""changes"":null,""role"":""unknown""},
    {""name"":""ለዝኩ"",""visualTraits"":null,""changes"":null,""role"":""unknown""},
    {""name"":""ሐርጌ"",""visualTraits"":null,""changes"":null,""role"":""unknown""},
    {""name"":""ነሥኦ"",""visualTraits"":null,""changes"":null,""role"":""unknown""},
    {""name"":""ወመርሖሙ"",""visualTraits"":null,""changes"":null,""role"":""unknown""},
    {""name"":""ለግዕ"",""visualTraits"":null,""changes"":null,""role"":""unknown""},
    {""name"":""ንኡስ"",""visualTraits"":null,""changes"":null,""role"":""unknown""},
    {""name"":""ወዝ"",""visualTraits"":null,""changes"":null,""role"":""unknown""},
    {""name"":""ወለደ"",""visualTraits"":null,""changes"":null,""role"":""unknown""},
    {""name"":""ግዕ"",""visualTraits"":null,""changes"":null,""role"":""unknown""},
    {""name"":""ብዙኃነ"",""visualTraits"":null,""changes"":null,""role"":""unknown""},
    {""name"":""ወሰ፨ወግዕ"",""visualTraits"":null,""changes"":null,""role"":""unknown""},
    {""name"":""ነ፡ሐርጌ"",""visualTraits"":null,""changes"":null,""role"":""unknown""},
    {""name"":""ህየንቴሁ"",""visualTraits"":null,""changes"":null,""role"":""unknown""},
    {""name"":""ወነ"",""visualTraits"":null,""changes"":null,""role"":""unknown""},
    {""name"":""መ—ንነ"",""visualTraits"":null,""changes"":null,""role"":""unknown""},
    {""name"":""መራሔ"",""visualTraits"":null,""changes"":null,""role"":""unknown""},
    {""name"":""ለእል"",""visualTraits"":null,""changes"":null,""role"":""unknown""},
    {""name"":""ባግዕ"",""visualTraits"":null,""changes"":null,""role"":""unknown""}
  ],
  ""props"": [],
  ""environments"": [],
  ""scenes"": [
    {
      ""title"":""Chapter 89 Segment 48"",
      ""location"":""unknown"",
      ""action"":""ወደኃራዊ፡ለዝኩ፡ሐርጌ፡ነሥኦ፡ ወመርሖሙ፡ለግዕ፡ንኡስ፡ ወዝ፡ሐርጌ፡ወለደ፡ግዕ፡ ብዙኃነ፡ወሰ፨ወግዕ፡ንኡስ፡ ነ፡ሐርጌ፡ህየንቴሁ፡ወነ፡ መ—ንነ፡ወነ፡መራሔ፡ለእል፡ ባግዕ፨"",
      ""actorsInvolved"":[
        ""ወደኃራዊ"",""ለዝኩ"",""ሐርጌ"",""ነሥኦ"",""ወመርሖሙ"",""ለግዕ"",""ንኡስ"",""ወዝ"",""ወለደ"",""ግዕ"",""ብዙኃነ"",""ወሰ፨ወግዕ"",""ነ፡ሐርጌ"",""ህየንቴሁ"",""ወነ"",""መ—ንነ"",""መራሔ"",""ለእል"",""ባግዕ""
      ]
    }
  ],
  ""blocking"": {
    ""anchors"": [],
    ""paths"": []
  }
}
```"
89,segment_049,segment,DONE,C:\Users\sasch\visionexe\stories\template\filmsets\story_089\segment_049\segment.txt,"```json
{
  ""actors"": [],
  ""props"": [],
  ""environments"": [],
  ""scenes"": [],
  ""blocking"": {
    ""anchors"": [],
    ""paths"": []
  }
}
```"
89,segment_050,segment,DONE,C:\Users\sasch\visionexe\stories\template\filmsets\story_089\segment_050\segment.txt,"```json
{
  ""actors"": [
    {
      ""name"": ""ወዝኩ"",
      ""visualTraits"": ""unknown"",
      ""changes"": ""unknown"",
      ""role"": ""narrator""
    },
    {
      ""name"": ""ለእግዚ"",
      ""visualTraits"": ""unknown"",
      ""changes"": ""unknown"",
      ""role"": ""deity""
    }
  ],
  ""props"": [],
  ""environments"": [
    {
      ""name"": ""ቤት"",
      ""visualTraits"": ""unknown"",
      ""changes"": ""unknown"",
      ""role"": ""setting""
    },
    {
      ""name"": ""ማኅፈድ"",
      ""visualTraits"": ""unknown"",
      ""changes"": ""unknown"",
      ""role"": ""setting""
    },
    {
      ""name"": ""ወማንፈድሰ"",
      ""visualTraits"": ""unknown"",
      ""changes"": ""unknown"",
      ""role"": ""setting""
    }
  ],
  ""scenes"": [
    {
      ""title"": ""Scene 1"",
      ""location"": ""ቤት"",
      ""action"": ""ወዝኩ ቤት ነ፡ዐቢየ ወርኂ"",
      ""actorsInvolved"": [""ወዝኩ""]
    },
    {
      ""title"": ""Scene 2"",
      ""location"": ""ቤት"",
      ""action"": ""ወተሐንጸ ለእልኩ ባግዕ"",
      ""actorsInvolved"": [""ወዝኩ""]
    },
    {
      ""title"": ""Scene 3"",
      ""location"": ""ቤት"",
      ""action"": ""ማኅፈድ ነዋኅ ዲ ዝኩ ቤት"",
      ""actorsInvolved"": [""ወዝኩ""]
    },
    {
      ""title"": ""Scene 4"",
      ""location"": ""ቤት"",
      ""action"": ""ለእግዚ ባግዕ ወተትሕተ"",
      ""actorsInvolved"": [""ለእግዚ"", ""ወዝኩ""]
    },
    {
      ""title"": ""Scene 5"",
      ""location"": ""ቤት"",
      ""action"": ""ዝኩ ቤት ወማንፈድሰ ተለዐለ"",
      ""actorsInvolved"": [""ወዝኩ""]
    },
    {
      ""title"": ""Scene 6"",
      ""location"": ""ቤት"",
      ""action"": ""ወነ ነዋኀ ወእግዚ ባግዕ"",
      ""actorsInvolved"": [""ለእግዚ"", ""ወዝኩ""]
    },
    {
      ""title"": ""Scene 7"",
      ""location"": ""ቤት"",
      ""action"": ""ቆመ ዲ ውእቱ"",
      ""actorsInvolved"": [""ወዝኩ""]
    },
    {
      ""title"": ""Scene 8"",
      ""location"": ""ቤት"",
      ""action"": ""ማኅፈድ ወማዕደ ምልእተ"",
      ""actorsInvolved"": [""ወዝኩ""]
    },
    {
      ""title"": ""Scene 9"",
      ""location"": ""ቤት"",
      ""action"": ""ቅረቡ ቅድሜሁ"",
      ""actorsInvolved"": [""ወዝኩ""]
    }
  ],
  ""blocking"": {
    ""anchors"": [],
    ""paths"": []
  }
}
```"
89,segment_051,segment,DONE,C:\Users\sasch\visionexe\stories\template\filmsets\story_089\segment_051\segment.txt,"```json
{
  ""actors"": [
    {
      ""name"": ""ወርኢዎሙ"",
      ""visualTraits"": null,
      ""changes"": null,
      ""role"": ""unknown""
    },
    {
      ""name"": ""ባግዕ"",
      ""visualTraits"": null,
      ""changes"": null,
      ""role"": ""unknown""
    },
    {
      ""name"": ""ወኀደጉ"",
      ""visualTraits"": null,
      ""changes"": null,
      ""role"": ""unknown""
    },
    {
      ""name"": ""ወለሙ"",
      ""visualTraits"": null,
      ""changes"": null,
      ""role"": ""unknown""
    },
    {
      ""name"": ""ኀዙ"",
      ""visualTraits"": null,
      ""changes"": null,
      ""role"": ""unknown""
    },
    {
      ""name"": ""ወእግዚኦሙ"",
      ""visualTraits"": null,
      ""changes"": null,
      ""role"": ""unknown""
    }
  ],
  ""props"": [],
  ""environments"": [
    {
      ""name"": ""ቤተ፡ዚሆሙ"",
      ""visualTraits"": null,
      ""changes"": null,
      ""role"": ""setting""
    }
  ],
  ""scenes"": [
    {
      ""title"": ""Scene 1"",
      ""location"": ""unknown"",
      ""action"": ""ወርኢዎሙ፡ለዝኩ፡ባግዕ፡"",
      ""actorsInvolved"": [""ወርኢዎሙ"", ""ባግዕ""]
    },
    {
      ""title"": ""Scene 2"",
      ""location"": ""unknown"",
      ""action"": ""ዕ፡መ፡ስሕቱ፡ወሖሩ፡"",
      ""actorsInvolved"": []
    },
    {
      ""title"": ""Scene 3"",
      ""location"": ""unknown"",
      ""action"": ""ብዙኅ፡ፍናዋት፡ወኀደጉ፡ዝ—፡"",
      ""actorsInvolved"": [""ወኀደጉ""]
    },
    {
      ""title"": ""Scene 4"",
      ""location"": ""ቤተ፡ዚሆሙ"",
      ""action"": ""ቤተ፡ዚሆሙ፨ወእግዚኦሙ፡"",
      ""actorsInvolved"": [""ወእግዚኦሙ""]
    },
    {
      ""title"": ""Scene 5"",
      ""location"": ""unknown"",
      ""action"": ""ለባግዕ፡ወጸውዐ፡"",
      ""actorsInvolved"": [""ባግዕ""]
    },
    {
      ""title"": ""Scene 6"",
      ""location"": ""unknown"",
      ""action"": ""እምውስቴቶሙ፡ለባግዕ፡"",
      ""actorsInvolved"": [""ባግዕ""]
    },
    {
      ""title"": ""Scene 7"",
      ""location"": ""unknown"",
      ""action"": ""ወለሙ፡ኀ፡ባግዕ፡ወባግዕ፡"",
      ""actorsInvolved"": [""ወለሙ"", ""ባግዕ""]
    },
    {
      ""title"": ""Scene 8"",
      ""location"": ""unknown"",
      ""action"": ""ኀዙ፡ይትቃተልዎሙ፨"",
      ""actorsInvolved"": [""ኀዙ""]
    }
  ],
  ""blocking"": {
    ""anchors"": [
      {
        ""id"": ""A1"",
        ""description"": ""Bet Zihomu""
      }
    ],
    ""paths"": []
  }
}
```"
89,segment_052,segment,DONE,C:\Users\sasch\visionexe\stories\template\filmsets\story_089\segment_052\segment.txt,"```json
{
  ""actors"": [],
  ""props"": [],
  ""environments"": [],
  ""scenes"": [
    {
      ""title"": ""Scene 1"",
      ""location"": null,
      ""action"": null,
      ""actorsInvolved"": []
    },
    {
      ""title"": ""Scene 2"",
      ""location"": null,
      ""action"": null,
      ""actorsInvolved"": []
    },
    {
      ""title"": ""Scene 3"",
      ""location"": null,
      ""action"": null,
      ""actorsInvolved"": []
    },
    {
      ""title"": ""Scene 4"",
      ""location"": null,
      ""action"": null,
      ""actorsInvolved"": []
    },
    {
      ""title"": ""Scene 5"",
      ""location"": null,
      ""action"": null,
      ""actorsInvolved"": []
    },
    {
      ""title"": ""Scene 6"",
      ""location"": null,
      ""action"": null,
      ""actorsInvolved"": []
    }
  ],
  ""blocking"": {
    ""anchors"": [],
    ""paths"": []
  }
}
```"
89,segment_053,segment,DONE,C:\Users\sasch\visionexe\stories\template\filmsets\story_089\segment_053\segment.txt,"```json
{
  ""actors"": [],
  ""props"": [],
  ""environments"": [],
  ""scenes"": [],
  ""blocking"": {
    ""anchors"": [],
    ""paths"": []
  }
}
```"
89,segment_054,segment,DONE,C:\Users\sasch\visionexe\stories\template\filmsets\story_089\segment_054\segment.txt,"```json
{
  ""actors"": [],
  ""props"": [],
  ""environments"": [],
  ""scenes"": [
    {""title"": ""Line 1""},
    {""title"": ""Line 2""},
    {""title"": ""Line 3""},
    {""title"": ""Line 4""},
    {""title"": ""Line 5""},
    {""title"": ""Line 6""},
    {""title"": ""Line 7""},
    {""title"": ""Line 8""},
    {""title"": ""Line 9""}
  ],
  ""blocking"": {
    ""anchors"": [],
    ""paths"": []
  }
}
```"
89,segment_055,segment,DONE,C:\Users\sasch\visionexe\stories\template\filmsets\story_089\segment_055\segment.txt,"```json
{
  ""actors"": [],
  ""props"": [],
  ""environments"": [],
  ""scenes"": [],
  ""blocking"": {
    ""anchors"": [],
    ""paths"": []
  }
}
```"
89,segment_056,segment,DONE,C:\Users\sasch\visionexe\stories\template\filmsets\story_089\segment_056\segment.txt,"{""actors"":[],""props"":[],""environments"":[],""scenes"":[],""blocking"":{""anchors"":[],""paths"":[]}}"
89,segment_057,segment,DONE,C:\Users\sasch\visionexe\stories\template\filmsets\story_089\segment_057\segment.txt,"```json
{
  ""actors"": [],
  ""props"": [],
  ""environments"": [],
  ""scenes"": [
    {
      ""title"": ""Chapter 89 Segment 57"",
      ""location"": null,
      ""action"": null,
      ""actorsInvolved"": []
    }
  ],
  ""blocking"": {
    ""anchors"": [],
    ""paths"": []
  }
}
```"
89,segment_058,segment,DONE,C:\Users\sasch\visionexe\stories\template\filmsets\story_089\segment_058\segment.txt,"{""actors"":[],""props"":[],""environments"":[],""scenes"":[],""blocking"":{""anchors"":[],""paths"":[]}}"
89,segment_059,segment,DONE,C:\Users\sasch\visionexe\stories\template\filmsets\story_089\segment_059\segment.txt,"```json
{
  ""actors"": [],
  ""props"": [],
  ""environments"": [],
  ""scenes"": [],
  ""blocking"": {
    ""anchors"": [],
    ""paths"": []
  }
}
```
"
89,segment_060,segment,DONE,C:\Users\sasch\visionexe\stories\template\filmsets\story_089\segment_060\segment.txt,"{
  ""actors"": [],
  ""props"": [],
  ""environments"": [],
  ""scenes"": [],
  ""blocking"": {
    ""anchors"": [],
    ""paths"": []
  }
}"
89,segment_061,segment,DONE,C:\Users\sasch\visionexe\stories\template\filmsets\story_089\segment_061\segment.txt,"```json
{
  ""actors"": [],
  ""props"": [],
  ""environments"": [],
  ""scenes"": [],
  ""blocking"": {
    ""anchors"": [],
    ""paths"": []
  }
}
```"
89,segment_062,segment,DONE,C:\Users\sasch\visionexe\stories\template\filmsets\story_089\segment_062\segment.txt,"```json
{
  ""actors"": [],
  ""props"": [],
  ""environments"": [],
  ""scenes"": [],
  ""blocking"": {
    ""anchors"": [],
    ""paths"": []
  }
}
```"
89,segment_063,segment,DONE,C:\Users\sasch\visionexe\stories\template\filmsets\story_089\segment_063\segment.txt,"{""actors"":[],""props"":[],""environments"":[],""scenes"":[],""blocking"":{""anchors"":[],""paths"":[]}}"
89,segment_064,segment,DONE,C:\Users\sasch\visionexe\stories\template\filmsets\story_089\segment_064\segment.txt,"```json
{
  ""actors"": [
    {
      ""name"": ""ወኢያእምሩ"",
      ""visualTraits"": null,
      ""changes"": null,
      ""role"": ""unknown""
    },
    {
      ""name"": ""ወኢታርእዮሙ"",
      ""visualTraits"": null,
      ""changes"": null,
      ""role"": ""unknown""
    },
    {
      ""name"": ""ወኢትዝልፎሙ"",
      ""visualTraits"": null,
      ""changes"": null,
      ""role"": ""unknown""
    },
    {
      ""name"": ""ሎ፡ሐጕለ፡ኖላውያን"",
      ""visualTraits"": null,
      ""changes"": null,
      ""role"": ""unknown""
    },
    {
      ""name"": ""ለለ፡ሐዱ"",
      ""visualTraits"": null,
      ""changes"": null,
      ""role"": ""unknown""
    },
    {
      ""name"": ""ወዕርግ"",
      ""visualTraits"": null,
      ""changes"": null,
      ""role"": ""unknown""
    },
    {
      ""name"": ""ኀቤየ"",
      ""visualTraits"": null,
      ""changes"": null,
      ""role"": ""unknown""
    }
  ],
  ""props"": [
    {
      ""name"": ""ጸሐፍ"",
      ""visualTraits"": null,
      ""changes"": null,
      ""role"": ""unknown""
    }
  ],
  ""environments"": [],
  ""scenes"": [
    {
      ""title"": ""Chapter 89 Segment 64"",
      ""location"": null,
      ""action"": null,
      ""actorsInvolved"": [
        ""ወኢያእምሩ"",
        ""ወኢታርእዮሙ"",
        ""ወኢትዝልፎሙ"",
        ""ሎ፡ሐጕለ፡ኖላውያን"",
        ""ለለ፡ሐዱ"",
        ""ወዕርግ"",
        ""ኀቤየ""
      ]
    }
  ],
  ""blocking"": {
    ""anchors"": [],
    ""paths"": []
  }
}
```"
89,segment_065,segment,DONE,C:\Users\sasch\visionexe\stories\template\filmsets\story_089\segment_065\segment.txt,"```json
{
  ""actors"": [
    {
      ""name"": ""ወርኢኩ"",
      ""visualTraits"": null,
      ""changes"": null,
      ""role"": null
    },
    {
      ""name"": ""እስ፡ሶ፡እልኩ"",
      ""visualTraits"": null,
      ""changes"": null,
      ""role"": null
    },
    {
      ""name"": ""ኖላዊያን"",
      ""visualTraits"": null,
      ""changes"": null,
      ""role"": null
    },
    {
      ""name"": ""ይርዐዩ"",
      ""visualTraits"": null,
      ""changes"": null,
      ""role"": null
    },
    {
      ""name"": ""ጊዜሁ"",
      ""visualTraits"": null,
      ""changes"": null,
      ""role"": null
    },
    {
      ""name"": ""ወኀዙ"",
      ""visualTraits"": null,
      ""changes"": null,
      ""role"": null
    },
    {
      ""name"": ""ይቅትሉ"",
      ""visualTraits"": null,
      ""changes"": null,
      ""role"": null
    },
    {
      ""name"": ""ወያሐጕሉ"",
      ""visualTraits"": null,
      ""changes"": null,
      ""role"": null
    },
    {
      ""name"": ""ብዙኃነ"",
      ""visualTraits"": null,
      ""changes"": null,
      ""role"": null
    },
    {
      ""name"": ""እምትእዛዞሙ"",
      ""visualTraits"": null,
      ""changes"": null,
      ""role"": null
    },
    {
      ""name"": ""ወኀደጉ"",
      ""visualTraits"": null,
      ""changes"": null,
      ""role"": null
    },
    {
      ""name"": ""ዝኩ"",
      ""visualTraits"": null,
      ""changes"": null,
      ""role"": null
    },
    {
      ""name"": ""ባግዐ"",
      ""visualTraits"": null,
      ""changes"": null,
      ""role"": null
    },
    {
      ""name"": ""ውስተ"",
      ""visualTraits"": null,
      ""changes"": null,
      ""role"": null
    },
    {
      ""name"": ""እደ፡ናብስት"",
      ""visualTraits"": null,
      ""changes"": null,
      ""role"": null
    }
  ],
  ""props"": [],
  ""environments"": [],
  ""scenes"": [
    {
      ""title"": ""Line 1"",
      ""location"": null,
      ""action"": null,
      ""actorsInvolved"": [""ወርኢኩ"", ""እስ፡ሶ፡እልኩ""]
    },
    {
      ""title"": ""Line 2"",
      ""location"": null,
      ""action"": null,
      ""actorsInvolved"": [""ኖላዊያን"", ""ይርዐዩ""]
    },
    {
      ""title"": ""Line 3"",
      ""location"": null,
      ""action"": null,
      ""actorsInvolved"": [""ጊዜሁ"", ""ወኀዙ"", ""ይቅትሉ""]
    },
    {
      ""title"": ""Line 4"",
      ""location"": null,
      ""action"": null,
      ""actorsInvolved"": [""ወያሐጕሉ"", ""ብዙኃነ""]
    },
    {
      ""title"": ""Line 5"",
      ""location"": null,
      ""action"": null,
      ""actorsInvolved"": [""እምትእዛዞሙ"", ""ወኀደጉ"", ""ዝኩ""]
    },
    {
      ""title"": ""Line 6"",
      ""location"": null,
      ""action"": null,
      ""actorsInvolved"": [""ባግዐ"", ""ውስተ"", ""እደ፡ናብስት""]
    }
  ],
  ""blocking"": {
    ""anchors"": [],
    ""paths"": []
  }
}
```"
89,segment_066,segment,DONE,C:\Users\sasch\visionexe\stories\template\filmsets\story_089\segment_066\segment.txt,"```json
{
  ""actors"": [
    {""name"":""ወልዑ"",""visualTraits"":null,""changes"":null,""role"":""character""},
    {""name"":""ወውኅጡ"",""visualTraits"":null,""changes"":null,""role"":""character""},
    {""name"":""መብዝኅቶሙ"",""visualTraits"":null,""changes"":null,""role"":""character""},
    {""name"":""ለዝኩ"",""visualTraits"":null,""changes"":null,""role"":""character""},
    {""name"":""ባግዕ"",""visualTraits"":null,""changes"":null,""role"":""character""},
    {""name"":""ናብስት"",""visualTraits"":null,""changes"":null,""role"":""character""},
    {""name"":""ወንምርት"",""visualTraits"":null,""changes"":null,""role"":""character""},
    {""name"":""ወሐራውያ"",""visualTraits"":null,""changes"":null,""role"":""character""},
    {""name"":""ገዳም"",""visualTraits"":null,""changes"":null,""role"":""character""},
    {""name"":""ልዑ"",""visualTraits"":null,""changes"":null,""role"":""character""},
    {""name"":""ምስሌሆሙ"",""visualTraits"":null,""changes"":null,""role"":""character""},
    {""name"":""ወውዐይዎ"",""visualTraits"":null,""changes"":null,""role"":""character""},
    {""name"":""ማኅፈድ"",""visualTraits"":null,""changes"":null,""role"":""character""},
    {""name"":""ወረይዎ"",""visualTraits"":null,""changes"":null,""role"":""character""}
  ],
  ""props"": [],
  ""environments"": [
    {""name"":""ቤት"",""visualTraits"":""house"",""changes"":null,""role"":""setting""}
  ],
  ""scenes"": [
    {
      ""title"":""Line 1"",
      ""location"":""ቤት"",
      ""action"":""ወልዑ፡ወውኅጡ፡"",
      ""actorsInvolved"":[""ወልዑ"",""ወውኅጡ""]
    },
    {
      ""title"":""Line 2"",
      ""location"":""ቤት"",
      ""action"":""መብዝኅቶሙ፡ለዝኩ፡ባግዕ፡"",
      ""actorsInvolved"":[""መብዝኅቶሙ"",""ለዝኩ"",""ባግዕ""]
    },
    {
      ""title"":""Line 3"",
      ""location"":""ቤት"",
      ""action"":""ናብስት፡ወንምርት፡"",
      ""actorsInvolved"":[""ናብስት"",""ወንምርት""]
    },
    {
      ""title"":""Line 4"",
      ""location"":""ቤት"",
      ""action"":""ወሐራውያ፡ገዳም፡ልዑ፡"",
      ""actorsInvolved"":[""ወሐራውያ"",""ገዳም"",""ልዑ""]
    },
    {
      ""title"":""Line 5"",
      ""location"":""ቤት"",
      ""action"":""ምስሌሆሙ፡ወውዐይዎ፡ለዝኩ፡"",
      ""actorsInvolved"":[""ምስሌሆሙ"",""ወውዐይዎ"",""ለዝኩ""]
    },
    {
      ""title"":""Line 6"",
      ""location"":""ቤት"",
      ""action"":""ማኅፈድ፡ወረይዎ፡ለዝኩ፡"",
      ""actorsInvolved"":[""ማኅፈድ"",""ወረይዎ"",""ለዝኩ""]
    },
    {
      ""title"":""Line 7"",
      ""location"":""ቤት"",
      ""action"":""ቤት፨"",
      ""actorsInvolved"":null
    }
  ],
  ""blocking"": {
    ""anchors"": [
      {""id"":""house"",""description"":""house""}
    ],
    ""paths"": []
  }
}
```"
89,segment_067,segment,DONE,C:\Users\sasch\visionexe\stories\template\filmsets\story_089\segment_067\segment.txt,"```json
{
  ""actors"": [],
  ""props"": [],
  ""environments"": [
    {
      ""name"": ""ቤት"",
      ""visualTraits"": null,
      ""changes"": null,
      ""role"": ""location""
    },
    {
      ""name"": ""ማኅፈድ"",
      ""visualTraits"": null,
      ""changes"": null,
      ""role"": ""location""
    }
  ],
  ""scenes"": [
    {
      ""title"": ""Chapter 89 Segment 67"",
      ""location"": ""ቤት"",
      ""action"": null,
      ""actorsInvolved"": []
    }
  ],
  ""blocking"": {
    ""anchors"": [],
    ""paths"": []
  }
}
```"
89,segment_068,segment,DONE,C:\Users\sasch\visionexe\stories\template\filmsets\story_089\segment_068\segment.txt,"```json
{
  ""actors"": [],
  ""props"": [],
  ""environments"": [],
  ""scenes"": [],
  ""blocking"": {
    ""anchors"": [],
    ""paths"": []
  }
}
```"
89,segment_069,segment,DONE,C:\Users\sasch\visionexe\stories\template\filmsets\story_089\segment_069\segment.txt,"```json
{
  ""actors"": [
    {""name"": ""ወፈድፋደ"", ""visualTraits"": null, ""changes"": null, ""role"": null},
    {""name"": ""እምርዓቶሙ"", ""visualTraits"": null, ""changes"": null, ""role"": null},
    {""name"": ""ሐዱ"", ""visualTraits"": null, ""changes"": null, ""role"": null},
    {""name"": ""ወያሐጕል"", ""visualTraits"": null, ""changes"": null, ""role"": null},
    {""name"": ""ወነ"", ""visualTraits"": null, ""changes"": null, ""role"": null},
    {""name"": ""ኀዝኩ"", ""visualTraits"": null, ""changes"": null, ""role"": null},
    {""name"": ""እብ"", ""visualTraits"": null, ""changes"": null, ""role"": null},
    {""name"": ""ወወዩ"", ""visualTraits"": null, ""changes"": null, ""role"": null},
    {""name"": ""እንተ"", ""visualTraits"": null, ""changes"": null, ""role"": null},
    {""name"": ""ዝኩ"", ""visualTraits"": null, ""changes"": null, ""role"": null},
    {""name"": ""ባግዕ"", ""visualTraits"": null, ""changes"": null, ""role"": null}
  ],
  ""props"": [],
  ""environments"": [],
  ""scenes"": [
    {
      ""title"": ""Chapter 89 Segment 69"",
      ""location"": null,
      ""action"": null,
      ""actorsInvolved"": [
        ""ወፈድፋደ"",
        ""እምርዓቶሙ"",
        ""ሐዱ"",
        ""ወያሐጕል"",
        ""ወነ"",
        ""ኀዝኩ"",
        ""እብ"",
        ""ወወዩ"",
        ""እንተ"",
        ""ዝኩ"",
        ""ባግዕ""
      ]
    }
  ],
  ""blocking"": {
    ""anchors"": [],
    ""paths"": []
  }
}
```"
89,segment_070,segment,DONE,C:\Users\sasch\visionexe\stories\template\filmsets\story_089\segment_070\segment.txt,"```json
{
  ""actors"": [],
  ""props"": [],
  ""environments"": [],
  ""scenes"": [
    {
      ""title"": ""Verse 1"",
      ""location"": null,
      ""action"": null,
      ""actorsInvolved"": []
    },
    {
      ""title"": ""Verse 2"",
      ""location"": null,
      ""action"": null,
      ""actorsInvolved"": []
    },
    {
      ""title"": ""Verse 3"",
      ""location"": null,
      ""action"": null,
      ""actorsInvolved"": []
    },
    {
      ""title"": ""Verse 4"",
      ""location"": null,
      ""action"": null,
      ""actorsInvolved"": []
    },
    {
      ""title"": ""Verse 5"",
      ""location"": null,
      ""action"": null,
      ""actorsInvolved"": []
    },
    {
      ""title"": ""Verse 6"",
      ""location"": null,
      ""action"": null,
      ""actorsInvolved"": []
    },
    {
      ""title"": ""Verse 7"",
      ""location"": null,
      ""action"": null,
      ""actorsInvolved"": []
    },
    {
      ""title"": ""Verse 8"",
      ""location"": null,
      ""action"": null,
      ""actorsInvolved"": []
    },
    {
      ""title"": ""Verse 9"",
      ""location"": null,
      ""action"": null,
      ""actorsInvolved"": []
    },
    {
      ""title"": ""Verse 10"",
      ""location"": null,
      ""action"": null,
      ""actorsInvolved"": []
    }
  ],
  ""blocking"": {
    ""anchors"": [],
    ""paths"": []
  }
}
```"
89,segment_071,segment,DONE,C:\Users\sasch\visionexe\stories\template\filmsets\story_089\segment_071\segment.txt,"{
  ""actors"": [],
  ""props"": [],
  ""environments"": [],
  ""scenes"": [],
  ""blocking"": {
    ""anchors"": [],
    ""paths"": []
  }
}"
89,segment_072,segment,DONE,C:\Users\sasch\visionexe\stories\template\filmsets\story_089\segment_072\segment.txt,"{""actors"":[],""props"":[],""environments"":[],""scenes"":[],""blocking"":{""anchors"":[],""paths"":[]}}"
89,segment_073,segment,DONE,C:\Users\sasch\visionexe\stories\template\filmsets\story_089\segment_073\segment.txt,"```json
{
  ""actors"": [],
  ""props"": [],
  ""environments"": [],
  ""scenes"": [],
  ""blocking"": {
    ""anchors"": [],
    ""paths"": []
  }
}
```"
89,segment_074,segment,DONE,C:\Users\sasch\visionexe\stories\template\filmsets\story_089\segment_074\segment.txt,"```json
{
  ""actors"": [
    {
      ""name"": ""ወዲ፡ሉ፡እሉ፡ራዊት"",
      ""visualTraits"": null,
      ""changes"": [],
      ""role"": null
    },
    {
      ""name"": ""ጽሉለን፡ዕይንቲሆሙ"",
      ""visualTraits"": null,
      ""changes"": [],
      ""role"": null
    },
    {
      ""name"": ""ወኢይሬእዩ"",
      ""visualTraits"": null,
      ""changes"": [],
      ""role"": null
    },
    {
      ""name"": ""ወኖሎቶሙሂ"",
      ""visualTraits"": null,
      ""changes"": [],
      ""role"": null
    },
    {
      ""name"": ""ማሁ፡ወይሜጥውዎሙ"",
      ""visualTraits"": null,
      ""changes"": [],
      ""role"": null
    },
    {
      ""name"": ""ለኖሎቶሙሂ"",
      ""visualTraits"": null,
      ""changes"": [],
      ""role"": null
    },
    {
      ""name"": ""ለኀጕል፡ፈድፈደ"",
      ""visualTraits"": null,
      ""changes"": [],
      ""role"": null
    },
    {
      ""name"": ""ወእገሪሆሙ፡ድዎሙ"",
      ""visualTraits"": null,
      ""changes"": [],
      ""role"": null
    },
    {
      ""name"": ""ለግዕ፡ወልዕዎሙ"",
      ""visualTraits"": null,
      ""changes"": [],
      ""role"": null
    }
  ],
  ""props"": [],
  ""environments"": [],
  ""scenes"": [],
  ""blocking"": {
    ""anchors"": [],
    ""paths"": []
  }
}
```"
89,segment_075,segment,DONE,C:\Users\sasch\visionexe\stories\template\filmsets\story_089\segment_075\segment.txt,"```json
{
  ""actors"": [],
  ""props"": [],
  ""environments"": [],
  ""scenes"": [],
  ""blocking"": {
    ""anchors"": [],
    ""paths"": []
  }
}
```"
89,segment_076,segment,DONE,C:\Users\sasch\visionexe\stories\template\filmsets\story_089\segment_076\segment.txt,"```json
{
  ""actors"": [],
  ""props"": [],
  ""environments"": [],
  ""scenes"": [],
  ""blocking"": {
    ""anchors"": [],
    ""paths"": []
  }
}
```"
90,segment_001,segment,DONE,C:\Users\sasch\visionexe\stories\template\filmsets\story_090\segment_001\segment.txt,"```json
{
  ""actors"": [],
  ""props"": [],
  ""environments"": [],
  ""scenes"": [],
  ""blocking"": {
    ""anchors"": [],
    ""paths"": []
  }
}
```"
90,segment_002,segment,DONE,C:\Users\sasch\visionexe\stories\template\filmsets\story_090\segment_002\segment.txt,"```json
{
  ""actors"": [],
  ""props"": [],
  ""environments"": [],
  ""scenes"": [],
  ""blocking"": {
    ""anchors"": [],
    ""paths"": []
  }
}
```
"
90,segment_003,segment,DONE,C:\Users\sasch\visionexe\stories\template\filmsets\story_090\segment_003\segment.txt,"```json
{
  ""actors"": [],
  ""props"": [],
  ""environments"": [],
  ""scenes"": [
    {
      ""title"": ""Chapter 90 Segment 3"",
      ""location"": null,
      ""action"": null,
      ""actorsInvolved"": []
    }
  ],
  ""blocking"": {
    ""anchors"": [],
    ""paths"": []
  }
}
```"
90,segment_004,segment,DONE,C:\Users\sasch\visionexe\stories\template\filmsets\story_090\segment_004\segment.txt,"```json
{
  ""actors"": [
    {
      ""name"": ""ባግዕ"",
      ""visualTraits"": null,
      ""changes"": null,
      ""role"": ""character""
    },
    {
      ""name"": ""እምላብ"",
      ""visualTraits"": null,
      ""changes"": null,
      ""role"": ""character""
    },
    {
      ""name"": ""ወእምንስርት"",
      ""visualTraits"": null,
      ""changes"": null,
      ""role"": ""character""
    },
    {
      ""name"": ""ወእምሆባይ"",
      ""visualTraits"": null,
      ""changes"": null,
      ""role"": ""character""
    },
    {
      ""name"": ""ወኢኀደጉ"",
      ""visualTraits"": null,
      ""changes"": null,
      ""role"": ""character""
    },
    {
      ""name"": ""ሎሙ"",
      ""visualTraits"": null,
      ""changes"": null,
      ""role"": ""character""
    },
    {
      ""name"": ""ሥጋ"",
      ""visualTraits"": null,
      ""changes"": null,
      ""role"": ""prop""
    },
    {
      ""name"": ""ግሙራ"",
      ""visualTraits"": null,
      ""changes"": null,
      ""role"": ""prop""
    },
    {
      ""name"": ""ወኢማዕሰ"",
      ""visualTraits"": null,
      ""changes"": null,
      ""role"": ""character""
    },
    {
      ""name"": ""ወኢሥርወ"",
      ""visualTraits"": null,
      ""changes"": null,
      ""role"": ""character""
    },
    {
      ""name"": ""ቆመ"",
      ""visualTraits"": null,
      ""changes"": null,
      ""role"": ""character""
    },
    {
      ""name"": ""ባሕቲቱ"",
      ""visualTraits"": null,
      ""changes"": null,
      ""role"": ""environment""
    },
    {
      ""name"": ""ዕጽምቲሆሙ"",
      ""visualTraits"": null,
      ""changes"": null,
      ""role"": ""environment""
    },
    {
      ""name"": ""ወዕጽምቲሆሙሰ"",
      ""visualTraits"": null,
      ""changes"": null,
      ""role"": ""environment""
    },
    {
      ""name"": ""ወድቁ"",
      ""visualTraits"": null,
      ""changes"": null,
      ""role"": ""action""
    },
    {
      ""name"": ""ውስተ"",
      ""visualTraits"": null,
      ""changes"": null,
      ""role"": ""environment""
    },
    {
      ""name"": ""ምድር"",
      ""visualTraits"": null,
      ""changes"": null,
      ""role"": ""environment""
    },
    {
      ""name"": ""ወንእሱ"",
      ""visualTraits"": null,
      ""changes"": null,
      ""role"": ""character""
    }
  ],
  ""props"": [],
  ""environments"": [
    {
      ""name"": ""ባሕቲቱ"",
      ""visualTraits"": null,
      ""changes"": null,
      ""role"": ""environment""
    },
    {
      ""name"": ""ዕጽምቲሆሙ"",
      ""visualTraits"": null,
      ""changes"": null,
      ""role"": ""environment""
    },
    {
      ""name"": ""ወዕጽምቲሆሙሰ"",
      ""visualTraits"": null,
      ""changes"": null,
      ""role"": ""environment""
    },
    {
      ""name"": ""ውስተ"",
      ""visualTraits"": null,
      ""changes"": null,
      ""role"": ""environment""
    },
    {
      ""name"": ""ምድር"",
      ""visualTraits"": null,
      ""changes"": null,
      ""role"": ""environment""
    }
  ],
  ""scenes"": [
    {
      ""title"": ""Chapter 90 Segment 4"",
      ""location"": ""unknown"",
      ""action"": ""chant"",
      ""actorsInvolved"": [
        ""ባግዕ"",
        ""እምላብ"",
        ""ወእምንስርት"",
        ""ወእምሆባይ"",
        ""ወኢኀደጉ"",
        ""ሎሙ"",
        ""ሥጋ"",
        ""ግሙራ"",
        ""ወኢማዕሰ"",
        ""ወኢሥርወ"",
        ""ቆመ"",
        ""ባሕቲቱ"",
        ""ዕጽምቲሆሙ"",
        ""ወዕጽምቲሆሙሰ"",
        ""ወድቁ"",
        ""ውስተ"",
        ""ምድር"",
        ""ወንእሱ""
      ]
    }
  ],
  ""blocking"": {
    ""anchors"": [],
    ""paths"": []
  }
}
```"
90,segment_005,segment,DONE,C:\Users\sasch\visionexe\stories\template\filmsets\story_090\segment_005\segment.txt,"```json
{
  ""actors"": [],
  ""props"": [],
  ""environments"": [],
  ""scenes"": [],
  ""blocking"": {
    ""anchors"": [],
    ""paths"": []
  }
}
```"
90,segment_006,segment,DONE,C:\Users\sasch\visionexe\stories\template\filmsets\story_090\segment_006\segment.txt,"{
  ""actors"": [],
  ""props"": [],
  ""environments"": [],
  ""scenes"": [],
  ""blocking"": {
    ""anchors"": [],
    ""paths"": []
  }
}"
90,segment_007,segment,DONE,C:\Users\sasch\visionexe\stories\template\filmsets\story_090\segment_007\segment.txt,"```json
{
  ""actors"": [],
  ""props"": [],
  ""environments"": [],
  ""scenes"": [],
  ""blocking"": {
    ""anchors"": [],
    ""paths"": []
  }
}
```"
90,segment_008,segment,DONE,C:\Users\sasch\visionexe\stories\template\filmsets\story_090\segment_008\segment.txt,"```json
{
  ""actors"": [],
  ""props"": [],
  ""environments"": [],
  ""scenes"": [],
  ""blocking"": {
    ""anchors"": [],
    ""paths"": []
  }
}
```"
90,segment_009,segment,DONE,C:\Users\sasch\visionexe\stories\template\filmsets\story_090\segment_009\segment.txt,"```json
{
  ""actors"": [
    {
      ""name"": ""ወርኢኩ"",
      ""visualTraits"": null,
      ""changes"": [],
      ""role"": null
    }
  ],
  ""props"": [],
  ""environments"": [],
  ""scenes"": [],
  ""blocking"": {
    ""anchors"": [],
    ""paths"": []
  }
}
```"
90,segment_010,segment,DONE,C:\Users\sasch\visionexe\stories\template\filmsets\story_090\segment_010\segment.txt,"```json
{
  ""actors"": [
    {""name"":""ወርእየ"",""visualTraits"":null,""changes"":null,""role"":null},
    {""name"":""ዕይንቲሆሙ"",""visualTraits"":null,""changes"":null,""role"":null},
    {""name"":""ቦሙ"",""visualTraits"":null,""changes"":null,""role"":null},
    {""name"":""ወተፈትሑ"",""visualTraits"":null,""changes"":null,""role"":null},
    {""name"":""ወጸር"",""visualTraits"":null,""changes"":null,""role"":null},
    {""name"":""ሎሙ"",""visualTraits"":null,""changes"":null,""role"":null},
    {""name"":""ለባግዕ"",""visualTraits"":null,""changes"":null,""role"":null},
    {""name"":""ወዳቤለት"",""visualTraits"":null,""changes"":null,""role"":null},
    {""name"":""ርእይዎ"",""visualTraits"":null,""changes"":null,""role"":null},
    {""name"":""ወሮጹ"",""visualTraits"":null,""changes"":null,""role"":null},
    {""name"":""ኀቤሁ"",""visualTraits"":null,""changes"":null,""role"":null}
  ],
  ""props"": [],
  ""environments"": [],
  ""scenes"": [],
  ""blocking"": {
    ""anchors"": [],
    ""paths"": []
  }
}
```"
90,segment_011,segment,DONE,C:\Users\sasch\visionexe\stories\template\filmsets\story_090\segment_011\segment.txt,"{""actors"":[],""props"":[],""environments"":[],""scenes"":[],""blocking"":{""anchors"":[],""paths"":[]}}"
90,segment_012,segment,DONE,C:\Users\sasch\visionexe\stories\template\filmsets\story_090\segment_012\segment.txt,"{
  ""actors"": [],
  ""props"": [],
  ""environments"": [],
  ""scenes"": [
    {
      ""title"": ""Chapter 90 Segment 12"",
      ""location"": null,
      ""action"": null,
      ""actorsInvolved"": []
    }
  ],
  ""blocking"": {
    ""anchors"": [],
    ""paths"": []
  }
}"
90,segment_013,segment,DONE,C:\Users\sasch\visionexe\stories\template\filmsets\story_090\segment_013\segment.txt,"```json
{
  ""actors"": [],
  ""props"": [],
  ""environments"": [],
  ""scenes"": [],
  ""blocking"": {
    ""anchors"": [],
    ""paths"": []
  }
}
```"
90,segment_014,segment,DONE,C:\Users\sasch\visionexe\stories\template\filmsets\story_090\segment_014\segment.txt,"```json
{
  ""actors"": [
    {""name"":""ወርኢኩ"",""visualTraits"":null,""changes"":null,""role"":null},
    {""name"":""እስ"",""visualTraits"":null,""changes"":null,""role"":null},
    {""name"":""መጽ"",""visualTraits"":null,""changes"":null,""role"":null},
    {""name"":""ዝኩ"",""visualTraits"":null,""changes"":null,""role"":null},
    {""name"":""ብእሲ"",""visualTraits"":null,""changes"":null,""role"":null},
    {""name"":""ዘጸሐፈ"",""visualTraits"":null,""changes"":null,""role"":null},
    {""name"":""ስማቲሆሙ"",""visualTraits"":null,""changes"":null,""role"":null},
    {""name"":""ለኖሎት"",""visualTraits"":null,""changes"":null,""role"":null},
    {""name"":""ወያዐርግ"",""visualTraits"":null,""changes"":null,""role"":null},
    {""name"":""ቅድሜሁ"",""visualTraits"":null,""changes"":null,""role"":null},
    {""name"":""ለእግዚ"",""visualTraits"":null,""changes"":null,""role"":null},
    {""name"":""ባግዕ፨ወውእቱ"",""visualTraits"":null,""changes"":null,""role"":null},
    {""name"":""ረድኦ"",""visualTraits"":null,""changes"":null,""role"":null},
    {""name"":""ወርዮ"",""visualTraits"":null,""changes"":null,""role"":null},
    {""name"":""ሎ"",""visualTraits"":null,""changes"":null,""role"":null},
    {""name"":""ወረደ"",""visualTraits"":null,""changes"":null,""role"":null},
    {""name"":""ረድኤቱ"",""visualTraits"":null,""changes"":null,""role"":null},
    {""name"":""ለዝኩ"",""visualTraits"":null,""changes"":null,""role"":null},
    {""name"":""ዳቤላ"",""visualTraits"":null,""changes"":null,""role"":null}
  ],
  ""props"": [],
  ""environments"": [],
  ""scenes"": [
    {""title"":""Scene 1"",""location"":null,""action"":null,""actorsInvolved"":[""ወርኢኩ"",""እስ"",""መጽ"",""ዝኩ""]},
    {""title"":""Scene 2"",""location"":null,""action"":null,""actorsInvolved"":[""ብእሲ"",""ዘጸሐፈ"",""ስማቲሆሙ""]},
    {""title"":""Scene 3"",""location"":null,""action"":null,""actorsInvolved"":[""ለኖሎት"",""ወያዐርግ"",""ቅድሜሁ""]},
    {""title"":""Scene 4"",""location"":null,""action"":null,""actorsInvolved"":[""ለእግዚ"",""ባግዕ፨ወውእቱ""]},
    {""title"":""Scene 5"",""location"":null,""action"":null,""actorsInvolved"":[""ረድኦ"",""ወርዮ"",""ሎ"",""ወረደ""]},
    {""title"":""Scene 6"",""location"":null,""action"":null,""actorsInvolved"":[""ረድኤቱ"",""ለዝኩ"",""ዳቤላ""]}
  ],
  ""blocking"": {
    ""anchors"": [],
    ""paths"": []
  }
}
```"
90,segment_015,segment,DONE,C:\Users\sasch\visionexe\stories\template\filmsets\story_090\segment_015\segment.txt,"```json
{
  ""actors"": [
    {
      ""name"": ""ወርኢኩ"",
      ""visualTraits"": null,
      ""changes"": null,
      ""role"": ""unknown""
    },
    {
      ""name"": ""ዲቤሆሙ"",
      ""visualTraits"": null,
      ""changes"": null,
      ""role"": ""unknown""
    },
    {
      ""name"": ""እግዚ"",
      ""visualTraits"": null,
      ""changes"": null,
      ""role"": ""unknown""
    },
    {
      ""name"": ""ሎሙ"",
      ""visualTraits"": null,
      ""changes"": null,
      ""role"": ""unknown""
    }
  ],
  ""props"": [],
  ""environments"": [],
  ""scenes"": [
    {
      ""title"": ""Chapter 90 Segment 15"",
      ""location"": ""unknown"",
      ""action"": ""unknown"",
      ""actorsInvolved"": [
        ""ወርኢኩ"",
        ""ዲቤሆሙ"",
        ""እግዚ"",
        ""ሎሙ""
      ]
    }
  ],
  ""blocking"": {
    ""anchors"": [],
    ""paths"": []
  }
}
```"
90,segment_016,segment,DONE,C:\Users\sasch\visionexe\stories\template\filmsets\story_090\segment_016\segment.txt,"```json
{
  ""actors"": [],
  ""props"": [],
  ""environments"": [],
  ""scenes"": [
    {
      ""title"": ""Beat 1"",
      ""location"": null,
      ""action"": null,
      ""actorsInvolved"": []
    },
    {
      ""title"": ""Beat 2"",
      ""location"": null,
      ""action"": null,
      ""actorsInvolved"": []
    },
    {
      ""title"": ""Beat 3"",
      ""location"": null,
      ""action"": null,
      ""actorsInvolved"": []
    },
    {
      ""title"": ""Beat 4"",
      ""location"": null,
      ""action"": null,
      ""actorsInvolved"": []
    },
    {
      ""title"": ""Beat 5"",
      ""location"": null,
      ""action"": null,
      ""actorsInvolved"": []
    },
    {
      ""title"": ""Beat 6"",
      ""location"": null,
      ""action"": null,
      ""actorsInvolved"": []
    },
    {
      ""title"": ""Beat 7"",
      ""location"": null,
      ""action"": null,
      ""actorsInvolved"": []
    },
    {
      ""title"": ""Beat 8"",
      ""location"": null,
      ""action"": null,
      ""actorsInvolved"": []
    }
  ],
  ""blocking"": {
    ""anchors"": [],
    ""paths"": []
  }
}
```"
90,segment_017,segment,DONE,C:\Users\sasch\visionexe\stories\template\filmsets\story_090\segment_017\segment.txt,"{
  ""actors"": [],
  ""props"": [],
  ""environments"": [],
  ""scenes"": [],
  ""blocking"": {
    ""anchors"": [],
    ""paths"": []
  }
}"
90,segment_018,segment,DONE,C:\Users\sasch\visionexe\stories\template\filmsets\story_090\segment_018\segment.txt,"```json
{
  ""actors"": [
    {
      ""name"": ""እግዚ"",
      ""visualTraits"": {},
      ""changes"": [],
      ""role"": ""deity""
    },
    {
      ""name"": ""ባግዕ"",
      ""visualTraits"": {},
      ""changes"": [],
      ""role"": ""unknown""
    },
    {
      ""name"": ""ወነሥ"",
      ""visualTraits"": {},
      ""changes"": [],
      ""role"": ""unknown""
    },
    {
      ""name"": ""ትረ"",
      ""visualTraits"": {},
      ""changes"": [],
      ""role"": ""unknown""
    },
    {
      ""name"": ""መዐቱ"",
      ""visualTraits"": {},
      ""changes"": [],
      ""role"": ""unknown""
    },
    {
      ""name"": ""ወዘጡ"",
      ""visualTraits"": {},
      ""changes"": [],
      ""role"": ""unknown""
    },
    {
      ""name"": ""ራዊት"",
      ""visualTraits"": {},
      ""changes"": [],
      ""role"": ""unknown""
    },
    {
      ""name"": ""ዲቤሆሙ"",
      ""visualTraits"": {},
      ""changes"": [],
      ""role"": ""unknown""
    }
  ],
  ""props"": [],
  ""environments"": [
    {
      ""name"": ""ምድር"",
      ""visualTraits"": {},
      ""changes"": [],
      ""role"": ""environment""
    },
    {
      ""name"": ""ሰማይ"",
      ""visualTraits"": {},
      ""changes"": [],
      ""role"": ""environment""
    }
  ],
  ""scenes"": [
    {
      ""title"": ""Chapter 90 Segment 18"",
      ""location"": ""unknown"",
      ""action"": ""unknown"",
      ""actorsInvolved"": [
        ""እግዚ"",
        ""ባግዕ"",
        ""ወነሥ"",
        ""ትረ"",
        ""መዐቱ"",
        ""ወዘጡ"",
        ""ራዊት"",
        ""ዲቤሆሙ"",
        ""ምድር"",
        ""ሰማይ""
      ]
    }
  ],
  ""blocking"": {
    ""anchors"": [],
    ""paths"": []
  }
}
```"
90,segment_019,segment,DONE,C:\Users\sasch\visionexe\stories\template\filmsets\story_090\segment_019\segment.txt,"```json
{
  ""actors"": [
    {""name"": ""ወርኢኩ"", ""visualTraits"": null, ""changes"": null, ""role"": ""unknown""},
    {""name"": ""ለግዕ"", ""visualTraits"": null, ""changes"": null, ""role"": ""unknown""},
    {""name"": ""ሰይፍ"", ""visualTraits"": null, ""changes"": null, ""role"": ""unknown""},
    {""name"": ""ዐቢይ"", ""visualTraits"": null, ""changes"": null, ""role"": ""unknown""},
    {""name"": ""ወወጽኡ"", ""visualTraits"": null, ""changes"": null, ""role"": ""unknown""},
    {""name"": ""ግዕት"", ""visualTraits"": null, ""changes"": null, ""role"": ""unknown""},
    {""name"": ""ሉ"", ""visualTraits"": null, ""changes"": null, ""role"": ""unknown""},
    {""name"": ""ራዊተ"", ""visualTraits"": null, ""changes"": null, ""role"": ""unknown""},
    {""name"": ""ገዳም"", ""visualTraits"": null, ""changes"": null, ""role"": ""unknown""},
    {""name"": ""ራዊት"", ""visualTraits"": null, ""changes"": null, ""role"": ""unknown""},
    {""name"": ""ወዕዋፈ"", ""visualTraits"": null, ""changes"": null, ""role"": ""unknown""},
    {""name"": ""ሰማይ"", ""visualTraits"": null, ""changes"": null, ""role"": ""unknown""},
    {""name"": ""እምቅድመ"", ""visualTraits"": null, ""changes"": null, ""role"": ""unknown""},
    {""name"": ""ገጾሙ"", ""visualTraits"": null, ""changes"": null, ""role"": ""unknown""}
  ],
  ""props"": [],
  ""environments"": [],
  ""scenes"": [
    {
      ""title"": ""Chapter 90 Segment 19"",
      ""location"": null,
      ""action"": null,
      ""actorsInvolved"": [
        ""ወርኢኩ"",
        ""ለግዕ"",
        ""ሰይፍ"",
        ""ዐቢይ"",
        ""ወወጽኡ"",
        ""ግዕት"",
        ""ሉ"",
        ""ራዊተ"",
        ""ገዳም"",
        ""ራዊት"",
        ""ወዕዋፈ"",
        ""ሰማይ"",
        ""እምቅድመ"",
        ""ገጾሙ""
      ]
    }
  ],
  ""blocking"": {
    ""anchors"": [],
    ""paths"": []
  }
}
```"
90,segment_020,segment,DONE,C:\Users\sasch\visionexe\stories\template\filmsets\story_090\segment_020\segment.txt,"{
  ""actors"": [],
  ""props"": [],
  ""environments"": [],
  ""scenes"": [],
  ""blocking"": {
    ""anchors"": [],
    ""paths"": []
  }
}"
90,segment_021,segment,DONE,C:\Users\sasch\visionexe\stories\template\filmsets\story_090\segment_021\segment.txt,"```json
{
  ""actors"": [
    {
      ""name"": ""እግዚእ"",
      ""visualTraits"": null,
      ""changes"": null,
      ""role"": ""deity""
    },
    {
      ""name"": ""ሰብእ"",
      ""visualTraits"": null,
      ""changes"": null,
      ""role"": ""speaker""
    },
    {
      ""name"": ""ስብዐቱ"",
      ""visualTraits"": null,
      ""changes"": null,
      ""role"": ""congregation""
    }
  ],
  ""props"": [
    {
      ""name"": ""ፀዓድው"",
      ""visualTraits"": null,
      ""changes"": null,
      ""role"": ""altar""
    }
  ],
  ""environments"": [
    {
      ""name"": ""ቀዳሚያት"",
      ""visualTraits"": null,
      ""changes"": null,
      ""role"": ""front of altar""
    }
  ],
  ""scenes"": [
    {
      ""title"": ""Prayer at the altar"",
      ""location"": ""ፀዓድው"",
      ""action"": [
        ""ወጸውዐ፡እግዚእ፡ለዝኩ፡ሰብእ፡"",
        ""ስብዐቱ፡ፀዓድው፡ቀዳሚያት፡"",
        ""ወዘዘ፡መ፡ያምጽኡ፡ቅድሜሁ፡"",
        ""እምብ፡ቀዳማዊ፡ዘይቀድም፡"",
        ""እምነ፡ዝኩ፡ዋብት፡እለ፡"",
        ""ኀፍረቶሙ፡መ፡ኀፍረተ፡"",
        ""ፍራስ፨፨ወለብ፡"",
        ""ቀዳማዊ፡ዘወድቀ፡ቅድመ፡"",
        ""ወምጽእዎሙ፡ለሎሙ፡"",
        ""ቅድሜሁ፨""
      ],
      ""actorsInvolved"": [
        ""እግዚእ"",
        ""ሰብእ"",
        ""ስብዐቱ""
      ]
    }
  ],
  ""blocking"": {
    ""anchors"": [
      {
        ""id"": ""altar"",
        ""description"": ""the altar (ፀዓድው)""
      },
      {
        ""id"": ""front"",
        ""description"": ""front of the altar (ቀዳሚያት)""
      }
    ],
    ""paths"": [
      {
        ""actor"": ""ሰብእ"",
        ""start_anchor"": ""front"",
        ""end_anchor"": ""altar"",
        ""motion"": ""unknown"",
        ""duration_sec"": null,
        ""notes"": ""no explicit movement indicated""
      }
    ]
  }
}
```"
90,segment_022,segment,DONE,C:\Users\sasch\visionexe\stories\template\filmsets\story_090\segment_022\segment.txt,"```json
{
  ""actors"": [],
  ""props"": [],
  ""environments"": [],
  ""scenes"": [],
  ""blocking"": {
    ""anchors"": [],
    ""paths"": []
  }
}
```"
90,segment_023,segment,DONE,C:\Users\sasch\visionexe\stories\template\filmsets\story_090\segment_023\segment.txt,"{
  ""actors"": [],
  ""props"": [],
  ""environments"": [],
  ""scenes"": [],
  ""blocking"": {
    ""anchors"": [],
    ""paths"": []
  }
}"
90,segment_024,segment,DONE,C:\Users\sasch\visionexe\stories\template\filmsets\story_090\segment_024\segment.txt,"```json
{
  ""actors"": [],
  ""props"": [],
  ""environments"": [],
  ""scenes"": [],
  ""blocking"": {
    ""anchors"": [],
    ""paths"": []
  }
}
```"
90,segment_025,segment,DONE,C:\Users\sasch\visionexe\stories\template\filmsets\story_090\segment_025\segment.txt,"```json
{
  ""actors"": [],
  ""props"": [],
  ""environments"": [],
  ""scenes"": [
    {
      ""title"": ""Verse 1"",
      ""location"": ""unknown"",
      ""action"": ""unknown"",
      ""actorsInvolved"": ""unknown""
    },
    {
      ""title"": ""Verse 2"",
      ""location"": ""unknown"",
      ""action"": ""unknown"",
      ""actorsInvolved"": ""unknown""
    },
    {
      ""title"": ""Verse 3"",
      ""location"": ""unknown"",
      ""action"": ""unknown"",
      ""actorsInvolved"": ""unknown""
    },
    {
      ""title"": ""Verse 4"",
      ""location"": ""unknown"",
      ""action"": ""unknown"",
      ""actorsInvolved"": ""unknown""
    }
  ],
  ""blocking"": {
    ""anchors"": [],
    ""paths"": []
  }
}
```"
90,segment_026,segment,DONE,C:\Users\sasch\visionexe\stories\template\filmsets\story_090\segment_026\segment.txt,"```json
{
  ""actors"": [],
  ""props"": [],
  ""environments"": [
    {
      ""name"": ""ቤት"",
      ""visualTraits"": null,
      ""changes"": null,
      ""role"": ""environment""
    },
    {
      ""name"": ""ማዕምቅ"",
      ""visualTraits"": null,
      ""changes"": null,
      ""role"": ""environment""
    },
    {
      ""name"": ""ምድር"",
      ""visualTraits"": null,
      ""changes"": null,
      ""role"": ""environment""
    },
    {
      ""name"": ""እሳተ"",
      ""visualTraits"": null,
      ""changes"": null,
      ""role"": ""environment""
    },
    {
      ""name"": ""ወዝንቱ"",
      ""visualTraits"": null,
      ""changes"": null,
      ""role"": ""environment""
    }
  ],
  ""scenes"": [
    {
      ""title"": ""Chapter 90 Segment 26"",
      ""location"": null,
      ""action"": null,
      ""actorsInvolved"": []
    }
  ],
  ""blocking"": {
    ""anchors"": [],
    ""paths"": []
  }
}
```"
90,segment_027,segment,DONE,C:\Users\sasch\visionexe\stories\template\filmsets\story_090\segment_027\segment.txt,"```json
{
  ""actors"": [],
  ""props"": [],
  ""environments"": [],
  ""scenes"": [],
  ""blocking"": {
    ""anchors"": [],
    ""paths"": []
  }
}
```"
90,segment_028,segment,DONE,C:\Users\sasch\visionexe\stories\template\filmsets\story_090\segment_028\segment.txt,"```json
{
  ""actors"": [],
  ""props"": [],
  ""environments"": [
    {
      ""name"": ""ቤት"",
      ""visualTraits"": null,
      ""changes"": null,
      ""role"": ""setting""
    },
    {
      ""name"": ""ምድር"",
      ""visualTraits"": null,
      ""changes"": null,
      ""role"": ""setting""
    }
  ],
  ""scenes"": [
    {
      ""title"": ""Chapter 90 Segment 28"",
      ""location"": null,
      ""action"": null,
      ""actorsInvolved"": []
    }
  ],
  ""blocking"": {
    ""anchors"": [
      {
        ""id"": ""anchor1"",
        ""description"": ""ቤት""
      },
      {
        ""id"": ""anchor2"",
        ""description"": ""ምድር""
      }
    ],
    ""paths"": []
  }
}
```"
90,segment_029,segment,DONE,C:\Users\sasch\visionexe\stories\template\filmsets\story_090\segment_029\segment.txt,"```json
{
  ""actors"": [
    {
      ""name"": ""እግዚ"",
      ""visualTraits"": null,
      ""changes"": null,
      ""role"": ""deity""
    }
  ],
  ""props"": [],
  ""environments"": [
    {
      ""name"": ""ቤተ ሐዲሰ"",
      ""visualTraits"": null,
      ""changes"": null,
      ""role"": ""structure""
    }
  ],
  ""scenes"": [],
  ""blocking"": {
    ""anchors"": [],
    ""paths"": []
  }
}
```"
90,segment_030,segment,DONE,C:\Users\sasch\visionexe\stories\template\filmsets\story_090\segment_030\segment.txt,"```json
{
  ""actors"": [],
  ""props"": [],
  ""environments"": [
    {
      ""name"": ""ወርኢዎሙ"",
      ""visualTraits"": null,
      ""changes"": null,
      ""role"": ""environment""
    },
    {
      ""name"": ""ለሎሙ"",
      ""visualTraits"": null,
      ""changes"": null,
      ""role"": ""environment""
    },
    {
      ""name"": ""ባግዕ"",
      ""visualTraits"": null,
      ""changes"": null,
      ""role"": ""environment""
    },
    {
      ""name"": ""ተርፉ"",
      ""visualTraits"": null,
      ""changes"": null,
      ""role"": ""environment""
    },
    {
      ""name"": ""ወሎ"",
      ""visualTraits"": null,
      ""changes"": null,
      ""role"": ""environment""
    },
    {
      ""name"": ""ዕዋፈ"",
      ""visualTraits"": null,
      ""changes"": null,
      ""role"": ""environment""
    },
    {
      ""name"": ""ሰማይ"",
      ""visualTraits"": null,
      ""changes"": null,
      ""role"": ""environment""
    },
    {
      ""name"": ""ለእልኩ"",
      ""visualTraits"": null,
      ""changes"": null,
      ""role"": ""environment""
    },
    {
      ""name"": ""ወያስተቍዕዎሙ"",
      ""visualTraits"": null,
      ""changes"": null,
      ""role"": ""environment""
    },
    {
      ""name"": ""ወይሳምዕዎሙ"",
      ""visualTraits"": null,
      ""changes"": null,
      ""role"": ""environment""
    }
  ],
  ""scenes"": [
    {
      ""title"": ""Chapter 90 Segment 30"",
      ""location"": ""celestial"",
      ""action"": ""chanting about celestial bodies"",
      ""actorsInvolved"": []
    }
  ],
  ""blocking"": {
    ""anchors"": [],
    ""paths"": []
  }
}
```"
90,segment_031,segment,DONE,C:\Users\sasch\visionexe\stories\template\filmsets\story_090\segment_031\segment.txt,"```json
{
  ""actors"": [
    {""name"": ""ዕረጉኒ"", ""visualTraits"": null, ""changes"": null, ""role"": null},
    {""name"": ""ወእዴሁ"", ""visualTraits"": null, ""changes"": null, ""role"": null},
    {""name"": ""ለውእቱ"", ""visualTraits"": null, ""changes"": null, ""role"": null},
    {""name"": ""ዳቤላ"", ""visualTraits"": null, ""changes"": null, ""role"": null},
    {""name"": ""ትእኅዘኒ"", ""visualTraits"": null, ""changes"": null, ""role"": null},
    {""name"": ""ዐርግ"", ""visualTraits"": null, ""changes"": null, ""role"": null},
    {""name"": ""ወንሩኒ"", ""visualTraits"": null, ""changes"": null, ""role"": null},
    {""name"": ""ማእሎሙ"", ""visualTraits"": null, ""changes"": null, ""role"": null},
    {""name"": ""ለዝኩ"", ""visualTraits"": null, ""changes"": null, ""role"": null},
    {""name"": ""ባግዕት"", ""visualTraits"": null, ""changes"": null, ""role"": null},
    {""name"": ""እንለ"", ""visualTraits"": null, ""changes"": null, ""role"": null},
    {""name"": ""ትኩን"", ""visualTraits"": null, ""changes"": null, ""role"": null},
    {""name"": ""ነ፡"", ""visualTraits"": null, ""changes"": null, ""role"": null}
  ],
  ""props"": [],
  ""environments"": [],
  ""scenes"": [
    {
      ""title"": ""Chapter 90 Segment 31"",
      ""location"": null,
      ""action"": ""chanting"",
      ""actorsInvolved"": [
        ""ዕረጉኒ"",
        ""ወእዴሁ"",
        ""ለውእቱ"",
        ""ዳቤላ"",
        ""ትእኅዘኒ"",
        ""ዐርግ"",
        ""ወንሩኒ"",
        ""ማእሎሙ"",
        ""ለዝኩ"",
        ""ባግዕት"",
        ""እንለ"",
        ""ትኩን"",
        ""ነ፡""
      ]
    }
  ],
  ""blocking"": {
    ""anchors"": [],
    ""paths"": []
  }
}
```"
90,segment_032,segment,DONE,C:\Users\sasch\visionexe\stories\template\filmsets\story_090\segment_032\segment.txt,"```json
{
  ""actors"": [],
  ""props"": [],
  ""environments"": [],
  ""scenes"": [],
  ""blocking"": {
    ""anchors"": [],
    ""paths"": []
  }
}
```
"
90,segment_033,segment,DONE,C:\Users\sasch\visionexe\stories\template\filmsets\story_090\segment_033\segment.txt,"```json
{
  ""actors"": [
    {
      ""name"": ""ወእግዚኦሙ"",
      ""visualTraits"": null,
      ""changes"": null,
      ""role"": ""deity""
    }
  ],
  ""props"": [],
  ""environments"": [
    {
      ""name"": ""ቤት"",
      ""visualTraits"": null,
      ""changes"": null,
      ""role"": ""setting""
    },
    {
      ""name"": ""ሰማይ"",
      ""visualTraits"": null,
      ""changes"": null,
      ""role"": ""setting""
    }
  ],
  ""scenes"": [
    {
      ""title"": ""Chant in the House"",
      ""location"": ""ቤት"",
      ""action"": ""A chant praising ወእግዚኦሙ, referencing the sky and the house."",
      ""actorsInvolved"": [""ወእግዚኦሙ""]
    }
  ],
  ""blocking"": {
    ""anchors"": [
      {
        ""id"": ""house_anchor"",
        ""description"": ""inside the house""
      }
    ],
    ""paths"": []
  }
}
```"
90,segment_034,segment,DONE,C:\Users\sasch\visionexe\stories\template\filmsets\story_090\segment_034\segment.txt,"```json
{
  ""actors"": [
    {
      ""name"": ""ወርኢኩ"",
      ""visualTraits"": null,
      ""changes"": null,
      ""role"": ""primary speaker / initiator""
    },
    {
      ""name"": ""ሰይፍ"",
      ""visualTraits"": null,
      ""changes"": null,
      ""role"": ""secondary speaker / holy figure""
    },
    {
      ""name"": ""እግዚእ"",
      ""visualTraits"": null,
      ""changes"": null,
      ""role"": ""deity invoked""
    }
  ],
  ""props"": [
    {
      ""name"": ""ባግዕ"",
      ""visualTraits"": null,
      ""changes"": null,
      ""role"": ""gate""
    },
    {
      ""name"": ""ቤቱ"",
      ""visualTraits"": null,
      ""changes"": null,
      ""role"": ""house""
    },
    {
      ""name"": ""ገጹ"",
      ""visualTraits"": null,
      ""changes"": null,
      ""role"": ""face / visage""
    }
  ],
  ""environments"": [],
  ""scenes"": [
    {
      ""title"": ""Invocation and Movement to Gate and House"",
      ""location"": ""Gate and House"",
      ""action"": ""The chant calls for the speaker to approach the gate, then enter the house, while invoking the holy figure and the deity."",
      ""actorsInvolved"": [""ወርኢኩ"", ""ሰይፍ"", ""እግዚእ""]
    }
  ],
  ""blocking"": {
    ""anchors"": [
      {
        ""id"": ""gate"",
        ""description"": ""the gate (ባግዕ)""
      },
      {
        ""id"": ""house"",
        ""description"": ""the house (ቤቱ)""
      }
    ],
    ""paths"": [
      {
        ""actor"": ""ወርኢኩ"",
        ""start_anchor"": null,
        ""end_anchor"": ""gate"",
        ""motion"": ""walk"",
        ""duration_sec"": null,
        ""notes"": ""implied by the phrase 'ወግብእዎ' (go to the gate)""
      },
      {
        ""actor"": ""ወርኢኩ"",
        ""start_anchor"": ""gate"",
        ""end_anchor"": ""house"",
        ""motion"": ""walk"",
        ""duration_sec"": null,
        ""notes"": ""implied by the phrase 'ቤቱ' (enter the house)""
      }
    ]
  }
}
```"
90,segment_035,segment,DONE,C:\Users\sasch\visionexe\stories\template\filmsets\story_090\segment_035\segment.txt,"{""actors"":[],""props"":[],""environments"":[],""scenes"":[],""blocking"":{""anchors"":[],""paths"":[]}}"
90,segment_036,segment,DONE,C:\Users\sasch\visionexe\stories\template\filmsets\story_090\segment_036\segment.txt,"```json
{
  ""actors"": [],
  ""props"": [],
  ""environments"": [],
  ""scenes"": [
    {
      ""title"": ""Chapter 90 Segment 36"",
      ""location"": null,
      ""action"": null,
      ""actorsInvolved"": []
    }
  ],
  ""blocking"": {
    ""anchors"": [],
    ""paths"": []
  }
}
```"
90,segment_037,segment,DONE,C:\Users\sasch\visionexe\stories\template\filmsets\story_090\segment_037\segment.txt,"```json
{
  ""actors"": [],
  ""props"": [],
  ""environments"": [],
  ""scenes"": [],
  ""blocking"": {
    ""anchors"": [],
    ""paths"": []
  }
}
```"
90,segment_038,segment,DONE,C:\Users\sasch\visionexe\stories\template\filmsets\story_090\segment_038\segment.txt,"```json
{
  ""actors"": [
    {""name"":""ወርኢኩ"",""visualTraits"":null,""changes"":null,""role"":""unknown""},
    {""name"":""ዝማዲሆሙ"",""visualTraits"":null,""changes"":null,""role"":""unknown""},
    {""name"":""ልህምተ"",""visualTraits"":null,""changes"":null,""role"":""unknown""},
    {""name"":""ጸዓድ"",""visualTraits"":null,""changes"":null,""role"":""unknown""},
    {""name"":""ቀዳማዊ"",""visualTraits"":null,""changes"":null,""role"":""unknown""},
    {""name"":""ማእሎሙ"",""visualTraits"":null,""changes"":null,""role"":""unknown""},
    {""name"":""ወውእቱ"",""visualTraits"":null,""changes"":null,""role"":""unknown""},
    {""name"":""ነገር"",""visualTraits"":null,""changes"":null,""role"":""unknown""},
    {""name"":""ርዌ"",""visualTraits"":null,""changes"":null,""role"":""unknown""},
    {""name"":""ዐቢየ"",""visualTraits"":null,""changes"":null,""role"":""unknown""},
    {""name"":""ወርእሱ"",""visualTraits"":null,""changes"":null,""role"":""unknown""},
    {""name"":""ቅርንት"",""visualTraits"":null,""changes"":null,""role"":""unknown""},
    {""name"":""ዐቢይት"",""visualTraits"":null,""changes"":null,""role"":""unknown""},
    {""name"":""ጸሊማት"",""visualTraits"":null,""changes"":null,""role"":""unknown""},
    {""name"":""ወእግዚ"",""visualTraits"":null,""changes"":null,""role"":""unknown""},
    {""name"":""ባግዕ"",""visualTraits"":null,""changes"":null,""role"":""unknown""},
    {""name"":""ተፈሥሐ"",""visualTraits"":null,""changes"":null,""role"":""unknown""},
    {""name"":""ዲቤሆሙ"",""visualTraits"":null,""changes"":null,""role"":""unknown""},
    {""name"":""ወዲ"",""visualTraits"":null,""changes"":null,""role"":""unknown""},
    {""name"":""ሎሙ"",""visualTraits"":null,""changes"":null,""role"":""unknown""},
    {""name"":""ልህምት"",""visualTraits"":null,""changes"":null,""role"":""unknown""}
  ],
  ""props"": [],
  ""environments"": [],
  ""scenes"": [],
  ""blocking"": {
    ""anchors"": [],
    ""paths"": []
  }
}
```"
90,segment_039,segment,DONE,C:\Users\sasch\visionexe\stories\template\filmsets\story_090\segment_039\segment.txt,"```json
{
  ""actors"": [],
  ""props"": [],
  ""environments"": [],
  ""scenes"": [],
  ""blocking"": {
    ""anchors"": [],
    ""paths"": []
  }
}
```"
90,segment_040,segment,DONE,C:\Users\sasch\visionexe\stories\template\filmsets\story_090\segment_040\segment.txt,"```json
{
  ""actors"": [
    {
      ""name"": ""Speaker"",
      ""visualTraits"": null,
      ""changes"": null,
      ""role"": ""chanting group""
    },
    {
      ""name"": ""God"",
      ""visualTraits"": null,
      ""changes"": null,
      ""role"": ""deity addressed""
    }
  ],
  ""props"": [],
  ""environments"": [],
  ""scenes"": [
    {
      ""title"": ""Chanting Verse 1"",
      ""location"": ""unknown"",
      ""action"": ""Speaker chants ወዝንቱ፡ውእቱ፡ራእይ፡ዘርኢኩ፡"",
      ""actorsInvolved"": [""Speaker""]
    },
    {
      ""title"": ""Chanting Verse 2"",
      ""location"": ""unknown"",
      ""action"": ""Speaker chants እንዘ፡እሰብ ፤ ወነቃለኩ፡"",
      ""actorsInvolved"": [""Speaker""]
    },
    {
      ""title"": ""Chanting Verse 3"",
      ""location"": ""unknown"",
      ""action"": ""Speaker chants ወባረዎ፡ለእግዚ፡ጽድቅ፡"",
      ""actorsInvolved"": [""Speaker"", ""God""]
    },
    {
      ""title"": ""Chanting Verse 4"",
      ""location"": ""unknown"",
      ""action"": ""Speaker chants ወሎቱ፡ወሀብኩ፡ስብሐተ፡"",
      ""actorsInvolved"": [""Speaker""]
    }
  ],
  ""blocking"": {
    ""anchors"": [],
    ""paths"": []
  }
}
```"
90,segment_041,segment,DONE,C:\Users\sasch\visionexe\stories\template\filmsets\story_090\segment_041\segment.txt,"```json
{
  ""actors"": [],
  ""props"": [],
  ""environments"": [],
  ""scenes"": [],
  ""blocking"": {
    ""anchors"": [],
    ""paths"": []
  }
}
```"
90,segment_042,segment,DONE,C:\Users\sasch\visionexe\stories\template\filmsets\story_090\segment_042\segment.txt,"```json
{
  ""actors"": [],
  ""props"": [],
  ""environments"": [],
  ""scenes"": [],
  ""blocking"": {
    ""anchors"": [],
    ""paths"": []
  }
}
```"
91,segment_001,segment,DONE,C:\Users\sasch\visionexe\stories\template\filmsets\story_091\segment_001\segment.txt,"{""actors"":[],""props"":[],""environments"":[],""scenes"":[],""blocking"":{""anchors"":[],""paths"":[]}}"
91,segment_002,segment,DONE,C:\Users\sasch\visionexe\stories\template\filmsets\story_091\segment_002\segment.txt,"{""actors"":[],""props"":[],""environments"":[],""scenes"":[],""blocking"":{""anchors"":[],""paths"":[]}}"
91,segment_003,segment,DONE,C:\Users\sasch\visionexe\stories\template\filmsets\story_091\segment_003\segment.txt,"```json
{
  ""actors"": [
    {""name"":""ወተናገሮሙ"",""visualTraits"":""unknown"",""changes"":[],""role"":""unknown""},
    {""name"":""ለሎሙ"",""visualTraits"":""unknown"",""changes"":[],""role"":""unknown""},
    {""name"":""ውሉዱ"",""visualTraits"":""unknown"",""changes"":[],""role"":""unknown""},
    {""name"":""ጽድቆ"",""visualTraits"":""unknown"",""changes"":[],""role"":""unknown""},
    {""name"":""ወይቤ"",""visualTraits"":""unknown"",""changes"":[],""role"":""unknown""},
    {""name"":""ስምዑ"",""visualTraits"":""unknown"",""changes"":[],""role"":""unknown""},
    {""name"":""ደቂቀ"",""visualTraits"":""unknown"",""changes"":[],""role"":""unknown""},
    {""name"":""ሄኖ"",""visualTraits"":""unknown"",""changes"":[],""role"":""unknown""},
    {""name"":""ነገረ"",""visualTraits"":""unknown"",""changes"":[],""role"":""unknown""},
    {""name"":""ብሙ"",""visualTraits"":""unknown"",""changes"":[],""role"":""unknown""},
    {""name"":""ወጽምኡ"",""visualTraits"":""unknown"",""changes"":[],""role"":""unknown""},
    {""name"":""ርት"",""visualTraits"":""unknown"",""changes"":[],""role"":""unknown""},
    {""name"":""ቃለ"",""visualTraits"":""unknown"",""changes"":[],""role"":""unknown""},
    {""name"":""ፉየ"",""visualTraits"":""unknown"",""changes"":[],""role"":""unknown""},
    {""name"":""እስመ"",""visualTraits"":""unknown"",""changes"":[],""role"":""unknown""},
    {""name"":""ሰምዕ"",""visualTraits"":""unknown"",""changes"":[],""role"":""unknown""},
    {""name"":""ዲቤሙ"",""visualTraits"":""unknown"",""changes"":[],""role"":""unknown""},
    {""name"":""ወእነግረሙ"",""visualTraits"":""unknown"",""changes"":[],""role"":""unknown""},
    {""name"":""ፍቅርዋ"",""visualTraits"":""unknown"",""changes"":[],""role"":""unknown""},
    {""name"":""ለርትዕ"",""visualTraits"":""unknown"",""changes"":[],""role"":""unknown""},
    {""name"":""ወባቲ"",""visualTraits"":""unknown"",""changes"":[],""role"":""unknown""},
    {""name"":""ሑሩ"",""visualTraits"":""unknown"",""changes"":[],""role"":""unknown""}
  ],
  ""props"": [],
  ""environments"": [],
  ""scenes"": [],
  ""blocking"": {
    ""anchors"": [],
    ""paths"": []
  }
}
```"
91,segment_004,segment,DONE,C:\Users\sasch\visionexe\stories\template\filmsets\story_091\segment_004\segment.txt,"{
  ""actors"": [],
  ""props"": [],
  ""environments"": [],
  ""scenes"": [],
  ""blocking"": {
    ""anchors"": [],
    ""paths"": []
  }
}"
91,segment_005,segment,DONE,C:\Users\sasch\visionexe\stories\template\filmsets\story_091\segment_005\segment.txt,"```json
{
  ""actors"": [
    {
      ""name"": ""ህላዌ"",
      ""visualTraits"": null,
      ""changes"": null,
      ""role"": ""character""
    },
    {
      ""name"": ""ግፍዕ"",
      ""visualTraits"": null,
      ""changes"": null,
      ""role"": ""character""
    },
    {
      ""name"": ""ዐቢይ"",
      ""visualTraits"": null,
      ""changes"": null,
      ""role"": ""character""
    },
    {
      ""name"": ""ትትገዘም"",
      ""visualTraits"": null,
      ""changes"": null,
      ""role"": ""character""
    },
    {
      ""name"": ""ምር"",
      ""visualTraits"": null,
      ""changes"": null,
      ""role"": ""character""
    },
    {
      ""name"": ""እስመ"",
      ""visualTraits"": null,
      ""changes"": null,
      ""role"": ""character""
    },
    {
      ""name"": ""የኀልፍ"",
      ""visualTraits"": null,
      ""changes"": null,
      ""role"": ""character""
    }
  ],
  ""props"": [
    {
      ""name"": ""ወትትፌጸም"",
      ""visualTraits"": null,
      ""changes"": null,
      ""role"": ""object""
    },
    {
      ""name"": ""መቅሠፍት"",
      ""visualTraits"": null,
      ""changes"": null,
      ""role"": ""object""
    }
  ],
  ""environments"": [
    {
      ""name"": ""ምድር"",
      ""visualTraits"": null,
      ""changes"": null,
      ""role"": ""setting""
    },
    {
      ""name"": ""ሕንጻ"",
      ""visualTraits"": null,
      ""changes"": null,
      ""role"": ""setting""
    }
  ],
  ""scenes"": [
    {
      ""title"": ""Chapter 91 Segment 5"",
      ""location"": ""unknown"",
      ""action"": ""unknown"",
      ""actorsInvolved"": [
        ""ህላዌ"",
        ""ግፍዕ"",
        ""ዐቢይ"",
        ""ትትገዘም"",
        ""ምር"",
        ""እስመ"",
        ""የኀልፍ""
      ]
    }
  ],
  ""blocking"": {
    ""anchors"": [],
    ""paths"": []
  }
}
```"
91,segment_006,segment,DONE,C:\Users\sasch\visionexe\stories\template\filmsets\story_091\segment_006\segment.txt,"```json
{
  ""actors"": [],
  ""props"": [],
  ""environments"": [],
  ""scenes"": [],
  ""blocking"": {
    ""anchors"": [],
    ""paths"": []
  }
}
```"
91,segment_007,segment,DONE,C:\Users\sasch\visionexe\stories\template\filmsets\story_091\segment_007\segment.txt,"```json
{
  ""actors"": [
    {
      ""name"": ""እግዚእ"",
      ""visualTraits"": null,
      ""changes"": null,
      ""role"": ""divine""
    }
  ],
  ""props"": [],
  ""environments"": [
    {
      ""name"": ""ምድር"",
      ""visualTraits"": null,
      ""changes"": null,
      ""role"": ""setting""
    }
  ],
  ""scenes"": [
    {
      ""title"": ""Chant of the Earth"",
      ""location"": ""ምድር"",
      ""action"": null,
      ""actorsInvolved"": [""እግዚእ""]
    }
  ],
  ""blocking"": {
    ""anchors"": [],
    ""paths"": []
  }
}
```"
91,segment_008,segment,DONE,C:\Users\sasch\visionexe\stories\template\filmsets\story_091\segment_008\segment.txt,"```json
{
  ""actors"": [],
  ""props"": [],
  ""environments"": [
    {
      ""name"": ""sky"",
      ""visualTraits"": null,
      ""changes"": null,
      ""role"": ""environment""
    }
  ],
  ""scenes"": [],
  ""blocking"": {
    ""anchors"": [],
    ""paths"": []
  }
}
```"
91,segment_009,segment,DONE,C:\Users\sasch\visionexe\stories\template\filmsets\story_091\segment_009\segment.txt,"```json
{
  ""actors"": [],
  ""props"": [],
  ""environments"": [],
  ""scenes"": [],
  ""blocking"": {
    ""anchors"": [],
    ""paths"": []
  }
}
```"
91,segment_010,segment,DONE,C:\Users\sasch\visionexe\stories\template\filmsets\story_091\segment_010\segment.txt,"```json
{
  ""actors"": [],
  ""props"": [],
  ""environments"": [],
  ""scenes"": [],
  ""blocking"": {
    ""anchors"": [],
    ""paths"": []
  }
}
```"
91,segment_011,segment,DONE,C:\Users\sasch\visionexe\stories\template\filmsets\story_091\segment_011\segment.txt,"```json
{
  ""actors"": [],
  ""props"": [],
  ""environments"": [],
  ""scenes"": [],
  ""blocking"": {
    ""anchors"": [],
    ""paths"": []
  }
}
```
"
91,segment_012,segment,DONE,C:\Users\sasch\visionexe\stories\template\filmsets\story_091\segment_012\segment.txt,"```json
{
  ""actors"": [],
  ""props"": [],
  ""environments"": [],
  ""scenes"": [],
  ""blocking"": {
    ""anchors"": [],
    ""paths"": []
  }
}
```"
91,segment_013,segment,DONE,C:\Users\sasch\visionexe\stories\template\filmsets\story_091\segment_013\segment.txt,"```json
{
  ""actors"": [
    {
      ""name"": ""Creation"",
      ""visualTraits"": null,
      ""changes"": null,
      ""role"": ""subject""
    },
    {
      ""name"": ""King"",
      ""visualTraits"": null,
      ""changes"": null,
      ""role"": ""subject""
    },
    {
      ""name"": ""Abiy"",
      ""visualTraits"": null,
      ""changes"": null,
      ""role"": ""subject""
    }
  ],
  ""props"": [
    {
      ""name"": ""House"",
      ""visualTraits"": null,
      ""changes"": null,
      ""role"": ""structure""
    }
  ],
  ""environments"": [
    {
      ""name"": ""World"",
      ""visualTraits"": null,
      ""changes"": null,
      ""role"": ""setting""
    }
  ],
  ""scenes"": [
    {
      ""title"": ""Chant for King Abiy and the World"",
      ""location"": null,
      ""action"": ""Praise and invocation of Creation, the House, the King, Abiy, and the World"",
      ""actorsInvolved"": [""Creation"", ""King"", ""Abiy""]
    }
  ],
  ""blocking"": {
    ""anchors"": [],
    ""paths"": []
  }
}
```"
91,segment_014,segment,DONE,C:\Users\sasch\visionexe\stories\template\filmsets\story_091\segment_014\segment.txt,"```json
{
  ""actors"": [
    {
      ""name"": ""ወእምድኅረዝ"",
      ""visualTraits"": null,
      ""changes"": null,
      ""role"": ""unknown""
    },
    {
      ""name"": ""ሰንት"",
      ""visualTraits"": null,
      ""changes"": null,
      ""role"": ""unknown""
    },
    {
      ""name"": ""ታስዕ"",
      ""visualTraits"": null,
      ""changes"": null,
      ""role"": ""unknown""
    },
    {
      ""name"": ""ባቲ"",
      ""visualTraits"": null,
      ""changes"": null,
      ""role"": ""unknown""
    },
    {
      ""name"": ""ነ፡ጽድቅ"",
      ""visualTraits"": null,
      ""changes"": null,
      ""role"": ""unknown""
    },
    {
      ""name"": ""ትትሠት"",
      ""visualTraits"": null,
      ""changes"": null,
      ""role"": ""unknown""
    },
    {
      ""name"": ""ለሉ"",
      ""visualTraits"": null,
      ""changes"": null,
      ""role"": ""unknown""
    },
    {
      ""name"": ""ሰብእ"",
      ""visualTraits"": null,
      ""changes"": null,
      ""role"": ""unknown""
    },
    {
      ""name"": ""ርትዕ"",
      ""visualTraits"": null,
      ""changes"": null,
      ""role"": ""unknown""
    },
    {
      ""name"": ""ፍኖተ"",
      ""visualTraits"": null,
      ""changes"": null,
      ""role"": ""unknown""
    }
  ],
  ""props"": [],
  ""environments"": [
    {
      ""name"": ""ዓለም"",
      ""visualTraits"": null,
      ""changes"": null,
      ""role"": ""world""
    },
    {
      ""name"": ""ምድር"",
      ""visualTraits"": null,
      ""changes"": null,
      ""role"": ""earth""
    },
    {
      ""name"": ""ወይጸሐፍ"",
      ""visualTraits"": null,
      ""changes"": null,
      ""role"": ""fire""
    }
  ],
  ""scenes"": [
    {
      ""title"": ""Chapter 91 Segment 14"",
      ""location"": null,
      ""action"": null,
      ""actorsInvolved"": [
        ""ወእምድኅረዝ"",
        ""ሰንት"",
        ""ታስዕ"",
        ""ባቲ"",
        ""ነ፡ጽድቅ"",
        ""ትትሠት"",
        ""ለሉ"",
        ""ሰብእ"",
        ""ርትዕ"",
        ""ፍኖተ""
      ]
    }
  ],
  ""blocking"": {
    ""anchors"": [],
    ""paths"": []
  }
}
```"
91,segment_015,segment,DONE,C:\Users\sasch\visionexe\stories\template\filmsets\story_091\segment_015\segment.txt,"{""actors"":[],""props"":[],""environments"":[],""scenes"":[],""blocking"":{""anchors"":[],""paths"":[]}}"
91,segment_016,segment,DONE,C:\Users\sasch\visionexe\stories\template\filmsets\story_091\segment_016\segment.txt,"```json
{
  ""actors"": [],
  ""props"": [],
  ""environments"": [],
  ""scenes"": [],
  ""blocking"": {
    ""anchors"": [],
    ""paths"": []
  }
}
```"
91,segment_017,segment,DONE,C:\Users\sasch\visionexe\stories\template\filmsets\story_091\segment_017\segment.txt,"```json
{
  ""actors"": [],
  ""props"": [],
  ""environments"": [],
  ""scenes"": [],
  ""blocking"": {
    ""anchors"": [],
    ""paths"": []
  }
}
```"
91,segment_018,segment,DONE,C:\Users\sasch\visionexe\stories\template\filmsets\story_091\segment_018\segment.txt,"```json
{
  ""actors"": [],
  ""props"": [],
  ""environments"": [],
  ""scenes"": [],
  ""blocking"": {
    ""anchors"": [],
    ""paths"": []
  }
}
```"
91,segment_019,segment,DONE,C:\Users\sasch\visionexe\stories\template\filmsets\story_091\segment_019\segment.txt,"{
  ""actors"": [],
  ""props"": [],
  ""environments"": [],
  ""scenes"": [],
  ""blocking"": {
    ""anchors"": [],
    ""paths"": []
  }
}"
92,segment_001,segment,DONE,C:\Users\sasch\visionexe\stories\template\filmsets\story_092\segment_001\segment.txt,"{
  ""actors"": [],
  ""props"": [],
  ""environments"": [
    {
      ""name"": ""Earth"",
      ""visualTraits"": null,
      ""changes"": null,
      ""role"": ""setting""
    }
  ],
  ""scenes"": [],
  ""blocking"": {
    ""anchors"": [],
    ""paths"": []
  }
}"
92,segment_002,segment,DONE,C:\Users\sasch\visionexe\stories\template\filmsets\story_092\segment_002\segment.txt,"```json
{
  ""actors"": [
    {
      ""name"": ""ኢትሕዘን"",
      ""visualTraits"": null,
      ""changes"": null,
      ""role"": ""unknown""
    },
    {
      ""name"": ""መንፈስሙ"",
      ""visualTraits"": null,
      ""changes"": null,
      ""role"": ""unknown""
    },
    {
      ""name"": ""ዝማን"",
      ""visualTraits"": null,
      ""changes"": null,
      ""role"": ""unknown""
    },
    {
      ""name"": ""እስመ"",
      ""visualTraits"": null,
      ""changes"": null,
      ""role"": ""unknown""
    },
    {
      ""name"": ""መዋዕለ"",
      ""visualTraits"": null,
      ""changes"": null,
      ""role"": ""unknown""
    },
    {
      ""name"": ""ወሀ"",
      ""visualTraits"": null,
      ""changes"": null,
      ""role"": ""unknown""
    },
    {
      ""name"": ""ቅዱስ"",
      ""visualTraits"": null,
      ""changes"": null,
      ""role"": ""unknown""
    },
    {
      ""name"": ""ዐቢይ"",
      ""visualTraits"": null,
      ""changes"": null,
      ""role"": ""unknown""
    },
    {
      ""name"": ""ለሉ"",
      ""visualTraits"": null,
      ""changes"": null,
      ""role"": ""unknown""
    }
  ],
  ""props"": [],
  ""environments"": [],
  ""scenes"": [
    {
      ""title"": ""Chapter 92 Segment 2"",
      ""location"": null,
      ""action"": ""chant or prayer"",
      ""actorsInvolved"": [
        ""ኢትሕዘን"",
        ""መንፈስሙ"",
        ""ዝማን"",
        ""እስመ"",
        ""መዋዕለ"",
        ""ወሀ"",
        ""ቅዱስ"",
        ""ዐቢይ"",
        ""ለሉ""
      ]
    }
  ],
  ""blocking"": {
    ""anchors"": [],
    ""paths"": []
  }
}
```"
92,segment_003,segment,DONE,C:\Users\sasch\visionexe\stories\template\filmsets\story_092\segment_003\segment.txt,"{
  ""actors"": [],
  ""props"": [],
  ""environments"": [],
  ""scenes"": [
    {
      ""title"": ""ወይትነሣእ፡ጻድቅ፡እምንዋም፡"",
      ""location"": null,
      ""action"": null,
      ""actorsInvolved"": []
    },
    {
      ""title"": ""ይትነሣእ፡ወየኀልፍ፡ፍኖዋተ፡"",
      ""location"": null,
      ""action"": null,
      ""actorsInvolved"": []
    },
    {
      ""title"": ""ጽድቅ፨ወሉ፡ፍኖቱ፡"",
      ""location"": null,
      ""action"": null,
      ""actorsInvolved"": []
    },
    {
      ""title"": ""ወምሕዋሪሁ፡ዘባኂሩት፡"",
      ""location"": null,
      ""action"": null,
      ""actorsInvolved"": []
    },
    {
      ""title"": ""ወሣህል፡ዘለዓለም፨"",
      ""location"": null,
      ""action"": null,
      ""actorsInvolved"": []
    }
  ],
  ""blocking"": {
    ""anchors"": [],
    ""paths"": []
  }
}"
92,segment_004,segment,DONE,C:\Users\sasch\visionexe\stories\template\filmsets\story_092\segment_004\segment.txt,"```json
{
  ""actors"": [],
  ""props"": [],
  ""environments"": [],
  ""scenes"": [],
  ""blocking"": {
    ""anchors"": [],
    ""paths"": []
  }
}
```"
92,segment_005,segment,DONE,C:\Users\sasch\visionexe\stories\template\filmsets\story_092\segment_005\segment.txt,"```json
{
  ""actors"": [],
  ""props"": [],
  ""environments"": [],
  ""scenes"": [],
  ""blocking"": {
    ""anchors"": [],
    ""paths"": []
  }
}
```
"
93,segment_001,segment,DONE,C:\Users\sasch\visionexe\stories\template\filmsets\story_093\segment_001\segment.txt,"```json
{
  ""actors"": [],
  ""props"": [],
  ""environments"": [],
  ""scenes"": [
    {
      ""title"": ""Beat 1"",
      ""location"": null,
      ""action"": ""ወእምድንረዝ፡ወሀኒ፡ሄኖ፡"",
      ""actorsInvolved"": null
    },
    {
      ""title"": ""Beat 2"",
      ""location"": null,
      ""action"": ""ይትናገር፡እመጸሕፍት፨"",
      ""actorsInvolved"": null
    }
  ],
  ""blocking"": {
    ""anchors"": [],
    ""paths"": []
  }
}
```"
93,segment_002,segment,DONE,C:\Users\sasch\visionexe\stories\template\filmsets\story_093\segment_002\segment.txt,"```json
{
  ""actors"": [
    {
      ""name"": ""መላእት"",
      ""visualTraits"": null,
      ""changes"": null,
      ""role"": ""Actor""
    },
    {
      ""name"": ""ቅዱሰን"",
      ""visualTraits"": null,
      ""changes"": null,
      ""role"": ""Actor""
    }
  ],
  ""props"": [],
  ""environments"": [
    {
      ""name"": ""ሰማይ"",
      ""visualTraits"": null,
      ""changes"": null,
      ""role"": ""Environment""
    },
    {
      ""name"": ""ለዓለም"",
      ""visualTraits"": null,
      ""changes"": null,
      ""role"": ""Environment""
    }
  ],
  ""scenes"": [],
  ""blocking"": {
    ""anchors"": [],
    ""paths"": []
  }
}
```"
93,segment_003,segment,DONE,C:\Users\sasch\visionexe\stories\template\filmsets\story_093\segment_003\segment.txt,"{
  ""actors"": [],
  ""props"": [],
  ""environments"": [],
  ""scenes"": [
    {
      ""title"": ""Chapter 93 Segment 3"",
      ""location"": null,
      ""action"": null,
      ""actorsInvolved"": []
    }
  ],
  ""blocking"": {
    ""anchors"": [],
    ""paths"": []
  }
}"
93,segment_004,segment,DONE,C:\Users\sasch\visionexe\stories\template\filmsets\story_093\segment_004\segment.txt,"{""actors"":[],""props"":[],""environments"":[],""scenes"":[],""blocking"":{""anchors"":[],""paths"":[]}}"
93,segment_005,segment,DONE,C:\Users\sasch\visionexe\stories\template\filmsets\story_093\segment_005\segment.txt,"```json
{
  ""actors"": [],
  ""props"": [],
  ""environments"": [],
  ""scenes"": [],
  ""blocking"": {
    ""anchors"": [],
    ""paths"": []
  }
}
```"
93,segment_006,segment,DONE,C:\Users\sasch\visionexe\stories\template\filmsets\story_093\segment_006\segment.txt,"{""actors"":[],""props"":[],""environments"":[],""scenes"":[],""blocking"":{""anchors"":[],""paths"":[]}}"
93,segment_007,segment,DONE,C:\Users\sasch\visionexe\stories\template\filmsets\story_093\segment_007\segment.txt,"```json
{
  ""actors"": [],
  ""props"": [],
  ""environments"": [
    {
      ""name"": ""ቤተ ስብሐት"",
      ""visualTraits"": null,
      ""changes"": null,
      ""role"": ""environment""
    },
    {
      ""name"": ""ወመንግሥት"",
      ""visualTraits"": null,
      ""changes"": null,
      ""role"": ""environment""
    }
  ],
  ""scenes"": [
    {
      ""title"": ""Creation of House of Assembly"",
      ""location"": ""ቤተ ስብሐት"",
      ""action"": ""was created"",
      ""actorsInvolved"": []
    }
  ],
  ""blocking"": {
    ""anchors"": [],
    ""paths"": []
  }
}
```"
93,segment_008,segment,DONE,C:\Users\sasch\visionexe\stories\template\filmsets\story_093\segment_008\segment.txt,"```json
{
  ""actors"": [],
  ""props"": [],
  ""environments"": [],
  ""scenes"": [],
  ""blocking"": {
    ""anchors"": [],
    ""paths"": []
  }
}
```"
93,segment_009,segment,DONE,C:\Users\sasch\visionexe\stories\template\filmsets\story_093\segment_009\segment.txt,"```json
{
  ""actors"": [],
  ""props"": [],
  ""environments"": [],
  ""scenes"": [
    {
      ""title"": ""Line 1"",
      ""location"": null,
      ""action"": null,
      ""actorsInvolved"": []
    },
    {
      ""title"": ""Line 2"",
      ""location"": null,
      ""action"": null,
      ""actorsInvolved"": []
    },
    {
      ""title"": ""Line 3"",
      ""location"": null,
      ""action"": null,
      ""actorsInvolved"": []
    },
    {
      ""title"": ""Line 4"",
      ""location"": null,
      ""action"": null,
      ""actorsInvolved"": []
    }
  ],
  ""blocking"": {
    ""anchors"": [],
    ""paths"": []
  }
}
```"
93,segment_010,segment,DONE,C:\Users\sasch\visionexe\stories\template\filmsets\story_093\segment_010\segment.txt,"```json
{
  ""actors"": [],
  ""props"": [],
  ""environments"": [],
  ""scenes"": [],
  ""blocking"": {
    ""anchors"": [],
    ""paths"": []
  }
}
```
"
93,segment_011,segment,DONE,C:\Users\sasch\visionexe\stories\template\filmsets\story_093\segment_011\segment.txt,"```json
{
  ""actors"": [],
  ""props"": [],
  ""environments"": [
    {
      ""name"": ""ሰማይ"",
      ""visualTraits"": null,
      ""changes"": null,
      ""role"": ""sky""
    }
  ],
  ""scenes"": [
    {
      ""title"": ""Chapter 93 Segment 11"",
      ""location"": ""ሰማይ"",
      ""action"": ""chanting"",
      ""actorsInvolved"": []
    }
  ],
  ""blocking"": {
    ""anchors"": [],
    ""paths"": []
  }
}
```"
93,segment_012,segment,DONE,C:\Users\sasch\visionexe\stories\template\filmsets\story_093\segment_012\segment.txt,"```json
{
  ""actors"": [],
  ""props"": [],
  ""environments"": [],
  ""scenes"": [],
  ""blocking"": {
    ""anchors"": [],
    ""paths"": []
  }
}
```"
93,segment_013,segment,DONE,C:\Users\sasch\visionexe\stories\template\filmsets\story_093\segment_013\segment.txt,"```json
{
  ""actors"": [],
  ""props"": [],
  ""environments"": [
    {
      ""name"": ""earth"",
      ""visualTraits"": null,
      ""changes"": null,
      ""role"": ""natural element""
    },
    {
      ""name"": ""water"",
      ""visualTraits"": null,
      ""changes"": null,
      ""role"": ""natural element""
    },
    {
      ""name"": ""sky"",
      ""visualTraits"": null,
      ""changes"": null,
      ""role"": ""natural element""
    },
    {
      ""name"": ""sun"",
      ""visualTraits"": null,
      ""changes"": null,
      ""role"": ""natural element""
    }
  ],
  ""scenes"": [
    {
      ""title"": ""Chapter 93 Segment 13"",
      ""location"": ""unknown"",
      ""action"": ""chanting"",
      ""actorsInvolved"": null
    }
  ],
  ""blocking"": {
    ""anchors"": [],
    ""paths"": []
  }
}
```"
93,segment_014,segment,DONE,C:\Users\sasch\visionexe\stories\template\filmsets\story_093\segment_014\segment.txt,"```json
{
  ""actors"": [],
  ""props"": [
    {
      ""name"": ""ሎሙ"",
      ""visualTraits"": null,
      ""changes"": null,
      ""role"": ""prop""
    },
    {
      ""name"": ""ጸንዐት"",
      ""visualTraits"": null,
      ""changes"": null,
      ""role"": ""prop""
    },
    {
      ""name"": ""ብርሃናት"",
      ""visualTraits"": null,
      ""changes"": null,
      ""role"": ""prop""
    }
  ],
  ""environments"": [
    {
      ""name"": ""ሰማይ"",
      ""visualTraits"": null,
      ""changes"": null,
      ""role"": ""environment""
    },
    {
      ""name"": ""የዐርፉ"",
      ""visualTraits"": null,
      ""changes"": null,
      ""role"": ""environment""
    }
  ],
  ""scenes"": [
    {
      ""title"": ""Chapter 93 Segment 14"",
      ""location"": null,
      ""action"": null,
      ""actorsInvolved"": []
    }
  ],
  ""blocking"": {
    ""anchors"": [],
    ""paths"": []
  }
}
```"
94,segment_001,segment,DONE,C:\Users\sasch\visionexe\stories\template\filmsets\story_094\segment_001\segment.txt,"```json
{
  ""actors"": [],
  ""props"": [],
  ""environments"": [],
  ""scenes"": [],
  ""blocking"": {
    ""anchors"": [],
    ""paths"": []
  }
}
```"
94,segment_002,segment,DONE,C:\Users\sasch\visionexe\stories\template\filmsets\story_094\segment_002\segment.txt,"```json
{
  ""actors"": [],
  ""props"": [],
  ""environments"": [],
  ""scenes"": [],
  ""blocking"": {
    ""anchors"": [],
    ""paths"": []
  }
}
```"
94,segment_003,segment,DONE,C:\Users\sasch\visionexe\stories\template\filmsets\story_094\segment_003\segment.txt,"```json
{
  ""actors"": [],
  ""props"": [],
  ""environments"": [],
  ""scenes"": [],
  ""blocking"": {
    ""anchors"": [],
    ""paths"": []
  }
}
```"
94,segment_004,segment,DONE,C:\Users\sasch\visionexe\stories\template\filmsets\story_094\segment_004\segment.txt,"{""actors"":[],""props"":[],""environments"":[],""scenes"":[],""blocking"":{""anchors"":[],""paths"":[]}}"
94,segment_005,segment,DONE,C:\Users\sasch\visionexe\stories\template\filmsets\story_094\segment_005\segment.txt,"{""actors"":[],""props"":[],""environments"":[],""scenes"":[],""blocking"":{""anchors"":[],""paths"":[]}}"
94,segment_006,segment,DONE,C:\Users\sasch\visionexe\stories\template\filmsets\story_094\segment_006\segment.txt,"```json
{
  ""actors"": [],
  ""props"": [],
  ""environments"": [],
  ""scenes"": [
    {
      ""title"": ""Verse 1"",
      ""location"": null,
      ""action"": null,
      ""actorsInvolved"": []
    },
    {
      ""title"": ""Verse 2"",
      ""location"": null,
      ""action"": null,
      ""actorsInvolved"": []
    },
    {
      ""title"": ""Verse 3"",
      ""location"": null,
      ""action"": null,
      ""actorsInvolved"": []
    },
    {
      ""title"": ""Verse 4"",
      ""location"": null,
      ""action"": null,
      ""actorsInvolved"": []
    }
  ],
  ""blocking"": {
    ""anchors"": [],
    ""paths"": []
  }
}
```"
94,segment_007,segment,DONE,C:\Users\sasch\visionexe\stories\template\filmsets\story_094\segment_007\segment.txt,"```json
{
  ""actors"": [],
  ""props"": [],
  ""environments"": [],
  ""scenes"": [
    {
      ""title"": ""Line 1"",
      ""location"": null,
      ""action"": ""ሌሎሙ፡ለእለ፡የሐንጹ፡"",
      ""actorsInvolved"": []
    },
    {
      ""title"": ""Line 2"",
      ""location"": null,
      ""action"": ""ብያቶሙ፡ኀጢት፡እስመ፡"",
      ""actorsInvolved"": []
    },
    {
      ""title"": ""Line 3"",
      ""location"": null,
      ""action"": ""እምሉ፡መሠረቶሙ፡ይትነሠቱ፡"",
      ""actorsInvolved"": []
    },
    {
      ""title"": ""Line 4"",
      ""location"": null,
      ""action"": ""ወሰይፍ፡ይወድቁ፡ወእለ፡"",
      ""actorsInvolved"": []
    },
    {
      ""title"": ""Line 5"",
      ""location"": null,
      ""action"": ""ያጠርይዎ፡ለወርቅ፡ወለብሩር፡"",
      ""actorsInvolved"": []
    },
    {
      ""title"": ""Line 6"",
      ""location"": null,
      ""action"": ""ነ፡ፍጡነ፡ይትሐጐሉ፨"",
      ""actorsInvolved"": []
    }
  ],
  ""blocking"": {
    ""anchors"": [],
    ""paths"": []
  }
}
```"
94,segment_008,segment,DONE,C:\Users\sasch\visionexe\stories\template\filmsets\story_094\segment_008\segment.txt,"{
  ""actors"": [],
  ""props"": [],
  ""environments"": [],
  ""scenes"": [],
  ""blocking"": {
    ""anchors"": [],
    ""paths"": []
  }
}"
94,segment_009,segment,DONE,C:\Users\sasch\visionexe\stories\template\filmsets\story_094\segment_009\segment.txt,"```json
{
  ""actors"": [],
  ""props"": [],
  ""environments"": [],
  ""scenes"": [],
  ""blocking"": {
    ""anchors"": [],
    ""paths"": []
  }
}
```"
94,segment_010,segment,DONE,C:\Users\sasch\visionexe\stories\template\filmsets\story_094\segment_010\segment.txt,"{
  ""actors"": [],
  ""props"": [],
  ""environments"": [],
  ""scenes"": [],
  ""blocking"": {
    ""anchors"": [],
    ""paths"": []
  }
}"
94,segment_011,segment,DONE,C:\Users\sasch\visionexe\stories\template\filmsets\story_094\segment_011\segment.txt,"```json
{
  ""actors"": [
    {""name"":""ወጻድቃነ"",""visualTraits"":null,""changes"":null,""role"":null},
    {""name"":""ዚሙ"",""visualTraits"":null,""changes"":null,""role"":null},
    {""name"":""ይውኑ"",""visualTraits"":null,""changes"":null,""role"":null},
    {""name"":""እማንቱ"",""visualTraits"":null,""changes"":null,""role"":null},
    {""name"":""መዋዕል"",""visualTraits"":null,""changes"":null,""role"":null},
    {""name"":""ጽዕለተ"",""visualTraits"":null,""changes"":null,""role"":null},
    {""name"":""ለኃጥን"",""visualTraits"":null,""changes"":null,""role"":null},
    {""name"":""ወለረረሲዓን"",""visualTraits"":null,""changes"":null,""role"":null}
  ],
  ""props"": [],
  ""environments"": [],
  ""scenes"": [
    {
      ""title"":""Segment 11"",
      ""location"":null,
      ""action"":null,
      ""actorsInvolved"":[""ወጻድቃነ"",""ዚሙ"",""ይውኑ"",""እማንቱ"",""መዋዕል"",""ጽዕለተ"",""ለኃጥን"",""ወለረረሲዓን""]
    }
  ],
  ""blocking"": {
    ""anchors"": [],
    ""paths"": []
  }
}
```"
95,segment_001,segment,DONE,C:\Users\sasch\visionexe\stories\template\filmsets\story_095\segment_001\segment.txt,"```json
{
  ""actors"": [],
  ""props"": [],
  ""environments"": [],
  ""scenes"": [],
  ""blocking"": {
    ""anchors"": [],
    ""paths"": []
  }
}
```
"
95,segment_002,segment,DONE,C:\Users\sasch\visionexe\stories\template\filmsets\story_095\segment_002\segment.txt,"{
  ""actors"": [],
  ""props"": [],
  ""environments"": [],
  ""scenes"": [],
  ""blocking"": {
    ""anchors"": [],
    ""paths"": []
  }
}"
95,segment_003,segment,DONE,C:\Users\sasch\visionexe\stories\template\filmsets\story_095\segment_003\segment.txt,"```json
{
  ""actors"": [
    {
      ""name"": ""ኢትፍርሁ"",
      ""visualTraits"": null,
      ""changes"": [],
      ""role"": null
    },
    {
      ""name"": ""ጻድቃን"",
      ""visualTraits"": null,
      ""changes"": [],
      ""role"": null
    },
    {
      ""name"": ""እምኃጥን"",
      ""visualTraits"": null,
      ""changes"": [],
      ""role"": null
    },
    {
      ""name"": ""እስመ፡ዕ፡ያገብኦሙ"",
      ""visualTraits"": null,
      ""changes"": [],
      ""role"": null
    },
    {
      ""name"": ""እግዚብሔር"",
      ""visualTraits"": null,
      ""changes"": [],
      ""role"": null
    }
  ],
  ""props"": [],
  ""environments"": [],
  ""scenes"": [],
  ""blocking"": {
    ""anchors"": [],
    ""paths"": []
  }
}
```"
95,segment_004,segment,DONE,C:\Users\sasch\visionexe\stories\template\filmsets\story_095\segment_004\segment.txt,"```json
{
  ""actors"": [],
  ""props"": [],
  ""environments"": [],
  ""scenes"": [],
  ""blocking"": {
    ""anchors"": [],
    ""paths"": []
  }
}
```"
95,segment_005,segment,DONE,C:\Users\sasch\visionexe\stories\template\filmsets\story_095\segment_005\segment.txt,"{
  ""actors"": [],
  ""props"": [],
  ""environments"": [],
  ""scenes"": [],
  ""blocking"": {
    ""anchors"": [],
    ""paths"": []
  }
}"
95,segment_006,segment,DONE,C:\Users\sasch\visionexe\stories\template\filmsets\story_095\segment_006\segment.txt,"```json
{
  ""actors"": [],
  ""props"": [],
  ""environments"": [],
  ""scenes"": [],
  ""blocking"": {
    ""anchors"": [],
    ""paths"": []
  }
}
```"
95,segment_007,segment,DONE,C:\Users\sasch\visionexe\stories\template\filmsets\story_095\segment_007\segment.txt,"```json
{
  ""actors"": [],
  ""props"": [],
  ""environments"": [],
  ""scenes"": [],
  ""blocking"": {
    ""anchors"": [],
    ""paths"": []
  }
}
```"
96,segment_001,segment,DONE,C:\Users\sasch\visionexe\stories\template\filmsets\story_096\segment_001\segment.txt,"```json
{
  ""actors"": [],
  ""props"": [],
  ""environments"": [],
  ""scenes"": [],
  ""blocking"": {
    ""anchors"": [],
    ""paths"": []
  }
}
```"
96,segment_002,segment,DONE,C:\Users\sasch\visionexe\stories\template\filmsets\story_096\segment_002\segment.txt,"```json
{
  ""actors"": [],
  ""props"": [],
  ""environments"": [],
  ""scenes"": [],
  ""blocking"": {
    ""anchors"": [],
    ""paths"": []
  }
}
```"
96,segment_003,segment,DONE,C:\Users\sasch\visionexe\stories\template\filmsets\story_096\segment_003\segment.txt,"```json
{
  ""actors"": [
    {""name"":""ወንትሙሰ"",""visualTraits"":null,""changes"":null,""role"":""unknown""},
    {""name"":""ኢትፍርሁ"",""visualTraits"":null,""changes"":null,""role"":""unknown""},
    {""name"":""እለ"",""visualTraits"":null,""changes"":null,""role"":""unknown""},
    {""name"":""ሐመምሙ"",""visualTraits"":null,""changes"":null,""role"":""unknown""},
    {""name"":""እስመ"",""visualTraits"":null,""changes"":null,""role"":""unknown""},
    {""name"":""ፈውስ"",""visualTraits"":null,""changes"":null,""role"":""unknown""},
    {""name"":""ይውነሙ"",""visualTraits"":null,""changes"":null,""role"":""unknown""},
    {""name"":""ወብርሃን"",""visualTraits"":null,""changes"":null,""role"":""unknown""},
    {""name"":""ብሩህ"",""visualTraits"":null,""changes"":null,""role"":""unknown""},
    {""name"":""ያርህ"",""visualTraits"":null,""changes"":null,""role"":""unknown""},
    {""name"":""ለሙ"",""visualTraits"":null,""changes"":null,""role"":""unknown""},
    {""name"":""ወቃለ"",""visualTraits"":null,""changes"":null,""role"":""unknown""},
    {""name"":""ዕረፍት"",""visualTraits"":null,""changes"":null,""role"":""unknown""},
    {""name"":""ትሰምዑዎ"",""visualTraits"":null,""changes"":null,""role"":""unknown""},
    {""name"":""እምሰማይ"",""visualTraits"":null,""changes"":null,""role"":""unknown""}
  ],
  ""props"": [],
  ""environments"": [],
  ""scenes"": [
    {
      ""title"":""Scene 1"",
      ""location"":""unknown"",
      ""action"":""unknown"",
      ""actorsInvolved"":[""ወንትሙሰ"",""ኢትፍርሁ"",""እለ""]
    },
    {
      ""title"":""Scene 2"",
      ""location"":""unknown"",
      ""action"":""unknown"",
      ""actorsInvolved"":[""ሐመምሙ"",""እስመ"",""ፈውስ""]
    },
    {
      ""title"":""Scene 3"",
      ""location"":""unknown"",
      ""action"":""unknown"",
      ""actorsInvolved"":[""ይውነሙ"",""ወብርሃን"",""ብሩህ""]
    },
    {
      ""title"":""Scene 4"",
      ""location"":""unknown"",
      ""action"":""unknown"",
      ""actorsInvolved"":[""ያርህ"",""ለሙ"",""ወቃለ"",""ዕረፍት""]
    },
    {
      ""title"":""Scene 5"",
      ""location"":""unknown"",
      ""action"":""unknown"",
      ""actorsInvolved"":[""ትሰምዑዎ"",""እምሰማይ""]
    }
  ],
  ""blocking"": {
    ""anchors"": [],
    ""paths"": []
  }
}
```"
96,segment_004,segment,DONE,C:\Users\sasch\visionexe\stories\template\filmsets\story_096\segment_004\segment.txt,"```json
{
  ""actors"": [],
  ""props"": [],
  ""environments"": [],
  ""scenes"": [],
  ""blocking"": {
    ""anchors"": [],
    ""paths"": []
  }
}
```
"
96,segment_005,segment,DONE,C:\Users\sasch\visionexe\stories\template\filmsets\story_096\segment_005\segment.txt,"```json
{
  ""actors"": [],
  ""props"": [],
  ""environments"": [],
  ""scenes"": [],
  ""blocking"": {
    ""anchors"": [],
    ""paths"": []
  }
}
```"
96,segment_006,segment,DONE,C:\Users\sasch\visionexe\stories\template\filmsets\story_096\segment_006\segment.txt,"```json
{
  ""actors"": [],
  ""props"": [],
  ""environments"": [],
  ""scenes"": [],
  ""blocking"": {
    ""anchors"": [],
    ""paths"": []
  }
}
```"
96,segment_007,segment,DONE,C:\Users\sasch\visionexe\stories\template\filmsets\story_096\segment_007\segment.txt,"```json
{
  ""actors"": [],
  ""props"": [],
  ""environments"": [],
  ""scenes"": [],
  ""blocking"": {
    ""anchors"": [],
    ""paths"": []
  }
}
```"
96,segment_008,segment,DONE,C:\Users\sasch\visionexe\stories\template\filmsets\story_096\segment_008\segment.txt,"```json
{
  ""actors"": [
    {
      ""name"": ""ጻድቅ"",
      ""visualTraits"": null,
      ""changes"": null,
      ""role"": ""judge""
    }
  ],
  ""props"": [],
  ""environments"": [],
  ""scenes"": [
    {
      ""title"": ""Judgment"",
      ""location"": ""unknown"",
      ""action"": ""unknown"",
      ""actorsInvolved"": [""ጻድቅ""]
    }
  ],
  ""blocking"": {
    ""anchors"": [],
    ""paths"": []
  }
}
```"
97,segment_001,segment,DONE,C:\Users\sasch\visionexe\stories\template\filmsets\story_097\segment_001\segment.txt,"{
  ""actors"": [],
  ""props"": [],
  ""environments"": [],
  ""scenes"": [
    {
      ""title"": ""Chapter 97 Segment 1"",
      ""location"": null,
      ""action"": null,
      ""actorsInvolved"": null
    }
  ],
  ""blocking"": {
    ""anchors"": [],
    ""paths"": []
  }
}"
97,segment_002,segment,DONE,C:\Users\sasch\visionexe\stories\template\filmsets\story_097\segment_002\segment.txt,"```json
{
  ""actors"": [],
  ""props"": [],
  ""environments"": [],
  ""scenes"": [
    {
      ""title"": ""Line 1"",
      ""location"": ""unknown"",
      ""action"": ""እ(ግዚ)፡እሙረ፡ይውን፡"",
      ""actorsInvolved"": []
    },
    {
      ""title"": ""Line 2"",
      ""location"": ""unknown"",
      ""action"": ""ለሙ፡እስመ፡ልዑል፡ይዜር፡"",
      ""actorsInvolved"": []
    },
    {
      ""title"": ""Line 3"",
      ""location"": ""unknown"",
      ""action"": ""ሐጕለሙ፨ወይትፌሥሑ፡"",
      ""actorsInvolved"": []
    },
    {
      ""title"": ""Line 4"",
      ""location"": ""unknown"",
      ""action"": ""መላእት፡ስማይ፡ዲ፡ሐጕለ፡"",
      ""actorsInvolved"": []
    },
    {
      ""title"": ""Line 5"",
      ""location"": ""unknown"",
      ""action"": ""ዚሙ ።"",
      ""actorsInvolved"": []
    }
  ],
  ""blocking"": {
    ""anchors"": [],
    ""paths"": []
  }
}
```"
97,segment_003,segment,DONE,C:\Users\sasch\visionexe\stories\template\filmsets\story_097\segment_003\segment.txt,"{""actors"":[],""props"":[],""environments"":[],""scenes"":[],""blocking"":{""anchors"":[],""paths"":[]}}"
97,segment_004,segment,DONE,C:\Users\sasch\visionexe\stories\template\filmsets\story_097\segment_004\segment.txt,"```json
{
  ""actors"": [],
  ""props"": [],
  ""environments"": [],
  ""scenes"": [],
  ""blocking"": {
    ""anchors"": [],
    ""paths"": []
  }
}
```"
97,segment_005,segment,DONE,C:\Users\sasch\visionexe\stories\template\filmsets\story_097\segment_005\segment.txt,"```json
{
  ""actors"": [
    {
      ""name"": ""ወእማንቱ"",
      ""visualTraits"": null,
      ""changes"": null,
      ""role"": ""people""
    },
    {
      ""name"": ""እግዚእ"",
      ""visualTraits"": null,
      ""changes"": null,
      ""role"": ""deity""
    }
  ],
  ""props"": [
    {
      ""name"": ""ጸሎቶሙ"",
      ""visualTraits"": null,
      ""changes"": null,
      ""role"": ""prayer""
    }
  ],
  ""environments"": [
    {
      ""name"": ""መዋዕል"",
      ""visualTraits"": null,
      ""changes"": null,
      ""role"": ""time""
    }
  ],
  ""scenes"": [
    {
      ""title"": ""Morning Prayer"",
      ""location"": ""መዋዕል"",
      ""action"": ""singing prayers"",
      ""actorsInvolved"": [""ወእማንቱ"", ""እግዚእ""]
    }
  ],
  ""blocking"": {
    ""anchors"": [],
    ""paths"": []
  }
}
```"
97,segment_006,segment,DONE,C:\Users\sasch\visionexe\stories\template\filmsets\story_097\segment_006\segment.txt,"```json
{
  ""actors"": [
    {
      ""name"": ""ወይትነብ"",
      ""visualTraits"": null,
      ""changes"": null,
      ""role"": ""unknown""
    },
    {
      ""name"": ""ሉ"",
      ""visualTraits"": null,
      ""changes"": null,
      ""role"": ""unknown""
    },
    {
      ""name"": ""ነገረ"",
      ""visualTraits"": null,
      ""changes"": null,
      ""role"": ""unknown""
    },
    {
      ""name"": ""ዐመፃሙ"",
      ""visualTraits"": null,
      ""changes"": null,
      ""role"": ""unknown""
    },
    {
      ""name"": ""ቅድመ፡ዐቢይ"",
      ""visualTraits"": null,
      ""changes"": null,
      ""role"": ""unknown""
    },
    {
      ""name"": ""ወቅዱስ"",
      ""visualTraits"": null,
      ""changes"": null,
      ""role"": ""unknown""
    },
    {
      ""name"": ""ወይትኃፈር"",
      ""visualTraits"": null,
      ""changes"": null,
      ""role"": ""unknown""
    },
    {
      ""name"": ""ገጽሙ"",
      ""visualTraits"": null,
      ""changes"": null,
      ""role"": ""unknown""
    },
    {
      ""name"": ""ወይትገደፍ"",
      ""visualTraits"": null,
      ""changes"": null,
      ""role"": ""unknown""
    },
    {
      ""name"": ""ተግባር"",
      ""visualTraits"": null,
      ""changes"": null,
      ""role"": ""unknown""
    },
    {
      ""name"": ""ዘጸንዓ"",
      ""visualTraits"": null,
      ""changes"": null,
      ""role"": ""unknown""
    },
    {
      ""name"": ""ዐመፃ"",
      ""visualTraits"": null,
      ""changes"": null,
      ""role"": ""unknown""
    }
  ],
  ""props"": [],
  ""environments"": [],
  ""scenes"": [
    {
      ""title"": ""Beat 1"",
      ""location"": null,
      ""action"": ""ወይትነብ፡ሉ፡ነገረ፡"",
      ""actorsInvolved"": [""ወይትነብ"", ""ሉ"", ""ነገረ""]
    },
    {
      ""title"": ""Beat 2"",
      ""location"": null,
      ""action"": ""ዐመፃሙ፡ቅድመ፡ዐቢይ፡"",
      ""actorsInvolved"": [""ዐመፃሙ"", ""ቅድመ፡ዐቢይ""]
    },
    {
      ""title"": ""Beat 3"",
      ""location"": null,
      ""action"": ""ወቅዱስ፨ወይትኃፈር፡ገጽሙ፡"",
      ""actorsInvolved"": [""ወቅዱስ"", ""ወይትኃፈር"", ""ገጽሙ""]
    },
    {
      ""title"": ""Beat 4"",
      ""location"": null,
      ""action"": ""ወይትገደፍ፡ሉ፡ተግባር፡"",
      ""actorsInvolved"": [""ወይትገደፍ"", ""ሉ"", ""ተግባር""]
    },
    {
      ""title"": ""Beat 5"",
      ""location"": null,
      ""action"": ""ዘጸንዓ፡ዐመፃ፡"",
      ""actorsInvolved"": [""ዘጸንዓ"", ""ዐመፃ""]
    }
  ],
  ""blocking"": {
    ""anchors"": [
      { ""id"": ""beat1"", ""description"": ""Line 1"" },
      { ""id"": ""beat2"", ""description"": ""Line 2"" },
      { ""id"": ""beat3"", ""description"": ""Line 3"" },
      { ""id"": ""beat4"", ""description"": ""Line 4"" },
      { ""id"": ""beat5"", ""description"": ""Line 5"" }
    ],
    ""paths"": []
  }
}
```"
97,segment_007,segment,DONE,C:\Users\sasch\visionexe\stories\template\filmsets\story_097\segment_007\segment.txt,"```json
{
  ""actors"": [],
  ""props"": [],
  ""environments"": [],
  ""scenes"": [
    {
      ""title"": ""ሌለሙ፡ኃጥን፡እለ፡"",
      ""location"": null,
      ""action"": null,
      ""actorsInvolved"": null
    },
    {
      ""title"": ""ማእለ፡ባሕር፡ወዲ፡የብስ፡"",
      ""location"": null,
      ""action"": null,
      ""actorsInvolved"": null
    },
    {
      ""title"": ""እለ፡ዝሮሙ፡እኩይ፡"",
      ""location"": null,
      ""action"": null,
      ""actorsInvolved"": null
    },
    {
      ""title"": ""ዲቤሙ፨"",
      ""location"": null,
      ""action"": null,
      ""actorsInvolved"": null
    }
  ],
  ""blocking"": {
    ""anchors"": [],
    ""paths"": []
  }
}
```"
97,segment_008,segment,DONE,C:\Users\sasch\visionexe\stories\template\filmsets\story_097\segment_008\segment.txt,"```json
{
  ""actors"": [],
  ""props"": [],
  ""environments"": [],
  ""scenes"": [
    {
      ""title"": ""Line 1"",
      ""location"": null,
      ""action"": null,
      ""actorsInvolved"": []
    },
    {
      ""title"": ""Line 2"",
      ""location"": null,
      ""action"": null,
      ""actorsInvolved"": []
    },
    {
      ""title"": ""Line 3"",
      ""location"": null,
      ""action"": null,
      ""actorsInvolved"": []
    },
    {
      ""title"": ""Line 4"",
      ""location"": null,
      ""action"": null,
      ""actorsInvolved"": []
    },
    {
      ""title"": ""Line 5"",
      ""location"": null,
      ""action"": null,
      ""actorsInvolved"": []
    }
  ],
  ""blocking"": {
    ""anchors"": [],
    ""paths"": []
  }
}
```"
97,segment_009,segment,DONE,C:\Users\sasch\visionexe\stories\template\filmsets\story_097\segment_009\segment.txt,"```json
{
  ""actors"": [],
  ""props"": [],
  ""environments"": [],
  ""scenes"": [
    {
      ""title"": ""ወይእዜኒ፡ንግር፡ዘሐለይነ፡""
    },
    {
      ""title"": ""እስመ፡ብሩረ፡ስተጋባእነ፡""
    },
    {
      ""title"": ""ወመላእነ፡መዛግብቲነ፡ወመ፡""
    },
    {
      ""title"": ""ማይ፡ብዙኅ፡ሐረስተ፡ብያቲነ፨""
    }
  ],
  ""blocking"": {
    ""anchors"": [],
    ""paths"": []
  }
}
```"
97,segment_010,segment,DONE,C:\Users\sasch\visionexe\stories\template\filmsets\story_097\segment_010\segment.txt,"{""actors"":[],""props"":[],""environments"":[],""scenes"":[],""blocking"":{""anchors"":[],""paths"":[]}}"
98,segment_001,segment,DONE,C:\Users\sasch\visionexe\stories\template\filmsets\story_098\segment_001\segment.txt,"```json
{
  ""actors"": [],
  ""props"": [],
  ""environments"": [
    {
      ""name"": ""earth"",
      ""visualTraits"": null,
      ""changes"": null,
      ""role"": ""setting""
    }
  ],
  ""scenes"": [],
  ""blocking"": {
    ""anchors"": [],
    ""paths"": []
  }
}
```"
98,segment_002,segment,DONE,C:\Users\sasch\visionexe\stories\template\filmsets\story_098\segment_002\segment.txt,"{
  ""actors"": [],
  ""props"": [],
  ""environments"": [
    {
      ""name"": ""መንግሥት"",
      ""visualTraits"": null,
      ""changes"": null,
      ""role"": ""setting""
    }
  ],
  ""scenes"": [],
  ""blocking"": {
    ""anchors"": [],
    ""paths"": []
  }
}"
98,segment_003,segment,DONE,C:\Users\sasch\visionexe\stories\template\filmsets\story_098\segment_003\segment.txt,"```json
{
  ""actors"": [],
  ""props"": [],
  ""environments"": [],
  ""scenes"": [],
  ""blocking"": {
    ""anchors"": [],
    ""paths"": []
  }
}
```"
98,segment_004,segment,DONE,C:\Users\sasch\visionexe\stories\template\filmsets\story_098\segment_004\segment.txt,"```json
{
  ""actors"": [
    {
      ""name"": ""ወኢይውን"",
      ""visualTraits"": null,
      ""changes"": null,
      ""role"": ""unknown""
    },
    {
      ""name"": ""ወኢወግር"",
      ""visualTraits"": null,
      ""changes"": null,
      ""role"": ""unknown""
    },
    {
      ""name"": ""ዐቢይ"",
      ""visualTraits"": null,
      ""changes"": null,
      ""role"": ""unknown""
    },
    {
      ""name"": ""ገብረ"",
      ""visualTraits"": null,
      ""changes"": null,
      ""role"": ""unknown""
    }
  ],
  ""props"": [
    {
      ""name"": ""መዝ"",
      ""visualTraits"": null,
      ""changes"": null,
      ""role"": ""prop""
    }
  ],
  ""environments"": [
    {
      ""name"": ""ምድር"",
      ""visualTraits"": null,
      ""changes"": null,
      ""role"": ""environment""
    }
  ],
  ""scenes"": [],
  ""blocking"": {
    ""anchors"": [],
    ""paths"": []
  }
}
```"
98,segment_005,segment,DONE,C:\Users\sasch\visionexe\stories\template\filmsets\story_098\segment_005\segment.txt,"```json
{
  ""actors"": [],
  ""props"": [],
  ""environments"": [],
  ""scenes"": [
    {
      ""title"": ""ወምያድ፡ለብእሲት፡"",
      ""location"": null,
      ""action"": null,
      ""actorsInvolved"": null
    },
    {
      ""title"": ""ኢተውህት፨ላ፡እንተ፡"",
      ""location"": null,
      ""action"": null,
      ""actorsInvolved"": null
    },
    {
      ""title"": ""ግብረ፡እደዊሃ፡ትመውት፡"",
      ""location"": null,
      ""action"": null,
      ""actorsInvolved"": null
    },
    {
      ""title"": ""ዘእንለ፡ውሉድ፨፨"",
      ""location"": null,
      ""action"": null,
      ""actorsInvolved"": null
    }
  ],
  ""blocking"": {
    ""anchors"": [],
    ""paths"": []
  }
}
```"
98,segment_006,segment,DONE,C:\Users\sasch\visionexe\stories\template\filmsets\story_098\segment_006\segment.txt,"```json
{
  ""actors"": [],
  ""props"": [],
  ""environments"": [],
  ""scenes"": [],
  ""blocking"": {
    ""anchors"": [],
    ""paths"": []
  }
}
```"
98,segment_007,segment,DONE,C:\Users\sasch\visionexe\stories\template\filmsets\story_098\segment_007\segment.txt,"```json
{
  ""actors"": [],
  ""props"": [],
  ""environments"": [],
  ""scenes"": [],
  ""blocking"": {
    ""anchors"": [],
    ""paths"": []
  }
}
```"
98,segment_008,segment,DONE,C:\Users\sasch\visionexe\stories\template\filmsets\story_098\segment_008\segment.txt,"{
  ""actors"": [],
  ""props"": [],
  ""environments"": [],
  ""scenes"": [],
  ""blocking"": {
    ""anchors"": [],
    ""paths"": []
  }
}"
98,segment_009,segment,DONE,C:\Users\sasch\visionexe\stories\template\filmsets\story_098\segment_009\segment.txt,"```json
{
  ""actors"": [],
  ""props"": [],
  ""environments"": [],
  ""scenes"": [],
  ""blocking"": {
    ""anchors"": [],
    ""paths"": []
  }
}
```"
98,segment_010,segment,DONE,C:\Users\sasch\visionexe\stories\template\filmsets\story_098\segment_010\segment.txt,"```json
{
  ""actors"": [],
  ""props"": [],
  ""environments"": [],
  ""scenes"": [],
  ""blocking"": {
    ""anchors"": [],
    ""paths"": []
  }
}
```"
98,segment_011,segment,DONE,C:\Users\sasch\visionexe\stories\template\filmsets\story_098\segment_011\segment.txt,"```json
{
  ""actors"": [],
  ""props"": [],
  ""environments"": [],
  ""scenes"": [],
  ""blocking"": {
    ""anchors"": [],
    ""paths"": []
  }
}
```"
98,segment_012,segment,DONE,C:\Users\sasch\visionexe\stories\template\filmsets\story_098\segment_012\segment.txt,"{
  ""actors"": [],
  ""props"": [],
  ""environments"": [],
  ""scenes"": [],
  ""blocking"": {
    ""anchors"": [],
    ""paths"": []
  }
}"
98,segment_013,segment,DONE,C:\Users\sasch\visionexe\stories\template\filmsets\story_098\segment_013\segment.txt,"```json
{
  ""actors"": [],
  ""props"": [],
  ""environments"": [],
  ""scenes"": [
    {
      ""title"": ""Chapter 98 Segment 13"",
      ""location"": null,
      ""action"": null,
      ""actorsInvolved"": null
    }
  ],
  ""blocking"": {
    ""anchors"": [],
    ""paths"": []
  }
}
```"
98,segment_014,segment,DONE,C:\Users\sasch\visionexe\stories\template\filmsets\story_098\segment_014\segment.txt,"```json
{
  ""actors"": [
    {
      ""name"": ""ሌለሙ"",
      ""visualTraits"": null,
      ""changes"": null,
      ""role"": ""unknown""
    },
    {
      ""name"": ""ጻድቃን"",
      ""visualTraits"": null,
      ""changes"": null,
      ""role"": ""unknown""
    },
    {
      ""name"": ""ኢይውን"",
      ""visualTraits"": null,
      ""changes"": null,
      ""role"": ""unknown""
    },
    {
      ""name"": ""ለሙ"",
      ""visualTraits"": null,
      ""changes"": null,
      ""role"": ""unknown""
    },
    {
      ""name"": ""ተስፋ"",
      ""visualTraits"": null,
      ""changes"": null,
      ""role"": ""unknown""
    }
  ],
  ""props"": [],
  ""environments"": [],
  ""scenes"": [
    {
      ""title"": ""Chapter 98 Segment 14"",
      ""location"": null,
      ""action"": null,
      ""actorsInvolved"": [
        ""ሌለሙ"",
        ""ጻድቃን"",
        ""ኢይውን"",
        ""ለሙ"",
        ""ተስፋ""
      ]
    }
  ],
  ""blocking"": {
    ""anchors"": [],
    ""paths"": []
  }
}
```"
98,segment_015,segment,DONE,C:\Users\sasch\visionexe\stories\template\filmsets\story_098\segment_015\segment.txt,"```json
{
  ""actors"": [],
  ""props"": [],
  ""environments"": [],
  ""scenes"": [],
  ""blocking"": {
    ""anchors"": [],
    ""paths"": []
  }
}
```"
98,segment_016,segment,DONE,C:\Users\sasch\visionexe\stories\template\filmsets\story_098\segment_016\segment.txt,"```json
{
  ""actors"": [],
  ""props"": [],
  ""environments"": [],
  ""scenes"": [],
  ""blocking"": {
    ""anchors"": [],
    ""paths"": []
  }
}
```"
99,segment_001,segment,DONE,C:\Users\sasch\visionexe\stories\template\filmsets\story_099\segment_001\segment.txt,"```json
{
  ""actors"": [],
  ""props"": [],
  ""environments"": [],
  ""scenes"": [
    {
      ""title"": ""Chapter 99 Segment 1"",
      ""location"": null,
      ""action"": null,
      ""actorsInvolved"": []
    }
  ],
  ""blocking"": {
    ""anchors"": [],
    ""paths"": []
  }
}
```"
99,segment_002,segment,DONE,C:\Users\sasch\visionexe\stories\template\filmsets\story_099\segment_002\segment.txt,"```json
{
  ""actors"": [],
  ""props"": [],
  ""environments"": [],
  ""scenes"": [],
  ""blocking"": {
    ""anchors"": [],
    ""paths"": []
  }
}
```"
99,segment_003,segment,DONE,C:\Users\sasch\visionexe\stories\template\filmsets\story_099\segment_003\segment.txt,"```json
{
  ""actors"": [],
  ""props"": [],
  ""environments"": [],
  ""scenes"": [],
  ""blocking"": {
    ""anchors"": [],
    ""paths"": []
  }
}
```"
99,segment_004,segment,DONE,C:\Users\sasch\visionexe\stories\template\filmsets\story_099\segment_004\segment.txt,"```json
{
  ""actors"": [
    {
      ""name"": ""እማንቱ"",
      ""visualTraits"": null,
      ""changes"": null,
      ""role"": ""speaker""
    },
    {
      ""name"": ""መዋዕል"",
      ""visualTraits"": null,
      ""changes"": null,
      ""role"": ""speaker""
    },
    {
      ""name"": ""ሕዛብ"",
      ""visualTraits"": null,
      ""changes"": null,
      ""role"": ""group""
    }
  ],
  ""props"": [],
  ""environments"": [],
  ""scenes"": [
    {
      ""title"": ""Chapter 99 Segment 4"",
      ""location"": null,
      ""action"": null,
      ""actorsInvolved"": [""እማንቱ"", ""መዋዕል"", ""ሕዛብ""]
    }
  ],
  ""blocking"": {
    ""anchors"": [],
    ""paths"": []
  }
}
```"
99,segment_005,segment,DONE,C:\Users\sasch\visionexe\stories\template\filmsets\story_099\segment_005\segment.txt,"```json
{
  ""actors"": [],
  ""props"": [],
  ""environments"": [],
  ""scenes"": [],
  ""blocking"": {
    ""anchors"": [],
    ""paths"": []
  }
}
```"
99,segment_006,segment,DONE,C:\Users\sasch\visionexe\stories\template\filmsets\story_099\segment_006\segment.txt,"```json
{
  ""actors"": [],
  ""props"": [],
  ""environments"": [],
  ""scenes"": [],
  ""blocking"": {
    ""anchors"": [],
    ""paths"": []
  }
}
```"
99,segment_007,segment,DONE,C:\Users\sasch\visionexe\stories\template\filmsets\story_099\segment_007\segment.txt,"```json
{
  ""actors"": [],
  ""props"": [
    {
      ""name"": ""ወርቅ"",
      ""visualTraits"": ""gold"",
      ""changes"": null,
      ""role"": ""material""
    }
  ],
  ""environments"": [],
  ""scenes"": [
    {
      ""title"": ""Beat 1"",
      ""location"": ""unknown"",
      ""action"": ""unknown"",
      ""actorsInvolved"": []
    },
    {
      ""title"": ""Beat 2"",
      ""location"": ""unknown"",
      ""action"": ""unknown"",
      ""actorsInvolved"": []
    },
    {
      ""title"": ""Beat 3"",
      ""location"": ""unknown"",
      ""action"": ""unknown"",
      ""actorsInvolved"": []
    },
    {
      ""title"": ""Beat 4"",
      ""location"": ""unknown"",
      ""action"": ""unknown"",
      ""actorsInvolved"": []
    },
    {
      ""title"": ""Beat 5"",
      ""location"": ""unknown"",
      ""action"": ""unknown"",
      ""actorsInvolved"": []
    },
    {
      ""title"": ""Beat 6"",
      ""location"": ""unknown"",
      ""action"": ""unknown"",
      ""actorsInvolved"": []
    },
    {
      ""title"": ""Beat 7"",
      ""location"": ""unknown"",
      ""action"": ""unknown"",
      ""actorsInvolved"": []
    }
  ],
  ""blocking"": {
    ""anchors"": [],
    ""paths"": []
  }
}
```"
99,segment_008,segment,DONE,C:\Users\sasch\visionexe\stories\template\filmsets\story_099\segment_008\segment.txt,"{
  ""actors"": [],
  ""props"": [],
  ""environments"": [],
  ""scenes"": [],
  ""blocking"": {
    ""anchors"": [],
    ""paths"": []
  }
}"
99,segment_009,segment,DONE,C:\Users\sasch\visionexe\stories\template\filmsets\story_099\segment_009\segment.txt,"```json
{
  ""actors"": [
    {
      ""name"": ""ቦሙ"",
      ""visualTraits"": null,
      ""changes"": null,
      ""role"": ""unknown""
    },
    {
      ""name"": ""ይረስዑ"",
      ""visualTraits"": null,
      ""changes"": null,
      ""role"": ""unknown""
    },
    {
      ""name"": ""ወይፈርሁ"",
      ""visualTraits"": null,
      ""changes"": null,
      ""role"": ""unknown""
    },
    {
      ""name"": ""እስመ"",
      ""visualTraits"": null,
      ""changes"": null,
      ""role"": ""unknown""
    },
    {
      ""name"": ""ሎ"",
      ""visualTraits"": null,
      ""changes"": null,
      ""role"": ""unknown""
    },
    {
      ""name"": ""ግብሮሙ"",
      ""visualTraits"": null,
      ""changes"": null,
      ""role"": ""unknown""
    },
    {
      ""name"": ""ሐሰት"",
      ""visualTraits"": null,
      ""changes"": null,
      ""role"": ""unknown""
    },
    {
      ""name"": ""ገብሩ"",
      ""visualTraits"": null,
      ""changes"": null,
      ""role"": ""unknown""
    },
    {
      ""name"": ""ወሰገዱ"",
      ""visualTraits"": null,
      ""changes"": null,
      ""role"": ""unknown""
    },
    {
      ""name"": ""ለእብን"",
      ""visualTraits"": null,
      ""changes"": null,
      ""role"": ""unknown""
    },
    {
      ""name"": ""ወይትሐጐሉ"",
      ""visualTraits"": null,
      ""changes"": null,
      ""role"": ""unknown""
    },
    {
      ""name"": ""ምዕር፨"",
      ""visualTraits"": null,
      ""changes"": null,
      ""role"": ""unknown""
    }
  ],
  ""props"": [],
  ""environments"": [],
  ""scenes"": [],
  ""blocking"": {
    ""anchors"": [],
    ""paths"": []
  }
}
```"
99,segment_010,segment,DONE,C:\Users\sasch\visionexe\stories\template\filmsets\story_099\segment_010\segment.txt,"```json
{
  ""actors"": [
    {""name"":""ወእማንቱ"",""visualTraits"":""unknown"",""changes"":""unknown"",""role"":""mentioned""},
    {""name"":""መዋዕል"",""visualTraits"":""unknown"",""changes"":""unknown"",""role"":""mentioned""},
    {""name"":""ብፁዓን"",""visualTraits"":""unknown"",""changes"":""unknown"",""role"":""mentioned""},
    {""name"":""ሎሙ"",""visualTraits"":""unknown"",""changes"":""unknown"",""role"":""mentioned""},
    {""name"":""እለ"",""visualTraits"":""unknown"",""changes"":""unknown"",""role"":""mentioned""},
    {""name"":""ይትሜጠዉ"",""visualTraits"":""unknown"",""changes"":""unknown"",""role"":""mentioned""},
    {""name"":""ነገረ"",""visualTraits"":""unknown"",""changes"":""unknown"",""role"":""mentioned""},
    {""name"":""ጥቦብ"",""visualTraits"":""unknown"",""changes"":""unknown"",""role"":""mentioned""},
    {""name"":""ወየምርዋ"",""visualTraits"":""unknown"",""changes"":""unknown"",""role"":""mentioned""},
    {""name"":""ወይገብርዎን"",""visualTraits"":""unknown"",""changes"":""unknown"",""role"":""mentioned""},
    {""name"":""ለፍናወተ"",""visualTraits"":""unknown"",""changes"":""unknown"",""role"":""mentioned""},
    {""name"":""ልዑል"",""visualTraits"":""unknown"",""changes"":""unknown"",""role"":""mentioned""},
    {""name"":""ወየሐውሩ"",""visualTraits"":""unknown"",""changes"":""unknown"",""role"":""mentioned""},
    {""name"":""ፍኖዋተ"",""visualTraits"":""unknown"",""changes"":""unknown"",""role"":""mentioned""},
    {""name"":""ጽድቅ"",""visualTraits"":""unknown"",""changes"":""unknown"",""role"":""mentioned""},
    {""name"":""ዚሁ"",""visualTraits"":""unknown"",""changes"":""unknown"",""role"":""mentioned""},
    {""name"":""ወኢይሬስዑ"",""visualTraits"":""unknown"",""changes"":""unknown"",""role"":""mentioned""},
    {""name"":""እስመ"",""visualTraits"":""unknown"",""changes"":""unknown"",""role"":""mentioned""},
    {""name"":""እሙንቱ"",""visualTraits"":""unknown"",""changes"":""unknown"",""role"":""mentioned""},
    {""name"":""ይድንኑ"",""visualTraits"":""unknown"",""changes"":""unknown"",""role"":""mentioned""}
  ],
  ""props"": [],
  ""environments"": [],
  ""scenes"": [
    {
      ""title"": ""Chapter 99 Segment 10"",
      ""location"": ""unknown"",
      ""action"": ""chant"",
      ""actorsInvolved"": [
        ""ወእማንቱ"",""መዋዕል"",""ብፁዓን"",""ሎሙ"",""እለ"",""ይትሜጠዉ"",""ነገረ"",""ጥቦብ"",""ወየምርዋ"",""ወይገብርዎን"",""ለፍናወተ"",""ልዑል"",""ወየሐውሩ"",""ፍኖዋተ"",""ጽድቅ"",""ዚሁ"",""ወኢይሬስዑ"",""እስመ"",""እሙንቱ"",""ይድንኑ""
      ]
    }
  ],
  ""blocking"": {
    ""anchors"": [],
    ""paths"": []
  }
}
```"
99,segment_011,segment,DONE,C:\Users\sasch\visionexe\stories\template\filmsets\story_099\segment_011\segment.txt,"```json
{
  ""actors"": [
    {
      ""name"": ""Lelemu"",
      ""visualTraits"": null,
      ""changes"": null,
      ""role"": ""unknown""
    },
    {
      ""name"": ""Ile"",
      ""visualTraits"": null,
      ""changes"": null,
      ""role"": ""unknown""
    },
    {
      ""name"": ""Tesefhew"",
      ""visualTraits"": null,
      ""changes"": null,
      ""role"": ""unknown""
    },
    {
      ""name"": ""Le'ey"",
      ""visualTraits"": null,
      ""changes"": null,
      ""role"": ""unknown""
    },
    {
      ""name"": ""Lebit'sumu"",
      ""visualTraits"": null,
      ""changes"": null,
      ""role"": ""unknown""
    },
    {
      ""name"": ""Isme"",
      ""visualTraits"": null,
      ""changes"": null,
      ""role"": ""unknown""
    },
    {
      ""name"": ""SioL"",
      ""visualTraits"": null,
      ""changes"": null,
      ""role"": ""unknown""
    },
    {
      ""name"": ""T'tqetelu"",
      ""visualTraits"": null,
      ""changes"": null,
      ""role"": ""unknown""
    }
  ],
  ""props"": [],
  ""environments"": [],
  ""scenes"": [
    {
      ""title"": ""Line 1"",
      ""location"": ""unknown"",
      ""action"": ""unknown"",
      ""actorsInvolved"": [""Lelemu"", ""Ile"", ""Tesefhew""]
    },
    {
      ""title"": ""Line 2"",
      ""location"": ""unknown"",
      ""action"": ""unknown"",
      ""actorsInvolved"": [""Le'ey"", ""Lebit'sumu"", ""Isme""]
    },
    {
      ""title"": ""Line 3"",
      ""location"": ""unknown"",
      ""action"": ""unknown"",
      ""actorsInvolved"": [""SioL"", ""T'tqetelu""]
    }
  ],
  ""blocking"": {
    ""anchors"": [],
    ""paths"": []
  }
}
```"
99,segment_012,segment,DONE,C:\Users\sasch\visionexe\stories\template\filmsets\story_099\segment_012\segment.txt,"```json
{
  ""actors"": [],
  ""props"": [],
  ""environments"": [
    {
      ""name"": ""ምድር"",
      ""visualTraits"": null,
      ""changes"": null,
      ""role"": ""ground""
    }
  ],
  ""scenes"": [
    {
      ""title"": ""Chapter 99 Segment 12"",
      ""location"": null,
      ""action"": null,
      ""actorsInvolved"": []
    }
  ],
  ""blocking"": {
    ""anchors"": [
      {
        ""id"": ""anchor1"",
        ""description"": ""ground""
      }
    ],
    ""paths"": []
  }
}
```"
99,segment_013,segment,DONE,C:\Users\sasch\visionexe\stories\template\filmsets\story_099\segment_013\segment.txt,"```json
{
  ""actors"": [],
  ""props"": [],
  ""environments"": [],
  ""scenes"": [
    {
      ""title"": ""Chapter 99 Segment 13"",
      ""location"": null,
      ""action"": null,
      ""actorsInvolved"": []
    }
  ],
  ""blocking"": {
    ""anchors"": [],
    ""paths"": []
  }
}
```"
99,segment_014,segment,DONE,C:\Users\sasch\visionexe\stories\template\filmsets\story_099\segment_014\segment.txt,"```json
{
  ""actors"": [
    {""name"":""ሌሎሙ"",""visualTraits"":""unknown"",""changes"":""unknown"",""role"":""unknown""},
    {""name"":""ይሜንኑ"",""visualTraits"":""unknown"",""changes"":""unknown"",""role"":""unknown""},
    {""name"":""መሥፈርተ"",""visualTraits"":""unknown"",""changes"":""unknown"",""role"":""unknown""},
    {""name"":""ወርስተ"",""visualTraits"":""unknown"",""changes"":""unknown"",""role"":""unknown""},
    {""name"":""ዊሆሙ"",""visualTraits"":""unknown"",""changes"":""unknown"",""role"":""unknown""},
    {""name"":""እንተ"",""visualTraits"":""unknown"",""changes"":""unknown"",""role"":""unknown""},
    {""name"":""ለዓለም"",""visualTraits"":""unknown"",""changes"":""unknown"",""role"":""unknown""},
    {""name"":""ወይተልዉ"",""visualTraits"":""unknown"",""changes"":""unknown"",""role"":""unknown""},
    {""name"":""ድንረ"",""visualTraits"":""unknown"",""changes"":""unknown"",""role"":""unknown""},
    {""name"":""ነፍሶ"",""visualTraits"":""unknown"",""changes"":""unknown"",""role"":""unknown""},
    {""name"":""ጣዖት"",""visualTraits"":""unknown"",""changes"":""unknown"",""role"":""unknown""},
    {""name"":""እስመ"",""visualTraits"":""unknown"",""changes"":""unknown"",""role"":""unknown""},
    {""name"":""እይውን"",""visualTraits"":""unknown"",""changes"":""unknown"",""role"":""unknown""},
    {""name"":""ለሙ"",""visualTraits"":""unknown"",""changes"":""unknown"",""role"":""unknown""},
    {""name"":""ዕረፍት"",""visualTraits"":""unknown"",""changes"":""unknown"",""role"":""unknown""}
  ],
  ""props"": [],
  ""environments"": [],
  ""scenes"": [
    {""title"":""Line 1"",""location"":""unknown"",""action"":""unknown"",""actorsInvolved"":[]},
    {""title"":""Line 2"",""location"":""unknown"",""action"":""unknown"",""actorsInvolved"":[]},
    {""title"":""Line 3"",""location"":""unknown"",""action"":""unknown"",""actorsInvolved"":[]},
    {""title"":""Line 4"",""location"":""unknown"",""action"":""unknown"",""actorsInvolved"":[]},
    {""title"":""Line 5"",""location"":""unknown"",""action"":""unknown"",""actorsInvolved"":[]}
  ],
  ""blocking"": {
    ""anchors"": [],
    ""paths"": []
  }
}
```"
99,segment_015,segment,DONE,C:\Users\sasch\visionexe\stories\template\filmsets\story_099\segment_015\segment.txt,"```json
{
  ""actors"": [],
  ""props"": [],
  ""environments"": [],
  ""scenes"": [],
  ""blocking"": {
    ""anchors"": [],
    ""paths"": []
  }
}
```"
99,segment_016,segment,DONE,C:\Users\sasch\visionexe\stories\template\filmsets\story_099\segment_016\segment.txt,"```json
{
  ""actors"": [],
  ""props"": [],
  ""environments"": [],
  ""scenes"": [],
  ""blocking"": {
    ""anchors"": [],
    ""paths"": []
  }
}
```"
100,segment_001,segment,DONE,C:\Users\sasch\visionexe\stories\template\filmsets\story_100\segment_001\segment.txt,"```json
{
  ""actors"": [],
  ""props"": [],
  ""environments"": [],
  ""scenes"": [],
  ""blocking"": {
    ""anchors"": [],
    ""paths"": []
  }
}
```"
100,segment_002,segment,DONE,C:\Users\sasch\visionexe\stories\template\filmsets\story_100\segment_002\segment.txt,"```json
{
  ""actors"": [],
  ""props"": [],
  ""environments"": [],
  ""scenes"": [],
  ""blocking"": {
    ""anchors"": [],
    ""paths"": []
  }
}
```"
100,segment_003,segment,DONE,C:\Users\sasch\visionexe\stories\template\filmsets\story_100\segment_003\segment.txt,"```json
{
  ""actors"": [
    {
      ""name"": ""ወየሐውር"",
      ""visualTraits"": null,
      ""changes"": null,
      ""role"": ""protagonist""
    },
    {
      ""name"": ""ኃጠን"",
      ""visualTraits"": null,
      ""changes"": null,
      ""role"": ""secondary""
    },
    {
      ""name"": ""Guest"",
      ""visualTraits"": null,
      ""changes"": null,
      ""role"": ""guest""
    }
  ],
  ""props"": [
    {
      ""name"": ""ፈረስ"",
      ""visualTraits"": null,
      ""changes"": null,
      ""role"": ""animal""
    },
    {
      ""name"": ""መልዕልተ"",
      ""visualTraits"": null,
      ""changes"": null,
      ""role"": ""communication""
    }
  ],
  ""environments"": [
    {
      ""name"": ""ውስተ"",
      ""visualTraits"": null,
      ""changes"": null,
      ""role"": ""location""
    },
    {
      ""name"": ""ዕለት"",
      ""visualTraits"": null,
      ""changes"": null,
      ""role"": ""time""
    }
  ],
  ""scenes"": [
    {
      ""title"": ""Chapter 100 Segment 3"",
      ""location"": ""ውስተ"",
      ""action"": ""Weyehawer rides a horse; a guest is inside during the day; a message is delivered."",
      ""actorsInvolved"": [""ወየሐውር"", ""Guest"", ""ኃጠን""]
    }
  ],
  ""blocking"": {
    ""anchors"": [
      {
        ""id"": 1,
        ""description"": ""inside""
      }
    ],
    ""paths"": []
  }
}
```"
100,segment_004,segment,DONE,C:\Users\sasch\visionexe\stories\template\filmsets\story_100\segment_004\segment.txt,"```json
{
  ""actors"": [
    {
      ""name"": ""ወእማንቱ"",
      ""visualTraits"": null,
      ""changes"": null,
      ""role"": ""unknown""
    },
    {
      ""name"": ""መላእት"",
      ""visualTraits"": null,
      ""changes"": null,
      ""role"": ""angel""
    },
    {
      ""name"": ""ሎሎ"",
      ""visualTraits"": null,
      ""changes"": null,
      ""role"": ""lion""
    },
    {
      ""name"": ""ነ፡ዐቢየ"",
      ""visualTraits"": null,
      ""changes"": null,
      ""role"": ""unknown""
    }
  ],
  ""props"": [
    {
      ""name"": ""ምኅባት"",
      ""visualTraits"": null,
      ""changes"": null,
      ""role"": ""house""
    },
    {
      ""name"": ""ወያገብእዎሙ"",
      ""visualTraits"": null,
      ""changes"": null,
      ""role"": ""gate""
    },
    {
      ""name"": ""ሐዱ"",
      ""visualTraits"": null,
      ""changes"": null,
      ""role"": ""door""
    },
    {
      ""name"": ""መን"",
      ""visualTraits"": null,
      ""changes"": null,
      ""role"": ""path""
    },
    {
      ""name"": ""ወይትነሣእ"",
      ""visualTraits"": null,
      ""changes"": null,
      ""role"": ""fruit""
    },
    {
      ""name"": ""ልዑል"",
      ""visualTraits"": null,
      ""changes"": null,
      ""role"": ""fruit""
    }
  ],
  ""environments"": [
    {
      ""name"": ""መዋዕል"",
      ""visualTraits"": null,
      ""changes"": null,
      ""role"": ""day""
    },
    {
      ""name"": ""ምኅባት"",
      ""visualTraits"": null,
      ""changes"": null,
      ""role"": ""house""
    }
  ],
  ""scenes"": [
    {
      ""title"": ""Verse 1"",
      ""location"": null,
      ""action"": ""Mention of the one, the day, and the angel"",
      ""actorsInvolved"": [""ወእማንቱ"", ""መላእት""]
    },
    {
      ""title"": ""Verse 2"",
      ""location"": ""house"",
      ""action"": ""They bring inside the house"",
      ""actorsInvolved"": []
    },
    {
      ""title"": ""Verse 3"",
      ""location"": ""gate/door/path"",
      ""action"": ""Gate, door, and path are referenced"",
      ""actorsInvolved"": []
    },
    {
      ""title"": ""Verse 4"",
      ""location"": null,
      ""action"": ""Lion will bring"",
      ""actorsInvolved"": [""ሎሎ""]
    },
    {
      ""title"": ""Verse 5"",
      ""location"": null,
      ""action"": ""To mouth, fruit, fruit"",
      ""actorsInvolved"": []
    },
    {
      ""title"": ""Verse 6"",
      ""location"": ""day"",
      ""action"": ""They will speak day"",
      ""actorsInvolved"": []
    },
    {
      ""title"": ""Verse 7"",
      ""location"": null,
      ""action"": ""The one, faith"",
      ""actorsInvolved"": [""ነ፡ዐቢየ""]
    },
    {
      ""title"": ""Verse 8"",
      ""location"": null,
      ""action"": ""End"",
      ""actorsInvolved"": []
    }
  ],
  ""blocking"": {
    ""anchors"": [
      {
        ""id"": ""anchor_gate"",
        ""description"": ""gate""
      },
      {
        ""id"": ""anchor_house"",
        ""description"": ""house""
      },
      {
        ""id"": ""anchor_day"",
        ""description"": ""day""
      }
    ],
    ""paths"": []
  }
}
```"
100,segment_005,segment,DONE,C:\Users\sasch\visionexe\stories\template\filmsets\story_100\segment_005\segment.txt,"```json
{
  ""actors"": [],
  ""props"": [],
  ""environments"": [],
  ""scenes"": [],
  ""blocking"": {
    ""anchors"": [],
    ""paths"": []
  }
}
```"
100,segment_006,segment,DONE,C:\Users\sasch\visionexe\stories\template\filmsets\story_100\segment_006\segment.txt,"```json
{
  ""actors"": [],
  ""props"": [],
  ""environments"": [],
  ""scenes"": [],
  ""blocking"": {
    ""anchors"": [],
    ""paths"": []
  }
}
```"
100,segment_007,segment,DONE,C:\Users\sasch\visionexe\stories\template\filmsets\story_100\segment_007\segment.txt,"{
  ""actors"": [
    {
      ""name"": ""mighbari"",
      ""visualTraits"": null,
      ""changes"": null,
      ""role"": ""actor""
    }
  ],
  ""props"": [
    {
      ""name"": ""fire"",
      ""visualTraits"": null,
      ""changes"": null,
      ""role"": ""prop""
    }
  ],
  ""environments"": [],
  ""scenes"": [],
  ""blocking"": {
    ""anchors"": [],
    ""paths"": []
  }
}"
100,segment_008,segment,DONE,C:\Users\sasch\visionexe\stories\template\filmsets\story_100\segment_008\segment.txt,"```json
{
  ""actors"": [],
  ""props"": [],
  ""environments"": [],
  ""scenes"": [],
  ""blocking"": {
    ""anchors"": [],
    ""paths"": []
  }
}
```"
100,segment_009,segment,DONE,C:\Users\sasch\visionexe\stories\template\filmsets\story_100\segment_009\segment.txt,"```json
{
  ""actors"": [],
  ""props"": [],
  ""environments"": [],
  ""scenes"": [],
  ""blocking"": {
    ""anchors"": [],
    ""paths"": []
  }
}
```"
100,segment_010,segment,DONE,C:\Users\sasch\visionexe\stories\template\filmsets\story_100\segment_010\segment.txt,"```json
{
  ""actors"": [
    {
      ""name"": ""ወይእዜኒ"",
      ""visualTraits"": null,
      ""changes"": [],
      ""role"": null
    },
    {
      ""name"": ""እምሩ"",
      ""visualTraits"": null,
      ""changes"": [],
      ""role"": null
    },
    {
      ""name"": ""እስመ"",
      ""visualTraits"": null,
      ""changes"": [],
      ""role"": null
    },
    {
      ""name"": ""እመለእት"",
      ""visualTraits"": null,
      ""changes"": [],
      ""role"": null
    },
    {
      ""name"": ""ይትኀሠሥ"",
      ""visualTraits"": null,
      ""changes"": [],
      ""role"": null
    },
    {
      ""name"": ""ምግሪሙ"",
      ""visualTraits"": null,
      ""changes"": [],
      ""role"": null
    },
    {
      ""name"": ""ወእምፀሐይ"",
      ""visualTraits"": null,
      ""changes"": [],
      ""role"": null
    },
    {
      ""name"": ""ወእምወርኅ"",
      ""visualTraits"": null,
      ""changes"": [],
      ""role"": null
    },
    {
      ""name"": ""ወእምነ፡ዋብት"",
      ""visualTraits"": null,
      ""changes"": [],
      ""role"": null
    },
    {
      ""name"": ""ኀጢተሙ"",
      ""visualTraits"": null,
      ""changes"": [],
      ""role"": null
    }
  ],
  ""props"": [],
  ""environments"": [
    {
      ""name"": ""ሰማይ"",
      ""visualTraits"": null,
      ""changes"": [],
      ""role"": ""sky""
    },
    {
      ""name"": ""ምድር"",
      ""visualTraits"": null,
      ""changes"": [],
      ""role"": ""earth""
    }
  ],
  ""scenes"": [
    {
      ""title"": ""Chapter 100 Segment 10"",
      ""location"": null,
      ""action"": null,
      ""actorsInvolved"": [
        ""ወይእዜኒ"",
        ""እምሩ"",
        ""እስመ"",
        ""እመለእት"",
        ""ይትኀሠሥ"",
        ""ምግሪሙ"",
        ""ወእምፀሐይ"",
        ""ወእምወርኅ"",
        ""ወእምነ፡ዋብት"",
        ""ኀጢተሙ""
      ]
    }
  ],
  ""blocking"": {
    ""anchors"": [
      {
        ""id"": ""sky"",
        ""description"": ""sky""
      },
      {
        ""id"": ""earth"",
        ""description"": ""earth""
      }
    ],
    ""paths"": []
  }
}
```"
100,segment_011,segment,DONE,C:\Users\sasch\visionexe\stories\template\filmsets\story_100\segment_011\segment.txt,"```json
{
  ""actors"": [],
  ""props"": [],
  ""environments"": [],
  ""scenes"": [
    {
      ""title"": ""Chapter 100 Segment 11"",
      ""location"": null,
      ""action"": null,
      ""actorsInvolved"": []
    }
  ],
  ""blocking"": {
    ""anchors"": [],
    ""paths"": []
  }
}
```"
100,segment_012,segment,DONE,C:\Users\sasch\visionexe\stories\template\filmsets\story_100\segment_012\segment.txt,"```json
{
  ""actors"": [],
  ""props"": [],
  ""environments"": [],
  ""scenes"": [],
  ""blocking"": {
    ""anchors"": [],
    ""paths"": []
  }
}
```"
100,segment_013,segment,DONE,C:\Users\sasch\visionexe\stories\template\filmsets\story_100\segment_013\segment.txt,"```json
{
  ""actors"": [],
  ""props"": [],
  ""environments"": [],
  ""scenes"": [],
  ""blocking"": {
    ""anchors"": [],
    ""paths"": []
  }
}
```"
101,segment_001,segment,DONE,C:\Users\sasch\visionexe\stories\template\filmsets\story_101\segment_001\segment.txt,"```json
{
  ""actors"": [],
  ""props"": [],
  ""environments"": [],
  ""scenes"": [],
  ""blocking"": {
    ""anchors"": [],
    ""paths"": []
  }
}
```"
101,segment_002,segment,DONE,C:\Users\sasch\visionexe\stories\template\filmsets\story_101\segment_002\segment.txt,"```json
{
  ""actors"": [],
  ""props"": [],
  ""environments"": [],
  ""scenes"": [],
  ""blocking"": {
    ""anchors"": [],
    ""paths"": []
  }
}
```"
101,segment_003,segment,DONE,C:\Users\sasch\visionexe\stories\template\filmsets\story_101\segment_003\segment.txt,"{
  ""actors"": [],
  ""props"": [],
  ""environments"": [],
  ""scenes"": [],
  ""blocking"": {
    ""anchors"": [],
    ""paths"": []
  }
}"
101,segment_004,segment,DONE,C:\Users\sasch\visionexe\stories\template\filmsets\story_101\segment_004\segment.txt,"```json
{
  ""actors"": [],
  ""props"": [],
  ""environments"": [],
  ""scenes"": [],
  ""blocking"": {
    ""anchors"": [],
    ""paths"": []
  }
}
```"
101,segment_005,segment,DONE,C:\Users\sasch\visionexe\stories\template\filmsets\story_101\segment_005\segment.txt,"```json
{
  ""actors"": [
    {
      ""name"": ""ሠናይ"",
      ""visualTraits"": [],
      ""changes"": [],
      ""role"": ""unknown""
    },
    {
      ""name"": ""ምሳሌሆሙ"",
      ""visualTraits"": [],
      ""changes"": [],
      ""role"": ""unknown""
    },
    {
      ""name"": ""ኢይሔልዩ"",
      ""visualTraits"": [],
      ""changes"": [],
      ""role"": ""unknown""
    }
  ],
  ""props"": [],
  ""environments"": [
    {
      ""name"": ""ሕር"",
      ""visualTraits"": [],
      ""changes"": [],
      ""role"": ""unknown""
    },
    {
      ""name"": ""ውስቴታ"",
      ""visualTraits"": [],
      ""changes"": [],
      ""role"": ""unknown""
    }
  ],
  ""scenes"": [],
  ""blocking"": {
    ""anchors"": [],
    ""paths"": []
  }
}
```"
101,segment_006,segment,DONE,C:\Users\sasch\visionexe\stories\template\filmsets\story_101\segment_006\segment.txt,"```json
{
  ""actors"": [],
  ""props"": [],
  ""environments"": [],
  ""scenes"": [],
  ""blocking"": {
    ""anchors"": [],
    ""paths"": []
  }
}
```"
101,segment_007,segment,DONE,C:\Users\sasch\visionexe\stories\template\filmsets\story_101\segment_007\segment.txt,"```json
{
  ""actors"": [
    {
      ""name"": ""ወተግሠጹ"",
      ""visualTraits"": null,
      ""changes"": null,
      ""role"": ""unknown""
    },
    {
      ""name"": ""ትፈርህ"",
      ""visualTraits"": null,
      ""changes"": null,
      ""role"": ""unknown""
    },
    {
      ""name"": ""ወትየብስ"",
      ""visualTraits"": null,
      ""changes"": null,
      ""role"": ""unknown""
    },
    {
      ""name"": ""ወሉ"",
      ""visualTraits"": null,
      ""changes"": null,
      ""role"": ""unknown""
    },
    {
      ""name"": ""ዓሣቲሃ"",
      ""visualTraits"": null,
      ""changes"": null,
      ""role"": ""unknown""
    },
    {
      ""name"": ""ዘሀሎ"",
      ""visualTraits"": null,
      ""changes"": null,
      ""role"": ""unknown""
    },
    {
      ""name"": ""ውስቴታ"",
      ""visualTraits"": null,
      ""changes"": null,
      ""role"": ""unknown""
    },
    {
      ""name"": ""ወንትሙ"",
      ""visualTraits"": null,
      ""changes"": null,
      ""role"": ""unknown""
    },
    {
      ""name"": ""ኃጥን"",
      ""visualTraits"": null,
      ""changes"": null,
      ""role"": ""unknown""
    },
    {
      ""name"": ""ዲ"",
      ""visualTraits"": null,
      ""changes"": null,
      ""role"": ""unknown""
    },
    {
      ""name"": ""ምድር"",
      ""visualTraits"": null,
      ""changes"": null,
      ""role"": ""environment""
    },
    {
      ""name"": ""ኢትፈርህዎ"",
      ""visualTraits"": null,
      ""changes"": null,
      ""role"": ""unknown""
    }
  ],
  ""props"": [],
  ""environments"": [
    {
      ""name"": ""ምድር"",
      ""visualTraits"": null,
      ""changes"": null,
      ""role"": ""environment""
    },
    {
      ""name"": ""ውስቴታ"",
      ""visualTraits"": null,
      ""changes"": null,
      ""role"": ""environment""
    },
    {
      ""name"": ""ወንትሙ"",
      ""visualTraits"": null,
      ""changes"": null,
      ""role"": ""environment""
    },
    {
      ""name"": ""ኃጥን"",
      ""visualTraits"": null,
      ""changes"": null,
      ""role"": ""environment""
    }
  ],
  ""scenes"": [
    {
      ""title"": ""Chapter 101 Segment 7"",
      ""location"": null,
      ""action"": null,
      ""actorsInvolved"": [
        ""ወተግሠጹ"",
        ""ትፈርህ"",
        ""ወትየብስ"",
        ""ወሉ"",
        ""ዓሣቲሃ"",
        ""ዘሀሎ"",
        ""ውስቴታ"",
        ""ወንትሙ"",
        ""ኃጥን"",
        ""ዲ"",
        ""ምድር"",
        ""ኢትፈርህዎ""
      ]
    }
  ],
  ""blocking"": {
    ""anchors"": [
      {
        ""id"": ""anchor1"",
        ""description"": ""inside (ውስቴታ)""
      },
      {
        ""id"": ""anchor2"",
        ""description"": ""gate (ወንትሙ)""
      },
      {
        ""id"": ""anchor3"",
        ""description"": ""threshold (ኃጥን)""
      }
    ],
    ""paths"": []
  }
}
```"
101,segment_008,segment,DONE,C:\Users\sasch\visionexe\stories\template\filmsets\story_101\segment_008\segment.txt,"```json
{
  ""actors"": [
    {""name"":""ኑ፡ውእቱ"",""visualTraits"":null,""changes"":null,""role"":""character""},
    {""name"":""ገብረ"",""visualTraits"":null,""changes"":null,""role"":""character""},
    {""name"":""ሰማየ"",""visualTraits"":null,""changes"":null,""role"":""character""},
    {""name"":""ወምድረ"",""visualTraits"":null,""changes"":null,""role"":""character""},
    {""name"":""ወሎ"",""visualTraits"":null,""changes"":null,""role"":""character""},
    {""name"":""ዘሀሎ"",""visualTraits"":null,""changes"":null,""role"":""character""},
    {""name"":""ውስቴቶሙ"",""visualTraits"":null,""changes"":null,""role"":""character""},
    {""name"":""ወመኑ"",""visualTraits"":null,""changes"":null,""role"":""character""},
    {""name"":""ወሀ"",""visualTraits"":null,""changes"":null,""role"":""character""},
    {""name"":""ወትምህርተ"",""visualTraits"":null,""changes"":null,""role"":""character""},
    {""name"":""ወጥ"",""visualTraits"":null,""changes"":null,""role"":""character""},
    {""name"":""ለሎ"",""visualTraits"":null,""changes"":null,""role"":""character""},
    {""name"":""እለ፡ይትሐወሱ"",""visualTraits"":null,""changes"":null,""role"":""character""},
    {""name"":""ዲ"",""visualTraits"":null,""changes"":null,""role"":""character""},
    {""name"":""ወለእለ"",""visualTraits"":null,""changes"":null,""role"":""character""}
  ],
  ""props"": [],
  ""environments"": [
    {""name"":""ምድር"",""visualTraits"":null,""changes"":null,""role"":""setting""},
    {""name"":""ባሕር"",""visualTraits"":null,""changes"":null,""role"":""setting""}
  ],
  ""scenes"": [
    {
      ""title"":""Scene 1"",
      ""location"":null,
      ""action"":""ኑ፡ውእቱ፡ገብረ፡ሰማየ፡"",
      ""actorsInvolved"":[""ኑ፡ውእቱ"",""ገብረ"",""ሰማየ""]
    },
    {
      ""title"":""Scene 2"",
      ""location"":null,
      ""action"":""ወምድረ፡ወሎ፡ዘሀሎ፡"",
      ""actorsInvolved"":[""ወምድረ"",""ወሎ"",""ዘሀሎ""]
    },
    {
      ""title"":""Scene 3"",
      ""location"":null,
      ""action"":""ውስቴቶሙ፡ወመኑ፡ወሀ፡"",
      ""actorsInvolved"":[""ውስቴቶሙ"",""ወመኑ"",""ወሀ""]
    },
    {
      ""title"":""Scene 4"",
      ""location"":null,
      ""action"":""ወትምህርተ፡ወጥ፡ለሎ፡"",
      ""actorsInvolved"":[""ወትምህርተ"",""ወጥ"",""ለሎ""]
    },
    {
      ""title"":""Scene 5"",
      ""location"":""ምድር"",
      ""action"":""እለ፡ይትሐወሱ፡ዲ፡ምድር፡"",
      ""actorsInvolved"":[""እለ፡ይትሐወሱ"",""ዲ""]
    },
    {
      ""title"":""Scene 6"",
      ""location"":""ባሕር"",
      ""action"":""ወለእለ፡ባሕር፡"",
      ""actorsInvolved"":[""ወለእለ""]
    }
  ],
  ""blocking"": {
    ""anchors"": [],
    ""paths"": []
  }
}
```"
101,segment_009,segment,DONE,C:\Users\sasch\visionexe\stories\template\filmsets\story_101\segment_009\segment.txt,"```json
{
  ""actors"": [
    {
      ""name"": ""እ፡ውእቱ"",
      ""visualTraits"": null,
      ""changes"": [],
      ""role"": ""subject""
    },
    {
      ""name"": ""ነገሥተ፡ሕማር"",
      ""visualTraits"": null,
      ""changes"": [],
      ""role"": ""subject""
    },
    {
      ""name"": ""ለልዑል"",
      ""visualTraits"": null,
      ""changes"": [],
      ""role"": ""subject""
    }
  ],
  ""props"": [
    {
      ""name"": ""ወኃጥን"",
      ""visualTraits"": null,
      ""changes"": [],
      ""role"": ""object""
    }
  ],
  ""environments"": [
    {
      ""name"": ""ለባሕር"",
      ""visualTraits"": null,
      ""changes"": [],
      ""role"": ""setting""
    }
  ],
  ""scenes"": [
    {
      ""title"": ""Verse 1"",
      ""location"": ""unknown"",
      ""action"": ""Invocation to እ፡ውእቱ ነገሥተ፡ሕማር"",
      ""actorsInvolved"": [""እ፡ውእቱ"", ""ነገሥተ፡ሕማር""]
    },
    {
      ""title"": ""Verse 2"",
      ""location"": ""unknown"",
      ""action"": ""Request for ወኃጥን at ለባሕር"",
      ""actorsInvolved"": [""ወኃጥን"", ""ለባሕር""]
    },
    {
      ""title"": ""Verse 3"",
      ""location"": ""unknown"",
      ""action"": ""Child’s request"",
      ""actorsInvolved"": [""ለልዑል""]
    }
  ],
  ""blocking"": {
    ""anchors"": [],
    ""paths"": []
  }
}
```"
102,segment_001,segment,DONE,C:\Users\sasch\visionexe\stories\template\filmsets\story_102\segment_001\segment.txt,"```json
{
  ""actors"": [],
  ""props"": [],
  ""environments"": [],
  ""scenes"": [],
  ""blocking"": {
    ""anchors"": [],
    ""paths"": []
  }
}
```
"
102,segment_002,segment,DONE,C:\Users\sasch\visionexe\stories\template\filmsets\story_102\segment_002\segment.txt,"```json
{
  ""actors"": [
    {
      ""name"": ""Moon"",
      ""visualTraits"": null,
      ""changes"": null,
      ""role"": ""natural element""
    },
    {
      ""name"": ""Light"",
      ""visualTraits"": null,
      ""changes"": null,
      ""role"": ""natural element""
    },
    {
      ""name"": ""Wind"",
      ""visualTraits"": null,
      ""changes"": null,
      ""role"": ""natural element""
    },
    {
      ""name"": ""Star"",
      ""visualTraits"": null,
      ""changes"": null,
      ""role"": ""natural element""
    },
    {
      ""name"": ""Earth"",
      ""visualTraits"": null,
      ""changes"": null,
      ""role"": ""natural element""
    },
    {
      ""name"": ""Winter"",
      ""visualTraits"": null,
      ""changes"": null,
      ""role"": ""natural element""
    }
  ],
  ""props"": [],
  ""environments"": [],
  ""scenes"": [
    {
      ""title"": ""Poetic Verse"",
      ""location"": ""unknown"",
      ""action"": ""unknown"",
      ""actorsInvolved"": [
        ""Moon"",
        ""Light"",
        ""Wind"",
        ""Star"",
        ""Earth"",
        ""Winter""
      ]
    }
  ],
  ""blocking"": {
    ""anchors"": [],
    ""paths"": []
  }
}
```"
102,segment_003,segment,DONE,C:\Users\sasch\visionexe\stories\template\filmsets\story_102\segment_003\segment.txt,"```json
{
  ""actors"": [],
  ""props"": [],
  ""environments"": [],
  ""scenes"": [],
  ""blocking"": {
    ""anchors"": [],
    ""paths"": []
  }
}
```
"
102,segment_004,segment,DONE,C:\Users\sasch\visionexe\stories\template\filmsets\story_102\segment_004\segment.txt,"```json
{
  ""actors"": [],
  ""props"": [],
  ""environments"": [],
  ""scenes"": [],
  ""blocking"": {
    ""anchors"": [],
    ""paths"": []
  }
}
```"
102,segment_005,segment,DONE,C:\Users\sasch\visionexe\stories\template\filmsets\story_102\segment_005\segment.txt,"```json
{
  ""actors"": [
    {
      ""name"": ""ወኢትን"",
      ""visualTraits"": [],
      ""changes"": [],
      ""role"": ""unknown""
    }
  ],
  ""props"": [],
  ""environments"": [
    {
      ""name"": ""house interior"",
      ""visualTraits"": [],
      ""changes"": [],
      ""role"": ""setting""
    }
  ],
  ""scenes"": [],
  ""blocking"": {
    ""anchors"": [],
    ""paths"": []
  }
}
```"
102,segment_006,segment,DONE,C:\Users\sasch\visionexe\stories\template\filmsets\story_102\segment_006\segment.txt,"```json
{
  ""actors"": [],
  ""props"": [],
  ""environments"": [],
  ""scenes"": [
    {
      ""title"": ""Chapter 102 Segment 6"",
      ""location"": null,
      ""action"": ""chanting or recitation"",
      ""actorsInvolved"": []
    }
  ],
  ""blocking"": {
    ""anchors"": [],
    ""paths"": []
  }
}
```"
102,segment_007,segment,DONE,C:\Users\sasch\visionexe\stories\template\filmsets\story_102\segment_007\segment.txt,"```json
{
  ""actors"": [],
  ""props"": [],
  ""environments"": [],
  ""scenes"": [],
  ""blocking"": {
    ""anchors"": [],
    ""paths"": []
  }
}
```"
102,segment_008,segment,DONE,C:\Users\sasch\visionexe\stories\template\filmsets\story_102\segment_008\segment.txt,"```json
{
  ""actors"": [],
  ""props"": [],
  ""environments"": [],
  ""scenes"": [],
  ""blocking"": {
    ""anchors"": [],
    ""paths"": []
  }
}
```"
102,segment_009,segment,DONE,C:\Users\sasch\visionexe\stories\template\filmsets\story_102\segment_009\segment.txt,"```json
{
  ""actors"": [],
  ""props"": [],
  ""environments"": [],
  ""scenes"": [],
  ""blocking"": {
    ""anchors"": [],
    ""paths"": []
  }
}
```"
102,segment_010,segment,DONE,C:\Users\sasch\visionexe\stories\template\filmsets\story_102\segment_010\segment.txt,"```json
{
  ""actors"": [],
  ""props"": [],
  ""environments"": [],
  ""scenes"": [],
  ""blocking"": {
    ""anchors"": [],
    ""paths"": []
  }
}
```"
102,segment_011,segment,DONE,C:\Users\sasch\visionexe\stories\template\filmsets\story_102\segment_011\segment.txt,"```json
{
  ""actors"": [],
  ""props"": [],
  ""environments"": [],
  ""scenes"": [],
  ""blocking"": {
    ""anchors"": [],
    ""paths"": []
  }
}
```"
103,segment_001,segment,DONE,C:\Users\sasch\visionexe\stories\template\filmsets\story_103\segment_001\segment.txt,"```json
{
  ""actors"": [
    {
      ""name"": ""the king"",
      ""visualTraits"": ""unknown"",
      ""changes"": null,
      ""role"": ""central figure""
    }
  ],
  ""props"": [
    {
      ""name"": ""altar"",
      ""visualTraits"": ""unknown"",
      ""changes"": null,
      ""role"": ""central prop""
    }
  ],
  ""environments"": [
    {
      ""name"": ""gate"",
      ""visualTraits"": ""unknown"",
      ""changes"": null,
      ""role"": ""location""
    }
  ],
  ""scenes"": [
    {
      ""title"": ""Chant at gate and altar"",
      ""location"": ""gate/altar"",
      ""action"": ""chanting"",
      ""actorsInvolved"": [""the king""]
    }
  ],
  ""blocking"": {
    ""anchors"": [
      {
        ""id"": ""anchor1"",
        ""description"": ""gate""
      },
      {
        ""id"": ""anchor2"",
        ""description"": ""altar""
      }
    ],
    ""paths"": [
      {
        ""actor"": ""the king"",
        ""start_anchor"": ""anchor1"",
        ""end_anchor"": ""anchor2"",
        ""motion"": ""unknown"",
        ""duration_sec"": null,
        ""notes"": ""unknown""
      }
    ]
  }
}
```"
103,segment_002,segment,DONE,C:\Users\sasch\visionexe\stories\template\filmsets\story_103\segment_002\segment.txt,"```json
{
  ""actors"": [],
  ""props"": [],
  ""environments"": [
    {
      ""name"": ""sky"",
      ""visualTraits"": null,
      ""changes"": null,
      ""role"": ""setting""
    }
  ],
  ""scenes"": [
    {
      ""title"": ""Chapter 103 Segment 2"",
      ""location"": ""sky"",
      ""action"": null,
      ""actorsInvolved"": []
    }
  ],
  ""blocking"": {
    ""anchors"": [],
    ""paths"": []
  }
}
```"
103,segment_003,segment,DONE,C:\Users\sasch\visionexe\stories\template\filmsets\story_103\segment_003\segment.txt,"```json
{
  ""actors"": [],
  ""props"": [],
  ""environments"": [],
  ""scenes"": [],
  ""blocking"": {
    ""anchors"": [],
    ""paths"": []
  }
}
```"
103,segment_004,segment,DONE,C:\Users\sasch\visionexe\stories\template\filmsets\story_103\segment_004\segment.txt,"```json
{
  ""actors"": [],
  ""props"": [],
  ""environments"": [],
  ""scenes"": [
    {
      ""title"": ""ወየሐይዉ፡መንፈስሙ፡ለእለ፡"",
      ""location"": null,
      ""action"": null,
      ""actorsInvolved"": []
    },
    {
      ""title"": ""ሞትሙ፡ጽድቅ፡"",
      ""location"": null,
      ""action"": null,
      ""actorsInvolved"": []
    },
    {
      ""title"": ""ወይትፌሥሑ፡ወይትሐሠዩ፡"",
      ""location"": null,
      ""action"": null,
      ""actorsInvolved"": []
    },
    {
      ""title"": ""መናፍስቲሆሙ፡ወተዝሮሙ፡"",
      ""location"": null,
      ""action"": null,
      ""actorsInvolved"": []
    },
    {
      ""title"": ""እምቅድመ፡ገጹ፡ለዓቢይ፡ለሉ፡"",
      ""location"": null,
      ""action"": null,
      ""actorsInvolved"": []
    },
    {
      ""title"": ""ትውልደ፡ዓለም፡ወይእዜኒ፡"",
      ""location"": null,
      ""action"": null,
      ""actorsInvolved"": []
    },
    {
      ""title"": ""ኢትፍርህዎሙ፡ለኀሣሮሙ፨"",
      ""location"": null,
      ""action"": null,
      ""actorsInvolved"": []
    }
  ],
  ""blocking"": {
    ""anchors"": [],
    ""paths"": []
  }
}
```"
103,segment_005,segment,DONE,C:\Users\sasch\visionexe\stories\template\filmsets\story_103\segment_005\segment.txt,"```json
{
  ""actors"": [],
  ""props"": [],
  ""environments"": [],
  ""scenes"": [],
  ""blocking"": {
    ""anchors"": [],
    ""paths"": []
  }
}
```"
103,segment_006,segment,DONE,C:\Users\sasch\visionexe\stories\template\filmsets\story_103\segment_006\segment.txt,"```json
{
  ""actors"": [
    {
      ""name"": ""Narrator"",
      ""visualTraits"": null,
      ""changes"": null,
      ""role"": ""protagonist""
    },
    {
      ""name"": ""Death"",
      ""visualTraits"": null,
      ""changes"": null,
      ""role"": ""antagonist""
    },
    {
      ""name"": ""Life"",
      ""visualTraits"": null,
      ""changes"": null,
      ""role"": ""antagonist""
    }
  ],
  ""props"": [],
  ""environments"": [],
  ""scenes"": [
    {
      ""title"": ""Death of the Narrator"",
      ""location"": ""unknown"",
      ""action"": ""Narrator acknowledges the presence of death and life"",
      ""actorsInvolved"": [""Narrator"", ""Death"", ""Life""]
    }
  ],
  ""blocking"": {
    ""anchors"": [],
    ""paths"": []
  }
}
```"
103,segment_007,segment,DONE,C:\Users\sasch\visionexe\stories\template\filmsets\story_103\segment_007\segment.txt,"```json
{
  ""actors"": [],
  ""props"": [],
  ""environments"": [],
  ""scenes"": [],
  ""blocking"": {
    ""anchors"": [],
    ""paths"": []
  }
}
```"
103,segment_008,segment,DONE,C:\Users\sasch\visionexe\stories\template\filmsets\story_103\segment_008\segment.txt,"```json
{
  ""actors"": [],
  ""props"": [],
  ""environments"": [],
  ""scenes"": [],
  ""blocking"": {
    ""anchors"": [],
    ""paths"": []
  }
}
```"
103,segment_009,segment,DONE,C:\Users\sasch\visionexe\stories\template\filmsets\story_103\segment_009\segment.txt,"```json
{
  ""actors"": [],
  ""props"": [],
  ""environments"": [],
  ""scenes"": [],
  ""blocking"": {
    ""anchors"": [],
    ""paths"": []
  }
}
```"
103,segment_010,segment,DONE,C:\Users\sasch\visionexe\stories\template\filmsets\story_103\segment_010\segment.txt,"```json
{
  ""actors"": [],
  ""props"": [],
  ""environments"": [],
  ""scenes"": [],
  ""blocking"": {
    ""anchors"": [],
    ""paths"": []
  }
}
```"
103,segment_011,segment,DONE,C:\Users\sasch\visionexe\stories\template\filmsets\story_103\segment_011\segment.txt,"```json
{
  ""actors"": [],
  ""props"": [],
  ""environments"": [],
  ""scenes"": [],
  ""blocking"": {
    ""anchors"": [],
    ""paths"": []
  }
}
```"
103,segment_012,segment,DONE,C:\Users\sasch\visionexe\stories\template\filmsets\story_103\segment_012\segment.txt,"```json
{
  ""actors"": [],
  ""props"": [],
  ""environments"": [],
  ""scenes"": [],
  ""blocking"": {
    ""anchors"": [],
    ""paths"": []
  }
}
```"
103,segment_013,segment,DONE,C:\Users\sasch\visionexe\stories\template\filmsets\story_103\segment_013\segment.txt,"{
  ""actors"": [],
  ""props"": [],
  ""environments"": [],
  ""scenes"": [],
  ""blocking"": {
    ""anchors"": [],
    ""paths"": []
  }
}"
103,segment_014,segment,DONE,C:\Users\sasch\visionexe\stories\template\filmsets\story_103\segment_014\segment.txt,"```json
{
  ""actors"": [],
  ""props"": [],
  ""environments"": [],
  ""scenes"": [],
  ""blocking"": {
    ""anchors"": [],
    ""paths"": []
  }
}
```"
103,segment_015,segment,DONE,C:\Users\sasch\visionexe\stories\template\filmsets\story_103\segment_015\segment.txt,"```json
{
  ""actors"": [],
  ""props"": [],
  ""environments"": [],
  ""scenes"": [],
  ""blocking"": {
    ""anchors"": [],
    ""paths"": []
  }
}
```"
104,segment_001,segment,DONE,C:\Users\sasch\visionexe\stories\template\filmsets\story_104\segment_001\segment.txt,"```json
{
  ""actors"": [
    {
      ""name"": ""እምሕል"",
      ""visualTraits"": null,
      ""changes"": null,
      ""role"": ""unknown""
    },
    {
      ""name"": ""ለሙ"",
      ""visualTraits"": null,
      ""changes"": null,
      ""role"": ""unknown""
    },
    {
      ""name"": ""እስመ"",
      ""visualTraits"": null,
      ""changes"": null,
      ""role"": ""unknown""
    }
  ],
  ""props"": [],
  ""environments"": [
    {
      ""name"": ""ሰማይ"",
      ""visualTraits"": null,
      ""changes"": null,
      ""role"": ""background""
    }
  ],
  ""scenes"": [
    {
      ""title"": ""Chapter 104 Segment 1"",
      ""location"": ""Sky"",
      ""action"": ""Invocation/Prayer"",
      ""actorsInvolved"": [""እምሕል"", ""ለሙ"", ""እስመ"", ""ሰማይ""]
    }
  ],
  ""blocking"": {
    ""anchors"": [],
    ""paths"": []
  }
}
```"
104,segment_002,segment,DONE,C:\Users\sasch\visionexe\stories\template\filmsets\story_104\segment_002\segment.txt,"{
  ""actors"": [],
  ""props"": [],
  ""environments"": [
    {
      ""name"": ""sky"",
      ""visualTraits"": null,
      ""changes"": null,
      ""role"": ""environment""
    }
  ],
  ""scenes"": [],
  ""blocking"": {
    ""anchors"": [],
    ""paths"": []
  }
}"
104,segment_003,segment,DONE,C:\Users\sasch\visionexe\stories\template\filmsets\story_104\segment_003\segment.txt,"```json
{
  ""actors"": [],
  ""props"": [],
  ""environments"": [],
  ""scenes"": [
    {
      ""title"": ""Chapter 104 Segment 3"",
      ""location"": null,
      ""action"": null,
      ""actorsInvolved"": []
    }
  ],
  ""blocking"": {
    ""anchors"": [],
    ""paths"": []
  }
}
```"
104,segment_004,segment,DONE,C:\Users\sasch\visionexe\stories\template\filmsets\story_104\segment_004\segment.txt,"```json
{
  ""actors"": [],
  ""props"": [],
  ""environments"": [
    {
      ""name"": ""Abay"",
      ""visualTraits"": ""unknown"",
      ""changes"": ""unknown"",
      ""role"": ""environment""
    },
    {
      ""name"": ""Semay"",
      ""visualTraits"": ""unknown"",
      ""changes"": ""unknown"",
      ""role"": ""environment""
    }
  ],
  ""scenes"": [
    {
      ""title"": ""Line 1"",
      ""location"": ""unknown"",
      ""action"": ""ተሰፈዉ፡ወኢትኅድጉ፡"",
      ""actorsInvolved"": ""unknown""
    },
    {
      ""title"": ""Line 2"",
      ""location"": ""unknown"",
      ""action"": ""ተስፋሙ፡እስመ፡ትውን፡"",
      ""actorsInvolved"": ""unknown""
    },
    {
      ""title"": ""Line 3"",
      ""location"": ""unknown"",
      ""action"": ""ለሙ፡ፍሥሓ፡ዐባይ፡መ፡"",
      ""actorsInvolved"": ""unknown""
    },
    {
      ""title"": ""Line 4"",
      ""location"": ""unknown"",
      ""action"": ""መላእተ፡ሰማይ፨"",
      ""actorsInvolved"": ""unknown""
    }
  ],
  ""blocking"": {
    ""anchors"": [],
    ""paths"": []
  }
}
```"
104,segment_005,segment,DONE,C:\Users\sasch\visionexe\stories\template\filmsets\story_104\segment_005\segment.txt,"{""actors"":[],""props"":[],""environments"":[],""scenes"":[],""blocking"":{""anchors"":[],""paths"":[]}}"
104,segment_006,segment,DONE,C:\Users\sasch\visionexe\stories\template\filmsets\story_104\segment_006\segment.txt,"{
  ""actors"": [],
  ""props"": [],
  ""environments"": [],
  ""scenes"": [],
  ""blocking"": {
    ""anchors"": [],
    ""paths"": []
  }
}"
104,segment_007,segment,DONE,C:\Users\sasch\visionexe\stories\template\filmsets\story_104\segment_007\segment.txt,"{
  ""actors"": [],
  ""props"": [],
  ""environments"": [],
  ""scenes"": [],
  ""blocking"": {
    ""anchors"": [],
    ""paths"": []
  }
}"
104,segment_008,segment,DONE,C:\Users\sasch\visionexe\stories\template\filmsets\story_104\segment_008\segment.txt,"{
  ""actors"": [],
  ""props"": [],
  ""environments"": [],
  ""scenes"": [],
  ""blocking"": {
    ""anchors"": [],
    ""paths"": []
  }
}"
104,segment_009,segment,DONE,C:\Users\sasch\visionexe\stories\template\filmsets\story_104\segment_009\segment.txt,"```json
{
  ""actors"": [],
  ""props"": [],
  ""environments"": [],
  ""scenes"": [],
  ""blocking"": {
    ""anchors"": [],
    ""paths"": []
  }
}
```"
104,segment_010,segment,DONE,C:\Users\sasch\visionexe\stories\template\filmsets\story_104\segment_010\segment.txt,"```json
{
  ""actors"": [],
  ""props"": [],
  ""environments"": [],
  ""scenes"": [],
  ""blocking"": {
    ""anchors"": [],
    ""paths"": []
  }
}
```"
104,segment_012,segment,DONE,C:\Users\sasch\visionexe\stories\template\filmsets\story_104\segment_012\segment.txt,"```json
{
  ""actors"": [
    {""name"":""ወሶሰ"",""visualTraits"":null,""changes"":null,""role"":""unknown""},
    {""name"":""ርትዕ"",""visualTraits"":null,""changes"":null,""role"":""unknown""},
    {""name"":""ወኢይዌልጡ"",""visualTraits"":null,""changes"":null,""role"":""unknown""},
    {""name"":""ወኢያሐጽጹ"",""visualTraits"":null,""changes"":null,""role"":""unknown""},
    {""name"":""የ"",""visualTraits"":null,""changes"":null,""role"":""unknown""},
    {""name"":""ስማዕኩ"",""visualTraits"":null,""changes"":null,""role"":""unknown""},
    {""name"":""ወል"",""visualTraits"":null,""changes"":null,""role"":""unknown""},
    {""name"":""ምር፨እስመ"",""visualTraits"":null,""changes"":null,""role"":""unknown""},
    {""name"":""ወለጠቢባን"",""visualTraits"":null,""changes"":null,""role"":""unknown""},
    {""name"":""ወለርትዕ"",""visualTraits"":null,""changes"":null,""role"":""unknown""},
    {""name"":""ወለጥብ"",""visualTraits"":null,""changes"":null,""role"":""unknown""},
    {""name"":""ብዙኅ"",""visualTraits"":null,""changes"":null,""role"":""unknown""}
  ],
  ""props"": [
    {""name"":""ይጽሕፉ"",""visualTraits"":null,""changes"":null,""role"":""unknown""},
    {""name"":""መጻሕፍታት"",""visualTraits"":null,""changes"":null,""role"":""unknown""},
    {""name"":""ምር፨እስመ"",""visualTraits"":null,""changes"":null,""role"":""unknown""},
    {""name"":""ወለጠቢባን"",""visualTraits"":null,""changes"":null,""role"":""unknown""},
    {""name"":""ወለርትዕ"",""visualTraits"":null,""changes"":null,""role"":""unknown""},
    {""name"":""ወለጥብ"",""visualTraits"":null,""changes"":null,""role"":""unknown""}
  ],
  ""environments"": [],
  ""scenes"": [],
  ""blocking"": {
    ""anchors"": [],
    ""paths"": []
  }
}
```"
104,segment_013,segment,DONE,C:\Users\sasch\visionexe\stories\template\filmsets\story_104\segment_013\segment.txt,"{
  ""actors"": [],
  ""props"": [
    {
      ""name"": ""መጸሕፍተ"",
      ""visualTraits"": ""unknown"",
      ""changes"": ""none"",
      ""role"": ""prop""
    }
  ],
  ""environments"": [],
  ""scenes"": [],
  ""blocking"": {
    ""anchors"": [],
    ""paths"": []
  }
}"
105,segment_001,segment,DONE,C:\Users\sasch\visionexe\stories\template\filmsets\story_105\segment_001\segment.txt,"```json
{
  ""actors"": [
    {
      ""name"": ""እግዚእ"",
      ""visualTraits"": null,
      ""changes"": null,
      ""role"": ""deity""
    }
  ],
  ""props"": [],
  ""environments"": [
    {
      ""name"": ""ምድር"",
      ""visualTraits"": null,
      ""changes"": null,
      ""role"": ""ground""
    }
  ],
  ""scenes"": [],
  ""blocking"": {
    ""anchors"": [],
    ""paths"": []
  }
}
```"
105,segment_002,segment,DONE,C:\Users\sasch\visionexe\stories\template\filmsets\story_105\segment_002\segment.txt,"{
  ""actors"": [],
  ""props"": [],
  ""environments"": [],
  ""scenes"": [],
  ""blocking"": {
    ""anchors"": [],
    ""paths"": []
  }
}"
106,segment_001,segment,DONE,C:\Users\sasch\visionexe\stories\template\filmsets\story_106\segment_001\segment.txt,"```json
{
  ""actors"": [],
  ""props"": [],
  ""environments"": [],
  ""scenes"": [],
  ""blocking"": {
    ""anchors"": [],
    ""paths"": []
  }
}
```"
106,segment_002,segment,DONE,C:\Users\sasch\visionexe\stories\template\filmsets\story_106\segment_002\segment.txt,"```json
{
  ""actors"": [],
  ""props"": [],
  ""environments"": [
    {
      ""name"": ""Sun"",
      ""visualTraits"": null,
      ""changes"": null,
      ""role"": ""environment""
    },
    {
      ""name"": ""House"",
      ""visualTraits"": null,
      ""changes"": null,
      ""role"": ""environment""
    }
  ],
  ""scenes"": [],
  ""blocking"": {
    ""anchors"": [],
    ""paths"": []
  }
}
```"
106,segment_003,segment,DONE,C:\Users\sasch\visionexe\stories\template\filmsets\story_106\segment_003\segment.txt,"```json
{
  ""actors"": [
    {
      ""name"": ""God"",
      ""visualTraits"": null,
      ""changes"": null,
      ""role"": ""deity""
    },
    {
      ""name"": ""Speaker"",
      ""visualTraits"": null,
      ""changes"": null,
      ""role"": ""speaker""
    }
  ],
  ""props"": [],
  ""environments"": [],
  ""scenes"": [
    {
      ""title"": ""Speech to God"",
      ""location"": ""unknown"",
      ""action"": ""Speaker speaks to God"",
      ""actorsInvolved"": [""Speaker"", ""God""]
    }
  ],
  ""blocking"": {
    ""anchors"": [],
    ""paths"": []
  }
}
```"
106,segment_004,segment,DONE,C:\Users\sasch\visionexe\stories\template\filmsets\story_106\segment_004\segment.txt,"{
  ""actors"": [],
  ""props"": [],
  ""environments"": [],
  ""scenes"": [
    {
      ""title"": ""Chapter 106 Segment 4"",
      ""location"": null,
      ""action"": null,
      ""actorsInvolved"": null
    }
  ],
  ""blocking"": {
    ""anchors"": [],
    ""paths"": []
  }
}"
106,segment_005,segment,DONE,C:\Users\sasch\visionexe\stories\template\filmsets\story_106\segment_005\segment.txt,"```json
{
  ""actors"": [],
  ""props"": [],
  ""environments"": [],
  ""scenes"": [
    {
      ""title"": ""Chapter 106 Segment 5"",
      ""location"": null,
      ""action"": ""chanting/prayer"",
      ""actorsInvolved"": []
    }
  ],
  ""blocking"": {
    ""anchors"": [],
    ""paths"": []
  }
}
```"
106,segment_006,segment,DONE,C:\Users\sasch\visionexe\stories\template\filmsets\story_106\segment_006\segment.txt,"```json
{
  ""actors"": [],
  ""props"": [],
  ""environments"": [],
  ""scenes"": [],
  ""blocking"": {
    ""anchors"": [],
    ""paths"": []
  }
}
```"
106,segment_007,segment,DONE,C:\Users\sasch\visionexe\stories\template\filmsets\story_106\segment_007\segment.txt,"```json
{
  ""actors"": [
    {
      ""name"": ""እግዚእየ"",
      ""visualTraits"": null,
      ""changes"": null,
      ""role"": ""deity""
    },
    {
      ""name"": ""እመላእት"",
      ""visualTraits"": null,
      ""changes"": null,
      ""role"": ""angel""
    },
    {
      ""name"": ""ወነዮው"",
      ""visualTraits"": null,
      ""changes"": null,
      ""role"": ""entity""
    },
    {
      ""name"": ""ቡየ"",
      ""visualTraits"": null,
      ""changes"": null,
      ""role"": ""entity""
    },
    {
      ""name"": ""ኅለፋ"",
      ""visualTraits"": null,
      ""changes"": null,
      ""role"": ""entity""
    },
    {
      ""name"": ""ወየኀልፋ"",
      ""visualTraits"": null,
      ""changes"": null,
      ""role"": ""entity""
    },
    {
      ""name"": ""ወምስለ"",
      ""visualTraits"": null,
      ""changes"": null,
      ""role"": ""entity""
    },
    {
      ""name"": ""ንሳት"",
      ""visualTraits"": null,
      ""changes"": null,
      ""role"": ""entity""
    },
    {
      ""name"": ""ኀጢተ"",
      ""visualTraits"": null,
      ""changes"": null,
      ""role"": ""entity""
    }
  ],
  ""props"": [
    {
      ""name"": ""ሥርዓተ"",
      ""visualTraits"": null,
      ""changes"": null,
      ""role"": ""system""
    }
  ],
  ""environments"": [
    {
      ""name"": ""ሰማይ"",
      ""visualTraits"": null,
      ""changes"": null,
      ""role"": ""sky""
    },
    {
      ""name"": ""ትውልዱ"",
      ""visualTraits"": null,
      ""changes"": null,
      ""role"": ""generation""
    }
  ],
  ""scenes"": [
    {
      ""title"": ""Invocation"",
      ""location"": ""ሰማይ"",
      ""action"": ""invoke and request the bringing of entities and system"",
      ""actorsInvolved"": [
        ""እግዚእየ"",
        ""እመላእት"",
        ""ወነዮው"",
        ""ቡየ"",
        ""ኅለፋ"",
        ""ወየኀልፋ"",
        ""ወምስለ"",
        ""ንሳት"",
        ""ኀጢተ""
      ]
    }
  ],
  ""blocking"": {
    ""anchors"": [
      {
        ""id"": ""sky"",
        ""description"": ""the sky""
      },
      {
        ""id"": ""generation"",
        ""description"": ""the generation""
      },
      {
        ""id"": ""system"",
        ""description"": ""the system""
      }
    ],
    ""paths"": []
  }
}
```"
106,segment_008,segment,DONE,C:\Users\sasch\visionexe\stories\template\filmsets\story_106\segment_008\segment.txt,"```json
{
  ""actors"": [
    {
      ""name"": ""ወውሰቡ"",
      ""visualTraits"": null,
      ""changes"": null,
      ""role"": ""unknown""
    },
    {
      ""name"": ""እምሆን"",
      ""visualTraits"": null,
      ""changes"": null,
      ""role"": ""unknown""
    },
    {
      ""name"": ""ወወለዱ"",
      ""visualTraits"": null,
      ""changes"": null,
      ""role"": ""unknown""
    },
    {
      ""name"": ""ደቂቀ"",
      ""visualTraits"": null,
      ""changes"": null,
      ""role"": ""unknown""
    },
    {
      ""name"": ""ወሐጕል"",
      ""visualTraits"": null,
      ""changes"": null,
      ""role"": ""unknown""
    },
    {
      ""name"": ""ዐቢይ"",
      ""visualTraits"": null,
      ""changes"": null,
      ""role"": ""unknown""
    },
    {
      ""name"": ""ይወን"",
      ""visualTraits"": null,
      ""changes"": null,
      ""role"": ""unknown""
    },
    {
      ""name"": ""ዲ"",
      ""visualTraits"": null,
      ""changes"": null,
      ""role"": ""unknown""
    },
    {
      ""name"": ""ይኅ"",
      ""visualTraits"": null,
      ""changes"": null,
      ""role"": ""unknown""
    },
    {
      ""name"": ""ይውን"",
      ""visualTraits"": null,
      ""changes"": null,
      ""role"": ""unknown""
    },
    {
      ""name"": ""ባሐዲ"",
      ""visualTraits"": null,
      ""changes"": null,
      ""role"": ""unknown""
    }
  ],
  ""props"": [],
  ""environments"": [
    {
      ""name"": ""ምድር"",
      ""visualTraits"": null,
      ""changes"": null,
      ""role"": ""environment""
    },
    {
      ""name"": ""ወማየ"",
      ""visualTraits"": null,
      ""changes"": null,
      ""role"": ""environment""
    },
    {
      ""name"": ""ዐመት"",
      ""visualTraits"": null,
      ""changes"": null,
      ""role"": ""environment""
    }
  ],
  ""scenes"": [
    {
      ""title"": ""Segment 8"",
      ""location"": null,
      ""action"": null,
      ""actorsInvolved"": [
        ""ወውሰቡ"",
        ""እምሆን"",
        ""ወወለዱ"",
        ""ደቂቀ"",
        ""ወሐጕል"",
        ""ዐቢይ"",
        ""ይወን"",
        ""ዲ"",
        ""ይኅ"",
        ""ይውን"",
        ""ባሐዲ""
      ]
    }
  ],
  ""blocking"": {
    ""anchors"": [],
    ""paths"": []
  }
}
```"
106,segment_009,segment,DONE,C:\Users\sasch\visionexe\stories\template\filmsets\story_106\segment_009\segment.txt,"```json
{
  ""actors"": [
    {
      ""name"": ""Wind"",
      ""visualTraits"": null,
      ""changes"": null,
      ""role"": ""natural element""
    },
    {
      ""name"": ""Sun"",
      ""visualTraits"": null,
      ""changes"": null,
      ""role"": ""natural element""
    },
    {
      ""name"": ""People"",
      ""visualTraits"": null,
      ""changes"": null,
      ""role"": ""human group""
    }
  ],
  ""props"": [],
  ""environments"": [
    {
      ""name"": ""Earth"",
      ""visualTraits"": null,
      ""changes"": null,
      ""role"": ""ground""
    }
  ],
  ""scenes"": [
    {
      ""title"": ""Natural Elements Chant"",
      ""location"": ""Earth"",
      ""action"": ""chanting about wind, sun, and people"",
      ""actorsInvolved"": [""Wind"", ""Sun"", ""People""]
    }
  ],
  ""blocking"": {
    ""anchors"": [],
    ""paths"": []
  }
}
```"
106,segment_010,segment,DONE,C:\Users\sasch\visionexe\stories\template\filmsets\story_106\segment_010\segment.txt,"```json
{
  ""actors"": [
    {
      ""name"": ""ዘመንፈስ"",
      ""visualTraits"": [],
      ""changes"": [],
      ""role"": ""unknown""
    },
    {
      ""name"": ""ወይውን"",
      ""visualTraits"": [],
      ""changes"": [],
      ""role"": ""unknown""
    },
    {
      ""name"": ""ዐቢይ"",
      ""visualTraits"": [],
      ""changes"": [],
      ""role"": ""unknown""
    },
    {
      ""name"": ""ዲ"",
      ""visualTraits"": [],
      ""changes"": [],
      ""role"": ""unknown""
    },
    {
      ""name"": ""እምሉ"",
      ""visualTraits"": [],
      ""changes"": [],
      ""role"": ""unknown""
    },
    {
      ""name"": ""ሙስና"",
      ""visualTraits"": [],
      ""changes"": [],
      ""role"": ""unknown""
    }
  ],
  ""props"": [
    {
      ""name"": ""ወትትሐፀብ"",
      ""visualTraits"": [],
      ""changes"": [],
      ""role"": ""unknown""
    }
  ],
  ""environments"": [
    {
      ""name"": ""ምድር"",
      ""visualTraits"": [],
      ""changes"": [],
      ""role"": ""unknown""
    }
  ],
  ""scenes"": [
    {
      ""title"": ""Unknown"",
      ""location"": ""ምድር"",
      ""action"": ""Unknown"",
      ""actorsInvolved"": [
        ""ዘመንፈስ"",
        ""ወይውን"",
        ""ዐቢይ"",
        ""ዲ"",
        ""እምሉ"",
        ""ሙስና""
      ]
    }
  ],
  ""blocking"": {
    ""anchors"": [],
    ""paths"": []
  }
}
```"
106,segment_011,segment,DONE,C:\Users\sasch\visionexe\stories\template\filmsets\story_106\segment_011\segment.txt,"{
  ""actors"": [],
  ""props"": [],
  ""environments"": [],
  ""scenes"": [],
  ""blocking"": {
    ""anchors"": [],
    ""paths"": []
  }
}"
106,segment_012,segment,DONE,C:\Users\sasch\visionexe\stories\template\filmsets\story_106\segment_012\segment.txt,"```json
{
  ""actors"": [],
  ""props"": [],
  ""environments"": [
    {
      ""name"": ""Earth"",
      ""visualTraits"": ""natural ground"",
      ""changes"": null,
      ""role"": ""setting""
    }
  ],
  ""scenes"": [],
  ""blocking"": {
    ""anchors"": [],
    ""paths"": []
  }
}
```"
106,segment_013,segment,DONE,C:\Users\sasch\visionexe\stories\template\filmsets\story_106\segment_013\segment.txt,"```json
{
  ""actors"": [
    {
      ""name"": ""እግዚእ"",
      ""visualTraits"": null,
      ""changes"": null,
      ""role"": ""creator""
    }
  ],
  ""props"": [],
  ""environments"": [
    {
      ""name"": ""ሰማይ"",
      ""visualTraits"": null,
      ""changes"": null,
      ""role"": ""sky""
    },
    {
      ""name"": ""ምድር"",
      ""visualTraits"": null,
      ""changes"": null,
      ""role"": ""earth""
    }
  ],
  ""scenes"": [
    {
      ""title"": ""Creation"",
      ""location"": ""sky and earth"",
      ""action"": ""creation"",
      ""actorsInvolved"": [""እግዚእ""]
    }
  ],
  ""blocking"": {
    ""anchors"": [],
    ""paths"": []
  }
}
```"
106,segment_014,segment,DONE,C:\Users\sasch\visionexe\stories\template\filmsets\story_106\segment_014\segment.txt,"```json
{
  ""actors"": [],
  ""props"": [
    {""name"":""ሠናይ"",""visualTraits"":null,""changes"":null,""role"":null},
    {""name"":""ወኀጢት"",""visualTraits"":null,""changes"":null,""role"":null},
    {""name"":""ጽድቅ"",""visualTraits"":null,""changes"":null,""role"":null}
  ],
  ""environments"": [
    {""name"":""ምድር"",""visualTraits"":null,""changes"":null,""role"":null}
  ],
  ""scenes"": [
    {""title"":""Verse 1"",""location"":""ምድር"",""action"":""እስመ፡ትትነሣእ፡ትውልደ፡"",""actorsInvolved"":[]},
    {""title"":""Verse 2"",""location"":""ምድር"",""action"":""ጽድቅ፡ወሳ፡ትትሐጐል፡"",""actorsInvolved"":[]},
    {""title"":""Verse 3"",""location"":""ምድር"",""action"":""ወኀጢት፡ትትለሐሳ፡እምዲ፡"",""actorsInvolved"":[]},
    {""title"":""Verse 4"",""location"":""ምድር"",""action"":""ምድር፡ወሉ፡ሠናይ፡ይመጽእ፡"",""actorsInvolved"":[]},
    {""title"":""Verse 5"",""location"":""ምድር"",""action"":""ዲቤሃ፨"",""actorsInvolved"":[]}
  ],
  ""blocking"": {
    ""anchors"": [],
    ""paths"": []
  }
}
```"
107,segment_001,segment,DONE,C:\Users\sasch\visionexe\stories\template\filmsets\story_107\segment_001\segment.txt,"```json
{
  ""actors"": [],
  ""props"": [],
  ""environments"": [],
  ""scenes"": [],
  ""blocking"": {
    ""anchors"": [],
    ""paths"": []
  }
}
```"
107,segment_002,segment,DONE,C:\Users\sasch\visionexe\stories\template\filmsets\story_107\segment_002\segment.txt,"{
  ""actors"": [],
  ""props"": [],
  ""environments"": [],
  ""scenes"": [],
  ""blocking"": {
    ""anchors"": [],
    ""paths"": []
  }
}"
107,segment_003,segment,DONE,C:\Users\sasch\visionexe\stories\template\filmsets\story_107\segment_003\segment.txt,"```json
{
  ""actors"": [
    {""name"":""ወገብኡ"",""visualTraits"":null,""changes"":null,""role"":""unknown""},
    {""name"":""ርእዮ"",""visualTraits"":null,""changes"":null,""role"":""unknown""},
    {""name"":""ወሰማየ"",""visualTraits"":null,""changes"":null,""role"":""unknown""},
    {""name"":""ስም"",""visualTraits"":null,""changes"":null,""role"":""unknown""},
    {""name"":""ለዝ"",""visualTraits"":null,""changes"":null,""role"":""unknown""},
    {""name"":""ኩ"",""visualTraits"":null,""changes"":null,""role"":""unknown""},
    {""name"":""ወልድ"",""visualTraits"":null,""changes"":null,""role"":""unknown""},
    {""name"":""ኖሕ"",""visualTraits"":null,""changes"":null,""role"":""unknown""},
    {""name"":""እስመ"",""visualTraits"":null,""changes"":null,""role"":""unknown""},
    {""name"":""ውእቱ"",""visualTraits"":null,""changes"":null,""role"":""unknown""},
    {""name"":""ያስተፈሥሐ"",""visualTraits"":null,""changes"":null,""role"":""unknown""},
    {""name"":""ለምድር"",""visualTraits"":null,""changes"":null,""role"":""unknown""},
    {""name"":""እምሉ"",""visualTraits"":null,""changes"":null,""role"":""unknown""},
    {""name"":""ሐጕል"",""visualTraits"":null,""changes"":null,""role"":""unknown""}
  ],
  ""props"": [],
  ""environments"": [],
  ""scenes"": [
    {
      ""title"":""Chapter 107 Segment 3"",
      ""location"":""unknown"",
      ""action"":""unknown"",
      ""actorsInvolved"":[
        ""ወገብኡ"",""ርእዮ"",""ወሰማየ"",""ስም"",""ለዝ"",""ኩ"",""ወልድ"",""ኖሕ"",""እስመ"",""ውእቱ"",""ያስተፈሥሐ"",""ለምድር"",""እምሉ"",""ሐጕል""
      ]
    }
  ],
  ""blocking"": {
    ""anchors"": [],
    ""paths"": []
  }
}
```"
108,segment_001,segment,DONE,C:\Users\sasch\visionexe\stories\template\filmsets\story_108\segment_001\segment.txt,"```json
{
  ""actors"": [
    {
      ""name"": ""Henou"",
      ""visualTraits"": null,
      ""changes"": null,
      ""role"": ""author""
    },
    {
      ""name"": ""Matusala"",
      ""visualTraits"": null,
      ""changes"": null,
      ""role"": ""unknown""
    },
    {
      ""name"": ""Yimetsu"",
      ""visualTraits"": null,
      ""changes"": null,
      ""role"": ""unknown""
    },
    {
      ""name"": ""Emdeheru"",
      ""visualTraits"": null,
      ""changes"": null,
      ""role"": ""unknown""
    },
    {
      ""name"": ""We ye aqebu"",
      ""visualTraits"": null,
      ""changes"": null,
      ""role"": ""unknown""
    },
    {
      ""name"": ""Dehari"",
      ""visualTraits"": null,
      ""changes"": null,
      ""role"": ""unknown""
    },
    {
      ""name"": ""Mewawil"",
      ""visualTraits"": null,
      ""changes"": null,
      ""role"": ""unknown""
    }
  ],
  ""props"": [
    {
      ""name"": ""Book"",
      ""visualTraits"": null,
      ""changes"": null,
      ""role"": ""written by Henou""
    }
  ],
  ""environments"": [],
  ""scenes"": [
    {
      ""title"": ""Verse 1"",
      ""location"": null,
      ""action"": ""Henou writes the book"",
      ""actorsInvolved"": [""Henou""]
    },
    {
      ""title"": ""Verse 2"",
      ""location"": null,
      ""action"": ""Matusala appears"",
      ""actorsInvolved"": [""Matusala""]
    },
    {
      ""title"": ""Verse 3"",
      ""location"": null,
      ""action"": ""Yimetsu and Emdeheru interact"",
      ""actorsInvolved"": [""Yimetsu"", ""Emdeheru""]
    },
    {
      ""title"": ""Verse 4"",
      ""location"": null,
      ""action"": ""System Dehari Mewawil"",
      ""actorsInvolved"": [""Dehari"", ""Mewawil""]
    }
  ],
  ""blocking"": {
    ""anchors"": [],
    ""paths"": []
  }
}
```"
108,segment_002,segment,DONE,C:\Users\sasch\visionexe\stories\template\filmsets\story_108\segment_002\segment.txt,"```json
{
  ""actors"": [],
  ""props"": [],
  ""environments"": [],
  ""scenes"": [
    {
      ""title"": ""Chapter 108 Segment 2"",
      ""location"": null,
      ""action"": null,
      ""actorsInvolved"": []
    }
  ],
  ""blocking"": {
    ""anchors"": [],
    ""paths"": []
  }
}
```"
108,segment_003,segment,DONE,C:\Users\sasch\visionexe\stories\template\filmsets\story_108\segment_003\segment.txt,"```json
{
  ""actors"": [
    {
      ""name"": ""Esmé Hālo"",
      ""visualTraits"": null,
      ""changes"": [],
      ""role"": ""central figure""
    },
    {
      ""name"": ""Simo"",
      ""visualTraits"": null,
      ""changes"": [],
      ""role"": ""participant""
    },
    {
      ""name"": ""Kudusan"",
      ""visualTraits"": null,
      ""changes"": [],
      ""role"": ""holy figure""
    },
    {
      ""name"": ""Zeyasteri"",
      ""visualTraits"": null,
      ""changes"": [],
      ""role"": ""participant""
    },
    {
      ""name"": ""I Hālo"",
      ""visualTraits"": null,
      ""changes"": [],
      ""role"": ""participant""
    }
  ],
  ""props"": [
    {
      ""name"": ""book"",
      ""visualTraits"": null,
      ""changes"": [],
      ""role"": ""writing""
    },
    {
      ""name"": ""fire"",
      ""visualTraits"": null,
      ""changes"": [],
      ""role"": ""symbolic""
    }
  ],
  ""environments"": [
    {
      ""name"": ""world"",
      ""visualTraits"": null,
      ""changes"": [],
      ""role"": ""setting""
    },
    {
      ""name"": ""earth"",
      ""visualTraits"": null,
      ""changes"": [],
      ""role"": ""setting""
    }
  ],
  ""scenes"": [
    {
      ""title"": ""Chant of Esmé Hālo"",
      ""location"": ""unknown"",
      ""action"": ""chanting, speaking, writing"",
      ""actorsInvolved"": [
        ""Esmé Hālo"",
        ""Simo"",
        ""Kudusan"",
        ""Zeyasteri"",
        ""I Hālo""
      ]
    }
  ],
  ""blocking"": {
    ""anchors"": [],
    ""paths"": []
  }
}
```"
108,segment_004,segment,DONE,C:\Users\sasch\visionexe\stories\template\filmsets\story_108\segment_004\segment.txt,"{""actors"":[],""props"":[],""environments"":[],""scenes"":[],""blocking"":{""anchors"":[],""paths"":[]}}"
108,segment_005,segment,DONE,C:\Users\sasch\visionexe\stories\template\filmsets\story_108\segment_005\segment.txt,"```json
{
  ""actors"": [
    {
      ""name"": ""እመላእት"",
      ""visualTraits"": null,
      ""changes"": null,
      ""role"": ""character""
    },
    {
      ""name"": ""ቅዱሳን"",
      ""visualTraits"": null,
      ""changes"": null,
      ""role"": ""character""
    },
    {
      ""name"": ""ምስሌየ"",
      ""visualTraits"": null,
      ""changes"": null,
      ""role"": ""character""
    },
    {
      ""name"": ""ወእቤሎ"",
      ""visualTraits"": null,
      ""changes"": null,
      ""role"": ""character""
    },
    {
      ""name"": ""ዝስቡሕ"",
      ""visualTraits"": null,
      ""changes"": null,
      ""role"": ""character""
    },
    {
      ""name"": ""እስመ"",
      ""visualTraits"": null,
      ""changes"": null,
      ""role"": ""character""
    },
    {
      ""name"": ""ኢነ"",
      ""visualTraits"": null,
      ""changes"": null,
      ""role"": ""character""
    }
  ],
  ""props"": [
    {
      ""name"": ""እሳት"",
      ""visualTraits"": null,
      ""changes"": null,
      ""role"": ""prop""
    }
  ],
  ""environments"": [
    {
      ""name"": ""ሰማየ"",
      ""visualTraits"": null,
      ""changes"": null,
      ""role"": ""environment""
    }
  ],
  ""scenes"": [
    {
      ""title"": ""Chapter 108 Segment 5"",
      ""location"": ""unknown"",
      ""action"": ""unknown"",
      ""actorsInvolved"": [
        ""እመላእት"",
        ""ቅዱሳን"",
        ""ምስሌየ"",
        ""ወእቤሎ"",
        ""ዝስቡሕ"",
        ""እስመ"",
        ""ኢነ""
      ]
    }
  ],
  ""blocking"": {
    ""anchors"": [],
    ""paths"": []
  }
}
```"
108,segment_006,segment,DONE,C:\Users\sasch\visionexe\stories\template\filmsets\story_108\segment_006\segment.txt,"{
  ""actors"": [],
  ""props"": [],
  ""environments"": [],
  ""scenes"": [],
  ""blocking"": {
    ""anchors"": [],
    ""paths"": []
  }
}"
108,segment_007,segment,DONE,C:\Users\sasch\visionexe\stories\template\filmsets\story_108\segment_007\segment.txt,"```json
{
  ""actors"": [
    {
      ""name"": ""ሀለዉ"",
      ""visualTraits"": null,
      ""changes"": null,
      ""role"": ""unknown""
    },
    {
      ""name"": ""እምሆሙ"",
      ""visualTraits"": null,
      ""changes"": null,
      ""role"": ""unknown""
    },
    {
      ""name"": ""ወልኩዓን"",
      ""visualTraits"": null,
      ""changes"": null,
      ""role"": ""unknown""
    },
    {
      ""name"": ""ላዕለ"",
      ""visualTraits"": null,
      ""changes"": null,
      ""role"": ""unknown""
    },
    {
      ""name"": ""መላእት"",
      ""visualTraits"": null,
      ""changes"": null,
      ""role"": ""angel""
    },
    {
      ""name"": ""ዘሀሎ"",
      ""visualTraits"": null,
      ""changes"": null,
      ""role"": ""unknown""
    },
    {
      ""name"": ""ሥጋሆሙ"",
      ""visualTraits"": null,
      ""changes"": null,
      ""role"": ""unknown""
    },
    {
      ""name"": ""እምእኩያን"",
      ""visualTraits"": null,
      ""changes"": null,
      ""role"": ""unknown""
    },
    {
      ""name"": ""ሰብእ"",
      ""visualTraits"": null,
      ""changes"": null,
      ""role"": ""unknown""
    }
  ],
  ""props"": [
    {
      ""name"": ""ጽሑፋን"",
      ""visualTraits"": null,
      ""changes"": null,
      ""role"": ""written text""
    }
  ],
  ""environments"": [
    {
      ""name"": ""ሰማይ"",
      ""visualTraits"": null,
      ""changes"": null,
      ""role"": ""sky""
    }
  ],
  ""scenes"": [
    {
      ""title"": ""Chapter 108 Segment 7"",
      ""location"": ""unknown"",
      ""action"": ""The text of Chapter 108 Segment 7 is recited."",
      ""actorsInvolved"": [
        ""ሀለዉ"",
        ""እምሆሙ"",
        ""ወልኩዓን"",
        ""ላዕለ"",
        ""መላእት"",
        ""ዘሀሎ"",
        ""ሥጋሆሙ"",
        ""እምእኩያን"",
        ""ሰብእ""
      ]
    }
  ],
  ""blocking"": {
    ""anchors"": [],
    ""paths"": []
  }
}
```"
108,segment_008,segment,DONE,C:\Users\sasch\visionexe\stories\template\filmsets\story_108\segment_008\segment.txt,"```json
{
  ""actors"": [],
  ""props"": [],
  ""environments"": [],
  ""scenes"": [],
  ""blocking"": {
    ""anchors"": [],
    ""paths"": []
  }
}
```"
108,segment_009,segment,DONE,C:\Users\sasch\visionexe\stories\template\filmsets\story_108\segment_009\segment.txt,"```json
{
  ""actors"": [
    {
      ""name"": ""God"",
      ""visualTraits"": [],
      ""changes"": [],
      ""role"": ""deity""
    }
  ],
  ""props"": [],
  ""environments"": [
    {
      ""name"": ""Earth"",
      ""visualTraits"": [],
      ""changes"": [],
      ""role"": ""setting""
    }
  ],
  ""scenes"": [
    {
      ""title"": ""Chapter 108 Segment 9"",
      ""location"": ""Earth"",
      ""action"": ""unknown"",
      ""actorsInvolved"": [""God""]
    }
  ],
  ""blocking"": {
    ""anchors"": [],
    ""paths"": []
  }
}
```"
108,segment_010,segment,DONE,C:\Users\sasch\visionexe\stories\template\filmsets\story_108\segment_010\segment.txt,"{
  ""actors"": [
    {""name"":""ወሎ"",""visualTraits"":null,""changes"":null,""role"":""unknown""},
    {""name"":""ረቶሙ"",""visualTraits"":null,""changes"":null,""role"":""unknown""},
    {""name"":""ነገርኩ"",""visualTraits"":null,""changes"":null,""role"":""unknown""},
    {""name"":""ለርእስቲሆሙ"",""visualTraits"":null,""changes"":null,""role"":""unknown""},
    {""name"":""እስመ"",""visualTraits"":null,""changes"":null,""role"":""unknown""},
    {""name"":""እሉ"",""visualTraits"":null,""changes"":null,""role"":""unknown""},
    {""name"":""ተረቡ"",""visualTraits"":null,""changes"":null,""role"":""unknown""},
    {""name"":""ያፈቅርዎ"",""visualTraits"":null,""changes"":null,""role"":""unknown""},
    {""name"":""እምእስትንፋሶሙ"",""visualTraits"":null,""changes"":null,""role"":""unknown""},
    {""name"":""ወእንዘ"",""visualTraits"":null,""changes"":null,""role"":""unknown""},
    {""name"":""ይትየዱ"",""visualTraits"":null,""changes"":null,""role"":""unknown""},
    {""name"":""እምእኩያን"",""visualTraits"":null,""changes"":null,""role"":""unknown""},
    {""name"":""ሰብእ"",""visualTraits"":null,""changes"":null,""role"":""unknown""},
    {""name"":""ወሰምዑ"",""visualTraits"":null,""changes"":null,""role"":""unknown""},
    {""name"":""እምሆሙ"",""visualTraits"":null,""changes"":null,""role"":""unknown""},
    {""name"":""ትዕይርተ"",""visualTraits"":null,""changes"":null,""role"":""unknown""},
    {""name"":""ወጽርፈተ"",""visualTraits"":null,""changes"":null,""role"":""unknown""},
    {""name"":""ወኀስሩ"",""visualTraits"":null,""changes"":null,""role"":""unknown""},
    {""name"":""እንዘ"",""visualTraits"":null,""changes"":null,""role"":""unknown""},
    {""name"":""ይባርኩ"",""visualTraits"":null,""changes"":null,""role"":""unknown""}
  ],
  ""props"": [
    {""name"":""መጻሕፍት"",""visualTraits"":""stack of books"",""changes"":null,""role"":""scripture""}
  ],
  ""environments"": [
    {""name"":""ለሰማይ"",""visualTraits"":null,""changes"":null,""role"":""heaven""},
    {""name"":""ዘለዓለም"",""visualTraits"":null,""changes"":null,""role"":""world""}
  ],
  ""scenes"": [
    {""title"":""Line 1"",""location"":""unknown"",""action"":""unknown"",""actorsInvolved"":[]},
    {""title"":""Line 2"",""location"":""unknown"",""action"":""unknown"",""actorsInvolved"":[]},
    {""title"":""Line 3"",""location"":""unknown"",""action"":""unknown"",""actorsInvolved"":[]},
    {""title"":""Line 4"",""location"":""unknown"",""action"":""unknown"",""actorsInvolved"":[]},
    {""title"":""Line 5"",""location"":""unknown"",""action"":""unknown"",""actorsInvolved"":[]},
    {""title"":""Line 6"",""location"":""unknown"",""action"":""unknown"",""actorsInvolved"":[]},
    {""title"":""Line 7"",""location"":""unknown"",""action"":""unknown"",""actorsInvolved"":[]},
    {""title"":""Line 8"",""location"":""unknown"",""action"":""unknown"",""actorsInvolved"":[]},
    {""title"":""Line 9"",""location"":""unknown"",""action"":""unknown"",""actorsInvolved"":[]}
  ],
  ""blocking"": {
    ""anchors"": [],
    ""paths"": []
  }
}"
108,segment_011,segment,DONE,C:\Users\sasch\visionexe\stories\template\filmsets\story_108\segment_011\segment.txt,"```json
{
  ""actors"": [],
  ""props"": [],
  ""environments"": [],
  ""scenes"": [],
  ""blocking"": {
    ""anchors"": [],
    ""paths"": []
  }
}
```"
108,segment_012,segment,DONE,C:\Users\sasch\visionexe\stories\template\filmsets\story_108\segment_012\segment.txt,"```json
{
  ""actors"": [],
  ""props"": [],
  ""environments"": [],
  ""scenes"": [],
  ""blocking"": {
    ""anchors"": [],
    ""paths"": []
  }
}
```"
108,segment_013,segment,DONE,C:\Users\sasch\visionexe\stories\template\filmsets\story_108\segment_013\segment.txt,"{
  ""actors"": [],
  ""props"": [],
  ""environments"": [],
  ""scenes"": [],
  ""blocking"": {
    ""anchors"": [],
    ""paths"": []
  }
}"
108,segment_014,segment,DONE,C:\Users\sasch\visionexe\stories\template\filmsets\story_108\segment_014\segment.txt,"{
  ""actors"": [],
  ""props"": [],
  ""environments"": [],
  ""scenes"": [
    {
      ""title"": ""Line 1"",
      ""location"": null,
      ""action"": ""ወይሬእዮሙ፡ለእለ፡ተወልዱ፡"",
      ""actorsInvolved"": null
    },
    {
      ""title"": ""Line 2"",
      ""location"": null,
      ""action"": ""ጽልመት፡ይትወሰዲ ፧"",
      ""actorsInvolved"": null
    },
    {
      ""title"": ""Line 3"",
      ""location"": null,
      ""action"": ""ጽልመት፨ወእንዘ፡"",
      ""actorsInvolved"": null
    },
    {
      ""title"": ""Line 4"",
      ""location"": null,
      ""action"": ""ይትወሐውሑ፡ጻድቃን፡"",
      ""actorsInvolved"": null
    },
    {
      ""title"": ""Line 5"",
      ""location"": null,
      ""action"": ""ይጸርሑ፨"",
      ""actorsInvolved"": null
    }
  ],
  ""blocking"": {
    ""anchors"": [],
    ""paths"": []
  }
}"
108,segment_015,segment,DONE,C:\Users\sasch\visionexe\stories\template\filmsets\story_108\segment_015\segment.txt,"```json
{
  ""actors"": [
    {
      ""name"": ""ወርእዮሙ"",
      ""visualTraits"": null,
      ""changes"": null,
      ""role"": null
    }
  ],
  ""props"": [],
  ""environments"": [],
  ""scenes"": [
    {
      ""title"": ""Chapter 108 Segment 15"",
      ""location"": null,
      ""action"": null,
      ""actorsInvolved"": [""ወርእዮሙ""]
    }
  ],
  ""blocking"": {
    ""anchors"": [],
    ""paths"": []
  }
}
```"
